Patient_ID,Birth_Date,Gender,Marital_Status,Payer,Region
P000001,1975-05-06,Female,Divorced,Medicaid,South
P000002,2013-01-16,Female,Single,Medicare,South
P000003,1964-04-22,Female,Divorced,Medicare,West
P000004,1994-05-23,Female,Single,Self-Pay,Midwest
P000005,2014-01-23,Male,Single,Commercial,West
P000006,1982-11-18,Male,Married,Medicare Advantage,South
P000007,2018-02-10,Male,Single,Medicare Advantage,Midwest
P000008,1962-03-25,Female,Widowed,Medicare,Midwest
P000009,1967-10-01,Male,Widowed,Medicare,Midwest
P000010,1968-12-16,Female,Divorced,Medicaid,Northeast
P000011,1954-02-03,Female,Married,Self-Pay,West
P000012,1969-03-15,Female,Married,Medicare,South
P000013,1961-07-05,Female,Single,Other,South
P000014,2023-11-18,Female,Single,Medicaid,South
P000015,1981-09-28,Female,Married,Commercial,West
P000016,1999-02-27,Female,Single,Medicare,Northeast
P000017,1953-09-17,Male,Married,Medicare Advantage,Midwest
P000018,1973-03-24,Male,Single,Medicaid,South
P000019,1991-07-05,Male,Single,Medicare Advantage,Midwest
P000020,1960-09-05,Male,Married,Other,South
P000021,1968-05-15,Male,Divorced,Commercial,West
P000022,1950-06-09,Female,,Medicaid,Midwest
P000023,1973-02-02,Female,Married,Commercial,Midwest
P000024,2025-02-04,Male,Single,Medicare Advantage,Northeast
P000025,1993-10-04,Female,Married,Self-Pay,South
P000026,1948-04-07,Female,Married,Medicaid,Midwest
P000027,1961-02-01,Female,Married,Medicare,West
P000028,1994-08-05,Female,Single,Commercial,West
P000029,1948-01-26,Male,Married,Commercial,Northeast
P000030,1958-07-28,Female,Single,Medicare,Midwest
P000031,1984-08-20,Female,Married,Medicaid,South
P000032,1954-04-08,Female,Married,Self-Pay,South
P000033,1961-10-27,Female,Single,Self-Pay,South
P000034,1963-02-05,Male,Single,Medicaid,Midwest
P000035,1939-11-14,Female,Married,Medicaid,South
P000036,1980-05-02,Female,Married,Medicare,South
P000037,1944-08-22,Male,Widowed,Commercial,Northeast
P000038,1973-02-05,Male,Divorced,Commercial,Northeast
P000039,1952-12-07,Male,Widowed,Medicare,South
P000040,2005-10-11,Female,Single,Medicare,Midwest
P000041,1947-09-16,Female,Married,Medicare Advantage,West
P000042,1987-01-02,Female,Single,Medicare,West
P000043,1964-10-14,Female,Divorced,Medicare,West
P000044,1962-10-26,Male,Married,Commercial,Northeast
P000045,1944-04-17,Male,Widowed,Medicaid,Midwest
P000046,1952-05-01,Male,Widowed,Other,West
P000047,2015-12-09,Male,Single,Medicare Advantage,Midwest
P000048,1959-01-20,Male,Married,Medicare,West
P000049,1979-04-25,Female,Married,Medicare,Midwest
P000050,1937-11-25,Female,Married,Medicaid,West
P000051,2018-10-25,Male,Single,Medicare,Northeast
P000052,1979-08-12,Male,Married,Commercial,Midwest
P000053,1995-09-24,Male,Married,Commercial,South
P000054,1955-02-05,Male,Divorced,Self-Pay,South
P000055,1998-12-08,Female,Single,Commercial,Midwest
P000056,1985-11-12,Male,Married,Commercial,West
P000057,1997-08-15,Female,Married,Medicare,South
P000058,1959-05-26,Male,Divorced,Medicaid,Midwest
P000059,1950-04-26,Male,Widowed,Medicare,Northeast
P000060,1964-08-21,Female,Married,Medicaid,Midwest
P000061,1973-12-02,Male,Divorced,Medicare Advantage,West
P000062,1958-12-23,Male,Widowed,Medicare,Midwest
P000063,1963-12-08,Male,Divorced,Commercial,Midwest
P000064,1962-10-08,Female,Married,Medicare,West
P000065,1947-09-24,Female,Divorced,Medicare,South
P000066,1997-10-04,Female,Single,Medicare,Midwest
P000067,1994-06-19,Male,Married,Commercial,Midwest
P000068,1945-09-02,Female,Widowed,Commercial,South
P000069,1933-09-07,Female,Married,Commercial,Northeast
P000070,1955-08-28,Male,Widowed,Other,South
P000071,1966-02-12,Male,Single,Medicare,South
P000072,1987-06-17,Female,Divorced,Medicare Advantage,Midwest
P000073,1978-08-29,Female,Married,Commercial,West
P000074,1964-01-16,Male,Single,Medicare,Northeast
P000075,2005-08-27,Male,Single,Medicaid,Northeast
P000076,1960-06-08,Female,Divorced,Medicare,Midwest
P000077,1934-02-08,Male,Widowed,Medicare Advantage,Midwest
P000078,1981-10-17,Male,Married,Commercial,South
P000079,1971-08-04,Male,Married,Medicare,West
P000080,1950-08-11,Female,Married,Commercial,South
P000081,1930-08-12,Male,Married,Commercial,Midwest
P000082,1937-05-05,Male,Married,Commercial,South
P000083,1971-09-07,Female,Divorced,Medicaid,Midwest
P000084,1957-09-22,Male,Married,Medicare,South
P000085,1949-11-27,Male,Married,Commercial,Northeast
P000086,1987-12-06,Male,Married,Commercial,South
P000087,1955-12-26,Female,Divorced,Medicare,Midwest
P000088,1980-04-08,Female,Divorced,Commercial,South
P000089,1972-04-09,Female,Married,Commercial,Midwest
P000090,2007-10-11,Female,Single,Self-Pay,South
P000091,2007-08-29,Female,Single,Commercial,West
P000092,1960-07-24,Female,Married,Commercial,South
P000093,1957-05-08,Female,Divorced,Medicaid,South
P000094,1991-08-19,Male,Married,Medicare,South
P000095,1976-04-16,Male,Married,Medicare,Northeast
P000096,1974-07-29,Female,Married,Commercial,Midwest
P000097,1949-02-06,Male,Married,Self-Pay,West
P000098,1947-08-06,Female,Married,Medicare,Northeast
P000099,2007-06-07,Male,Single,Medicare Advantage,West
P000100,1971-05-20,Female,Single,Commercial,Northeast
P000101,1985-01-14,Female,Married,Self-Pay,West
P000102,1938-03-31,Female,Married,Medicaid,West
P000103,1965-02-16,Female,Single,Commercial,Midwest
P000104,1994-05-28,Male,Single,Commercial,South
P000105,2017-03-01,Male,Single,Commercial,South
P000106,1931-01-28,Female,Widowed,Commercial,South
P000107,1957-10-09,Female,Married,Medicare,West
P000108,2019-06-09,Male,Single,Commercial,Northeast
P000109,1942-03-02,Male,Married,Medicare,West
P000110,1954-08-30,Female,Widowed,Commercial,Midwest
P000111,1962-02-05,Female,Widowed,Medicaid,South
P000112,1963-05-25,Male,Married,Medicare Advantage,South
P000113,1953-06-26,Female,Widowed,Medicaid,Midwest
P000114,1950-10-20,Female,Married,Medicare Advantage,South
P000115,1961-07-17,Male,Single,Medicaid,South
P000116,1941-02-21,Male,Divorced,Commercial,South
P000117,1955-02-08,Female,Divorced,Self-Pay,Midwest
P000118,1962-12-12,Male,Married,Commercial,Midwest
P000119,1948-11-12,Female,Widowed,Medicaid,West
P000120,1955-11-21,Male,Married,Medicare,Northeast
P000121,2016-05-30,Female,Single,Commercial,Midwest
P000122,1981-03-29,Female,Married,Commercial,Midwest
P000123,1967-04-29,Female,Single,Medicare,Midwest
P000124,1946-12-13,Male,Widowed,Medicare,West
P000125,1984-08-21,Male,Married,Medicare,Midwest
P000126,1996-12-24,Female,Single,Other,South
P000127,1966-11-07,Male,Divorced,Medicare Advantage,West
P000128,1997-11-22,Female,Single,Medicare,South
P000129,1959-11-18,Male,Married,Medicare,South
P000130,1959-06-17,Male,Married,Medicare,Northeast
P000131,1929-03-26,Female,Widowed,Medicare Advantage,South
P000132,1956-08-27,Male,Widowed,Medicare,West
P000133,1954-02-16,Male,Married,Medicare,South
P000134,1950-10-27,Female,Divorced,Medicaid,Midwest
P000135,1966-11-09,Female,Divorced,Medicare,West
P000136,1985-03-13,Female,Single,Medicare,West
P000137,2003-08-21,Female,Single,Self-Pay,South
P000138,1965-08-01,Male,Widowed,Medicare Advantage,South
P000139,1979-04-22,Female,Single,Self-Pay,West
P000140,1952-02-01,Female,Widowed,Medicare,Northeast
P000141,1966-11-25,Male,Married,Other,Northeast
P000142,1940-10-10,Female,Married,Medicare,West
P000143,2007-03-16,Male,Single,Commercial,West
P000144,1959-07-03,Male,Married,Medicare,Midwest
P000145,2013-02-02,Female,Single,Medicaid,South
P000146,1992-11-10,Female,Married,Medicaid,West
P000147,1976-09-02,Male,Married,Commercial,Northeast
P000148,1962-06-14,Male,Married,Medicare,Midwest
P000149,1970-11-02,Male,Single,Commercial,South
P000150,1948-08-08,Female,Married,Medicare,Midwest
P000151,1989-08-07,Female,Married,Medicare,West
P000152,1975-02-17,Female,Single,Medicaid,Midwest
P000153,2008-12-09,Female,Single,Commercial,South
P000154,1948-05-27,Male,Married,Commercial,South
P000155,1973-06-29,Male,Married,Commercial,South
P000156,1948-11-07,Male,Married,Medicare Advantage,Midwest
P000157,1956-06-28,Female,Married,Medicare Advantage,South
P000158,2008-09-28,Female,Single,Commercial,Midwest
P000159,1949-01-27,Female,Single,Medicaid,Northeast
P000160,1969-11-07,Female,Single,Medicare,South
P000161,1986-09-27,Male,Married,Medicare,Midwest
P000162,2017-03-12,Male,Single,Medicare,Northeast
P000163,1970-03-08,Female,Divorced,Medicaid,South
P000164,1959-01-22,Female,Married,Commercial,Northeast
P000165,1984-05-28,Female,Married,Medicare,Midwest
P000166,1962-02-15,Female,Married,Medicare,South
P000167,2016-04-23,Female,Single,Medicare,South
P000168,1992-06-27,Female,Single,Self-Pay,South
P000169,2000-03-29,Male,Single,Medicaid,South
P000170,1953-10-16,Male,Married,Commercial,West
P000171,1966-11-18,Female,Married,Commercial,South
P000172,1952-06-29,Female,Single,Medicare,South
P000173,1960-11-10,Male,Widowed,Commercial,South
P000174,1960-10-19,Male,Married,Medicare,South
P000175,2022-02-13,Female,Single,Medicare,Midwest
P000176,1984-07-05,Female,Married,Medicare,Midwest
P000177,1963-02-03,Female,Married,Commercial,Midwest
P000178,1947-06-20,Female,Married,Medicaid,West
P000179,1965-03-08,Male,Married,Self-Pay,Midwest
P000180,1948-12-09,Male,Widowed,Self-Pay,West
P000181,2012-01-10,Female,Single,Medicare,Midwest
P000182,1931-04-26,Other,Widowed,Medicare,Midwest
P000183,1968-12-04,Female,Married,Medicaid,Northeast
P000184,2002-01-23,Female,Single,Medicaid,Midwest
P000185,1979-04-30,Male,Married,Medicare,West
P000186,1955-08-25,Male,Married,Medicaid,South
P000187,2002-05-09,Female,Married,Commercial,Midwest
P000188,1953-05-26,Female,Married,Medicare,South
P000189,1960-08-18,Male,Married,Self-Pay,South
P000190,1985-07-11,Female,Married,Medicare,Northeast
P000191,1989-01-20,Female,Single,Medicare Advantage,South
P000192,1954-02-10,Female,Widowed,Medicare,Northeast
P000193,1970-05-28,Female,Married,Medicare,Midwest
P000194,1975-09-13,Male,Married,Medicare,South
P000195,1995-11-11,Female,Married,Commercial,Midwest
P000196,1971-09-27,Male,Single,Medicaid,South
P000197,1960-07-10,Female,Married,Medicare,West
P000198,1951-10-25,Male,Married,Medicare,Northeast
P000199,1958-12-23,Female,Divorced,Medicare,Northeast
P000200,1944-04-13,Female,Widowed,Medicare,Northeast
P000201,1962-05-10,Female,Divorced,Medicaid,Midwest
P000202,2015-03-05,Male,Single,Commercial,Midwest
P000203,1984-04-05,Female,Married,Commercial,West
P000204,1949-02-10,Female,Married,Other,Midwest
P000205,1997-06-06,Female,Single,Medicaid,Northeast
P000206,1964-11-10,Other,Widowed,Medicare,West
P000207,2013-09-20,Male,Single,Medicaid,West
P000208,1994-03-06,Female,Married,Medicaid,Midwest
P000209,1967-12-14,Female,Single,Commercial,South
P000210,1996-06-09,Male,Single,Medicare,Northeast
P000211,1970-05-15,Male,Married,Medicaid,Midwest
P000212,1954-03-04,Female,Divorced,Medicare,Northeast
P000213,1935-12-30,Female,Widowed,Commercial,West
P000214,1947-07-05,Female,Married,Medicare,Midwest
P000215,1960-10-10,Male,Married,Commercial,West
P000216,1959-07-23,Other,Divorced,Medicaid,South
P000217,1960-06-11,Male,Married,Commercial,South
P000218,1949-03-08,Female,Married,Self-Pay,Northeast
P000219,2003-06-15,Male,Single,Medicare,West
P000220,1989-04-11,Male,Married,Commercial,Northeast
P000221,1968-10-30,Male,Divorced,Medicare,South
P000222,1963-01-15,Female,Married,Self-Pay,West
P000223,1995-09-12,Male,Married,Commercial,South
P000224,1995-08-21,Female,Married,Medicare,South
P000225,2003-06-13,Male,Single,Medicare Advantage,West
P000226,1983-06-13,Female,Single,Medicare,South
P000227,2013-05-08,Male,Single,Medicare Advantage,
P000228,1936-03-22,Female,Married,Commercial,South
P000229,2013-05-04,Female,Single,Commercial,Northeast
P000230,1961-05-27,Male,Divorced,Medicare Advantage,South
P000231,1948-07-06,Female,Married,Medicare,South
P000232,1984-10-08,Female,Single,Other,South
P000233,1933-06-23,Male,Widowed,Commercial,Northeast
P000234,1991-01-20,Female,Married,Medicare,South
P000235,1968-06-16,Male,Married,Medicare,Midwest
P000236,1951-09-17,Male,Married,Commercial,South
P000237,1955-12-11,Female,Widowed,Commercial,Midwest
P000238,1951-11-02,Female,Divorced,Self-Pay,West
P000239,1965-10-26,Female,Divorced,Commercial,South
P000240,1978-01-17,Male,Married,Medicaid,Midwest
P000241,1985-07-30,Female,Married,Commercial,South
P000242,1950-09-23,Female,Married,Medicare,South
P000243,1988-09-29,Female,Married,Commercial,West
P000244,1964-11-08,Female,Married,Self-Pay,Midwest
P000245,1936-12-26,Female,Married,Medicaid,Midwest
P000246,1937-03-04,Male,Married,Commercial,West
P000247,1979-05-29,Female,Divorced,Self-Pay,Northeast
P000248,1964-04-19,Female,Married,Commercial,West
P000249,2001-01-26,Male,Single,Commercial,South
P000250,1979-02-21,Male,Divorced,Medicare,West
P000251,1992-11-29,Female,Married,Self-Pay,Midwest
P000252,1944-09-30,Male,,Medicare Advantage,Northeast
P000253,1978-01-19,Other,Divorced,Commercial,South
P000254,1937-01-05,Female,Married,Commercial,West
P000255,1965-03-10,Male,Single,Commercial,Midwest
P000256,1993-04-06,Female,Married,Medicare,Midwest
P000257,1995-09-21,Female,Widowed,Commercial,Northeast
P000258,1962-01-04,Female,Widowed,Medicare,South
P000259,1980-05-13,Male,Single,Medicaid,Northeast
P000260,1984-12-19,Female,Married,Self-Pay,Midwest
P000261,2003-03-20,Female,Single,Other,Midwest
P000262,1940-12-14,Male,Divorced,Medicare Advantage,Northeast
P000263,1960-02-01,Male,Married,Medicare Advantage,Midwest
P000264,1991-03-01,Male,Divorced,Medicaid,South
P000265,1975-03-09,Female,Married,Commercial,Northeast
P000266,1950-07-22,Female,Single,Medicare,Midwest
P000267,1980-10-04,Other,Divorced,Self-Pay,Northeast
P000268,2013-03-11,Male,Single,Other,South
P000269,1976-08-17,Male,Married,Medicare Advantage,Midwest
P000270,1953-12-01,Male,Married,Medicare,West
P000271,2001-01-12,Male,Single,Commercial,South
P000272,1988-08-23,Female,Married,Medicare,West
P000273,1995-05-04,Female,Married,Medicare,Northeast
P000274,1961-01-23,Female,Widowed,Medicare,Midwest
P000275,2009-04-30,Male,Single,Medicaid,Midwest
P000276,1965-05-02,Female,Married,Medicare,South
P000277,1991-11-17,Male,Married,Commercial,Northeast
P000278,1969-12-23,Female,Divorced,Medicare,Midwest
P000279,1963-06-03,Male,Single,Medicare,South
P000280,1985-07-18,Female,Divorced,Medicare,South
P000281,1960-01-27,Female,Widowed,Medicaid,South
P000282,2001-04-17,Male,Single,Medicare,West
P000283,1942-05-05,Male,Married,Medicaid,Midwest
P000284,1986-08-27,Male,Married,Commercial,Midwest
P000285,1974-06-13,Male,Married,Commercial,South
P000286,2004-05-13,Male,Single,Commercial,South
P000287,2000-10-18,Male,Single,Commercial,South
P000288,1992-08-23,Female,Married,Medicaid,Northeast
P000289,1962-09-26,Female,Married,Medicare Advantage,West
P000290,1955-11-19,Female,Married,Medicaid,Northeast
P000291,1981-12-04,Female,Single,Medicare,South
P000292,1971-01-09,Female,Widowed,Medicaid,South
P000293,2005-05-04,Female,Single,Commercial,West
P000294,1985-08-24,Male,Married,Other,Midwest
P000295,1951-02-17,Female,Married,Commercial,South
P000296,1959-08-11,Male,Widowed,Medicare,West
P000297,1945-04-19,Male,Married,Medicaid,South
P000298,1938-04-02,Male,Widowed,Medicare,West
P000299,1949-02-09,Female,Widowed,Commercial,South
P000300,1952-07-15,Male,Divorced,Medicare,West
P000301,1971-02-20,Female,Divorced,Medicare Advantage,Midwest
P000302,1933-01-16,Male,Married,Medicaid,South
P000303,1969-04-06,Male,Married,Medicaid,Northeast
P000304,1950-02-12,Female,Married,Commercial,West
P000305,1986-02-16,Female,Single,Medicare,Midwest
P000306,2002-08-18,Male,Single,Commercial,Northeast
P000307,1966-07-17,Female,Divorced,Commercial,West
P000308,1973-12-17,Female,Married,Medicare,Midwest
P000309,2012-08-03,Female,Single,Medicaid,Midwest
P000310,1931-08-23,Female,Married,Medicare,West
P000311,1963-08-14,Female,Widowed,Medicare Advantage,West
P000312,1998-09-03,Female,Single,Self-Pay,West
P000313,1954-06-16,Female,Married,Medicare Advantage,Midwest
P000314,1967-12-16,Male,Widowed,Medicare,South
P000315,1999-07-29,Male,Single,Medicare,Midwest
P000316,1994-02-07,Female,Married,Commercial,South
P000317,1933-07-04,Male,Widowed,Medicare Advantage,
P000318,2000-03-26,Male,Single,Medicare,West
P000319,1978-08-09,Female,Married,Medicare,Midwest
P000320,1965-08-17,Female,Married,Commercial,South
P000321,2007-02-23,Female,Single,Self-Pay,Northeast
P000322,1955-06-25,Female,Married,Medicare,South
P000323,1979-06-13,Female,Single,Medicare,South
P000324,1990-05-05,Male,Married,Commercial,Midwest
P000325,1963-11-19,Female,Single,Medicaid,South
P000326,1972-10-30,Female,Married,Medicare,Midwest
P000327,1949-10-23,Female,Married,Medicare Advantage,Midwest
P000328,1971-09-28,Male,Married,Medicare,Midwest
P000329,1996-11-12,Female,Married,Medicaid,West
P000330,1966-06-10,Female,Married,Medicare,Midwest
P000331,1970-10-22,Female,Married,Medicare,South
P000332,1974-09-08,Female,Married,Medicare,West
P000333,1960-03-10,Female,Divorced,Commercial,South
P000334,1983-12-30,Male,Single,Commercial,Northeast
P000335,1957-05-21,Female,Married,Medicare,West
P000336,1954-10-21,Female,Married,Medicaid,West
P000337,1960-10-06,Female,Divorced,Commercial,South
P000338,2006-05-15,Female,Widowed,Medicare Advantage,South
P000339,1958-10-29,Male,Married,Medicare Advantage,South
P000340,1964-04-15,Male,Married,Commercial,South
P000341,1998-10-21,Female,Single,Medicare Advantage,West
P000342,2013-05-22,Male,Single,Medicare,West
P000343,1998-12-13,Female,Single,Medicare,South
P000344,1990-07-26,Male,Married,Medicare,West
P000345,1936-02-17,Male,Married,Commercial,South
P000346,2008-04-21,Male,Single,Medicare Advantage,South
P000347,1986-10-08,Male,Married,Commercial,South
P000348,1961-02-20,Male,Widowed,Medicare Advantage,Northeast
P000349,1994-08-08,Female,Married,Medicaid,Northeast
P000350,2000-12-01,Female,Single,Medicare,South
P000351,2017-08-08,Male,Single,Medicaid,Northeast
P000352,1974-09-23,Male,Divorced,Medicare,South
P000353,1933-09-02,Female,Married,Commercial,South
P000354,1976-03-11,Female,Married,Medicare Advantage,West
P000355,1960-11-08,Male,Married,Commercial,South
P000356,1994-04-22,Female,Married,Medicare,South
P000357,1984-03-12,Female,Married,Medicaid,Midwest
P000358,1957-12-04,Male,Married,Medicare,South
P000359,1981-05-03,Female,Married,Medicare,South
P000360,1975-06-12,Female,Married,Medicare Advantage,South
P000361,1948-02-07,Female,Single,Medicare,Midwest
P000362,2013-11-18,Male,Single,Medicaid,South
P000363,1981-05-23,Female,Divorced,Medicare,West
P000364,1997-10-28,Male,Single,Medicare Advantage,South
P000365,1950-01-30,Female,Married,Self-Pay,Northeast
P000366,2021-01-07,Male,Single,Medicaid,Northeast
P000367,1929-03-27,Female,Widowed,Medicaid,West
P000368,2007-08-08,Female,Single,Medicare,South
P000369,2011-01-29,Female,Single,Commercial,Midwest
P000370,2005-04-27,Male,Single,Medicare,West
P000371,2014-03-18,Female,Single,Self-Pay,Northeast
P000372,1949-04-25,Female,Married,Commercial,South
P000373,2015-09-15,Male,Single,Medicare,Midwest
P000374,1975-02-05,Male,Married,Medicare Advantage,West
P000375,2012-07-07,Female,Single,Commercial,Midwest
P000376,1968-10-29,Male,Divorced,Other,West
P000377,1964-03-18,Female,Married,Commercial,Midwest
P000378,1947-06-21,Female,Divorced,Medicaid,West
P000379,1992-08-02,Female,Married,Medicare,West
P000380,2018-12-25,Male,Single,Commercial,South
P000381,1968-11-22,Male,Married,Medicare,South
P000382,1938-05-14,Male,Widowed,Self-Pay,Midwest
P000383,1983-04-30,Female,Married,Medicare,West
P000384,2002-08-27,Female,Single,Medicare,Midwest
P000385,1968-03-02,Female,Married,Medicare Advantage,Midwest
P000386,1972-03-16,Female,Married,Medicare,Midwest
P000387,1957-01-16,Male,Married,Medicare Advantage,South
P000388,2023-03-04,Female,Single,Medicare Advantage,West
P000389,1995-12-18,Male,Single,Medicaid,South
P000390,1961-04-12,Male,Widowed,Commercial,Northeast
P000391,1956-01-22,Male,Married,Medicare,West
P000392,1954-07-15,Male,Married,Medicare,Midwest
P000393,1977-01-18,Male,Married,Commercial,South
P000394,1954-02-14,Female,Widowed,Medicare,
P000395,1966-07-15,Male,,Commercial,South
P000396,1929-07-18,Female,Single,Medicare,South
P000397,1957-08-30,Male,Widowed,Medicaid,West
P000398,2000-09-30,Male,Widowed,Self-Pay,Northeast
P000399,1995-03-30,Female,Married,Commercial,West
P000400,1945-10-18,Male,Widowed,Commercial,Midwest
P000401,1953-03-31,Female,Married,Medicare,Midwest
P000402,1975-11-11,Female,Divorced,Medicare,South
P000403,1956-01-12,Female,Married,Medicaid,Northeast
P000404,1971-07-11,Male,Married,Medicaid,South
P000405,1988-11-23,Male,Divorced,Medicaid,Northeast
P000406,1946-04-25,Male,Divorced,Medicare Advantage,Midwest
P000407,1989-12-26,Male,Divorced,Commercial,West
P000408,2016-11-23,Male,Single,Self-Pay,Northeast
P000409,1957-06-13,Female,Divorced,Medicare Advantage,Northeast
P000410,1961-08-17,Female,Married,Medicare,South
P000411,1950-01-25,Female,Widowed,Medicaid,West
P000412,1969-10-07,Female,Married,Medicare Advantage,West
P000413,1958-08-20,Female,Married,Medicare Advantage,Midwest
P000414,1943-03-29,Male,Widowed,Medicare,Northeast
P000415,1935-12-27,Female,Widowed,Self-Pay,Northeast
P000416,2004-04-15,Male,Married,Commercial,South
P000417,1965-06-02,Female,Divorced,Medicare,South
P000418,1997-08-07,Female,Single,Medicare Advantage,South
P000419,2020-11-22,Female,Single,Medicare,West
P000420,1984-09-07,Male,Married,Medicare,South
P000421,1984-04-05,Female,Single,Medicare,South
P000422,1991-12-23,Male,Married,Medicare,Midwest
P000423,1939-07-18,Male,Widowed,Commercial,South
P000424,1962-09-01,Female,Single,Commercial,West
P000425,1968-03-02,Male,Married,Commercial,West
P000426,2002-01-22,Female,Widowed,Other,South
P000427,1962-06-13,Male,Married,Self-Pay,Northeast
P000428,1985-09-24,Female,Married,Medicare Advantage,West
P000429,1970-08-01,Female,Widowed,Commercial,South
P000430,2005-05-27,Male,Single,Medicare Advantage,West
P000431,1966-01-20,Female,Married,Commercial,
P000432,1984-12-19,Female,Divorced,Medicaid,West
P000433,2016-05-23,Male,Single,Medicare Advantage,South
P000434,1939-06-03,Male,Married,Commercial,West
P000435,1981-04-07,Female,Married,Self-Pay,Midwest
P000436,1971-09-21,Male,Married,Medicare,South
P000437,1953-03-30,Female,Married,Medicare Advantage,West
P000438,1961-12-27,Female,Married,Commercial,South
P000439,1946-07-10,Female,Divorced,Commercial,West
P000440,1971-05-13,Male,Married,Medicaid,Midwest
P000441,2002-11-28,Female,Single,Medicare,South
P000442,1949-08-31,Male,Single,Medicaid,South
P000443,1998-08-05,Male,Single,Medicare Advantage,South
P000444,1982-10-27,Female,Married,Commercial,South
P000445,1980-06-01,Male,Single,Commercial,Midwest
P000446,1986-12-02,Male,Single,Medicare Advantage,Midwest
P000447,1947-11-04,Female,Single,Medicare,Northeast
P000448,1971-08-03,Female,Widowed,Medicaid,South
P000449,1956-12-17,Male,Divorced,Medicaid,West
P000450,1963-12-03,Male,Single,Medicare,Northeast
P000451,2002-12-02,Female,Single,Commercial,South
P000452,1955-05-14,Male,Single,Commercial,Northeast
P000453,1967-08-30,Male,Married,Commercial,West
P000454,1991-03-12,Male,Divorced,Commercial,West
P000455,1941-04-03,Male,Married,Commercial,South
P000456,1975-05-21,Female,Single,Medicaid,South
P000457,1949-03-08,Male,Widowed,Medicaid,Midwest
P000458,1991-07-11,Male,Married,Medicare Advantage,South
P000459,2026-04-26,Male,Single,Commercial,Northeast
P000460,1981-03-27,Female,Married,Medicare,West
P000461,1967-08-11,Male,Divorced,Other,Midwest
P000462,1988-07-25,Female,Single,Medicare,West
P000463,2010-03-05,Female,Single,Medicaid,Northeast
P000464,1957-11-01,Other,Single,Medicaid,South
P000465,1954-07-14,Female,Married,Medicare,South
P000466,1960-08-03,Male,Married,Medicaid,Midwest
P000467,2005-05-25,Female,Single,Medicare,Midwest
P000468,1983-07-03,Male,Married,Medicare,Northeast
P000469,1992-04-30,Female,Married,Medicaid,West
P000470,1959-09-19,Female,Married,Medicaid,West
P000471,1971-08-26,Female,Divorced,Medicare Advantage,West
P000472,1980-08-06,Male,Single,Medicare,South
P000473,1951-06-18,Female,Widowed,Commercial,South
P000474,2016-02-28,Female,Single,Self-Pay,Midwest
P000475,1977-08-04,Male,Married,Medicaid,Northeast
P000476,2021-08-02,Male,Single,Commercial,South
P000477,1981-07-03,Male,Married,Medicare Advantage,West
P000478,1930-02-27,Male,Widowed,Commercial,Northeast
P000479,2010-12-09,Male,Single,Commercial,South
P000480,1970-09-04,Female,Divorced,Medicaid,Midwest
P000481,1967-01-06,Male,Divorced,Medicare,West
P000482,1959-06-14,Female,Married,Other,Northeast
P000483,1970-02-10,Female,Divorced,Medicare Advantage,South
P000484,1974-12-01,Female,Married,Commercial,Northeast
P000485,1948-09-17,Male,Married,Medicaid,South
P000486,1948-08-20,Female,Divorced,Medicaid,South
P000487,1984-02-19,Male,Married,Medicare,Midwest
P000488,1936-12-25,Female,Widowed,Medicare Advantage,South
P000489,1955-05-11,Male,Married,Medicare,West
P000490,1964-06-22,Female,Divorced,Commercial,West
P000491,1963-08-23,Male,Married,Self-Pay,Northeast
P000492,1975-10-27,Female,Married,Commercial,West
P000493,1965-02-23,Female,Married,Commercial,West
P000494,1982-05-21,Female,Married,Commercial,Midwest
P000495,1991-12-26,Male,Married,Medicare,South
P000496,2001-12-18,Female,Single,Medicaid,West
P000497,1929-12-30,Female,Widowed,Commercial,South
P000498,1954-08-05,Male,Married,Commercial,Northeast
P000499,1957-03-24,Male,Single,Medicaid,Northeast
P000500,1958-07-03,Male,Divorced,Medicare,West
P000501,1949-05-02,Female,Divorced,Medicaid,South
P000502,2013-08-02,Male,Single,Other,Midwest
P000503,1975-04-14,Male,Divorced,Medicaid,West
P000504,1935-04-10,Female,Married,Medicare,South
P000505,1992-07-12,Female,Single,Medicare,Midwest
P000506,1960-08-26,Male,Married,Medicare,Northeast
P000507,2016-10-20,Male,Single,Medicare,South
P000508,1974-09-16,Female,Married,Commercial,Midwest
P000509,1950-06-19,Female,Married,Medicare,South
P000510,1946-12-09,Female,Widowed,Medicare,South
P000511,2006-07-15,Male,Single,Self-Pay,Midwest
P000512,1976-09-20,Male,Divorced,Commercial,Northeast
P000513,1992-02-19,Female,Single,Self-Pay,South
P000514,2019-02-23,Female,Single,Medicare Advantage,West
P000515,1955-12-18,Female,Single,Commercial,Midwest
P000516,2018-10-22,Male,Single,Self-Pay,Midwest
P000517,1969-06-11,Female,Married,Medicaid,South
P000518,1964-12-24,Male,Married,Commercial,South
P000519,1952-05-24,Male,Divorced,Commercial,Midwest
P000520,1968-03-10,Male,Married,Medicaid,West
P000521,1971-01-06,Male,Single,Commercial,Northeast
P000522,1968-06-05,Female,Married,Medicaid,South
P000523,1930-03-24,Female,Married,Commercial,Midwest
P000524,1952-10-08,Female,Single,Commercial,Midwest
P000525,2010-07-02,Female,Single,Medicaid,Northeast
P000526,1962-06-12,Female,Married,Medicare,South
P000527,1996-08-07,Female,Single,Medicare,West
P000528,1971-03-10,Male,Married,Medicare,South
P000529,1954-03-31,Male,Widowed,Medicare,Midwest
P000530,1939-11-17,Female,Widowed,Medicare,Northeast
P000531,2014-01-19,Male,Single,Commercial,West
P000532,1964-07-06,Female,Divorced,Medicare Advantage,South
P000533,1992-07-22,Female,Divorced,Medicare,Midwest
P000534,1941-08-17,Female,Widowed,Commercial,South
P000535,1992-01-21,Female,Married,Commercial,Northeast
P000536,2019-07-18,Female,Single,Commercial,Northeast
P000537,1936-12-26,Male,Widowed,Medicaid,Midwest
P000538,1967-07-12,Male,Divorced,Commercial,South
P000539,1970-09-22,Female,Divorced,Medicare Advantage,Midwest
P000540,1961-08-14,Female,Married,Medicare,South
P000541,1997-12-05,Female,Single,Medicare Advantage,South
P000542,1973-11-28,Male,Married,Medicare,Northeast
P000543,1992-10-20,Female,Married,Medicare,West
P000544,1982-12-05,Male,Married,Self-Pay,Midwest
P000545,1969-04-23,Male,Divorced,Commercial,West
P000546,1991-03-27,Male,Married,Commercial,South
P000547,1996-02-25,Female,Married,Commercial,West
P000548,1952-03-31,Female,Divorced,Commercial,Northeast
P000549,1975-09-04,Male,Single,Medicare Advantage,South
P000550,1932-07-08,Male,Widowed,Medicaid,South
P000551,1963-06-29,Male,Married,Medicaid,South
P000552,2021-09-02,Male,Single,Self-Pay,Northeast
P000553,1967-05-12,Female,Married,Medicaid,West
P000554,2007-12-02,Female,Single,Medicare Advantage,Midwest
P000555,1981-05-14,Male,Single,Commercial,Midwest
P000556,1949-07-31,Male,Married,Commercial,Northeast
P000557,1971-12-28,Female,Single,Medicare,West
P000558,2003-04-20,Female,Single,Medicaid,West
P000559,1961-07-19,Male,Married,Medicare,Northeast
P000560,1933-02-02,Female,Widowed,Commercial,South
P000561,1933-12-31,Male,Married,Medicare,West
P000562,1976-12-02,Male,Divorced,Commercial,Midwest
P000563,1965-11-11,Female,Single,Medicare,Midwest
P000564,1999-06-30,Male,Single,Commercial,Midwest
P000565,1947-10-09,Female,Married,Medicare Advantage,West
P000566,1938-11-07,Male,Single,Commercial,Midwest
P000567,1992-10-13,Female,Married,Medicare,West
P000568,1937-07-13,Male,Widowed,Medicaid,South
P000569,1969-09-04,Female,Widowed,Medicare,South
P000570,1957-07-31,Male,Widowed,Commercial,Northeast
P000571,2005-12-11,Male,Single,Commercial,South
P000572,1987-04-04,Male,Married,Medicaid,West
P000573,2000-04-15,Female,Single,Medicare Advantage,West
P000574,1960-12-12,Male,Widowed,Commercial,Northeast
P000575,1930-11-14,Female,Widowed,Medicare Advantage,West
P000576,1988-07-22,Female,Married,Commercial,Northeast
P000577,1968-09-14,Female,Married,Medicare Advantage,West
P000578,1991-06-11,Male,Married,Medicare,Midwest
P000579,1981-04-06,Male,Married,Medicare,South
P000580,1983-04-18,Female,Married,Medicaid,Midwest
P000581,1967-10-22,Male,Divorced,Medicare Advantage,South
P000582,1962-04-11,Female,Divorced,Self-Pay,Northeast
P000583,1993-11-19,Male,Married,Medicaid,West
P000584,1967-07-23,Female,Married,Medicare,Midwest
P000585,1959-06-21,Female,Divorced,Commercial,South
P000586,1985-06-29,Male,Married,Self-Pay,Midwest
P000587,1973-07-01,Female,Married,Commercial,West
P000588,2016-11-19,Male,Single,Medicare Advantage,South
P000589,1932-02-06,Female,Widowed,Commercial,Midwest
P000590,1951-05-19,Male,Divorced,Medicaid,West
P000591,1968-03-26,Female,Married,Medicare,South
P000592,1944-03-26,Female,Divorced,Medicare,West
P000593,2014-02-23,Female,Single,Medicare,South
P000594,1957-05-07,Male,Married,Commercial,Northeast
P000595,2006-06-16,Male,Married,Commercial,West
P000596,1974-10-30,Male,Married,Medicaid,South
P000597,1965-06-27,Female,,Medicare,Northeast
P000598,1988-01-06,Female,Married,Medicare Advantage,West
P000599,1975-09-02,Female,Married,Medicaid,West
P000600,1952-04-06,Female,Married,Commercial,Midwest
P000601,1954-04-23,Female,Divorced,Commercial,Midwest
P000602,1937-11-29,Male,Widowed,Medicare Advantage,South
P000603,1999-11-23,Female,Single,Commercial,South
P000604,1989-10-01,Female,Single,Other,Midwest
P000605,1991-02-16,Female,Married,Commercial,Midwest
P000606,1955-12-23,Male,Widowed,Medicare,West
P000607,2014-10-06,Female,Single,Medicare,West
P000608,1948-03-03,Male,Widowed,Medicaid,Midwest
P000609,2007-08-24,Male,Single,Medicare,South
P000610,1986-03-23,Male,Married,Medicare,West
P000611,1999-07-04,Male,Single,Medicare Advantage,Midwest
P000612,1971-03-27,Male,Married,Commercial,Midwest
P000613,1931-07-10,Male,Widowed,Medicare,South
P000614,1979-01-31,Female,Single,Medicare,South
P000615,1970-08-13,Male,Divorced,Medicare,Midwest
P000616,2006-12-28,Female,Single,Medicare,South
P000617,1996-08-27,Female,Single,Medicare Advantage,West
P000618,2021-06-01,Male,Single,Commercial,South
P000619,1952-04-04,Male,Married,Commercial,Midwest
P000620,1989-04-08,Male,Married,Commercial,South
P000621,1980-02-26,Female,Divorced,Medicaid,Northeast
P000622,2007-02-24,Female,Single,Medicare,South
P000623,1967-01-26,Female,Widowed,Commercial,Northeast
P000624,1993-08-28,Male,Divorced,Medicare,South
P000625,1986-11-12,Female,Married,Medicare,Northeast
P000626,1930-02-21,Male,Widowed,Commercial,Midwest
P000627,2002-02-24,Male,Single,Commercial,South
P000628,1990-04-03,Male,Married,Commercial,South
P000629,1961-06-11,Male,Married,Other,West
P000630,1962-11-08,Female,Married,Commercial,Midwest
P000631,1955-08-18,Male,Married,Medicare,Northeast
P000632,2021-01-04,Female,Single,Medicare,West
P000633,2018-02-18,Female,Single,Commercial,Northeast
P000634,1982-04-30,Female,Married,Medicare,South
P000635,2005-09-05,Female,Single,Medicare Advantage,South
P000636,1937-10-23,Female,Married,Medicaid,West
P000637,1954-03-03,Male,Married,Medicare,South
P000638,2014-06-06,Male,Single,Medicare,South
P000639,1980-03-19,Female,Married,Medicaid,Midwest
P000640,1968-04-23,Female,Married,Medicaid,Northeast
P000641,1965-10-08,Female,Divorced,Medicare,South
P000642,2003-10-14,Female,Single,Commercial,South
P000643,1930-05-05,Female,Widowed,Medicaid,Midwest
P000644,2012-07-06,Female,Single,Medicare,South
P000645,2017-06-29,Male,Single,Other,South
P000646,2007-04-13,Male,Single,Medicare,South
P000647,1958-05-28,Female,Married,Medicaid,Northeast
P000648,2020-04-14,Male,Single,Medicaid,South
P000649,1974-07-12,Male,Married,Medicaid,Northeast
P000650,1978-01-28,Female,Married,Self-Pay,Northeast
P000651,1946-02-25,Female,Married,Medicare Advantage,South
P000652,1980-06-10,Female,Single,Commercial,Northeast
P000653,1946-05-07,Male,Widowed,Medicare,South
P000654,2014-11-17,Female,Single,Other,West
P000655,1990-07-18,Male,Married,Medicare Advantage,Northeast
P000656,1988-07-20,Male,Divorced,Medicare,Midwest
P000657,1966-08-02,Female,Divorced,Medicare,West
P000658,1983-04-16,Male,Single,Commercial,South
P000659,1992-08-08,Other,Divorced,Other,Northeast
P000660,1936-10-12,Male,Widowed,Medicaid,Midwest
P000661,2007-07-31,Male,Single,Medicare,South
P000662,1964-03-18,Male,Divorced,Medicare,Midwest
P000663,1972-11-01,Female,Married,Medicaid,Midwest
P000664,1967-12-31,Male,Married,Medicare,Midwest
P000665,2001-07-29,Male,Single,Medicare,Midwest
P000666,1958-02-03,Female,Married,Self-Pay,South
P000667,1947-05-07,Female,Widowed,Medicaid,South
P000668,1955-09-24,Female,Widowed,Commercial,West
P000669,1996-10-12,Female,Single,Medicaid,West
P000670,1976-05-26,Female,Single,Commercial,South
P000671,1973-11-27,Female,Divorced,Medicaid,Northeast
P000672,1941-07-31,Female,Widowed,Medicare,South
P000673,1932-05-08,Female,Married,Medicaid,South
P000674,1960-12-27,Female,Married,Commercial,South
P000675,1953-07-13,Male,Married,Medicare,Northeast
P000676,1948-03-24,Male,Married,Medicare,South
P000677,1978-05-28,Male,Single,Medicare,Northeast
P000678,1972-08-22,Female,Married,Commercial,West
P000679,1972-08-20,Female,Married,Medicare,South
P000680,1967-01-26,Female,Single,Medicare,Midwest
P000681,2016-02-14,Female,Single,Commercial,Northeast
P000682,1952-08-21,Male,Divorced,Commercial,Northeast
P000683,1976-02-04,Male,Married,Medicare Advantage,Northeast
P000684,1999-09-27,Female,Single,Medicare,Midwest
P000685,1966-09-05,Male,Married,Commercial,West
P000686,1977-05-13,Male,Single,Other,Midwest
P000687,1967-09-10,Male,Married,Medicare Advantage,Midwest
P000688,2005-08-27,Male,Single,Medicare,West
P000689,1933-06-20,Female,Widowed,Medicare Advantage,Midwest
P000690,1957-06-07,Female,Married,Commercial,South
P000691,1985-03-31,Female,Married,Medicare Advantage,West
P000692,1976-09-03,Female,Divorced,Commercial,West
P000693,1962-01-29,Male,Married,Medicare,South
P000694,1972-06-30,Female,Married,Medicare,West
P000695,1983-10-20,Male,Married,Medicare,Northeast
P000696,1977-12-30,Female,Single,Commercial,South
P000697,1972-09-25,Female,Divorced,Medicare,West
P000698,1932-09-04,Male,Divorced,Medicare,Midwest
P000699,1956-03-14,Male,Married,Medicare,West
P000700,1940-08-23,Female,Married,Medicare Advantage,Northeast
P000701,2023-08-28,Male,Single,Medicare,South
P000702,1960-11-23,Male,Married,Medicare,Midwest
P000703,1984-05-19,Female,Married,Medicare,Northeast
P000704,1972-10-08,Female,Married,Medicare,South
P000705,2005-11-10,Male,Single,Commercial,Northeast
P000706,1945-07-16,Female,Widowed,Commercial,Northeast
P000707,1962-11-12,Female,Divorced,Medicare,Midwest
P000708,1959-10-18,Female,Married,Medicare Advantage,West
P000709,1965-08-29,Female,Married,Medicare,West
P000710,1934-12-25,Male,Married,Medicare,West
P000711,1974-02-27,Female,Divorced,Commercial,Northeast
P000712,1974-07-27,Male,Married,Medicaid,Midwest
P000713,1952-07-24,Male,Married,Medicare,Midwest
P000714,1974-04-17,Male,Married,Commercial,West
P000715,1953-03-30,Male,Married,Medicare,West
P000716,1966-06-16,Male,Widowed,Medicare Advantage,Northeast
P000717,2022-06-17,Female,Single,Medicaid,Northeast
P000718,1947-03-17,Male,Married,Commercial,Midwest
P000719,1972-06-02,Male,Widowed,Self-Pay,Midwest
P000720,1976-02-15,Male,Married,Commercial,South
P000721,1960-10-08,Male,Widowed,Medicare,South
P000722,1999-05-01,Female,Single,Commercial,South
P000723,1985-12-06,Female,Married,Medicare,South
P000724,1985-05-28,Other,Single,Medicaid,Northeast
P000725,2010-03-11,Female,Single,Medicaid,South
P000726,1963-11-16,Female,Married,Commercial,South
P000727,1988-11-05,Female,Married,Commercial,South
P000728,1976-01-18,Male,Single,Commercial,South
P000729,1965-03-14,Male,Divorced,Commercial,West
P000730,1983-09-25,Male,Married,Medicare,South
P000731,1943-11-10,Female,Divorced,Commercial,West
P000732,1968-08-03,Female,Married,Other,Midwest
P000733,1951-10-16,Female,Married,Medicaid,South
P000734,1972-05-26,Female,Divorced,Medicare,Northeast
P000735,1999-05-12,Female,Single,Medicare,Northeast
P000736,1993-03-31,Female,,Medicaid,South
P000737,1956-03-15,Male,Divorced,Medicare Advantage,West
P000738,1985-12-05,Female,Married,Medicaid,Midwest
P000739,1980-02-29,Female,Married,Commercial,South
P000740,1938-12-16,Male,Widowed,Commercial,Northeast
P000741,2011-12-14,Female,Single,Commercial,West
P000742,2008-08-09,Male,Single,Medicaid,Midwest
P000743,1979-05-11,Male,Married,Commercial,West
P000744,1952-09-23,Female,Married,Medicaid,Northeast
P000745,1948-01-07,Female,Married,Commercial,South
P000746,1957-01-18,Female,Divorced,Medicare,West
P000747,1952-12-28,Male,Married,Medicare,South
P000748,1951-02-26,Male,Widowed,Medicare,South
P000749,1961-08-07,Male,Married,Medicaid,West
P000750,1957-07-15,Female,Divorced,Other,Midwest
P000751,2005-04-13,Male,Single,Medicare,South
P000752,1958-08-15,Male,Married,Medicare,Northeast
P000753,1994-09-12,Female,Married,Medicaid,West
P000754,1979-07-20,Male,Married,Commercial,West
P000755,1978-10-04,Female,Married,Commercial,South
P000756,1996-12-15,Female,Single,Medicare,West
P000757,1977-02-11,Male,Single,Medicaid,Midwest
P000758,1970-06-03,Male,Married,Medicare Advantage,South
P000759,2012-03-12,Female,Single,Medicare,West
P000760,1996-10-03,Male,Married,Commercial,West
P000761,1946-06-23,Female,Married,Medicaid,Northeast
P000762,1950-12-14,Male,Married,Commercial,South
P000763,2021-12-01,Female,Single,Medicare Advantage,South
P000764,2004-03-29,Male,Single,Medicare Advantage,West
P000765,1963-02-24,Female,Single,Commercial,South
P000766,1997-06-16,Female,Single,Medicaid,South
P000767,1940-10-30,Female,Widowed,Medicare,Midwest
P000768,1997-08-13,Female,Single,Commercial,Northeast
P000769,1970-01-09,Male,Divorced,Medicare,Northeast
P000770,1951-08-02,Male,Married,Medicaid,South
P000771,1999-07-30,Female,Single,Medicare,South
P000772,1952-11-17,Male,Married,Medicare,South
P000773,1992-11-12,Female,Single,Medicaid,South
P000774,1951-05-22,Female,Widowed,Medicare,Northeast
P000775,1931-03-23,Male,Married,Medicare,South
P000776,1985-01-23,Female,Single,Medicare,South
P000777,2010-02-06,Male,Single,Medicaid,South
P000778,1987-04-28,Male,Married,Medicare,Northeast
P000779,1955-02-07,Female,Married,Commercial,West
P000780,1932-07-17,Female,Married,Commercial,Midwest
P000781,1986-01-17,Male,Married,Medicare,Northeast
P000782,1973-04-23,Male,Married,Commercial,West
P000783,1974-02-14,Female,Married,Commercial,West
P000784,1968-01-08,Male,Married,Medicaid,Midwest
P000785,1962-10-21,Male,Widowed,Commercial,Northeast
P000786,1953-08-06,Male,Widowed,Commercial,West
P000787,1973-10-13,Male,Married,Medicaid,Midwest
P000788,1988-01-09,Female,Married,Medicare,South
P000789,1960-08-25,Male,Divorced,Medicare Advantage,Midwest
P000790,1984-11-17,Female,Single,Medicare Advantage,Midwest
P000791,1987-12-17,Female,Single,Medicare Advantage,South
P000792,1935-02-26,Female,Married,Commercial,Northeast
P000793,1965-10-15,Male,Married,Medicare,West
P000794,1993-04-26,Female,Married,Medicare Advantage,South
P000795,2014-08-20,Female,Single,Commercial,Northeast
P000796,1950-08-20,Male,Divorced,Medicaid,West
P000797,1944-08-22,Female,Widowed,Commercial,Northeast
P000798,2020-02-27,Male,Single,Commercial,West
P000799,1966-05-31,Female,Married,Medicaid,West
P000800,1980-05-29,Female,Married,Medicare,West
P000801,1970-10-24,Female,Married,Medicaid,Midwest
P000802,1947-08-23,Female,Married,Medicare,West
P000803,1983-05-28,Male,Married,Medicare,Midwest
P000804,2002-04-04,Male,Single,Medicare Advantage,South
P000805,2001-01-22,Other,Single,Commercial,South
P000806,2006-06-26,Female,Single,Commercial,West
P000807,2007-09-13,Male,Single,Self-Pay,West
P000808,1929-11-28,Male,Widowed,Commercial,Midwest
P000809,1941-06-23,Male,Married,Medicaid,West
P000810,1972-07-24,Male,Married,Medicare,Midwest
P000811,1973-05-23,Female,Married,Medicare,West
P000812,1929-04-10,Female,Single,Commercial,South
P000813,1955-08-07,Female,Married,Commercial,
P000814,1944-08-15,Male,Married,Commercial,South
P000815,1946-08-01,Female,Married,Commercial,Northeast
P000816,1962-02-03,Male,Single,Commercial,Midwest
P000817,1971-03-31,Male,Single,Medicaid,South
P000818,1995-10-11,Female,Married,Medicare Advantage,Midwest
P000819,1964-04-24,Female,Widowed,Medicare,Midwest
P000820,1954-12-01,Male,Widowed,Medicare,Northeast
P000821,1976-05-21,Female,Married,Other,South
P000822,1969-11-18,Male,Married,Other,West
P000823,1960-03-24,Male,Divorced,Medicare,South
P000824,1990-07-04,Female,Single,Self-Pay,Midwest
P000825,1962-09-21,Female,Married,Medicaid,South
P000826,1997-12-17,Male,Single,Medicare,South
P000827,1971-01-07,Female,Married,Medicare,West
P000828,1941-04-22,Female,Widowed,Medicare,Midwest
P000829,1963-08-02,Female,Divorced,Medicare,West
P000830,1971-03-13,Male,Divorced,Medicare Advantage,South
P000831,1979-01-15,Male,Married,Medicare,Northeast
P000832,1957-04-18,Female,Divorced,Medicare,South
P000833,2010-01-22,Female,Single,Medicare,South
P000834,1969-05-10,Female,Single,Medicare,Northeast
P000835,2002-04-05,Male,Single,Medicare,Northeast
P000836,1981-06-30,Female,Single,Commercial,South
P000837,1975-09-28,Female,Divorced,Medicare,Midwest
P000838,1965-04-20,Male,Married,Medicare Advantage,South
P000839,2005-07-01,Male,Single,Commercial,South
P000840,1956-08-26,Female,Divorced,Medicare,South
P000841,1976-06-16,Female,Divorced,Commercial,South
P000842,1947-04-26,Male,Married,Medicare,West
P000843,2010-04-02,Female,Single,Medicaid,South
P000844,1983-03-03,Female,Single,Commercial,South
P000845,1941-07-06,Male,Widowed,Medicare,South
P000846,1994-05-23,Male,Married,Medicaid,South
P000847,1954-09-01,Male,Married,Self-Pay,West
P000848,1994-03-04,Female,Single,Commercial,South
P000849,2025-09-13,Male,Single,Other,Midwest
P000850,1958-11-15,Male,Married,Medicaid,South
P000851,1969-05-31,Male,Married,Commercial,Midwest
P000852,1953-01-17,Male,Married,Medicare Advantage,Northeast
P000853,1953-01-19,Female,Married,Commercial,West
P000854,1953-03-10,Female,Married,Commercial,South
P000855,1967-09-01,Male,Married,Medicare,Northeast
P000856,1969-05-26,Female,Divorced,Medicare,Northeast
P000857,1980-11-16,Female,Married,Medicare,Midwest
P000858,1981-05-07,Female,Married,Medicare,Northeast
P000859,1959-03-28,Female,Widowed,Medicare,South
P000860,1961-05-17,Female,Married,Commercial,Northeast
P000861,1971-09-08,Female,Married,Medicaid,Midwest
P000862,1956-11-10,Female,Married,Self-Pay,Midwest
P000863,1944-05-27,Female,Widowed,Medicare,South
P000864,1975-10-31,Female,Married,Medicare,West
P000865,2005-09-16,Male,Single,Commercial,South
P000866,1981-12-10,Male,Married,Medicare,Northeast
P000867,1951-04-20,Male,Married,Medicare Advantage,West
P000868,1963-10-17,Male,Married,Medicare,Midwest
P000869,1998-07-30,Female,Single,Medicare Advantage,Northeast
P000870,1977-11-27,Female,Single,Medicaid,Midwest
P000871,2008-06-07,Female,Single,Commercial,South
P000872,2020-03-10,Female,Single,Medicaid,Midwest
P000873,1966-09-06,Male,Married,Medicare,West
P000874,1989-07-06,Male,Married,Medicare Advantage,Midwest
P000875,1958-10-20,Male,Widowed,Self-Pay,South
P000876,1929-09-12,Male,Widowed,Medicare,Northeast
P000877,1981-05-01,Male,Single,Medicare,Northeast
P000878,1984-10-28,Female,Single,Commercial,South
P000879,1969-05-23,Male,Married,Self-Pay,Midwest
P000880,1961-12-06,Male,Divorced,Medicare,West
P000881,1995-11-24,Male,Single,Commercial,West
P000882,1947-07-18,Female,Widowed,Self-Pay,West
P000883,1977-06-02,Female,Married,Medicare Advantage,West
P000884,1948-01-18,Female,Married,Medicare,West
P000885,1946-08-05,Male,Divorced,Medicare Advantage,West
P000886,1970-11-05,Male,Married,Commercial,Midwest
P000887,1951-11-19,Female,Married,Medicaid,Northeast
P000888,1982-02-26,Female,Married,Commercial,West
P000889,1947-06-13,Female,Married,Medicare Advantage,Northeast
P000890,1970-04-12,Female,Married,Commercial,Midwest
P000891,1952-01-11,Male,Married,Self-Pay,South
P000892,1932-05-14,Male,Divorced,Medicare,Midwest
P000893,1989-03-29,Male,Married,Medicare,South
P000894,1931-03-02,Female,Widowed,Medicare,West
P000895,1979-07-15,Female,Widowed,Medicare Advantage,South
P000896,1981-08-03,Female,Divorced,Medicaid,Northeast
P000897,1994-07-09,Male,Married,Medicaid,Northeast
P000898,1949-12-18,Female,Married,Commercial,South
P000899,2009-01-27,Female,Single,Medicare,West
P000900,1945-05-10,Female,Widowed,Commercial,West
P000901,2007-05-14,Female,Single,Commercial,Midwest
P000902,2009-03-14,Female,Single,Medicare,West
P000903,1962-07-04,Male,Married,Medicare,West
P000904,1956-08-11,Male,Divorced,Medicare,West
P000905,1994-04-07,Female,Single,Medicare,Northeast
P000906,1955-09-11,Female,Married,Commercial,South
P000907,1963-03-05,Female,Divorced,Medicare,Midwest
P000908,1947-10-16,Male,Widowed,Commercial,South
P000909,1967-08-02,Male,Single,Medicare,South
P000910,1987-07-21,Female,Married,Self-Pay,Northeast
P000911,2011-08-21,Male,Single,Medicare,South
P000912,1990-06-16,Male,Married,Other,West
P000913,2006-06-15,Male,Single,Medicaid,
P000914,2018-05-03,Male,Single,Medicare Advantage,Northeast
P000915,1958-07-26,Female,Married,Medicaid,South
P000916,1969-12-17,Male,Married,Commercial,Northeast
P000917,1993-09-01,Female,Married,Commercial,Northeast
P000918,1988-11-18,Female,Married,Medicare,Midwest
P000919,2003-09-27,Male,Single,Commercial,Midwest
P000920,1930-03-18,Male,Married,Medicaid,Midwest
P000921,1982-10-10,Female,Married,Medicare,Northeast
P000922,2017-05-11,Male,Single,Medicaid,Northeast
P000923,1954-04-04,Male,Divorced,Medicare,South
P000924,1979-12-10,Female,Divorced,Medicare Advantage,Midwest
P000925,1958-02-10,Male,Married,Commercial,West
P000926,1975-03-01,Female,Married,Medicaid,South
P000927,1964-06-04,Male,Married,Other,Midwest
P000928,1954-02-14,Female,Single,Medicare,Northeast
P000929,1946-09-04,Male,Widowed,Medicaid,South
P000930,1958-06-04,Male,Married,Medicare,South
P000931,1931-08-30,Female,Married,Commercial,Midwest
P000932,1955-06-20,Female,Widowed,Medicaid,South
P000933,1949-01-19,Female,Married,Commercial,South
P000934,1947-04-29,Male,Married,Commercial,South
P000935,2012-02-29,Female,Single,Self-Pay,Midwest
P000936,1961-05-28,Male,Married,Commercial,South
P000937,1965-11-05,Male,Divorced,Medicaid,South
P000938,1954-12-11,Male,Widowed,Commercial,South
P000939,2001-12-20,Male,Single,Medicaid,Northeast
P000940,1974-09-10,Female,Single,Medicare,Northeast
P000941,1956-03-30,Male,Single,Medicare Advantage,Northeast
P000942,1982-03-03,Male,Married,Commercial,West
P000943,1948-03-18,Male,Married,Medicare Advantage,South
P000944,2011-02-26,Male,Single,Medicaid,South
P000945,1960-09-16,Female,Widowed,Medicaid,West
P000946,1998-09-17,Female,Single,Medicare Advantage,Northeast
P000947,1960-08-12,Male,Widowed,Medicaid,
P000948,1972-02-13,Female,Married,Medicaid,South
P000949,1991-04-27,Female,Divorced,Commercial,West
P000950,1929-01-16,Female,Widowed,Medicaid,South
P000951,2015-07-25,Male,Single,Medicare,Northeast
P000952,1951-10-22,Female,Divorced,Medicaid,South
P000953,1971-07-25,Male,Divorced,Medicaid,West
P000954,1986-05-24,Male,Married,Commercial,Northeast
P000955,1961-12-24,Female,Divorced,Medicare Advantage,South
P000956,1960-10-02,Female,Married,Medicaid,South
P000957,1937-02-17,Female,Widowed,Medicare,Midwest
P000958,2008-05-03,Male,Single,Medicare,South
P000959,1965-07-10,Female,Divorced,Commercial,Northeast
P000960,1931-10-21,Male,Widowed,Commercial,West
P000961,1938-06-03,Female,Widowed,Medicaid,South
P000962,1953-02-23,Female,Married,Commercial,West
P000963,2012-02-11,Female,Single,Commercial,Northeast
P000964,2005-12-13,Male,Single,Commercial,South
P000965,1983-08-14,Male,Married,Self-Pay,South
P000966,1992-09-05,Male,Married,Medicare,South
P000967,2001-08-31,Female,,Medicare,South
P000968,1995-03-03,Female,Single,Medicare,South
P000969,1985-05-31,Female,Married,Medicaid,Northeast
P000970,2016-04-20,Female,Single,Medicaid,Northeast
P000971,1975-08-02,Female,Married,Medicare,South
P000972,1978-03-12,Female,Married,Commercial,South
P000973,1956-11-15,Male,Married,Commercial,Midwest
P000974,1965-05-23,Male,Married,Medicare Advantage,South
P000975,1949-10-15,Male,Widowed,Medicaid,Northeast
P000976,1964-10-18,Male,Single,Medicaid,South
P000977,1968-01-10,Female,Divorced,Medicare,West
P000978,1974-07-25,Male,Married,Commercial,West
P000979,2007-07-15,Female,Single,Medicare,Northeast
P000980,2000-03-19,Female,Single,Commercial,Northeast
P000981,1991-06-02,Female,Married,Medicare,South
P000982,1978-01-27,Female,Married,Medicaid,South
P000983,1955-05-18,Female,Married,Commercial,Midwest
P000984,1988-05-17,Male,Married,Commercial,Northeast
P000985,1973-10-18,Female,Married,Medicare,South
P000986,1935-05-06,Male,Divorced,Commercial,West
P000987,2011-12-01,Male,Single,Medicare,West
P000988,1966-12-15,Female,Married,Commercial,South
P000989,1976-09-30,Male,Single,Medicare,Midwest
P000990,1999-04-18,Male,Single,Self-Pay,Midwest
P000991,1986-05-20,Female,Married,Other,Midwest
P000992,1976-11-26,Male,Single,Commercial,Northeast
P000993,1992-10-02,Female,Married,Medicare Advantage,South
P000994,1932-06-29,Male,Married,Commercial,South
P000995,1949-03-05,Female,Married,Self-Pay,South
P000996,2017-04-09,Female,Single,Commercial,Midwest
P000997,1957-07-05,Female,Married,Commercial,South
P000998,2014-05-23,Male,Single,Commercial,South
P000999,1967-02-03,Male,Widowed,Medicaid,Northeast
P001000,1946-04-09,Male,Divorced,Medicare,West
P001001,1965-01-02,Male,Single,Medicaid,West
P001002,1932-05-20,Female,Widowed,Commercial,South
P001003,2019-05-23,Male,Single,Commercial,Midwest
P001004,1986-10-20,Male,Married,Other,Midwest
P001005,1939-03-26,Female,Single,Medicare,South
P001006,1990-05-09,Female,Married,Commercial,West
P001007,1953-02-07,Male,Married,Commercial,South
P001008,1975-01-18,Female,Divorced,Medicare Advantage,South
P001009,2012-06-03,Male,Single,Commercial,Northeast
P001010,2024-07-14,Female,Single,Commercial,South
P001011,1949-08-21,Female,Married,Medicaid,West
P001012,1981-08-21,Male,Single,Commercial,Northeast
P001013,1952-10-20,Female,Married,Commercial,Midwest
P001014,1974-03-12,Male,Married,Medicare,Midwest
P001015,1934-10-26,Male,Married,Medicaid,Northeast
P001016,1986-09-23,Male,Married,Medicaid,Northeast
P001017,1948-08-04,Female,Married,Other,South
P001018,2019-12-22,Male,Single,Commercial,South
P001019,1951-11-12,Female,Widowed,Medicare,Northeast
P001020,1931-01-02,Male,Married,Medicaid,South
P001021,1963-07-12,Female,Married,Medicare,West
P001022,2026-03-14,Female,Single,Medicare,South
P001023,1961-04-12,Female,Divorced,Medicare,West
P001024,1983-04-02,Female,Single,Medicare,Midwest
P001025,1958-12-02,Male,Married,Medicare,West
P001026,1997-09-27,Male,Married,Other,West
P001027,2022-04-08,Female,Single,Commercial,Midwest
P001028,1966-01-24,Male,Married,Commercial,West
P001029,2001-11-19,Male,Married,Medicare Advantage,West
P001030,1958-08-29,Male,Married,Commercial,Northeast
P001031,1948-09-12,Male,Married,Medicare,South
P001032,1968-05-17,Male,Married,Medicaid,West
P001033,2001-05-01,Female,Single,Medicare,West
P001034,1934-10-09,Female,Widowed,Medicaid,Midwest
P001035,2006-09-20,Male,Single,Commercial,South
P001036,1955-07-15,Female,Single,Commercial,Midwest
P001037,1937-05-22,Male,Single,Medicare,Northeast
P001038,2001-05-09,Female,Single,Medicare Advantage,South
P001039,1958-01-05,Male,Widowed,Medicare,Midwest
P001040,1945-12-01,Female,Married,Medicaid,Northeast
P001041,2001-04-30,Male,Single,Medicaid,South
P001042,1964-06-09,Male,Married,Commercial,West
P001043,1978-07-11,Female,Married,Medicare Advantage,Midwest
P001044,1965-06-23,Female,Divorced,Commercial,South
P001045,1956-10-27,Female,Married,Medicaid,West
P001046,1935-07-15,Female,Married,Commercial,South
P001047,1993-02-17,Female,Married,Medicaid,Northeast
P001048,1976-04-11,Female,Married,Self-Pay,Midwest
P001049,1974-01-30,Female,Divorced,Medicare,Midwest
P001050,1990-10-02,Female,Divorced,Medicaid,Midwest
P001051,2001-08-10,Male,Single,Medicaid,Northeast
P001052,1987-05-22,Female,Married,Other,South
P001053,1972-10-18,Male,Divorced,Commercial,South
P001054,1976-06-26,Male,Married,Medicaid,Midwest
P001055,1958-05-08,Female,Married,Commercial,South
P001056,1965-07-21,Male,Single,Medicare,West
P001057,1952-12-07,Male,Married,Medicaid,South
P001058,1964-07-07,Female,Married,Medicare,South
P001059,1972-09-16,Female,Married,Medicare,South
P001060,1970-04-10,Female,Divorced,Medicare,Northeast
P001061,1979-09-06,Female,Married,Medicare,South
P001062,1983-03-24,Female,Single,Medicare,Northeast
P001063,1970-02-09,Male,Married,Medicare,Midwest
P001064,2007-08-15,Male,Single,Medicare Advantage,West
P001065,1947-07-19,Male,Single,Commercial,South
P001066,1988-07-10,Male,Single,Medicare,Northeast
P001067,2020-04-22,Male,Single,Medicare,West
P001068,1950-01-23,Female,Married,Medicare,Midwest
P001069,2001-08-08,Female,Single,Medicare,Midwest
P001070,1986-07-19,Female,Single,Medicare,South
P001071,1976-04-21,Female,Widowed,Medicaid,South
P001072,1949-05-09,Male,Divorced,Commercial,West
P001073,1949-06-20,Female,,Medicaid,South
P001074,1959-01-10,Male,Married,Commercial,Midwest
P001075,2008-01-11,Male,Single,Medicare Advantage,Midwest
P001076,1952-01-31,Female,Married,Commercial,Midwest
P001077,1972-06-17,Female,Single,Medicare,West
P001078,1954-01-13,Female,Married,Medicaid,Midwest
P001079,2019-11-08,Male,Single,Commercial,Midwest
P001080,1974-02-05,Male,Widowed,Medicare,West
P001081,2003-05-01,Female,Single,Commercial,South
P001082,1995-11-07,Female,Married,Medicare,South
P001083,1978-02-10,Male,Married,Commercial,Midwest
P001084,1981-03-21,Male,Married,Medicaid,Northeast
P001085,1948-10-31,Male,Married,Commercial,Northeast
P001086,1986-10-15,Male,Married,Medicare,Northeast
P001087,2002-01-07,Male,Single,Medicaid,Midwest
P001088,1984-07-15,Female,Married,Medicaid,South
P001089,2022-10-17,Female,Single,Medicaid,West
P001090,1948-09-17,Male,Single,Medicaid,Midwest
P001091,1985-05-05,Female,Married,Self-Pay,Midwest
P001092,2021-11-06,Female,Single,Medicaid,Midwest
P001093,1966-01-07,Female,Married,Medicare,South
P001094,1947-09-23,Male,Married,Medicare Advantage,Northeast
P001095,1952-10-27,Female,Divorced,Commercial,West
P001096,2015-05-18,Male,Single,Self-Pay,Midwest
P001097,1988-01-01,Female,Married,Medicaid,South
P001098,1985-04-01,Female,Single,Medicaid,Midwest
P001099,1932-04-05,Female,Married,Medicaid,West
P001100,1932-11-16,Male,Single,Medicare,South
P001101,2022-02-02,Female,Single,Commercial,South
P001102,1960-02-01,Female,Divorced,Self-Pay,South
P001103,2020-07-11,Male,Single,Other,South
P001104,1930-11-06,Female,Widowed,Commercial,West
P001105,1955-07-13,Male,Divorced,Other,West
P001106,2014-01-14,Male,Single,Medicare Advantage,Midwest
P001107,1948-07-07,Female,Married,Medicaid,West
P001108,1960-01-09,Male,Divorced,Medicare Advantage,West
P001109,1957-07-24,Male,Widowed,Medicaid,Midwest
P001110,1931-07-17,Female,Widowed,Medicare,Northeast
P001111,1963-03-07,Female,Widowed,Medicare,West
P001112,1932-08-16,Male,Married,Commercial,South
P001113,2006-08-11,Other,Single,Medicare,West
P001114,1987-05-12,Male,Married,Self-Pay,South
P001115,1931-12-21,Female,Widowed,Medicare,South
P001116,2015-07-15,Male,,Medicaid,West
P001117,1988-05-12,Female,Married,Medicare,Northeast
P001118,1942-03-07,Male,Single,Self-Pay,South
P001119,2009-07-18,Male,Single,Medicare,Midwest
P001120,1949-09-24,Male,Single,Commercial,Northeast
P001121,1956-05-31,Male,Married,Commercial,South
P001122,2006-06-08,Female,Married,Medicaid,Midwest
P001123,1966-09-11,Female,Divorced,Self-Pay,Northeast
P001124,2002-12-25,Male,Married,Self-Pay,West
P001125,1957-01-12,Male,Widowed,Medicare,South
P001126,1955-09-28,Male,Divorced,Medicare,West
P001127,1975-06-15,Male,Divorced,Commercial,West
P001128,1954-10-23,Female,Married,Medicaid,Midwest
P001129,2002-07-05,Male,Divorced,Commercial,South
P001130,1995-01-29,Female,Single,Other,Northeast
P001131,1935-03-18,Male,Married,Commercial,Northeast
P001132,1965-12-01,Male,Married,Medicaid,West
P001133,2011-05-21,Male,Single,Commercial,Northeast
P001134,2004-11-24,Male,Single,Commercial,Northeast
P001135,1972-10-30,Female,Married,Commercial,South
P001136,1974-02-02,Male,Married,Medicare Advantage,South
P001137,1954-02-02,Male,Divorced,Commercial,South
P001138,2002-04-03,Male,Single,Medicaid,Northeast
P001139,1991-10-22,Female,Married,Medicare,South
P001140,2022-07-06,Male,Single,Medicare,West
P001141,1972-01-24,Male,Married,Commercial,West
P001142,1966-12-22,Female,Married,Self-Pay,West
P001143,1965-12-06,Male,Married,Medicare,Midwest
P001144,1959-10-30,Female,Single,Medicare,South
P001145,1996-07-23,Female,Divorced,Self-Pay,South
P001146,2002-11-19,Male,Single,Other,South
P001147,1981-08-03,Male,Married,Medicare,West
P001148,1939-05-19,Female,Single,Medicare,South
P001149,1970-05-20,Female,Single,Medicaid,Midwest
P001150,1938-02-23,Male,Widowed,Medicare,South
P001151,1963-02-18,Male,Married,Medicaid,West
P001152,1962-03-29,Female,Divorced,Medicaid,Midwest
P001153,1948-09-01,Male,Divorced,Medicare,South
P001154,1973-10-18,Male,Widowed,Medicare,South
P001155,1957-12-28,Female,Married,Commercial,Midwest
P001156,1985-06-06,Male,Married,Medicare,Midwest
P001157,1951-02-09,Male,Single,Self-Pay,Northeast
P001158,1952-01-06,Male,Divorced,Commercial,South
P001159,1968-07-26,Female,Single,Medicare,West
P001160,1982-05-06,Other,Widowed,Medicaid,West
P001161,1944-03-27,Male,Married,Medicare Advantage,South
P001162,2021-01-27,Female,Single,Commercial,Midwest
P001163,2001-05-29,Female,Single,Medicare,Midwest
P001164,1972-11-25,Male,Divorced,Medicare Advantage,West
P001165,1960-01-04,Male,Single,Medicare,Midwest
P001166,1940-06-30,Female,Widowed,Commercial,Midwest
P001167,1933-09-07,Female,Divorced,Medicaid,Midwest
P001168,1985-04-04,Male,Married,Medicare,West
P001169,1988-08-10,Female,Single,Medicare Advantage,South
P001170,1988-08-03,Male,Single,Medicare Advantage,Northeast
P001171,1965-03-02,Female,Married,Commercial,West
P001172,1978-09-14,Male,Single,Medicaid,West
P001173,1946-03-21,Female,Single,Medicare,South
P001174,1955-08-11,Female,Married,Medicare,Northeast
P001175,1965-05-08,Female,Married,Medicare,Midwest
P001176,1955-08-31,Male,Married,Medicare Advantage,South
P001177,2004-03-02,Female,Married,Medicare,West
P001178,1982-02-16,Male,Married,Commercial,South
P001179,1938-08-07,Female,Married,Commercial,South
P001180,1986-12-31,Female,Single,Medicare,Northeast
P001181,2016-05-26,Female,Single,Medicare Advantage,Northeast
P001182,1992-06-20,Female,Married,Medicare,Northeast
P001183,1955-07-05,Male,Married,Commercial,South
P001184,1981-02-14,Male,Single,Medicare,South
P001185,1962-04-09,Male,Married,Self-Pay,Northeast
P001186,1979-04-14,Male,Married,Medicare,Northeast
P001187,1946-07-07,Female,Single,Medicaid,West
P001188,1977-03-27,Male,Single,Medicaid,Northeast
P001189,1964-07-22,Female,Single,Commercial,South
P001190,1982-10-15,Male,Single,Commercial,Midwest
P001191,2002-09-20,Female,Single,Medicaid,South
P001192,2000-03-28,Female,Single,Commercial,Midwest
P001193,1938-05-19,Male,Widowed,Medicare,
P001194,2005-11-29,Female,Single,Commercial,Midwest
P001195,1952-03-09,Female,Single,Commercial,Midwest
P001196,1947-04-23,Male,Single,Medicare,Midwest
P001197,1963-12-19,Female,Married,Medicaid,West
P001198,1962-04-23,Female,Divorced,Medicare,South
P001199,1984-08-10,Female,Single,Medicare Advantage,Northeast
P001200,2003-10-19,Female,Single,Medicaid,South
P001201,2002-12-18,Male,Single,Medicare,Northeast
P001202,1934-09-27,Female,Married,Medicaid,Northeast
P001203,1990-11-26,Male,Single,Medicare,West
P001204,1946-02-24,Male,Married,Medicare Advantage,West
P001205,1994-06-07,Female,Married,Medicare,Northeast
P001206,1975-01-23,Female,Divorced,Medicare,South
P001207,2001-04-27,Female,Single,Medicare,South
P001208,1955-09-09,Female,Widowed,Medicare,Northeast
P001209,1981-03-02,Female,Single,Self-Pay,Northeast
P001210,1994-11-04,Female,Married,Commercial,West
P001211,1971-02-23,Female,Married,Commercial,Midwest
P001212,1944-03-17,Male,Divorced,Medicare,Northeast
P001213,1954-02-27,Male,Married,Self-Pay,Midwest
P001214,1940-06-29,Female,Married,Commercial,South
P001215,1956-11-30,Male,Married,Commercial,South
P001216,1968-07-15,Female,Divorced,Medicaid,South
P001217,1958-05-01,Female,Married,Medicare,West
P001218,1974-01-31,Male,Divorced,Commercial,West
P001219,1994-10-10,Male,Married,Self-Pay,Midwest
P001220,2022-12-23,Male,Single,Commercial,Northeast
P001221,1935-12-26,Female,Widowed,Commercial,South
P001222,2003-03-14,Female,Single,Medicare,South
P001223,2002-03-13,Male,Single,Medicaid,Midwest
P001224,1979-05-27,Female,Married,Medicare,South
P001225,2003-07-22,Male,Single,Medicaid,West
P001226,1946-12-30,Female,Married,Self-Pay,Midwest
P001227,1989-07-25,Male,Married,Medicare,Midwest
P001228,1963-12-21,Female,Divorced,Medicare,South
P001229,1996-04-09,Female,Single,Medicare,Midwest
P001230,1987-03-25,Male,Married,Medicare,South
P001231,1983-11-23,Male,Married,Medicare,Northeast
P001232,2011-01-25,Female,Single,Self-Pay,Northeast
P001233,1986-09-14,Female,Divorced,Medicaid,South
P001234,1959-07-28,Male,Divorced,Commercial,South
P001235,2013-10-28,Male,Single,Medicare,Northeast
P001236,1960-04-28,Male,Divorced,Medicare Advantage,South
P001237,1991-08-18,Male,Married,Medicare,Midwest
P001238,1976-05-02,Female,Single,Commercial,Northeast
P001239,1969-01-08,Female,Widowed,Medicare Advantage,South
P001240,1959-02-18,Female,Single,Medicare,Midwest
P001241,1971-02-06,Female,Married,Medicaid,Midwest
P001242,1994-03-05,Male,Single,Commercial,Midwest
P001243,1982-08-14,Female,Married,Medicare Advantage,West
P001244,1952-05-14,Male,Widowed,Other,Northeast
P001245,2019-03-21,Male,Single,Medicare,Northeast
P001246,1990-07-18,Male,Married,Medicaid,Midwest
P001247,1962-02-25,Female,Divorced,Medicaid,West
P001248,1957-06-18,Female,Married,Commercial,South
P001249,1959-08-21,Female,Married,Medicare,South
P001250,1990-02-01,Male,Married,Commercial,South
P001251,2025-05-19,Female,Single,Medicare,Northeast
P001252,1989-12-31,Female,Divorced,Commercial,Midwest
P001253,2007-08-08,Female,Single,Medicaid,Northeast
P001254,1984-12-22,Female,Married,Self-Pay,South
P001255,1962-02-09,Male,Married,Commercial,Northeast
P001256,1949-01-08,Female,Widowed,Commercial,Northeast
P001257,1994-09-24,Male,Married,Other,West
P001258,1966-01-19,Female,Married,Other,South
P001259,1996-06-27,Female,Divorced,Medicare,South
P001260,1986-06-04,Male,Married,Commercial,West
P001261,1968-07-29,Female,Widowed,Medicare Advantage,South
P001262,1977-08-23,Female,Married,Medicare,South
P001263,1977-11-21,Female,Married,Medicaid,West
P001264,1943-11-29,Female,Widowed,Self-Pay,Northeast
P001265,1968-11-20,Female,Married,Commercial,Northeast
P001266,1987-10-10,Female,Single,Medicare,South
P001267,1931-11-27,Male,Married,Medicaid,Northeast
P001268,1998-12-04,Female,Single,Medicare Advantage,West
P001269,1995-01-08,Female,Married,Medicaid,West
P001270,1955-03-29,Male,Widowed,Other,Midwest
P001271,1996-10-22,Female,Married,Self-Pay,Midwest
P001272,1986-08-12,Female,Single,Medicaid,Northeast
P001273,1969-10-11,Female,Single,Medicare,Northeast
P001274,2022-11-13,Male,Single,Self-Pay,Northeast
P001275,1980-08-20,Male,Married,Medicaid,Midwest
P001276,2002-07-13,Male,Married,Medicaid,Midwest
P001277,1966-02-26,Female,Married,Commercial,Northeast
P001278,1944-09-10,Male,Married,Self-Pay,Midwest
P001279,1955-09-07,Male,Married,Medicare,South
P001280,1976-03-23,Female,Married,Medicare,Northeast
P001281,1976-06-24,Other,Married,Commercial,South
P001282,2000-04-08,Male,Single,Commercial,South
P001283,1997-04-22,Female,Single,Medicare,Northeast
P001284,1999-04-13,Male,Single,Commercial,South
P001285,1953-09-20,Male,Married,Self-Pay,Midwest
P001286,1949-07-21,Female,Married,Medicaid,South
P001287,1992-08-16,Female,Married,Medicaid,West
P001288,1970-10-18,Female,Married,Medicare Advantage,West
P001289,1952-10-27,Female,Widowed,Commercial,West
P001290,1970-02-28,Female,Married,Medicare,West
P001291,2014-03-16,Male,Single,Medicare,Midwest
P001292,2016-08-26,Male,Single,Medicare,Midwest
P001293,2017-09-27,Female,Single,Commercial,South
P001294,1943-12-16,Male,Married,Medicare,Midwest
P001295,1954-05-21,Female,Married,Medicare,Northeast
P001296,1982-05-26,Female,Single,Medicaid,South
P001297,1973-01-19,Male,Married,Self-Pay,Northeast
P001298,2022-06-04,Female,Single,Medicaid,Midwest
P001299,1970-11-10,Female,Married,Medicare,West
P001300,1962-07-11,Male,Divorced,Medicare,Midwest
P001301,1997-04-26,Female,Single,Medicare,West
P001302,1946-05-13,Male,Married,Medicare,Northeast
P001303,1979-05-19,Male,Single,Self-Pay,South
P001304,1988-11-22,Female,Married,Medicare,South
P001305,1956-09-04,Female,Single,Medicare,Midwest
P001306,1963-12-04,Male,Single,Medicare Advantage,South
P001307,1973-12-10,Female,Single,Medicare Advantage,Midwest
P001308,1991-06-09,Male,Single,Medicaid,West
P001309,1996-08-19,Male,Single,Commercial,West
P001310,1988-10-22,Male,Married,Medicare,West
P001311,1994-05-17,Female,Single,Medicaid,South
P001312,1943-08-09,Female,Married,Commercial,South
P001313,1971-01-26,Male,Married,Medicaid,South
P001314,1981-09-29,Male,Single,Commercial,Northeast
P001315,2005-02-28,Female,Single,Medicare,Midwest
P001316,2000-07-19,Female,Single,Medicare,West
P001317,1974-06-27,Male,Single,Medicaid,Midwest
P001318,1992-12-18,Female,Single,Medicare,Northeast
P001319,1942-12-08,Female,Married,Medicare,Northeast
P001320,2025-08-31,Male,Single,Commercial,Midwest
P001321,2007-04-27,Male,Single,Medicare,Northeast
P001322,1979-08-20,Female,Married,Commercial,South
P001323,1994-06-30,Female,Married,Medicare,South
P001324,1947-02-27,Female,Married,Commercial,South
P001325,1988-07-01,Female,Divorced,Medicare,South
P001326,1980-04-09,Male,Single,Commercial,Northeast
P001327,1967-09-27,Female,Married,Self-Pay,Midwest
P001328,1971-04-08,Female,Married,Commercial,Midwest
P001329,1983-05-28,Female,Single,Medicare,West
P001330,1952-11-15,Male,Single,Medicare,South
P001331,1984-04-21,Female,Married,Commercial,Northeast
P001332,1981-01-26,Female,Married,Commercial,Midwest
P001333,1949-02-14,Male,Married,Medicare,South
P001334,1937-01-17,Female,Widowed,Commercial,West
P001335,1977-05-14,Male,Married,Commercial,Northeast
P001336,1949-12-16,Male,Married,Medicare,South
P001337,1986-10-07,Female,Single,Medicaid,West
P001338,1964-09-14,Male,Married,Medicaid,South
P001339,1984-01-15,Male,Single,Medicare,South
P001340,1999-10-25,Female,Single,Medicare,South
P001341,1978-03-06,Female,Divorced,Medicare,West
P001342,1976-01-29,Female,Married,Other,Northeast
P001343,1951-12-20,Female,Divorced,Medicare,South
P001344,1961-09-22,Female,Married,Medicaid,South
P001345,1948-06-03,Male,Divorced,Medicaid,West
P001346,1973-02-04,Female,Single,Commercial,Northeast
P001347,1993-09-16,Female,Married,Medicare,Northeast
P001348,1938-11-10,Male,Divorced,Medicare Advantage,South
P001349,1974-12-03,Female,Married,Commercial,South
P001350,1972-10-28,Female,Married,Medicaid,Midwest
P001351,1994-03-17,Female,Single,Commercial,South
P001352,1980-01-22,Male,Divorced,Commercial,Northeast
P001353,1976-07-02,Female,Divorced,Medicare Advantage,Midwest
P001354,1968-03-30,Male,Married,Commercial,South
P001355,1949-05-23,Male,Single,Medicaid,West
P001356,1953-08-30,Male,Married,Medicare,South
P001357,1972-12-23,Female,Married,Self-Pay,Midwest
P001358,1991-03-23,Female,Married,Medicaid,South
P001359,1988-02-23,Male,Married,Medicare,West
P001360,1990-11-10,Female,Married,Medicare,South
P001361,1981-03-31,Female,Widowed,Medicaid,Midwest
P001362,1973-05-10,Female,Divorced,Medicaid,Midwest
P001363,1983-02-14,Male,Single,Medicaid,South
P001364,1947-07-04,Male,Married,Commercial,West
P001365,1946-04-08,Male,Married,Commercial,South
P001366,1968-02-04,Female,Married,Medicaid,West
P001367,1991-02-21,Female,Married,Medicare,South
P001368,1998-07-19,Male,Married,Medicare,West
P001369,2018-07-24,Male,Single,Commercial,West
P001370,1961-12-01,Female,Married,Medicare,Midwest
P001371,1959-10-08,Male,Widowed,Medicare,South
P001372,2011-10-16,Male,Single,Medicaid,South
P001373,2023-11-03,Male,Single,Self-Pay,West
P001374,1973-01-22,Female,Married,Commercial,Midwest
P001375,1964-01-11,Male,Married,Medicare,West
P001376,1970-10-10,Female,Single,Commercial,Midwest
P001377,1953-03-01,Female,Married,Medicare Advantage,West
P001378,1995-05-02,Female,Married,Commercial,Midwest
P001379,1949-01-08,Male,Single,Medicare,Northeast
P001380,1987-06-10,Female,Single,Medicaid,Midwest
P001381,1969-12-03,Female,Married,Medicare,South
P001382,1956-08-15,Male,Married,Self-Pay,West
P001383,1967-06-13,Male,Divorced,Commercial,Northeast
P001384,1951-05-24,Female,Married,Self-Pay,West
P001385,1983-03-04,Female,Divorced,Medicare Advantage,Northeast
P001386,1950-02-28,Female,Married,Medicare Advantage,Midwest
P001387,1990-05-23,Male,Married,Commercial,Northeast
P001388,1973-07-14,Female,Married,Commercial,Northeast
P001389,1971-11-08,Male,Married,Medicare,West
P001390,1958-06-24,Male,Divorced,Medicaid,West
P001391,1945-10-11,Female,Widowed,Medicaid,South
P001392,1931-10-21,Male,Widowed,Medicaid,Midwest
P001393,1962-03-09,Male,Married,Medicare,South
P001394,1936-10-19,Female,Widowed,Commercial,Midwest
P001395,1949-03-05,Female,Widowed,Medicaid,West
P001396,1975-01-05,Female,Divorced,Self-Pay,South
P001397,2007-05-22,Male,Single,Commercial,West
P001398,1999-09-11,Female,Single,Medicaid,Northeast
P001399,2023-04-05,Male,Single,Medicare Advantage,South
P001400,2019-05-13,Male,Single,Medicare,West
P001401,1953-11-04,Female,Married,Medicare,South
P001402,2019-10-20,Female,Single,Medicare Advantage,South
P001403,1961-03-15,Female,Widowed,Commercial,Midwest
P001404,1934-05-31,Male,Widowed,Medicare,Northeast
P001405,1946-11-08,Female,Widowed,Medicare,South
P001406,1949-04-21,Female,Married,Commercial,South
P001407,1951-02-09,Male,Widowed,Other,South
P001408,1964-10-02,Male,Single,Medicare Advantage,South
P001409,1967-06-12,Female,Married,Medicare Advantage,Midwest
P001410,1997-08-22,Female,Single,Other,South
P001411,1932-02-10,Female,Widowed,Commercial,West
P001412,1968-04-27,Male,Married,Medicare Advantage,Northeast
P001413,1955-11-07,Female,Single,Medicare,Midwest
P001414,1988-11-19,Male,Married,Medicare,Northeast
P001415,1994-10-11,Male,Married,Commercial,Northeast
P001416,1961-02-07,Female,Widowed,Medicare Advantage,West
P001417,1985-12-31,Female,Married,Medicare,West
P001418,1975-02-07,Male,Married,Commercial,South
P001419,1962-05-29,Male,Divorced,Medicaid,South
P001420,1963-03-19,Male,Married,Commercial,
P001421,1984-09-17,Male,Single,Medicare,West
P001422,1975-05-27,Female,Single,Medicare,Northeast
P001423,1950-08-09,Male,Married,Commercial,South
P001424,1989-05-21,Female,Divorced,Medicare,Northeast
P001425,2005-12-08,Female,Single,Medicare,South
P001426,2007-01-04,Female,Single,Medicare Advantage,Midwest
P001427,1932-09-23,Female,Widowed,Commercial,West
P001428,1942-08-10,Female,Married,Medicare,Northeast
P001429,1956-04-23,Male,Married,Medicare,South
P001430,1968-12-27,Male,Single,Medicare Advantage,Northeast
P001431,1952-04-07,Male,Single,Medicaid,West
P001432,1976-03-11,Male,Married,Medicare Advantage,Midwest
P001433,1969-09-12,Female,Widowed,Medicare,West
P001434,1950-01-02,Female,Divorced,Commercial,South
P001435,2017-11-20,Male,Single,Medicaid,South
P001436,1973-04-29,Male,Married,Medicaid,South
P001437,1967-06-01,Female,Divorced,Medicare,West
P001438,1983-05-07,Male,Married,Medicare,South
P001439,1996-09-04,Male,Married,Medicare Advantage,South
P001440,2018-07-29,Female,Single,Medicaid,Midwest
P001441,1984-08-05,Female,Married,Self-Pay,Midwest
P001442,1978-06-07,Female,Married,Medicare,West
P001443,1959-03-08,Male,Divorced,Medicare,South
P001444,2015-10-11,Female,Single,Medicare,Midwest
P001445,1973-04-28,Female,Married,Medicare,Midwest
P001446,1973-01-19,Male,Married,Medicaid,South
P001447,1961-05-25,Female,Married,Medicare,West
P001448,1989-12-02,Female,Married,Medicare Advantage,West
P001449,2009-01-11,Female,Single,Medicare Advantage,South
P001450,1996-11-06,Male,Married,Medicaid,South
P001451,1984-02-21,Female,Single,Medicaid,South
P001452,2012-09-04,Female,Single,Medicaid,South
P001453,1983-07-10,Male,Married,Medicaid,South
P001454,2018-07-09,Female,Single,Medicare,Midwest
P001455,2006-10-15,Female,Single,Medicare Advantage,South
P001456,1993-01-31,Male,Married,Medicare,Midwest
P001457,1997-01-03,Female,Single,Medicare,South
P001458,1966-06-14,Female,Divorced,Commercial,South
P001459,1947-08-06,Male,Married,Commercial,South
P001460,1959-08-13,Male,Married,Medicare,West
P001461,1967-03-13,Male,Married,Commercial,Midwest
P001462,1986-09-25,Female,Single,Medicare Advantage,South
P001463,1981-11-11,Male,Married,Commercial,South
P001464,1998-03-26,Male,Single,Medicare Advantage,Northeast
P001465,2006-06-09,Male,Single,Medicare,Northeast
P001466,2012-02-04,Female,Single,Commercial,Midwest
P001467,1962-05-21,Female,Divorced,Self-Pay,South
P001468,1978-05-11,Male,Married,Medicaid,Midwest
P001469,2001-04-02,Female,Single,Medicare,West
P001470,1955-11-12,Male,Divorced,Commercial,Northeast
P001471,1944-03-14,Female,Widowed,Medicare Advantage,Midwest
P001472,2009-08-06,Male,Single,Medicare,South
P001473,1995-07-17,Male,Married,Commercial,West
P001474,2020-11-20,Male,Single,Medicaid,West
P001475,1968-12-16,Female,Married,Medicare Advantage,South
P001476,1947-12-10,Female,Widowed,Commercial,South
P001477,1939-07-11,Female,Divorced,Medicaid,Northeast
P001478,1975-06-18,Female,Divorced,Commercial,Midwest
P001479,1975-11-25,Female,Married,Medicare,
P001480,1967-08-30,Other,Married,Medicaid,South
P001481,1949-01-20,Female,Divorced,Commercial,South
P001482,2004-08-02,Male,Single,Medicare,South
P001483,1977-04-10,Male,Married,Medicaid,Midwest
P001484,1940-09-21,Female,Widowed,Medicaid,South
P001485,2020-05-16,Female,Single,Commercial,Midwest
P001486,1991-03-30,Male,Married,Medicare Advantage,West
P001487,1974-08-27,Male,Married,Medicaid,South
P001488,2006-02-14,Female,Single,Commercial,West
P001489,1957-08-24,Female,Widowed,Medicaid,Midwest
P001490,1962-03-09,Female,Married,Commercial,Midwest
P001491,1970-04-07,Female,Married,Medicare,West
P001492,1989-07-01,Male,Married,Commercial,South
P001493,1963-01-19,Male,Married,Commercial,Northeast
P001494,1932-11-26,Male,Widowed,Medicaid,Midwest
P001495,1962-02-16,Female,Married,Medicare,Midwest
P001496,1930-09-01,Female,Married,Commercial,Midwest
P001497,1975-12-26,Female,Single,Commercial,West
P001498,1971-04-06,Male,Married,Medicare,South
P001499,2011-07-24,Female,Single,Medicare,South
P001500,1968-06-02,Female,Widowed,Self-Pay,Midwest
P001501,1942-08-07,Male,Single,Self-Pay,Midwest
P001502,1961-11-02,Male,Widowed,Self-Pay,Midwest
P001503,1958-01-28,Male,Divorced,Medicare,South
P001504,1973-01-01,Male,Married,Medicare,Northeast
P001505,2001-02-16,Male,Single,Medicare,South
P001506,2020-02-21,Female,Single,Medicaid,South
P001507,1933-12-28,Female,Married,Self-Pay,Midwest
P001508,1933-05-25,Male,Married,Medicaid,South
P001509,2011-04-24,Male,Single,Medicare,Midwest
P001510,1983-11-09,Male,Single,Commercial,Northeast
P001511,1976-06-03,Female,Married,Medicare,South
P001512,1984-01-18,Female,Married,Self-Pay,Northeast
P001513,1974-02-12,Female,Married,Medicaid,South
P001514,1958-03-07,Male,Married,Commercial,South
P001515,1933-01-28,Female,Widowed,Medicare,South
P001516,1953-08-31,Male,Married,Medicare Advantage,West
P001517,1994-12-12,Female,Married,Medicare,West
P001518,1991-08-11,Female,Married,Medicare,Northeast
P001519,1976-05-09,Female,Single,Medicaid,South
P001520,1986-08-02,Female,Married,Medicare,South
P001521,1990-05-08,Female,Single,Commercial,Northeast
P001522,1961-06-26,Male,Divorced,Medicaid,Midwest
P001523,1949-01-21,Female,Widowed,Commercial,Northeast
P001524,1962-07-15,Female,Married,Medicaid,Midwest
P001525,1985-04-05,Male,Divorced,Medicare,South
P001526,1955-04-09,Male,Married,Other,South
P001527,1950-07-11,Male,Married,Medicare,West
P001528,1958-09-14,Male,Divorced,Commercial,West
P001529,1985-01-10,Male,Married,Medicaid,Midwest
P001530,1950-02-19,Female,Single,Medicare,Midwest
P001531,1979-10-29,Female,Married,Commercial,South
P001532,1970-06-13,Female,Divorced,Commercial,South
P001533,2002-05-11,Female,Single,Medicaid,South
P001534,1971-04-17,Male,Divorced,Commercial,
P001535,1969-03-21,Male,Married,Medicare,Midwest
P001536,1945-10-12,Male,Widowed,Other,Midwest
P001537,1978-02-19,Female,Single,Medicare,Northeast
P001538,1948-10-08,Female,Married,Medicaid,South
P001539,1986-12-07,Male,Married,Self-Pay,South
P001540,1970-07-26,Female,Married,Commercial,West
P001541,1940-05-27,Female,Widowed,Medicare Advantage,South
P001542,1959-10-25,Male,Married,Other,South
P001543,1974-11-03,Male,Married,Commercial,Northeast
P001544,1993-07-09,Female,Married,Commercial,West
P001545,1973-08-23,Female,Widowed,Medicare Advantage,Northeast
P001546,1936-05-30,Female,Divorced,Medicare,South
P001547,1954-04-01,Male,Married,Commercial,Northeast
P001548,1977-05-06,Female,Single,Self-Pay,Northeast
P001549,1947-07-17,Female,Divorced,Commercial,Midwest
P001550,2007-09-04,Male,Single,Medicare,West
P001551,1960-07-23,Male,Married,Commercial,South
P001552,2003-10-24,Male,Single,Medicare,Northeast
P001553,1977-09-05,Female,Single,Medicare,South
P001554,1931-05-14,Female,Divorced,Medicaid,Midwest
P001555,2000-03-12,Female,Single,Medicare,Midwest
P001556,1986-03-23,Male,Married,Medicare,South
P001557,2004-11-07,Female,Single,Commercial,South
P001558,1999-10-27,Female,Married,Commercial,South
P001559,1969-06-26,Male,Married,Commercial,South
P001560,1976-11-27,Female,Divorced,Commercial,Northeast
P001561,2023-04-26,Female,Single,Medicare,Midwest
P001562,1949-11-29,Female,Married,Commercial,South
P001563,2010-04-14,Female,Single,Medicare,South
P001564,1930-05-19,Male,Widowed,Commercial,South
P001565,1944-10-17,Male,Married,Medicare,West
P001566,1939-12-20,Male,Married,Medicare,West
P001567,1980-02-02,Male,Single,Medicare,Midwest
P001568,1992-02-20,Male,Married,Medicaid,Midwest
P001569,2004-02-12,Female,Single,Medicare,South
P001570,1990-02-27,Male,Married,Commercial,South
P001571,1963-01-01,Female,Married,Commercial,Midwest
P001572,1983-11-27,Female,Single,Medicare Advantage,Midwest
P001573,1971-02-27,Male,Married,Self-Pay,South
P001574,1930-03-25,Female,Married,Medicaid,South
P001575,1956-04-09,Male,Married,Medicaid,Midwest
P001576,1982-02-22,Male,Married,Self-Pay,Midwest
P001577,1987-03-29,Male,Divorced,Commercial,Northeast
P001578,1932-04-27,Male,Married,Commercial,West
P001579,1997-06-11,Female,Single,Commercial,Midwest
P001580,1955-07-29,Female,Divorced,Medicare Advantage,West
P001581,2020-12-04,Male,Single,Medicare,Midwest
P001582,1978-06-16,Male,Married,Medicaid,West
P001583,1972-02-08,Female,Divorced,Medicare,South
P001584,1975-12-19,Male,Widowed,Medicaid,Midwest
P001585,1976-01-29,Male,Divorced,Medicare,Midwest
P001586,2004-06-15,Male,Married,Medicaid,West
P001587,1967-10-15,Female,Divorced,Medicare,
P001588,1982-12-20,Female,Married,Medicaid,Northeast
P001589,1955-08-17,Male,Married,Medicare,Midwest
P001590,1987-05-11,Male,Married,Self-Pay,Northeast
P001591,1978-01-25,Male,Married,Medicare,West
P001592,1975-10-03,Female,Divorced,Commercial,South
P001593,1968-09-29,Female,Married,Commercial,West
P001594,1966-02-07,Male,Married,Commercial,Midwest
P001595,1950-11-30,Female,Married,Medicare,South
P001596,1949-01-11,Female,Married,Medicare,South
P001597,2015-03-19,Female,Single,Medicare,South
P001598,1984-10-21,Male,Married,Medicare Advantage,South
P001599,2004-06-06,Female,Married,Medicare,South
P001600,1952-02-05,Female,Married,Medicare,Midwest
P001601,1984-04-29,Male,Single,Medicare,Midwest
P001602,1932-07-11,Female,Married,Medicare Advantage,West
P001603,2011-04-12,Female,Single,Commercial,West
P001604,2021-03-25,Male,Single,Medicare,South
P001605,1964-07-31,Female,Married,Other,West
P001606,2004-01-09,Female,Married,Medicare Advantage,Midwest
P001607,1987-08-11,Male,Married,Medicaid,Midwest
P001608,1963-08-30,Female,Divorced,Self-Pay,South
P001609,2019-10-17,Female,Single,Commercial,Northeast
P001610,1976-11-01,Male,Married,Medicare Advantage,South
P001611,1988-03-29,Female,Married,Commercial,Northeast
P001612,1956-03-24,Female,Married,Medicare,Midwest
P001613,1951-01-15,Male,Single,Medicare,West
P001614,1946-01-24,Male,Married,Medicaid,South
P001615,1997-02-17,Female,Single,Medicare,West
P001616,1976-03-09,Male,Married,Medicare Advantage,Northeast
P001617,1938-06-15,Male,Widowed,Commercial,South
P001618,1965-03-06,Female,Married,Medicare,West
P001619,2022-05-25,Male,Single,Medicare,Midwest
P001620,1998-12-30,Male,Single,Medicaid,South
P001621,1949-06-17,Female,Widowed,Medicaid,South
P001622,2014-04-12,Male,Single,Medicare,South
P001623,1958-07-23,Female,Married,Commercial,South
P001624,1962-08-20,Male,Married,Commercial,Midwest
P001625,1950-06-22,Other,Widowed,Medicare,Midwest
P001626,1954-12-09,Male,Divorced,Medicaid,Midwest
P001627,1991-02-18,Female,Married,Commercial,Northeast
P001628,1977-06-07,Female,Divorced,Commercial,West
P001629,1940-09-18,Female,Single,Medicare Advantage,Midwest
P001630,1956-10-15,Male,Married,Commercial,West
P001631,1992-07-10,Female,Married,Medicaid,South
P001632,2003-04-14,Female,Single,Self-Pay,West
P001633,1932-08-27,Female,Single,Medicaid,Midwest
P001634,1950-04-17,Male,Single,Commercial,West
P001635,1988-03-23,Male,Single,Medicare Advantage,West
P001636,1950-07-20,Male,Married,Medicare,Midwest
P001637,1941-03-05,Male,Married,Commercial,South
P001638,1999-01-06,Male,Single,Commercial,South
P001639,1972-06-01,Male,Single,Commercial,South
P001640,1948-05-19,Male,Married,Medicare,West
P001641,1970-12-30,Male,Married,Medicaid,South
P001642,1997-12-07,Female,Single,Medicaid,South
P001643,1999-05-09,Male,Single,Medicare,South
P001644,1991-09-06,Female,Married,Commercial,South
P001645,1992-11-06,Male,Married,Self-Pay,Midwest
P001646,1964-10-21,Female,Married,Self-Pay,Midwest
P001647,1951-07-21,Male,Married,Medicare,South
P001648,1963-07-24,Male,Married,Medicaid,West
P001649,2021-11-19,Male,Single,Medicare,West
P001650,1949-05-10,Female,Widowed,Medicaid,Midwest
P001651,1979-06-16,Female,Married,Other,Midwest
P001652,1997-06-28,Male,Single,Medicare,South
P001653,1983-06-12,Male,Married,Medicare,South
P001654,1984-07-14,Female,Married,Medicare Advantage,South
P001655,1986-03-28,Female,Divorced,Medicare,South
P001656,1952-10-13,Male,Married,Commercial,South
P001657,2013-03-16,Male,Single,Commercial,Midwest
P001658,1942-11-11,Male,Divorced,Medicare,West
P001659,2009-12-08,Male,Single,Medicare,Midwest
P001660,1958-04-26,Female,Married,Medicare Advantage,Northeast
P001661,1930-08-01,Male,Married,Other,Midwest
P001662,1969-05-14,Male,Married,Other,West
P001663,1977-06-13,Male,Married,Medicare,South
P001664,1950-10-03,Male,Widowed,Medicare,West
P001665,1952-02-23,Male,Divorced,Commercial,South
P001666,1968-08-26,Female,Married,Medicare Advantage,South
P001667,1975-01-12,Male,Married,Commercial,Northeast
P001668,1959-12-16,Female,Married,Self-Pay,Midwest
P001669,1945-08-09,Male,Married,Self-Pay,West
P001670,1967-06-19,Female,Married,Medicaid,South
P001671,1950-01-04,Male,Married,Medicare,South
P001672,1960-09-28,Female,Widowed,Medicare,Midwest
P001673,1959-01-16,Male,Single,Commercial,Northeast
P001674,1933-07-15,Male,Married,Medicare,Midwest
P001675,1979-05-10,Female,Single,Medicare,Midwest
P001676,1943-08-20,Male,Widowed,Commercial,Northeast
P001677,1944-02-18,Female,Single,Self-Pay,South
P001678,1990-02-05,Male,Single,Medicare,South
P001679,1997-12-16,Male,Married,Commercial,South
P001680,1947-09-17,Female,Single,Medicare Advantage,Northeast
P001681,1964-06-08,Male,Married,Medicare,South
P001682,2004-04-08,Male,Married,Other,West
P001683,1933-03-01,Male,Married,Medicare,Midwest
P001684,1931-07-26,Female,Divorced,Medicare,West
P001685,1951-09-24,Female,Married,Medicaid,West
P001686,1952-10-06,Male,Divorced,Medicare,Northeast
P001687,1980-07-25,Female,Single,Medicare,Northeast
P001688,1966-06-06,Female,,Medicaid,Midwest
P001689,2025-02-15,Female,Single,Commercial,West
P001690,1965-01-25,Male,Married,Medicare,Midwest
P001691,1944-09-17,Male,Widowed,Medicare,Midwest
P001692,1942-04-06,Male,Married,Medicaid,Northeast
P001693,2008-07-14,Female,Single,Medicaid,West
P001694,1998-07-19,Male,Single,Commercial,West
P001695,2000-08-04,Male,Single,Medicaid,West
P001696,1937-12-20,Female,Widowed,Medicare Advantage,Midwest
P001697,1992-11-03,Female,Married,Medicaid,Northeast
P001698,2001-11-23,Female,Single,Medicare,West
P001699,1973-12-15,Male,Married,Medicaid,Midwest
P001700,1957-03-03,Female,Single,Medicare Advantage,Midwest
P001701,1958-09-23,Other,Married,Commercial,Northeast
P001702,1959-12-22,Male,Married,Medicare,South
P001703,2007-04-18,Male,Single,Medicare,Northeast
P001704,1957-06-29,Female,Married,Medicare Advantage,Northeast
P001705,1930-04-26,Female,Divorced,Medicare,South
P001706,1960-11-04,Male,Widowed,Commercial,Northeast
P001707,2023-09-23,Male,Single,Commercial,Northeast
P001708,1935-03-15,Male,Single,Medicaid,Northeast
P001709,2014-04-25,Male,Single,Medicare,South
P001710,2010-05-25,Male,Single,Commercial,West
P001711,1992-06-25,Male,Divorced,Medicaid,South
P001712,1961-04-25,Female,Widowed,Medicaid,Northeast
P001713,1940-01-11,Female,Married,Medicare,Northeast
P001714,1948-07-24,Female,Married,Medicaid,Midwest
P001715,1953-08-16,Male,Divorced,Commercial,Midwest
P001716,1992-05-05,Female,Divorced,Medicare,Midwest
P001717,1966-08-26,Male,Married,Medicaid,Midwest
P001718,2003-02-25,Male,Married,Commercial,West
P001719,1955-04-13,Female,Married,Commercial,Northeast
P001720,1973-01-13,Male,Married,Commercial,South
P001721,1952-11-24,Female,Married,Medicaid,Midwest
P001722,1963-09-07,Female,Divorced,Self-Pay,South
P001723,1951-02-03,Female,Single,Medicare,West
P001724,1955-04-14,Male,Single,Self-Pay,Midwest
P001725,1970-09-01,Female,Divorced,Medicare,Midwest
P001726,2004-07-31,Female,Single,Self-Pay,Midwest
P001727,1964-12-19,Male,Widowed,Medicare,Northeast
P001728,1943-03-11,Male,Widowed,Commercial,South
P001729,1962-08-14,Male,Widowed,Medicare,West
P001730,1934-02-13,Male,Married,Medicare,Northeast
P001731,1989-12-09,Female,Married,Medicaid,Midwest
P001732,1955-01-09,Male,,Commercial,West
P001733,1991-09-24,Male,Single,Medicare,Midwest
P001734,1964-05-14,Female,Divorced,Commercial,Northeast
P001735,1954-06-20,Male,Married,Medicare,West
P001736,1960-07-13,Female,Divorced,Commercial,Midwest
P001737,1984-07-06,Male,Married,Medicare Advantage,West
P001738,1985-10-10,Female,Married,Medicare,Northeast
P001739,1948-09-17,Male,Divorced,Medicare,Northeast
P001740,2002-02-03,Female,Married,Medicare Advantage,West
P001741,2025-11-13,Female,Single,Commercial,West
P001742,1936-11-09,Female,Widowed,Medicaid,Midwest
P001743,2024-01-02,Female,Single,Medicaid,Midwest
P001744,1954-11-17,Male,Widowed,Commercial,Midwest
P001745,1973-05-28,Male,Married,Commercial,West
P001746,1975-04-12,Female,Married,Medicare Advantage,South
P001747,2006-04-06,Male,Single,Medicaid,Midwest
P001748,1956-09-16,Male,Married,Medicare,Midwest
P001749,2007-05-25,Male,Single,Medicare,Northeast
P001750,1951-02-10,Male,Widowed,Medicare Advantage,South
P001751,1955-12-24,Male,Married,Medicaid,Northeast
P001752,1953-09-03,Female,Married,Medicare,South
P001753,1958-01-22,Male,Married,Commercial,West
P001754,1954-08-26,Female,Married,Medicare,South
P001755,2021-07-15,Male,Single,Medicaid,Midwest
P001756,2021-10-31,Male,Single,Medicare,Northeast
P001757,1971-04-12,Female,Widowed,Commercial,Midwest
P001758,1973-09-07,Male,Divorced,Commercial,South
P001759,1966-06-30,Male,Married,Medicare,Midwest
P001760,1987-04-21,Female,Single,Medicare,Midwest
P001761,1965-11-10,Female,Divorced,Medicare,Midwest
P001762,1948-07-08,Male,Married,Commercial,Northeast
P001763,1998-06-10,Male,Single,Medicare Advantage,South
P001764,1978-12-24,Female,Married,Medicare,Midwest
P001765,1939-05-08,Female,Widowed,Commercial,Northeast
P001766,2021-02-11,Male,Single,Commercial,West
P001767,1938-08-19,Female,Widowed,Medicare,South
P001768,1979-08-31,Female,Married,Medicaid,Midwest
P001769,1973-06-13,Female,Married,Medicare,West
P001770,1958-06-01,Male,Divorced,Medicaid,Midwest
P001771,1978-08-05,Male,Single,Medicare Advantage,Midwest
P001772,1990-02-10,Female,Married,Medicaid,West
P001773,1988-06-09,Female,Married,Medicare,Midwest
P001774,1974-06-15,Male,Married,Medicare,West
P001775,1985-10-09,Female,Single,Commercial,Midwest
P001776,1964-11-25,Female,Divorced,Commercial,South
P001777,2021-02-02,Male,Single,Medicare,Northeast
P001778,2001-07-04,Male,Single,Medicare,South
P001779,1968-09-25,Female,Married,Medicaid,South
P001780,2019-03-23,Female,Single,Self-Pay,Midwest
P001781,2008-11-25,Male,,Medicare,Northeast
P001782,2004-09-13,Female,Single,Commercial,South
P001783,1971-01-13,Male,Single,Medicaid,South
P001784,1973-10-26,Female,Divorced,Commercial,Northeast
P001785,1963-07-23,Female,Divorced,Commercial,West
P001786,1982-09-19,Female,Single,Medicare Advantage,South
P001787,1999-03-03,Male,Married,Commercial,South
P001788,1948-04-14,Female,Divorced,Medicare,West
P001789,1957-12-20,Male,Married,Medicare Advantage,West
P001790,2018-04-22,Female,Single,Medicare,Midwest
P001791,1998-09-13,Male,Divorced,Commercial,Midwest
P001792,1973-09-03,Male,Divorced,Medicare,West
P001793,2005-01-16,Male,Married,Medicare Advantage,West
P001794,1985-02-19,Female,Married,Medicare,
P001795,1959-08-02,Male,Married,Medicare,Northeast
P001796,1994-03-03,Male,Single,Medicaid,South
P001797,1931-01-08,Female,Widowed,Medicaid,South
P001798,1956-01-12,Male,Married,Commercial,South
P001799,2014-01-20,Female,Single,Medicare Advantage,South
P001800,1945-05-24,Male,Married,Medicaid,Midwest
P001801,1948-04-30,Male,Single,Medicare Advantage,West
P001802,1962-10-14,Male,Divorced,Commercial,Midwest
P001803,2015-11-03,Female,Single,Medicare Advantage,South
P001804,1976-10-09,Male,Married,Medicare,South
P001805,1970-06-27,Male,Divorced,Medicare,South
P001806,1954-08-10,Female,Widowed,Medicare,Northeast
P001807,1969-01-22,Female,Single,Self-Pay,West
P001808,1981-10-21,Female,Married,Medicare Advantage,Midwest
P001809,2013-09-14,Male,Single,Commercial,South
P001810,2003-12-17,Male,Single,Medicare,Northeast
P001811,1952-09-24,Male,Divorced,Commercial,South
P001812,1960-11-23,Male,Divorced,Medicare,South
P001813,1947-09-11,Female,Married,Medicare,West
P001814,1978-10-05,Male,Single,Self-Pay,Midwest
P001815,1988-12-14,Female,Married,Medicare,West
P001816,1985-12-24,Male,Married,Commercial,Midwest
P001817,1961-11-22,Male,Single,Medicare,South
P001818,1990-12-25,Female,Married,Medicaid,South
P001819,1981-12-17,Female,Married,Medicare,Northeast
P001820,1930-10-06,Female,Widowed,Medicare,West
P001821,2013-05-04,Male,Single,Commercial,Midwest
P001822,1964-04-20,Male,Married,Medicare,South
P001823,1960-02-05,Female,Married,Commercial,South
P001824,1944-10-26,Female,Divorced,Commercial,Northeast
P001825,1960-11-03,Female,Widowed,Medicare,Northeast
P001826,1993-01-03,Female,Single,Medicaid,South
P001827,1987-04-25,Female,Single,Medicaid,West
P001828,1965-02-21,Female,Married,Medicare,West
P001829,2010-12-24,Female,Single,Medicaid,West
P001830,1983-08-03,Female,Married,Medicare,South
P001831,2017-09-01,Female,Single,Self-Pay,West
P001832,1960-03-23,Female,Divorced,Medicare,Midwest
P001833,1967-09-02,Female,Married,Medicaid,Midwest
P001834,1973-03-17,Female,Married,Medicaid,Midwest
P001835,1976-09-25,Male,Divorced,Commercial,Northeast
P001836,2000-04-19,Female,Single,Commercial,South
P001837,1981-03-16,Male,Married,Medicare Advantage,Northeast
P001838,1975-05-07,Male,Widowed,Commercial,South
P001839,1955-08-10,Female,Married,Medicare,Midwest
P001840,1955-08-19,Male,Married,Medicare Advantage,South
P001841,1963-11-27,Male,Married,Medicaid,Midwest
P001842,1974-11-04,Female,Divorced,Medicare,Northeast
P001843,2006-05-23,Female,Married,Commercial,West
P001844,1982-06-07,Male,Married,Commercial,South
P001845,1952-08-28,Female,Married,Medicaid,West
P001846,1974-11-19,Female,Married,Medicare,Midwest
P001847,1976-05-02,Male,Married,Commercial,Midwest
P001848,1969-05-16,Male,Married,Medicaid,Midwest
P001849,1948-04-07,Male,Married,Commercial,South
P001850,1952-03-01,Male,Married,Medicare Advantage,South
P001851,1947-04-04,Male,Married,Medicare Advantage,Midwest
P001852,1946-10-03,Female,Married,Medicare,Northeast
P001853,1982-01-02,Female,Married,Medicare Advantage,
P001854,1937-04-12,Female,Divorced,Other,South
P001855,1994-06-10,Female,Married,Medicare,Midwest
P001856,2023-02-25,Male,Single,Medicare,West
P001857,1933-01-21,Male,Married,Commercial,Northeast
P001858,1971-08-09,Female,Divorced,Medicare,South
P001859,1935-03-19,Female,Married,Commercial,South
P001860,1934-10-05,Male,Widowed,Self-Pay,Northeast
P001861,1937-03-05,Female,Divorced,Medicare Advantage,Midwest
P001862,2003-05-24,Female,Single,Medicare,Midwest
P001863,1969-04-20,Female,Married,Medicare Advantage,Midwest
P001864,1995-01-12,Male,Married,Medicare,West
P001865,1952-06-13,Female,Married,Commercial,Midwest
P001866,2004-11-03,Male,Single,Medicaid,Northeast
P001867,1996-05-20,Female,Single,Medicare,Midwest
P001868,1976-11-26,Male,Married,Commercial,West
P001869,1985-09-09,Female,Married,Commercial,South
P001870,1986-05-14,Female,Married,Medicare,West
P001871,1964-01-19,Male,Single,Commercial,South
P001872,1944-05-08,Female,Married,Self-Pay,South
P001873,1957-04-28,Female,Widowed,Medicare,Northeast
P001874,1967-05-28,Male,Married,Self-Pay,West
P001875,1958-02-04,Male,Married,Medicare,West
P001876,1952-04-01,Female,Single,Self-Pay,Midwest
P001877,1948-09-19,Male,Married,Commercial,West
P001878,1993-03-09,Female,Married,Commercial,Midwest
P001879,1969-12-30,Female,Divorced,Medicare,South
P001880,2014-01-01,Female,Single,Commercial,South
P001881,1952-09-25,Female,Divorced,Medicaid,South
P001882,1962-05-09,Male,Married,Commercial,South
P001883,1958-11-04,Other,Widowed,Medicare Advantage,Northeast
P001884,1986-01-13,Female,Married,Medicare,Northeast
P001885,1973-10-30,Male,Married,Medicaid,South
P001886,2008-08-12,Female,Single,Commercial,South
P001887,2003-01-27,Female,Single,Medicare,South
P001888,1985-07-17,Male,Single,Medicare Advantage,Northeast
P001889,1952-01-21,Male,Married,Medicare Advantage,South
P001890,1992-01-06,Male,Single,Medicare,South
P001891,2019-01-13,Female,Single,Medicare,South
P001892,1985-07-08,Female,Married,Commercial,Northeast
P001893,1964-12-07,Male,Single,Medicaid,South
P001894,1933-12-05,Male,Married,Medicaid,South
P001895,1958-11-12,Female,Married,Commercial,Northeast
P001896,1939-10-19,Female,Divorced,Medicaid,West
P001897,1962-01-01,Male,Divorced,Medicare,Northeast
P001898,1957-03-26,Male,Married,Commercial,Northeast
P001899,1934-05-13,Male,Widowed,Commercial,West
P001900,1971-12-08,Male,Married,Medicaid,South
P001901,1962-04-26,Male,Widowed,Commercial,Midwest
P001902,1979-01-27,Male,Single,Medicare,West
P001903,2001-05-08,Female,Single,Medicare,Northeast
P001904,1979-08-03,Male,Married,Medicare,Midwest
P001905,1943-01-30,Female,Divorced,Medicare Advantage,Northeast
P001906,2015-06-07,Female,Single,Medicare Advantage,South
P001907,1939-08-09,Male,Married,Medicare,South
P001908,1997-02-12,Female,Single,Medicare,South
P001909,1977-12-24,Male,Single,Other,Northeast
P001910,1996-12-07,Male,Single,Medicare,West
P001911,2024-11-10,Female,Single,Self-Pay,West
P001912,1931-05-17,Male,Widowed,Commercial,South
P001913,1989-11-07,Male,Married,Medicare,West
P001914,1972-01-17,Female,Married,Medicare,Northeast
P001915,1967-05-31,Male,Widowed,Medicare Advantage,South
P001916,1947-12-08,Female,Married,Medicare,Northeast
P001917,2023-02-25,Other,Single,Medicare,South
P001918,1985-10-24,Female,Divorced,Commercial,Midwest
P001919,1950-12-30,Female,Married,Commercial,Northeast
P001920,2006-01-17,Male,Single,Medicare Advantage,Midwest
P001921,1969-08-19,Female,Married,Medicare,West
P001922,1977-01-04,Male,Single,Medicare,Midwest
P001923,1956-01-22,Male,Widowed,Medicare,South
P001924,1940-01-20,Male,Widowed,Medicaid,South
P001925,1991-09-05,Male,Single,Self-Pay,Midwest
P001926,1947-09-29,Female,Widowed,Commercial,South
P001927,2006-10-30,Male,Single,Commercial,South
P001928,1985-08-31,Male,Divorced,Commercial,South
P001929,1961-10-30,Female,Divorced,Medicare,West
P001930,1950-07-22,Female,Widowed,Commercial,Northeast
P001931,1970-08-09,Female,Married,Medicare,West
P001932,1933-09-14,Male,Widowed,Medicaid,South
P001933,1951-09-12,Male,Married,Medicare,South
P001934,2000-10-14,Male,Single,Medicare,South
P001935,1986-09-03,Female,Single,Medicare,South
P001936,1965-08-01,Female,Married,Commercial,South
P001937,1956-10-04,Male,Married,Medicaid,Northeast
P001938,2008-02-03,Male,Married,Medicaid,West
P001939,1993-03-04,Female,Married,Medicare Advantage,South
P001940,1966-02-12,Female,Divorced,Medicare,Northeast
P001941,1972-11-13,Male,Single,Medicaid,Northeast
P001942,2003-09-03,Male,Single,Medicaid,Midwest
P001943,1978-02-23,Male,Single,Medicaid,Midwest
P001944,1969-04-27,Male,Married,Self-Pay,West
P001945,1970-04-12,Male,Married,Medicare,Midwest
P001946,2014-08-01,Male,Single,Medicare,Midwest
P001947,1974-11-01,Male,Married,Medicaid,South
P001948,1967-03-03,Male,Married,Medicare,West
P001949,1977-05-31,Female,Married,Medicare,West
P001950,1937-03-20,Female,Widowed,Medicare Advantage,West
P001951,1983-06-03,Female,Single,Medicare,Midwest
P001952,2022-07-05,Female,Single,Other,South
P001953,1990-10-23,Female,Single,Medicare Advantage,Midwest
P001954,1953-12-31,Male,Married,Commercial,South
P001955,1972-07-25,Male,Married,Medicare,West
P001956,1972-03-11,Female,Single,Self-Pay,South
P001957,1968-07-26,Male,Married,Medicare,South
P001958,1959-03-28,Female,Married,Self-Pay,South
P001959,1954-12-29,Female,Divorced,Medicaid,West
P001960,1995-12-15,Male,Married,Medicare,West
P001961,2001-08-09,Female,Single,Medicaid,Midwest
P001962,1984-10-23,Female,Single,Medicare,West
P001963,1980-01-01,Male,Single,Commercial,Midwest
P001964,2003-12-10,Female,Single,Medicaid,Midwest
P001965,2023-03-10,Male,Single,Medicare,Northeast
P001966,2020-12-22,Female,Single,Medicare,Midwest
P001967,2004-06-15,Male,Single,Commercial,South
P001968,1948-04-15,Female,Widowed,Medicare,South
P001969,1992-08-11,Female,Single,Medicare,South
P001970,1960-09-25,Female,Married,Commercial,West
P001971,1985-08-31,Male,Married,Commercial,South
P001972,1969-12-19,Male,Married,Medicare Advantage,West
P001973,1969-01-09,Male,Widowed,Medicaid,Midwest
P001974,1966-02-26,Female,Single,Commercial,Midwest
P001975,1952-07-25,Female,Married,Commercial,West
P001976,1979-12-09,Male,Divorced,Medicare Advantage,South
P001977,1931-03-18,Male,Widowed,Medicare,South
P001978,1975-04-10,Female,Married,Medicaid,South
P001979,1957-11-18,Female,Married,Medicare Advantage,South
P001980,2011-05-06,Female,Single,Medicare Advantage,Midwest
P001981,1952-09-09,Female,Single,Self-Pay,Northeast
P001982,1974-07-30,Male,Widowed,Medicare,South
P001983,2008-03-10,Female,Single,Medicare,Midwest
P001984,2025-03-03,Male,Single,Medicaid,West
P001985,1943-05-02,Male,Widowed,Medicare,Midwest
P001986,1949-01-23,Female,Divorced,Medicare,Northeast
P001987,1946-04-21,Male,Married,Medicare Advantage,Northeast
P001988,2000-08-06,Male,Single,Self-Pay,South
P001989,2005-12-08,Female,Single,Medicare,Northeast
P001990,1958-04-12,Female,Married,Commercial,South
P001991,2005-07-07,Male,Single,Medicare Advantage,Midwest
P001992,2006-08-31,Female,Single,Medicare,Northeast
P001993,1955-02-13,Male,Married,Medicare,Northeast
P001994,2002-09-24,Male,Married,Medicare Advantage,South
P001995,1961-08-20,Female,Married,Other,South
P001996,1933-11-09,Male,Widowed,Commercial,Midwest
P001997,1946-07-27,Female,Married,Medicaid,South
P001998,1964-01-28,Female,Single,Medicaid,West
P001999,1962-01-28,Male,Single,Commercial,Midwest
P002000,1930-05-04,Male,Married,Medicare,South
P002001,1983-04-02,Female,Single,Commercial,West
P002002,1950-09-23,Female,Married,Commercial,South
P002003,2015-03-26,Male,Single,Other,Midwest
P002004,2026-12-07,Male,Single,Medicare Advantage,South
P002005,2021-02-12,Male,Single,Commercial,West
P002006,1976-01-30,Male,Married,Medicaid,South
P002007,1935-12-11,Female,Widowed,Self-Pay,South
P002008,1990-11-04,Male,Married,Commercial,Midwest
P002009,1959-05-28,Female,Married,Medicaid,Midwest
P002010,1969-01-23,Male,Married,Medicare,Midwest
P002011,1986-07-05,Male,Married,Medicare,Northeast
P002012,1995-05-18,Female,Single,Other,Midwest
P002013,1988-01-22,Male,Married,Medicare,South
P002014,1993-01-09,Male,Married,Medicaid,West
P002015,1974-02-01,Female,Married,Medicare,Northeast
P002016,1960-05-13,Male,Married,Medicare,West
P002017,1931-09-22,Female,Widowed,Medicaid,Midwest
P002018,1988-12-10,Female,Single,Medicaid,South
P002019,1998-06-02,Female,Single,Medicare,South
P002020,1979-04-20,Female,Married,Self-Pay,Midwest
P002021,2013-11-20,Female,Single,Commercial,South
P002022,1948-04-05,Female,Married,Medicare,South
P002023,1957-01-12,Male,Divorced,Commercial,Midwest
P002024,1953-04-26,Male,Married,Commercial,South
P002025,1999-03-10,Female,Single,Medicare Advantage,Northeast
P002026,2024-05-02,Female,Single,Medicare,West
P002027,1957-10-28,Female,Married,Medicaid,Midwest
P002028,2005-02-18,Male,Married,Commercial,South
P002029,2007-05-04,Male,Single,Medicaid,Midwest
P002030,1986-01-21,Male,Divorced,Medicare Advantage,South
P002031,1929-06-17,Male,Widowed,Medicare,West
P002032,1950-01-06,Male,Divorced,Medicare,Northeast
P002033,1970-02-27,Male,Single,Medicare Advantage,South
P002034,1955-11-23,Male,Widowed,Medicare,Midwest
P002035,1995-11-14,Male,Married,Commercial,South
P002036,1959-11-06,Female,Divorced,Medicare,South
P002037,1982-04-26,Female,Single,Commercial,Midwest
P002038,1995-03-29,Male,Married,Medicare,Midwest
P002039,2000-05-20,Female,Married,Commercial,Northeast
P002040,1947-03-08,Male,Widowed,Commercial,South
P002041,1963-05-02,Female,Divorced,Commercial,South
P002042,2023-03-07,Female,Single,Medicare Advantage,West
P002043,1945-07-04,Female,Widowed,Medicare Advantage,Northeast
P002044,2021-02-07,Female,Single,Medicaid,Northeast
P002045,2001-06-24,Female,Single,Medicare Advantage,South
P002046,1968-08-05,Male,Married,Medicaid,Northeast
P002047,1971-01-21,Female,Divorced,Medicare,South
P002048,1939-06-02,Female,Widowed,Medicare Advantage,West
P002049,1970-04-19,Female,Single,Commercial,South
P002050,1954-11-07,Male,Married,Commercial,West
P002051,2016-10-20,Female,Single,Medicare,West
P002052,1940-11-02,Male,Widowed,Medicaid,South
P002053,1969-10-10,Male,Married,Medicaid,South
P002054,1947-02-15,Male,Married,Medicare,South
P002055,1982-03-17,Female,Married,Medicare,Northeast
P002056,1982-03-31,Male,Married,Medicare,West
P002057,2003-07-26,Male,Single,Self-Pay,Northeast
P002058,2008-03-20,Female,Single,Medicare,South
P002059,1945-03-31,Male,Widowed,Medicare,West
P002060,1972-12-09,Male,Divorced,Medicare Advantage,South
P002061,1966-05-26,Male,Divorced,Medicare Advantage,West
P002062,2003-06-24,Female,Single,Medicare Advantage,West
P002063,1953-08-11,Male,Married,Medicare,South
P002064,1981-04-21,Female,Married,Commercial,South
P002065,1959-09-28,Female,Married,Medicare,West
P002066,1948-07-23,Male,Married,Medicare,West
P002067,1966-01-16,Male,Single,Medicare,South
P002068,1952-11-03,Female,Single,Medicare Advantage,Northeast
P002069,1948-09-14,Female,Married,Medicare,Midwest
P002070,1948-01-25,Male,Married,Commercial,Northeast
P002071,2023-01-28,Female,Single,Medicaid,West
P002072,1962-11-25,Female,Married,Medicare,South
P002073,1990-08-14,Female,Married,Medicare,Northeast
P002074,1973-07-30,Male,Married,Commercial,Midwest
P002075,2010-07-16,Male,Single,Other,South
P002076,1943-01-12,Female,Single,Commercial,South
P002077,2001-04-29,Female,Single,Medicare,West
P002078,1939-07-25,Female,Single,Commercial,Northeast
P002079,1947-12-14,Female,Married,Commercial,Northeast
P002080,1957-03-09,Female,Married,Commercial,West
P002081,1994-12-08,Male,Married,Medicare,South
P002082,1998-03-14,Male,Single,Medicare,Northeast
P002083,1987-05-02,Female,Married,Medicaid,West
P002084,1962-08-26,Male,Divorced,Commercial,South
P002085,2021-09-09,Male,Single,Commercial,West
P002086,2001-09-23,Male,Single,Commercial,South
P002087,1948-04-29,Male,Widowed,Medicare Advantage,Midwest
P002088,2005-10-06,Male,Single,Medicare,Northeast
P002089,1950-09-10,Male,Married,Commercial,South
P002090,1959-09-02,Male,Married,Commercial,West
P002091,1979-01-08,Female,Single,Medicare,South
P002092,1959-11-19,Female,Married,Medicaid,Northeast
P002093,1956-06-20,Male,Married,Commercial,Northeast
P002094,1965-09-25,Male,Married,Self-Pay,Northeast
P002095,1984-10-31,Male,Married,Commercial,South
P002096,1999-03-23,Female,Single,Self-Pay,West
P002097,1938-11-03,Male,Widowed,Medicare,West
P002098,1981-11-09,Female,Single,Medicaid,South
P002099,1967-01-19,Male,Married,Commercial,Midwest
P002100,1933-07-19,Female,Married,Commercial,West
P002101,1931-07-14,Male,Widowed,Self-Pay,Northeast
P002102,1930-07-16,Male,Divorced,Medicare Advantage,South
P002103,1963-03-08,Female,Divorced,Commercial,South
P002104,1952-12-14,Male,Married,Commercial,Midwest
P002105,2006-01-16,Male,Single,Medicare Advantage,South
P002106,1955-10-19,Female,Widowed,Medicaid,Northeast
P002107,1997-05-18,Female,Single,Self-Pay,Midwest
P002108,1996-04-05,Male,Single,Medicaid,Northeast
P002109,1971-04-24,Male,Divorced,Medicare,West
P002110,1935-03-26,Female,Married,Medicaid,West
P002111,1949-04-02,Male,Married,Commercial,Northeast
P002112,1982-12-22,Female,Married,Commercial,West
P002113,1992-10-13,Male,Married,Commercial,Northeast
P002114,1969-01-09,Male,Married,Medicaid,West
P002115,1991-06-06,Male,Married,Medicare,South
P002116,1962-09-04,Male,Divorced,Medicare,Midwest
P002117,1987-01-20,Female,Single,Commercial,Midwest
P002118,1989-06-17,Female,Married,Medicare,Northeast
P002119,1994-09-26,Female,Married,Medicaid,South
P002120,2018-12-23,Male,Single,Medicare Advantage,Midwest
P002121,1960-06-30,Female,Widowed,Commercial,South
P002122,1952-10-14,Female,Married,Medicaid,Northeast
P002123,1989-09-21,Male,Single,Medicare Advantage,Midwest
P002124,1997-08-02,Female,Single,Medicare,West
P002125,1953-05-24,Female,Married,Medicare,South
P002126,1979-10-05,Male,Married,Medicaid,South
P002127,1948-04-01,Female,Married,Medicare,South
P002128,2012-01-14,Female,Single,Medicare Advantage,West
P002129,2016-11-23,Female,Single,Medicaid,Midwest
P002130,1942-06-16,Male,Married,Medicare,Northeast
P002131,2019-10-12,Male,Single,Medicaid,Midwest
P002132,1982-07-17,Male,Married,Other,South
P002133,1947-08-05,Female,Widowed,Medicaid,South
P002134,1974-03-08,Female,Married,Commercial,South
P002135,1988-09-26,Female,Married,Medicare Advantage,South
P002136,2004-02-02,Female,Single,Commercial,West
P002137,1967-01-31,Female,Married,Medicare,Northeast
P002138,1989-10-11,Female,Married,Medicare,Northeast
P002139,1974-04-01,Male,Married,Medicare Advantage,South
P002140,1955-09-05,Female,Single,Medicare,South
P002141,2005-07-15,Male,Single,Commercial,South
P002142,1973-03-03,Male,Married,Medicare,South
P002143,1965-10-17,Male,Divorced,Self-Pay,West
P002144,1989-10-23,Male,Married,Medicare Advantage,Midwest
P002145,2004-06-16,Male,Single,Commercial,South
P002146,1973-06-16,Male,Married,Medicaid,Midwest
P002147,1939-10-12,Male,Widowed,Medicare,Northeast
P002148,1964-04-22,Female,Single,Commercial,Midwest
P002149,1977-10-23,Male,Married,Medicaid,South
P002150,1993-01-02,Female,Single,Medicare,Northeast
P002151,1993-02-27,Female,Single,Medicaid,West
P002152,1930-03-08,Female,Married,Medicare Advantage,South
P002153,1955-10-08,Female,Divorced,Medicare,Northeast
P002154,1963-09-23,Female,Married,Medicare Advantage,South
P002155,1949-12-08,Female,Married,Medicare,South
P002156,2025-01-09,Female,Single,Medicare,West
P002157,1962-02-26,Female,Widowed,Commercial,West
P002158,1952-01-12,Male,Widowed,Medicaid,Northeast
P002159,1935-02-17,Female,Widowed,Commercial,South
P002160,2002-10-23,Female,Single,Commercial,Midwest
P002161,2023-07-23,Female,Single,Medicare,Northeast
P002162,2004-07-28,Female,Single,Medicaid,Northeast
P002163,1960-02-27,Female,Single,Medicare,West
P002164,1975-03-11,Male,Divorced,Medicaid,West
P002165,1940-01-19,Female,Married,Medicare,Midwest
P002166,2020-11-29,Male,Single,Medicare Advantage,West
P002167,1999-02-21,Female,Single,Medicare,South
P002168,1961-01-05,Male,Married,Medicare,Northeast
P002169,1991-12-25,Male,Married,Other,Midwest
P002170,1949-04-20,Male,Divorced,Commercial,Midwest
P002171,1963-02-19,Female,Married,Commercial,Northeast
P002172,1935-07-18,Female,Single,Self-Pay,Midwest
P002173,1942-03-14,Male,Married,Self-Pay,South
P002174,2000-05-22,Female,Single,Commercial,Northeast
P002175,1932-10-29,Female,Married,Medicare,Northeast
P002176,1962-06-25,Female,Divorced,Self-Pay,Northeast
P002177,1976-12-25,Male,Single,Medicare,Midwest
P002178,1961-09-12,Male,Married,Medicaid,South
P002179,1952-07-08,Female,Married,Medicaid,West
P002180,1989-05-09,Female,Single,Medicare,West
P002181,1990-10-12,Female,Single,Medicare,West
P002182,1995-02-21,Female,Married,Medicare,West
P002183,1991-09-22,Female,Single,Medicaid,Midwest
P002184,1963-06-25,Male,Single,Commercial,Midwest
P002185,1973-08-25,Male,Divorced,Medicare,West
P002186,1982-09-09,Female,Married,Medicare Advantage,Northeast
P002187,2013-06-28,Male,Single,Commercial,Midwest
P002188,1984-09-11,Female,Single,Medicare,Northeast
P002189,1948-11-06,Female,Married,Medicare Advantage,West
P002190,1994-08-12,Male,Married,Medicare,South
P002191,1949-01-10,Female,Married,Other,Midwest
P002192,1986-02-04,Male,Married,Medicare,South
P002193,2000-01-11,Male,Single,Medicare,Midwest
P002194,1962-10-21,Female,Single,Medicare,West
P002195,1960-11-08,Male,Married,Medicare,South
P002196,1968-11-06,Male,Single,Commercial,Midwest
P002197,1969-08-01,Female,Married,Commercial,Midwest
P002198,1990-04-21,Female,Married,Self-Pay,South
P002199,2002-08-12,Female,Single,Medicaid,West
P002200,1967-11-09,Female,Divorced,Medicare,South
P002201,1995-01-14,Female,Divorced,Medicare,South
P002202,1960-07-29,Female,Single,Medicare,South
P002203,1950-02-18,Male,Widowed,Medicare Advantage,South
P002204,2014-03-17,Male,Single,Medicare,South
P002205,2008-12-04,Female,Single,Medicare Advantage,West
P002206,1933-06-05,Male,Widowed,Medicare,Northeast
P002207,1953-10-20,Male,Widowed,Other,Midwest
P002208,1976-05-12,Male,Married,Commercial,Midwest
P002209,1959-07-14,Male,Divorced,Medicare,Midwest
P002210,1947-09-19,Male,Divorced,Medicaid,South
P002211,1970-08-26,Male,Married,Commercial,West
P002212,1951-05-17,Female,Married,Commercial,South
P002213,1948-02-27,Female,Married,Medicare,West
P002214,1999-06-20,Male,Single,Commercial,West
P002215,1948-04-03,Female,Married,Medicare,South
P002216,1962-07-16,Male,Married,Medicaid,West
P002217,1982-03-19,Female,Single,Medicare,South
P002218,1997-11-19,Female,Single,Commercial,Northeast
P002219,1964-05-16,Male,Married,Commercial,South
P002220,1958-07-22,Female,Married,Other,South
P002221,1970-11-16,Male,Widowed,Medicare,Northeast
P002222,2000-12-04,Male,Widowed,Commercial,West
P002223,1949-02-25,Female,Single,Commercial,Midwest
P002224,2001-05-11,Female,Single,Commercial,Midwest
P002225,1947-07-04,Male,Married,Medicare,Midwest
P002226,2004-06-11,Male,Single,Medicare Advantage,South
P002227,1954-02-02,Female,Widowed,Medicaid,West
P002228,2010-12-25,Female,Single,Commercial,South
P002229,1968-07-24,Female,Single,Commercial,Northeast
P002230,1983-04-26,Male,Married,Medicaid,West
P002231,1933-12-24,Male,Divorced,Commercial,South
P002232,1933-12-19,Male,Married,Medicare,Midwest
P002233,1981-02-26,Female,Single,Medicare,South
P002234,1948-07-03,Female,Single,Self-Pay,West
P002235,1993-08-05,Male,Married,Medicare,West
P002236,1948-04-16,Female,Married,Medicare,
P002237,1999-07-10,Male,Single,Commercial,Northeast
P002238,1966-03-11,Female,Single,Other,Midwest
P002239,1933-10-13,Male,Married,Commercial,South
P002240,1989-06-09,Female,Married,Medicare Advantage,South
P002241,1975-06-07,Male,Married,Self-Pay,Midwest
P002242,1970-05-05,Male,Divorced,Commercial,West
P002243,1948-08-02,Female,Married,Medicare,Northeast
P002244,1971-01-28,Female,Divorced,Self-Pay,South
P002245,2003-04-03,Male,Married,Medicaid,South
P002246,1953-07-25,Female,Single,Medicare,Northeast
P002247,2018-02-17,Female,Single,Other,South
P002248,1929-01-31,Female,Married,Medicare Advantage,South
P002249,1969-12-31,Female,Single,Commercial,Midwest
P002250,1961-08-16,Male,Married,Medicare Advantage,West
P002251,1994-03-26,Male,Single,Commercial,Northeast
P002252,2001-04-28,Male,Single,Medicare Advantage,Midwest
P002253,1949-09-30,Female,Married,Commercial,West
P002254,1987-06-08,Female,Single,Medicaid,South
P002255,1986-05-18,Female,Married,Medicaid,South
P002256,1980-06-22,Male,Single,Medicare Advantage,West
P002257,2002-08-18,Female,Single,Commercial,South
P002258,1967-08-19,Female,Married,Medicaid,South
P002259,1981-09-08,Female,Married,Medicare,West
P002260,1948-08-31,Female,Divorced,Medicare,South
P002261,2014-01-22,Female,Single,Medicaid,Midwest
P002262,1979-06-16,Male,Married,Commercial,Northeast
P002263,2000-01-07,Female,Single,Self-Pay,South
P002264,2005-08-14,Female,Married,Medicare,West
P002265,1988-05-10,Female,Single,Medicaid,Midwest
P002266,2009-10-01,Male,Single,Medicaid,South
P002267,1969-01-08,Male,Divorced,Medicaid,West
P002268,1981-03-17,Male,Single,Self-Pay,South
P002269,1969-10-28,Male,Divorced,Medicaid,West
P002270,1971-09-04,Male,Married,Medicare,South
P002271,1973-07-12,Female,Widowed,Medicare Advantage,West
P002272,1969-03-31,Female,Married,Medicare Advantage,West
P002273,1974-05-02,Male,Widowed,Medicare,West
P002274,1969-07-20,Male,Married,Medicare,West
P002275,1992-12-30,Male,Single,Self-Pay,Northeast
P002276,1961-04-28,Female,Married,Medicare,Northeast
P002277,1970-01-24,Male,Married,Commercial,South
P002278,1963-07-17,Female,Married,Commercial,West
P002279,1989-02-01,Male,Divorced,Medicare,South
P002280,1966-10-29,Female,Married,Medicare,South
P002281,1948-04-09,Female,Married,Commercial,West
P002282,1960-01-02,Female,Widowed,Medicaid,Northeast
P002283,1989-07-09,Male,Married,Medicare,Midwest
P002284,1978-06-19,Female,Divorced,Medicaid,South
P002285,1954-02-17,Female,Married,Medicare Advantage,Midwest
P002286,1950-12-27,Male,Married,Other,Midwest
P002287,1952-02-21,Female,Married,Medicare Advantage,West
P002288,1976-07-07,Male,Married,Medicaid,South
P002289,1988-09-30,Male,Married,Commercial,Midwest
P002290,1976-10-03,Female,Married,Commercial,West
P002291,1965-11-11,Female,Married,Medicare,West
P002292,1978-10-19,Female,Single,Commercial,South
P002293,2024-08-08,Male,Single,Medicaid,Midwest
P002294,1951-07-14,Female,Single,Other,South
P002295,1935-02-07,Male,Widowed,Commercial,South
P002296,1992-05-28,Male,Single,Medicaid,Northeast
P002297,1964-02-19,Male,Single,Medicaid,South
P002298,2014-08-12,Female,Single,Medicare,South
P002299,1968-08-18,Female,Divorced,Medicaid,West
P002300,1955-03-09,Female,Married,Commercial,South
P002301,1960-08-10,Male,Married,Medicare,West
P002302,1955-01-01,Male,Single,Medicare,South
P002303,1976-07-28,Female,Married,Medicare,Northeast
P002304,1977-04-01,Female,Divorced,Self-Pay,South
P002305,1957-01-30,Female,Divorced,Commercial,West
P002306,1999-05-04,Female,Married,Other,Northeast
P002307,1961-01-04,Female,Married,Medicare,Midwest
P002308,1961-03-01,Male,Widowed,Other,South
P002309,1960-06-10,Female,Divorced,Medicare,West
P002310,1994-10-19,Female,Married,Medicare,South
P002311,1966-01-03,Male,Widowed,Medicare,South
P002312,2009-10-15,Male,Single,Medicaid,Midwest
P002313,1963-07-31,Male,Married,Commercial,West
P002314,1999-08-30,Male,Married,Commercial,South
P002315,1953-08-31,Female,Married,Medicare,South
P002316,1949-01-19,Female,Married,Medicare,Midwest
P002317,1973-02-05,Female,Divorced,Medicare,West
P002318,1953-09-26,Male,Widowed,Medicare Advantage,Midwest
P002319,1990-05-20,Male,Married,Commercial,South
P002320,1972-06-02,Male,Widowed,Commercial,South
P002321,1987-11-19,Male,Married,Medicare,West
P002322,1990-08-16,Male,Married,Medicaid,Midwest
P002323,1989-07-23,Female,Single,Commercial,South
P002324,2015-02-24,Female,Single,Medicaid,Midwest
P002325,2023-02-21,Male,Single,Other,South
P002326,1970-11-04,Male,Married,Medicare,Midwest
P002327,1934-12-18,Male,Widowed,Medicare,Northeast
P002328,1987-05-18,Male,Single,Medicare,Northeast
P002329,2022-08-13,Male,Single,Medicaid,West
P002330,1991-03-22,Male,Single,Medicaid,South
P002331,1986-04-04,Male,Married,Commercial,West
P002332,1968-01-17,Female,Single,Medicare,West
P002333,1973-08-26,Male,Divorced,Medicare,Midwest
P002334,1951-04-29,Male,Widowed,Medicare Advantage,Northeast
P002335,1981-06-05,Male,Married,Medicare,South
P002336,2015-01-17,Male,Single,Commercial,South
P002337,1948-02-02,Female,Married,Medicare,South
P002338,1998-10-07,Female,Single,Medicaid,Midwest
P002339,1974-07-05,Female,Married,Medicare,Midwest
P002340,1946-07-23,Male,Widowed,Self-Pay,West
P002341,2013-09-02,Female,Single,Medicaid,West
P002342,1929-12-22,Male,Widowed,Medicaid,West
P002343,1971-10-25,Male,Single,Other,West
P002344,1983-03-22,Female,Married,Medicare,Northeast
P002345,2011-07-14,Female,Single,Medicare,Midwest
P002346,1983-04-05,Male,Married,Medicaid,South
P002347,1958-06-07,Female,Divorced,Medicare,Northeast
P002348,1965-12-13,Female,Widowed,Medicare,South
P002349,1969-05-05,Female,Married,Medicare Advantage,Northeast
P002350,1964-11-11,Male,Widowed,Medicare,South
P002351,1931-10-16,Male,Widowed,Other,South
P002352,1960-10-30,Male,Married,Medicaid,Midwest
P002353,2000-12-09,Male,Single,Medicare,Northeast
P002354,1971-02-09,Female,Married,Other,West
P002355,1994-02-16,Male,Married,Medicare Advantage,Midwest
P002356,2019-12-25,Male,Single,Medicare,West
P002357,1959-06-30,Male,Married,Commercial,Northeast
P002358,1975-10-17,Female,Married,Medicare,Northeast
P002359,1971-10-29,Male,Widowed,Commercial,South
P002360,2004-10-11,Male,Single,Medicaid,South
P002361,1931-02-04,Male,Widowed,Commercial,West
P002362,1962-09-18,Female,Single,Self-Pay,Midwest
P002363,2010-03-28,Male,Single,Commercial,Northeast
P002364,2001-10-02,Female,Single,Self-Pay,West
P002365,1944-02-15,Female,Married,Commercial,Midwest
P002366,1992-02-03,Female,Married,Self-Pay,Midwest
P002367,2008-11-17,Male,Divorced,Medicare,South
P002368,1980-04-22,Male,Married,Medicare,South
P002369,1943-07-10,Male,Married,Medicare,West
P002370,2016-07-27,Female,Single,Medicare,South
P002371,1956-08-13,Female,Married,Commercial,West
P002372,1974-12-17,Female,Married,Medicare,South
P002373,1951-08-29,Female,Widowed,Medicare Advantage,Northeast
P002374,1968-03-02,Male,Widowed,Medicare,Midwest
P002375,1972-11-13,Female,Divorced,Medicare,South
P002376,2004-09-06,Female,Married,Medicare,Midwest
P002377,1932-08-23,Male,Married,Medicare Advantage,Northeast
P002378,1989-10-20,Female,Married,Commercial,Midwest
P002379,1978-06-03,Male,Divorced,Commercial,South
P002380,1952-04-25,Male,Married,Commercial,Midwest
P002381,2002-03-28,Female,Single,Commercial,West
P002382,1938-07-30,Male,Widowed,Self-Pay,South
P002383,1970-12-11,Female,Married,Medicaid,West
P002384,1931-11-15,Male,Married,Medicare,Midwest
P002385,1959-05-15,Female,Widowed,Commercial,West
P002386,1956-04-05,Male,Married,Medicaid,Midwest
P002387,2002-12-20,Female,Married,Medicare,West
P002388,1970-07-11,Male,Divorced,Medicare,West
P002389,1979-09-13,Female,Divorced,Commercial,South
P002390,1956-04-12,Female,Married,Medicare,Midwest
P002391,1954-11-01,Male,Married,Commercial,West
P002392,1942-04-01,Female,Widowed,Commercial,South
P002393,1961-09-18,Female,Married,Commercial,South
P002394,1985-07-23,Female,Divorced,Commercial,Northeast
P002395,2018-05-03,Female,Single,Medicaid,West
P002396,1985-05-27,Female,Married,Medicaid,Midwest
P002397,2002-03-01,Female,Single,Medicare,Midwest
P002398,2013-12-03,Male,Single,Medicare,West
P002399,1961-10-01,Male,Married,Medicaid,South
P002400,1989-03-03,Female,Divorced,Medicaid,South
P002401,1971-04-18,Female,Divorced,Self-Pay,Midwest
P002402,1976-05-12,Female,Married,Medicaid,West
P002403,2002-11-28,Male,Single,Medicaid,South
P002404,1980-04-23,Male,Married,Commercial,Northeast
P002405,1955-04-10,Female,Married,Medicare,West
P002406,2015-08-13,Male,Single,Medicare,West
P002407,1981-01-19,Female,Single,Medicare,West
P002408,1999-06-13,Female,Single,Medicare Advantage,Midwest
P002409,1973-04-22,Male,Single,Commercial,South
P002410,1945-03-04,Female,Married,Medicaid,Midwest
P002411,1959-11-04,Male,Married,Commercial,South
P002412,2003-11-12,Female,Single,Medicare Advantage,South
P002413,2003-11-24,Male,Single,Medicare Advantage,Midwest
P002414,1941-05-28,Female,Widowed,Commercial,South
P002415,1948-04-25,Female,Married,Commercial,Northeast
P002416,2014-01-26,Male,Single,Commercial,South
P002417,1984-09-15,Male,Single,Medicare Advantage,Midwest
P002418,2023-07-22,Female,Single,Medicaid,West
P002419,1939-12-28,Female,Widowed,Medicare Advantage,South
P002420,1979-10-01,Male,Married,Medicaid,South
P002421,1959-04-18,Male,Widowed,Self-Pay,West
P002422,2003-11-21,Female,Single,Commercial,Midwest
P002423,1966-12-07,Male,Divorced,Medicaid,Midwest
P002424,1990-04-04,Male,Single,Commercial,West
P002425,1961-05-05,Male,Divorced,Medicaid,South
P002426,2005-05-20,Female,Single,Medicaid,Midwest
P002427,2016-10-13,Male,Single,Medicaid,South
P002428,1991-04-23,Male,Married,Medicare,South
P002429,1985-10-20,Male,Single,Commercial,Midwest
P002430,1948-01-24,Female,Married,Medicare,Northeast
P002431,1974-02-14,Female,Married,Medicaid,Northeast
P002432,1935-08-08,Female,Widowed,Commercial,South
P002433,1987-08-19,Male,Married,Commercial,Midwest
P002434,2022-05-10,Female,Single,Other,South
P002435,2011-03-11,Male,Single,Medicare,Midwest
P002436,1938-11-14,Female,Married,Commercial,South
P002437,1967-04-21,Female,Married,Commercial,West
P002438,1949-03-09,Female,Married,Commercial,South
P002439,1981-11-29,Male,Divorced,Commercial,West
P002440,1937-03-01,Male,Married,Medicaid,Midwest
P002441,2009-04-04,Female,Single,Medicare,Northeast
P002442,1971-06-28,Female,Married,Commercial,West
P002443,1961-09-03,Female,Widowed,Medicare,Northeast
P002444,1971-10-06,Male,Married,Commercial,Midwest
P002445,1961-02-15,Female,Married,Medicare,West
P002446,1937-01-17,Female,Married,Medicare,Midwest
P002447,1995-10-17,Female,Single,Medicare,South
P002448,1951-03-12,Male,Single,Commercial,Midwest
P002449,1984-04-01,Female,Married,Medicare,South
P002450,1954-05-01,Male,Widowed,Medicare Advantage,South
P002451,1967-11-10,Female,Married,Self-Pay,South
P002452,1985-05-30,Male,Single,Medicare,Midwest
P002453,1942-10-19,Male,Married,Commercial,South
P002454,1947-05-22,Male,Married,Medicare,South
P002455,1991-03-16,Female,Single,Commercial,South
P002456,1950-10-22,Male,Married,Commercial,West
P002457,1957-05-08,Female,Divorced,Self-Pay,West
P002458,1976-02-28,Male,,Medicaid,South
P002459,1956-05-26,Male,Married,Medicaid,Midwest
P002460,1963-01-20,Female,Married,Medicare,Midwest
P002461,1977-03-17,Male,Single,Medicare,Northeast
P002462,1935-03-11,Male,Married,Medicare,West
P002463,1985-04-08,Female,Married,Medicare,South
P002464,2013-10-21,Male,Single,Self-Pay,Midwest
P002465,1987-05-13,Male,Single,Commercial,Midwest
P002466,1935-04-15,Female,Married,Medicare,West
P002467,1959-05-08,Female,Married,Commercial,Midwest
P002468,1975-04-29,Male,Divorced,Medicaid,South
P002469,1950-10-04,Male,Widowed,Medicare,West
P002470,1965-10-19,Male,Single,Commercial,South
P002471,1951-11-28,Male,Single,Commercial,West
P002472,1990-04-17,Male,Married,Medicare,Midwest
P002473,1961-03-24,Male,Married,Commercial,Midwest
P002474,1998-04-12,Female,Single,Commercial,Northeast
P002475,2026-06-19,Female,Single,Other,Midwest
P002476,1958-04-23,Female,Divorced,Commercial,South
P002477,1994-07-06,Male,Single,Medicare,West
P002478,1966-06-11,Female,Married,Medicaid,Northeast
P002479,2006-04-29,Male,Single,Commercial,Midwest
P002480,2001-03-09,Female,Married,Commercial,South
P002481,1949-02-16,Female,Divorced,Medicare,Northeast
P002482,1976-01-30,Female,Married,Medicare Advantage,South
P002483,1952-02-22,Male,Married,Commercial,South
P002484,1955-11-15,Male,Widowed,Commercial,West
P002485,2015-10-02,Male,Single,Commercial,West
P002486,1973-09-16,Male,Married,Medicare,Northeast
P002487,1951-07-17,Female,Widowed,Commercial,South
P002488,1959-09-06,Female,Widowed,Medicare,South
P002489,1960-02-13,Female,Widowed,Medicare,South
P002490,2014-11-11,Female,Single,Self-Pay,West
P002491,2024-05-29,Male,Single,Medicaid,West
P002492,1971-10-28,Male,Married,Commercial,South
P002493,1977-09-10,Female,Divorced,Medicare,West
P002494,1958-10-13,Female,Married,Medicare,Midwest
P002495,1996-07-11,Male,Divorced,Medicaid,Midwest
P002496,1988-01-01,Male,Single,Medicare Advantage,Midwest
P002497,1977-06-06,Female,Married,Commercial,South
P002498,1986-01-11,Male,Married,Medicare,Midwest
P002499,1950-02-06,Male,Divorced,Medicare Advantage,Midwest
P002500,1967-07-23,Female,Divorced,Medicaid,Northeast
P002501,1955-05-18,Female,Divorced,Self-Pay,South
P002502,1997-01-09,Female,Single,Medicare Advantage,Midwest
P002503,1959-12-01,Female,Married,Medicaid,Northeast
P002504,1997-04-22,Female,Single,Commercial,Midwest
P002505,1972-05-05,Female,Married,Medicaid,Northeast
P002506,1949-12-07,Male,Single,Medicare,South
P002507,1952-11-26,Male,Divorced,Medicare,Midwest
P002508,2007-05-20,Male,Married,Medicare Advantage,Midwest
P002509,2024-03-18,Female,Single,Medicare Advantage,West
P002510,1987-12-31,Female,Married,Medicare,South
P002511,1969-01-05,Female,Married,Commercial,South
P002512,1969-06-06,Male,Single,Medicare Advantage,South
P002513,1981-08-15,Male,Married,Commercial,West
P002514,1954-05-25,Male,Divorced,Commercial,Midwest
P002515,1965-04-22,Female,Married,Medicare,South
P002516,1989-02-08,Female,Single,Medicare,South
P002517,2000-02-27,Female,Married,Commercial,South
P002518,1950-02-16,Female,Divorced,Commercial,Northeast
P002519,1966-10-22,Male,Married,Medicare,Northeast
P002520,2008-04-22,Male,Single,Commercial,Northeast
P002521,2008-01-03,Female,Single,Medicare,Northeast
P002522,1973-01-02,Female,Married,Medicare,West
P002523,1947-10-09,Male,Married,Self-Pay,South
P002524,1979-12-04,Male,Married,Medicaid,Northeast
P002525,1970-08-23,Male,Married,Self-Pay,West
P002526,1962-09-14,Male,Widowed,Commercial,West
P002527,1992-02-12,Female,Divorced,Medicaid,West
P002528,1934-07-23,Female,Widowed,Medicare,South
P002529,2006-03-21,Male,Single,Medicaid,Midwest
P002530,1975-06-28,Male,Divorced,Commercial,South
P002531,1971-07-27,Male,Married,Commercial,Midwest
P002532,1980-10-24,Female,Married,Medicaid,West
P002533,1947-05-07,Male,Married,Medicaid,South
P002534,1984-06-29,Male,Married,Commercial,West
P002535,1971-12-05,Female,Married,Medicaid,Northeast
P002536,1949-07-12,Female,Married,Self-Pay,Midwest
P002537,1997-03-12,Female,Single,Medicare,South
P002538,1940-06-15,Female,Widowed,Medicare,South
P002539,1949-03-11,Male,Married,Commercial,South
P002540,1994-10-30,Male,Married,Medicare,South
P002541,1991-10-11,Male,Married,Commercial,South
P002542,1965-07-27,Female,Married,Self-Pay,Midwest
P002543,1972-07-29,Female,Widowed,Medicare,South
P002544,1985-07-14,Female,Single,Commercial,Northeast
P002545,2020-01-06,Female,Single,Medicare,West
P002546,1940-03-12,Male,Widowed,Medicare,Midwest
P002547,1946-05-19,Male,Widowed,Medicare,South
P002548,2009-12-07,Male,Single,Medicare,Midwest
P002549,1953-11-13,Male,Divorced,Commercial,West
P002550,1996-05-01,Female,Single,Self-Pay,South
P002551,2026-01-24,Male,Single,Medicaid,South
P002552,1981-11-27,Female,Married,Self-Pay,West
P002553,2018-08-13,Male,Single,Medicaid,West
P002554,1984-09-14,Male,Married,Self-Pay,West
P002555,1973-11-26,Male,Married,Medicare,South
P002556,1980-01-25,Female,Divorced,Self-Pay,Midwest
P002557,2006-09-05,Female,Married,Commercial,South
P002558,1976-03-25,Female,Married,Medicare,Northeast
P002559,1996-09-01,Female,Single,Self-Pay,South
P002560,1960-06-18,Female,Married,Self-Pay,South
P002561,1956-06-06,Female,Divorced,Commercial,South
P002562,1982-11-04,Female,Married,Medicare,West
P002563,1971-09-08,Male,Divorced,Self-Pay,Midwest
P002564,2003-01-02,Male,Married,Commercial,South
P002565,1943-05-02,Male,Divorced,Medicaid,South
P002566,2000-11-12,Female,Single,Medicare,South
P002567,1999-12-15,Male,Single,Medicare,West
P002568,1991-09-08,Female,Married,Medicare,Northeast
P002569,2024-06-06,Male,Single,Medicare,South
P002570,1987-11-23,Female,Divorced,Medicaid,Midwest
P002571,1947-02-27,Male,Married,Medicare Advantage,Northeast
P002572,1951-04-13,Female,Single,Medicare Advantage,South
P002573,1992-04-23,Female,Divorced,Commercial,South
P002574,2020-11-25,Male,Single,Commercial,Midwest
P002575,1929-09-17,Male,Single,Medicare,West
P002576,1953-04-11,Female,Married,Medicare Advantage,South
P002577,2021-08-16,Male,Single,Commercial,West
P002578,1998-09-05,Male,Single,Medicaid,Northeast
P002579,1955-12-18,Female,Married,Medicare,West
P002580,1953-03-25,Male,Widowed,Commercial,West
P002581,1996-10-27,Male,Married,Medicare,Midwest
P002582,1976-01-27,Male,Married,Commercial,West
P002583,1997-04-27,Male,Married,Commercial,Midwest
P002584,1959-12-27,Female,Married,Commercial,South
P002585,1980-07-18,Female,Single,Self-Pay,West
P002586,1946-10-26,Female,Married,Medicare,West
P002587,1953-11-22,Male,Widowed,Commercial,South
P002588,1948-04-01,Female,Divorced,Commercial,South
P002589,1962-03-12,Female,Divorced,Commercial,South
P002590,1974-01-08,Male,Divorced,Medicaid,South
P002591,1986-05-17,Male,Divorced,Medicare,South
P002592,1970-02-12,Female,Married,Medicare,Northeast
P002593,1985-02-11,Male,Married,Commercial,West
P002594,2016-01-12,Male,Single,Commercial,West
P002595,1941-08-16,Female,Widowed,Medicare,Midwest
P002596,1985-04-24,Male,Married,Commercial,South
P002597,1953-08-26,Male,Married,Medicare,West
P002598,1996-03-03,Female,Single,Medicare,South
P002599,1941-06-07,Female,Married,Medicare Advantage,Midwest
P002600,1982-12-20,Male,Married,Medicare Advantage,West
P002601,1960-06-16,Female,Married,Medicare,Midwest
P002602,1976-12-22,Male,Married,Commercial,Midwest
P002603,1994-04-22,Male,Married,Commercial,South
P002604,2001-12-27,Female,Married,Medicare,Midwest
P002605,1955-07-07,Male,Single,Medicare,South
P002606,1984-05-02,Male,Married,Commercial,Midwest
P002607,1995-05-07,Female,Single,Medicaid,Northeast
P002608,1972-09-05,Female,Married,Medicare,Northeast
P002609,1933-01-03,Female,Married,Medicare,Northeast
P002610,1957-12-27,Male,Married,Medicare,West
P002611,1956-06-20,Male,Married,Medicare Advantage,West
P002612,1986-01-20,Female,Married,Commercial,Northeast
P002613,2000-09-06,Female,Single,Commercial,West
P002614,1999-08-21,Female,Single,Medicaid,Midwest
P002615,2007-10-22,Male,Single,Commercial,Midwest
P002616,1951-10-19,Female,Married,Commercial,South
P002617,1968-06-12,Male,Married,Commercial,West
P002618,1955-03-11,Male,Married,Medicare,Midwest
P002619,1970-02-24,Male,Divorced,Medicare Advantage,West
P002620,1961-06-06,Male,Widowed,Commercial,South
P002621,1972-08-14,Male,Divorced,Commercial,South
P002622,1998-08-19,Female,Single,Medicare,Midwest
P002623,2022-04-09,Female,Single,Medicaid,South
P002624,2009-07-22,Female,Single,Medicare,Northeast
P002625,2018-12-02,Male,Single,Medicare Advantage,Midwest
P002626,2024-08-18,Female,Single,Medicare,South
P002627,2024-12-19,Male,Single,Medicaid,Northeast
P002628,1999-05-03,Male,Single,Medicaid,Northeast
P002629,1975-03-15,Male,Married,Commercial,South
P002630,1954-07-19,Male,Married,Medicare Advantage,South
P002631,2005-06-02,Male,Single,Medicare,Northeast
P002632,1951-03-30,Female,Single,Medicare,West
P002633,1995-02-20,Male,Single,Medicare,South
P002634,1980-01-29,Male,Married,Medicare,Northeast
P002635,1957-08-01,Male,Married,Medicare,Midwest
P002636,1976-06-22,Female,Single,Commercial,Northeast
P002637,1998-01-14,Male,Single,Medicare,South
P002638,1950-03-29,Female,Married,Medicare,South
P002639,2009-02-08,Male,Single,Commercial,Midwest
P002640,2017-12-30,Male,Single,Medicaid,West
P002641,1943-10-08,Male,Single,Self-Pay,South
P002642,2000-01-28,Male,Single,Medicare,Midwest
P002643,1947-04-05,Female,Married,Medicare,Midwest
P002644,2000-03-13,Male,Single,Self-Pay,South
P002645,1979-08-31,Male,Married,Commercial,Northeast
P002646,1980-06-10,Female,Single,Self-Pay,South
P002647,1962-10-13,Female,Widowed,Other,Northeast
P002648,1955-02-27,Female,Divorced,Medicare,
P002649,1977-03-29,Male,Married,Commercial,Midwest
P002650,1981-05-11,Female,Widowed,Commercial,West
P002651,1959-08-26,Female,Married,Medicare,Northeast
P002652,1987-09-19,Male,Divorced,Commercial,South
P002653,1943-09-09,Female,Divorced,Medicare Advantage,Northeast
P002654,2014-07-21,Male,Single,Medicaid,Northeast
P002655,1998-05-23,Male,Married,Commercial,Midwest
P002656,2021-04-25,Male,Single,Commercial,Midwest
P002657,1989-03-28,Female,Married,Medicare,South
P002658,1942-07-03,Male,Married,Medicare,Midwest
P002659,2025-05-08,Male,Single,Medicaid,West
P002660,1967-11-10,Female,Divorced,Commercial,South
P002661,1942-03-02,Female,Widowed,Medicare,South
P002662,2022-03-13,Male,Single,Medicare,South
P002663,1950-11-13,Female,Married,Medicare,West
P002664,1963-10-08,Female,Single,Other,Midwest
P002665,2009-12-17,Female,Single,Commercial,West
P002666,1957-02-12,Male,Married,Commercial,Northeast
P002667,1965-12-22,Female,Widowed,Commercial,South
P002668,1991-11-22,Female,Married,Medicare Advantage,Northeast
P002669,1987-07-31,Female,Married,Commercial,Midwest
P002670,1971-07-27,Female,Single,Medicare,Northeast
P002671,2008-12-27,Male,Single,Self-Pay,South
P002672,2000-11-01,Male,Married,Medicare,Northeast
P002673,1990-09-14,Male,Divorced,Commercial,South
P002674,1963-11-23,Male,Widowed,Commercial,Northeast
P002675,1984-01-05,Female,Married,Medicare,Northeast
P002676,1936-10-08,Female,Married,Commercial,Northeast
P002677,1970-10-17,Female,Single,Medicaid,West
P002678,2012-04-22,Female,Single,Commercial,Northeast
P002679,2009-09-25,Female,Single,Medicare,Northeast
P002680,1947-04-13,Male,Widowed,Medicare,South
P002681,1986-03-06,Female,Married,Medicare Advantage,West
P002682,2012-06-15,Female,Single,Medicare Advantage,West
P002683,1937-07-15,Male,Married,Other,Midwest
P002684,1993-04-23,Male,Single,Medicare,West
P002685,1971-01-04,Female,Widowed,Medicaid,West
P002686,1936-03-17,Female,Married,Commercial,West
P002687,1941-06-12,Male,Divorced,Medicaid,Northeast
P002688,1933-01-02,Female,Married,Medicare Advantage,South
P002689,1979-03-20,Male,Divorced,Medicare,Northeast
P002690,1946-10-07,Female,Married,Medicare Advantage,Midwest
P002691,1963-12-06,Female,Single,Medicare,Midwest
P002692,1977-09-19,Female,Divorced,Commercial,West
P002693,1997-04-18,Female,Single,Medicare,South
P002694,1989-03-19,Female,Single,Medicaid,South
P002695,1956-07-01,Female,Married,Medicaid,Northeast
P002696,1948-11-25,Male,Divorced,Medicaid,Northeast
P002697,1973-09-29,Female,Married,Medicare,West
P002698,1985-09-14,Male,Single,Commercial,Northeast
P002699,1966-10-02,Female,Divorced,Commercial,Midwest
P002700,1990-01-23,Female,Married,Medicare,West
P002701,1972-04-05,Female,Single,Medicare,South
P002702,1967-01-03,Male,Married,Medicare,Northeast
P002703,1967-01-28,Male,Married,Medicare,Northeast
P002704,1994-02-11,Female,Single,Medicare,West
P002705,1931-05-04,Female,Widowed,Medicaid,South
P002706,1965-01-24,Male,Married,Medicare,South
P002707,1935-09-17,Female,Widowed,Commercial,Midwest
P002708,1967-07-06,Male,Widowed,Medicaid,Northeast
P002709,1986-12-28,Female,Married,Commercial,Northeast
P002710,1954-08-30,Female,Divorced,Commercial,South
P002711,1970-08-07,Female,Married,Medicaid,Northeast
P002712,1942-04-14,Male,Widowed,Medicare Advantage,South
P002713,1993-10-02,Female,Married,Medicare,Midwest
P002714,1978-01-04,Female,Married,Medicare,Northeast
P002715,1963-08-27,Male,Married,Commercial,Northeast
P002716,1957-03-11,Female,Widowed,Commercial,Midwest
P002717,2006-11-05,Male,Single,Commercial,Midwest
P002718,1984-07-18,Male,Married,Medicaid,Midwest
P002719,1957-12-23,Male,Married,Medicare Advantage,Northeast
P002720,1947-06-02,Male,Widowed,Commercial,Northeast
P002721,1997-11-29,Male,Single,Medicare,West
P002722,2005-10-23,Female,Single,Commercial,Midwest
P002723,2017-08-06,Male,Single,Medicare Advantage,West
P002724,1988-03-16,Female,Married,Self-Pay,Midwest
P002725,1949-12-24,Female,Divorced,Medicaid,Midwest
P002726,1936-06-07,Male,Widowed,Medicare,Midwest
P002727,1956-08-03,Female,Widowed,Other,South
P002728,1970-06-13,Female,Divorced,Commercial,Midwest
P002729,1959-08-18,Male,Married,Medicare,Northeast
P002730,1981-09-17,Female,Married,Commercial,Northeast
P002731,1963-03-24,Female,Divorced,Commercial,Northeast
P002732,1979-05-24,Female,Married,Commercial,Northeast
P002733,1975-04-15,Female,Married,Commercial,Northeast
P002734,1980-09-29,Other,Married,Medicaid,South
P002735,1992-06-06,Male,Divorced,Commercial,West
P002736,1989-09-15,Male,Married,Medicaid,South
P002737,2002-05-13,Male,Divorced,Commercial,South
P002738,1940-01-24,Female,Divorced,Commercial,Northeast
P002739,1940-09-01,Male,Widowed,Medicare Advantage,South
P002740,1995-08-02,Male,Divorced,Commercial,Northeast
P002741,1982-11-07,Female,Married,Medicare Advantage,South
P002742,1961-10-30,Male,Divorced,Medicare,South
P002743,1957-06-27,Male,Married,Medicaid,West
P002744,2001-02-12,Male,Single,Medicare,West
P002745,2007-04-09,Male,Single,Medicaid,South
P002746,1966-09-13,Male,Divorced,Commercial,Northeast
P002747,1963-05-04,Male,Married,Commercial,Northeast
P002748,1996-08-21,Male,Single,Medicare,South
P002749,1969-02-24,Male,Married,Medicare Advantage,West
P002750,1967-09-09,Female,Single,Medicare,West
P002751,1956-05-27,Female,Married,Commercial,South
P002752,1989-10-24,Female,Single,Commercial,West
P002753,1933-02-18,Other,Married,Medicare Advantage,Midwest
P002754,1975-08-05,Male,Divorced,Medicare Advantage,South
P002755,1947-02-11,Female,Single,Medicare,West
P002756,1991-05-30,Male,Married,Medicare,South
P002757,1999-10-23,Female,Single,Medicare,West
P002758,1983-05-04,Male,Married,Medicare,Midwest
P002759,1948-05-13,Female,Married,Medicare Advantage,South
P002760,1936-12-23,Male,Divorced,Medicaid,Midwest
P002761,1993-10-04,Male,Married,Medicare,South
P002762,2006-10-16,Male,Single,Medicare,West
P002763,1965-03-29,Female,Married,Medicare,South
P002764,1992-11-15,Male,Married,Commercial,Northeast
P002765,1967-06-04,Male,Married,Commercial,South
P002766,1978-03-28,Female,Single,Medicare,South
P002767,1941-03-26,Female,Widowed,Medicare,Midwest
P002768,1978-11-14,Female,Single,Medicare,South
P002769,2002-04-09,Female,Single,Medicare,West
P002770,2021-11-30,Male,Single,Commercial,West
P002771,2000-05-25,Female,Single,Medicaid,West
P002772,1982-12-22,Male,Single,Medicaid,South
P002773,1957-07-21,Male,Divorced,Commercial,Northeast
P002774,2009-03-04,Female,Single,Self-Pay,Midwest
P002775,1989-08-16,Male,Divorced,Medicaid,Midwest
P002776,1967-01-29,Female,Married,Medicare,
P002777,1971-05-23,Female,Married,Medicare Advantage,Midwest
P002778,1951-10-17,Female,Divorced,Commercial,South
P002779,1973-08-17,Female,Married,Medicare,South
P002780,1984-08-30,Female,Divorced,Medicaid,South
P002781,2005-12-26,Female,Single,Medicaid,Northeast
P002782,2008-12-03,Male,Married,Commercial,Midwest
P002783,1988-12-27,Female,Married,Commercial,Midwest
P002784,2022-04-18,Male,Single,Medicare,South
P002785,2001-09-22,Male,Single,Commercial,South
P002786,1982-07-11,Male,Divorced,Medicare,Northeast
P002787,1972-11-17,Male,Divorced,Medicare,West
P002788,1965-06-04,Male,Married,Commercial,Northeast
P002789,1982-04-17,Male,Widowed,Medicaid,South
P002790,1989-11-13,Male,Married,Medicare,South
P002791,1984-01-30,Male,Married,Medicare,South
P002792,1953-10-05,Female,Divorced,Medicaid,South
P002793,1970-01-10,Male,Married,Medicare,South
P002794,1955-04-21,Male,Married,Medicaid,Midwest
P002795,1955-10-12,Female,Divorced,Medicare,Midwest
P002796,1970-03-28,Male,Married,Other,South
P002797,2000-11-26,Female,Single,Medicare Advantage,Northeast
P002798,1943-10-19,Male,Widowed,Commercial,West
P002799,1970-12-22,Female,Married,Medicare,Midwest
P002800,1956-10-24,Female,Widowed,Medicare,Northeast
P002801,1976-11-10,Female,Married,Medicaid,Northeast
P002802,1988-03-09,Female,Divorced,Medicare Advantage,Northeast
P002803,2008-08-02,Male,Single,Self-Pay,Northeast
P002804,2013-07-24,Female,Single,Medicaid,South
P002805,1953-03-08,Female,Widowed,Medicare,South
P002806,2016-08-25,Female,Single,Medicare,Northeast
P002807,1951-04-25,Male,Married,Medicare,West
P002808,1990-05-25,Male,Divorced,Self-Pay,Midwest
P002809,1954-05-22,Male,Married,Medicare,West
P002810,1992-09-24,Female,Married,Self-Pay,West
P002811,1980-05-08,Male,Married,Medicare,West
P002812,1949-08-31,Female,Married,Commercial,South
P002813,1931-03-30,Female,Married,Medicare,West
P002814,1998-05-17,Female,Single,Commercial,Midwest
P002815,1949-09-14,Male,Divorced,Commercial,South
P002816,2014-10-02,Female,Single,Medicare,West
P002817,2006-12-19,Female,Single,Medicare,South
P002818,2026-11-01,Female,Single,Commercial,Midwest
P002819,1953-03-31,Female,Divorced,Medicaid,Midwest
P002820,1963-10-25,Male,Married,Commercial,Northeast
P002821,2010-02-18,Female,Single,Commercial,West
P002822,1972-08-22,Female,Divorced,Medicaid,Northeast
P002823,1947-08-01,Female,Divorced,Commercial,South
P002824,1987-10-11,Male,Married,Medicare Advantage,West
P002825,1980-09-22,Female,Single,Commercial,South
P002826,2011-12-23,Female,Single,Medicare Advantage,Northeast
P002827,1971-12-24,Female,Single,Medicare Advantage,South
P002828,1934-08-08,Female,Married,Medicare Advantage,Midwest
P002829,1985-04-19,Female,Single,Commercial,South
P002830,1954-10-08,Male,Married,Medicare,Midwest
P002831,1946-02-11,Male,Married,Medicaid,South
P002832,1987-12-13,Male,Married,Medicare Advantage,Midwest
P002833,1972-12-14,Male,Divorced,Medicaid,South
P002834,1968-01-13,Male,Married,Medicare,West
P002835,2017-03-13,Male,Single,Medicaid,Northeast
P002836,1967-12-25,Male,Divorced,Commercial,Midwest
P002837,2014-04-06,Male,Single,Medicaid,Midwest
P002838,2007-04-09,Male,Single,Commercial,Northeast
P002839,1960-09-08,Female,Widowed,Medicare,South
P002840,1949-08-26,Female,Married,Medicaid,West
P002841,1956-03-28,Female,Divorced,Medicare,Northeast
P002842,1966-02-14,Male,Married,Medicare,Midwest
P002843,1965-02-27,Female,Married,Medicaid,South
P002844,2014-02-02,Male,Single,Medicare Advantage,South
P002845,2018-05-20,Female,Single,Self-Pay,South
P002846,1979-01-28,Male,Married,Medicaid,South
P002847,2009-08-01,Female,Single,Medicare Advantage,Northeast
P002848,1965-12-06,Female,Married,Medicare,West
P002849,1949-02-22,Female,Married,Medicare Advantage,West
P002850,1959-06-18,Female,Married,Self-Pay,West
P002851,2021-11-19,Female,Single,Commercial,Northeast
P002852,2009-09-23,Male,Single,Medicare Advantage,West
P002853,1970-09-28,Female,Married,Self-Pay,South
P002854,1947-09-27,Female,Single,Self-Pay,South
P002855,1991-10-17,Female,Single,Medicaid,South
P002856,1990-10-31,Male,Married,Medicaid,West
P002857,1992-07-19,Female,Married,Commercial,South
P002858,2004-01-30,Male,Single,Medicare Advantage,West
P002859,1946-05-24,Female,Married,Medicare,South
P002860,1999-09-25,Male,Single,Medicare Advantage,West
P002861,2017-06-02,Female,Single,Medicare Advantage,Midwest
P002862,1967-03-21,Male,Married,Commercial,Midwest
P002863,1931-12-27,Female,Divorced,Commercial,South
P002864,1999-07-12,Female,Single,Medicare Advantage,West
P002865,1987-05-11,Female,Married,Medicare,South
P002866,1987-05-05,Male,Divorced,Medicare Advantage,Midwest
P002867,1974-06-30,Male,Married,Commercial,West
P002868,1979-07-30,Female,Married,Medicare,Northeast
P002869,1978-11-06,Male,Married,Other,Midwest
P002870,1998-12-08,Male,Single,Medicare,Northeast
P002871,1970-03-26,Male,Married,Commercial,Northeast
P002872,1983-04-01,Female,Married,Commercial,South
P002873,1952-10-28,Male,Married,Commercial,West
P002874,1992-10-11,Female,Single,Medicaid,South
P002875,1933-06-04,Female,Widowed,Medicare,Northeast
P002876,1957-02-18,Female,Widowed,Commercial,South
P002877,1974-07-26,Female,Married,Medicare,Northeast
P002878,1965-07-24,Female,Single,Commercial,South
P002879,1950-01-18,Male,Married,Medicaid,South
P002880,2001-06-14,Female,Single,Medicaid,South
P002881,1967-11-26,Female,Divorced,Medicaid,Midwest
P002882,1950-06-01,Male,Married,Medicare,West
P002883,2021-06-22,Male,Single,Medicare,West
P002884,1933-11-15,Male,Married,Commercial,South
P002885,1944-07-24,Male,Widowed,Medicare Advantage,Northeast
P002886,2007-11-12,Female,Single,Medicare,South
P002887,1941-01-04,Female,Married,Medicaid,Midwest
P002888,1956-02-07,Male,Widowed,Commercial,South
P002889,2024-09-07,Female,Single,Medicaid,Northeast
P002890,1935-04-26,Female,Married,Medicaid,South
P002891,2016-10-29,Female,Single,Commercial,Midwest
P002892,2017-05-31,Male,Single,Medicare,West
P002893,1982-05-19,Female,Married,Medicare,South
P002894,1949-06-11,Male,Divorced,Self-Pay,West
P002895,1971-11-08,Female,Divorced,Commercial,Northeast
P002896,1963-02-15,Female,Divorced,Medicare,South
P002897,1974-06-30,Female,Divorced,Other,Northeast
P002898,1971-06-26,Female,Divorced,Medicaid,South
P002899,1977-05-14,Female,Married,Medicare Advantage,Midwest
P002900,1974-01-25,Male,Married,Medicare Advantage,Northeast
P002901,1962-06-09,Female,Widowed,Medicare,South
P002902,1939-04-02,Female,Widowed,Commercial,South
P002903,1989-05-03,Female,Married,Self-Pay,South
P002904,1945-10-01,Male,Widowed,Medicare,Midwest
P002905,1976-05-24,Male,Single,Medicaid,Midwest
P002906,1995-04-13,Female,Single,Medicare,West
P002907,1953-08-10,Female,Married,Commercial,West
P002908,1945-01-22,Male,Widowed,Medicaid,South
P002909,1964-04-23,Female,Single,Medicare,West
P002910,1990-06-21,Male,Married,Commercial,South
P002911,1958-12-03,Female,Married,Commercial,Midwest
P002912,1966-03-17,Female,Married,Medicare,West
P002913,1971-12-31,Female,Divorced,Commercial,South
P002914,1951-11-24,Male,Married,Medicare,South
P002915,1947-05-05,Male,Divorced,Commercial,West
P002916,1941-04-03,Female,Widowed,Medicaid,South
P002917,1991-07-16,Female,Married,Commercial,Northeast
P002918,1946-01-04,Female,Married,Commercial,Midwest
P002919,1955-01-22,Female,Married,Medicare,West
P002920,1992-11-27,Male,Married,Medicare,Northeast
P002921,2002-10-31,Female,Single,Medicare,West
P002922,2015-01-12,Male,Single,Medicare,South
P002923,1953-10-19,Female,Married,Commercial,Midwest
P002924,1973-01-22,Female,Single,Medicaid,South
P002925,1934-06-01,Male,Widowed,Medicare,Midwest
P002926,1944-05-26,Male,Married,Self-Pay,Midwest
P002927,1983-03-05,Male,Married,Medicaid,Northeast
P002928,1980-09-28,Female,Married,Medicare Advantage,West
P002929,1985-03-27,Male,Married,Medicaid,Northeast
P002930,1970-07-14,Female,Divorced,Self-Pay,Midwest
P002931,1956-01-16,Female,Married,Medicare,West
P002932,1976-01-09,Female,Married,Commercial,West
P002933,1989-04-12,Male,Married,Medicare,Midwest
P002934,1932-02-18,Female,Widowed,Medicare,South
P002935,1988-06-03,Female,Married,Medicare,Midwest
P002936,1979-05-16,Male,Married,Commercial,Northeast
P002937,1946-10-26,Female,Widowed,Medicaid,Northeast
P002938,2009-08-11,Male,Single,Self-Pay,West
P002939,1987-06-19,Female,Divorced,Medicare,Midwest
P002940,1953-11-18,Male,Single,Commercial,South
P002941,1961-05-05,Other,Divorced,Medicaid,West
P002942,2018-01-04,Male,Single,Medicare,Midwest
P002943,2014-09-08,Female,Single,Medicare,West
P002944,1951-04-19,Male,Widowed,Medicare,South
P002945,1991-10-15,Male,Married,Medicare,South
P002946,1931-11-13,Male,Divorced,Medicaid,Midwest
P002947,1941-10-01,Male,Married,Medicaid,Northeast
P002948,2004-12-18,Male,Single,Medicare,South
P002949,1952-05-30,Female,Single,Self-Pay,South
P002950,1974-12-11,Female,Married,Medicare Advantage,West
P002951,1986-07-19,Female,Married,Self-Pay,Midwest
P002952,1975-10-10,Male,Divorced,Medicare,Northeast
P002953,1958-12-11,Female,Married,Medicaid,South
P002954,1947-09-10,Female,Single,Commercial,Midwest
P002955,1953-07-23,Female,Widowed,Medicare,South
P002956,1972-01-27,Female,Married,Medicaid,Midwest
P002957,1963-03-11,Male,Married,Medicare,West
P002958,1957-03-09,Male,Widowed,Medicare,South
P002959,1963-09-17,Female,Married,Commercial,Northeast
P002960,2013-01-08,Male,Single,Medicare,Midwest
P002961,1950-11-21,Male,Widowed,Medicare Advantage,Midwest
P002962,1985-05-25,Male,Married,Medicare,South
P002963,1992-10-27,Male,Married,Commercial,South
P002964,1972-05-11,Male,Married,Medicaid,South
P002965,1970-01-08,Male,Married,Commercial,West
P002966,1948-05-31,Female,Married,Medicare,Midwest
P002967,1943-02-21,Female,Widowed,Commercial,South
P002968,1960-06-17,Male,Married,Commercial,Midwest
P002969,2024-12-16,Female,Single,Medicaid,West
P002970,1959-10-30,Male,Married,Medicaid,Midwest
P002971,2002-07-23,Male,Single,Medicaid,South
P002972,1968-03-06,Female,Married,Commercial,South
P002973,1982-02-04,Female,Widowed,Medicare,South
P002974,1999-07-25,Female,Single,Medicaid,South
P002975,1956-01-13,Male,Married,Medicare,South
P002976,1978-04-09,Male,Married,Commercial,West
P002977,1954-04-14,Female,Single,Medicare,West
P002978,1955-07-16,Female,Married,Medicare,South
P002979,1983-05-23,Female,Married,Medicaid,South
P002980,1978-09-10,Female,Married,Other,Northeast
P002981,1991-07-17,Male,Married,Medicare,West
P002982,1973-12-16,Female,Married,Medicare,Midwest
P002983,2002-06-04,Female,Single,Medicaid,South
P002984,1989-04-14,Male,Single,Self-Pay,West
P002985,1947-08-29,Male,Widowed,Medicaid,South
P002986,1990-05-18,Female,Single,Medicare,South
P002987,2016-10-03,Male,Single,Commercial,Northeast
P002988,1962-02-05,Female,Divorced,Medicaid,Northeast
P002989,1962-11-02,Female,Married,Medicare Advantage,West
P002990,1962-06-22,Male,Married,Commercial,Northeast
P002991,1968-06-01,Female,Divorced,Medicare,Midwest
P002992,1979-06-03,Male,Married,Other,Northeast
P002993,1972-12-12,Female,Divorced,Medicare,West
P002994,2013-03-28,Male,Single,Medicare,Northeast
P002995,1948-04-29,Male,Widowed,Commercial,South
P002996,1991-11-09,Male,Married,Medicare,Midwest
P002997,2022-12-07,Female,Single,Medicare,South
P002998,1986-12-03,Female,Single,Commercial,South
P002999,1930-04-14,Female,Widowed,Commercial,South
P003000,1980-12-22,Female,Married,Self-Pay,Northeast
P003001,2001-08-08,Female,Single,Medicaid,South
P003002,1972-08-23,Female,Married,Commercial,West
P003003,1954-12-25,Female,Married,Commercial,West
P003004,1943-02-17,Male,Widowed,Commercial,West
P003005,1968-05-30,Male,Divorced,Medicare Advantage,West
P003006,1970-08-04,Male,Single,Medicare,South
P003007,1974-11-16,Female,Divorced,Commercial,West
P003008,2007-12-29,Male,Single,Medicaid,South
P003009,1949-01-29,Male,Widowed,Commercial,West
P003010,1964-02-06,Male,Married,Commercial,South
P003011,1975-08-20,Male,Married,Commercial,Northeast
P003012,1982-10-13,Male,Married,Commercial,West
P003013,1973-10-09,Female,Married,Medicare,South
P003014,1963-01-09,Male,Married,Commercial,Northeast
P003015,1959-11-20,Male,Married,Commercial,South
P003016,2009-03-21,Male,Single,Medicaid,South
P003017,1963-09-19,Male,Divorced,Medicare Advantage,Northeast
P003018,2013-11-02,Female,Single,Medicare,South
P003019,1993-10-29,Male,Single,Commercial,South
P003020,1979-12-05,Female,Single,Medicare Advantage,West
P003021,1984-06-16,Female,Married,Commercial,West
P003022,1957-07-01,Male,Married,Medicare,South
P003023,2003-02-21,Female,Married,Commercial,Northeast
P003024,1981-07-03,Female,Married,Medicare,South
P003025,1957-12-30,Male,Widowed,Medicare,Midwest
P003026,1975-06-09,Female,Married,Medicare Advantage,West
P003027,1949-04-27,Male,Married,Medicaid,West
P003028,1969-06-16,Male,Married,Commercial,West
P003029,2024-08-18,Male,Single,Commercial,West
P003030,1998-07-02,Female,Single,Medicare,South
P003031,1961-08-05,Male,Single,Commercial,Midwest
P003032,1988-09-02,Female,Married,Commercial,South
P003033,1983-08-20,Male,Married,Medicare,West
P003034,1958-09-18,Female,Divorced,Commercial,South
P003035,2005-10-14,Female,Single,Medicaid,Midwest
P003036,1958-06-03,Female,Single,Medicare Advantage,South
P003037,1979-10-03,Female,Divorced,Commercial,Midwest
P003038,1936-07-15,Male,Widowed,Medicaid,Midwest
P003039,1980-10-05,Female,Single,Medicare,South
P003040,1942-02-02,Female,Widowed,Medicare,West
P003041,2022-10-17,Male,Single,Medicaid,West
P003042,1943-06-03,Male,Widowed,Medicaid,Midwest
P003043,1957-12-22,Female,Widowed,Commercial,Northeast
P003044,1965-10-02,Female,Widowed,Medicaid,West
P003045,1961-08-06,Male,Divorced,Medicaid,West
P003046,1965-12-29,Male,Married,Medicare,West
P003047,1974-08-01,Female,Widowed,Self-Pay,Northeast
P003048,1947-05-23,Female,Divorced,Self-Pay,Northeast
P003049,1959-05-18,Male,Widowed,Commercial,Northeast
P003050,1955-08-04,Female,Married,Commercial,Northeast
P003051,1974-03-18,Male,Married,Medicare,Midwest
P003052,2021-05-06,Male,Single,Commercial,South
P003053,1946-08-11,Male,Divorced,Medicare,West
P003054,1996-09-07,Male,Married,Commercial,Northeast
P003055,1949-11-10,Male,Married,Commercial,South
P003056,1968-05-14,Male,Married,Medicare,Northeast
P003057,1948-01-02,Male,Single,Medicaid,Midwest
P003058,1957-05-28,Male,Married,Medicare,South
P003059,2001-06-03,Female,Single,Medicare,Midwest
P003060,1985-07-11,Male,Single,Medicare,West
P003061,2017-09-27,Male,Single,Commercial,Midwest
P003062,2025-01-08,Male,Single,Medicare,South
P003063,1970-09-21,Female,Married,Medicaid,West
P003064,2008-05-04,Female,Single,Medicare,Northeast
P003065,2023-04-28,Female,Single,Commercial,Northeast
P003066,2007-10-08,Female,Single,Commercial,Northeast
P003067,1970-06-04,Female,Married,Medicaid,West
P003068,1963-03-15,Male,Married,Medicare Advantage,South
P003069,1959-05-15,Female,Single,Medicaid,Northeast
P003070,2007-09-15,Female,Married,Medicare,South
P003071,1945-03-12,Female,Widowed,Medicaid,Northeast
P003072,2012-01-19,Female,Single,Medicare,Midwest
P003073,1974-02-18,Male,Married,Commercial,West
P003074,1959-03-11,Male,Married,Medicare,Northeast
P003075,1952-04-04,Male,Divorced,Medicare,
P003076,2025-02-28,Male,Single,Medicare,Midwest
P003077,2005-04-27,Male,Married,Commercial,South
P003078,2002-05-05,Male,Single,Medicare,West
P003079,1989-06-05,Female,Single,Commercial,West
P003080,1964-03-29,Female,Married,Commercial,South
P003081,1949-05-07,Female,Married,Commercial,South
P003082,1957-12-05,Male,Married,Medicaid,Midwest
P003083,1955-02-17,Female,Widowed,Medicare,Midwest
P003084,1986-05-17,Female,Married,Medicare Advantage,West
P003085,1992-11-13,Male,Married,Commercial,Northeast
P003086,1939-07-27,Male,Widowed,Medicaid,Northeast
P003087,1956-08-10,Male,Married,Medicaid,Midwest
P003088,1949-03-07,Male,Widowed,Medicare Advantage,South
P003089,1958-04-14,Male,Married,Medicaid,West
P003090,1972-06-22,Female,Married,Medicare,South
P003091,1940-06-14,Female,Widowed,Self-Pay,Midwest
P003092,1970-12-09,Male,Divorced,Commercial,Northeast
P003093,1993-11-12,Male,Married,Medicare Advantage,South
P003094,1986-12-11,Male,Married,Medicare,Midwest
P003095,1964-02-15,Female,Married,Medicare,West
P003096,1984-01-03,Male,Married,Medicare,South
P003097,1946-07-17,Male,Widowed,Commercial,Northeast
P003098,1934-10-31,Male,Married,Medicaid,South
P003099,1963-10-24,Male,Married,Medicaid,Midwest
P003100,1985-04-08,Male,Married,Commercial,South
P003101,1950-01-06,Female,Widowed,Medicare Advantage,Midwest
P003102,2023-11-25,Female,Single,Self-Pay,South
P003103,1974-08-20,Male,Married,Medicare,South
P003104,2001-01-17,Female,Single,Commercial,Northeast
P003105,1974-05-07,Male,Divorced,Medicare,South
P003106,2019-05-20,Male,Single,Medicare,West
P003107,1984-12-17,Female,Married,Medicaid,Midwest
P003108,1964-02-15,Male,Married,Self-Pay,West
P003109,2005-10-06,Female,Single,Commercial,West
P003110,1951-01-13,Female,Married,Medicare,West
P003111,1941-08-02,Male,Single,Commercial,South
P003112,1945-05-30,Female,Married,Self-Pay,South
P003113,1935-10-11,Female,Married,Medicare,Northeast
P003114,2024-10-16,Male,Single,Medicare,West
P003115,1943-10-06,Female,Married,Medicare,West
P003116,1959-03-01,Female,Married,Medicare,South
P003117,1978-03-11,Female,Single,Commercial,West
P003118,1943-02-17,Female,Widowed,Medicare Advantage,South
P003119,1976-12-22,Female,Married,Self-Pay,Midwest
P003120,1955-07-14,Female,Married,Commercial,South
P003121,1960-11-22,Female,Widowed,Commercial,Northeast
P003122,1999-05-08,Male,Single,Medicare,Midwest
P003123,1959-04-22,Female,Widowed,Commercial,South
P003124,2005-10-08,Female,Single,Commercial,Northeast
P003125,1953-02-08,Female,Divorced,Medicaid,Midwest
P003126,2011-09-24,Male,Single,Medicare Advantage,South
P003127,1968-01-30,Female,Married,Medicare,West
P003128,1983-12-06,Male,Married,Medicare,Midwest
P003129,1948-08-17,Male,Married,Medicare,Northeast
P003130,1955-07-07,Female,Single,Commercial,Northeast
P003131,2016-02-26,Male,Single,Medicare,West
P003132,1970-05-14,Female,Divorced,Medicaid,South
P003133,1960-07-28,Male,Widowed,Medicare,Midwest
P003134,1954-10-02,Female,Married,Commercial,Northeast
P003135,1997-03-13,Female,Single,Commercial,Midwest
P003136,1982-08-30,Female,Widowed,Medicare,Midwest
P003137,1972-01-01,Female,Married,Medicare,South
P003138,1975-07-10,Male,Married,Medicare,Northeast
P003139,1947-04-10,Female,Married,Medicaid,South
P003140,1953-01-04,Male,Divorced,Commercial,Northeast
P003141,1954-11-03,Male,Widowed,Commercial,Northeast
P003142,2024-06-02,Female,Single,Medicare,West
P003143,1938-02-09,Male,Widowed,Medicare Advantage,Northeast
P003144,1959-05-28,Female,Divorced,Commercial,South
P003145,1968-03-30,Female,Married,Commercial,South
P003146,2018-09-12,Male,Single,Commercial,South
P003147,2018-10-13,Male,Single,Medicare,Northeast
P003148,1993-05-03,Male,Married,Commercial,South
P003149,1985-09-10,Male,Married,Commercial,Midwest
P003150,1972-10-21,Male,Widowed,Medicare,South
P003151,1975-07-03,Male,Married,Commercial,West
P003152,1980-07-17,Female,Married,Commercial,Midwest
P003153,1977-02-12,Female,Divorced,Medicare,South
P003154,1983-06-03,Male,Single,Commercial,Northeast
P003155,2018-09-03,Male,Single,Commercial,Northeast
P003156,1969-05-18,Female,Divorced,Medicaid,South
P003157,1977-09-30,Female,Divorced,Medicare,South
P003158,1999-01-17,Female,Single,Commercial,Northeast
P003159,1987-11-04,Female,Single,Commercial,Midwest
P003160,1945-03-31,Male,Married,Commercial,Midwest
P003161,1994-05-03,Other,Married,Medicare,South
P003162,1981-07-03,Female,Married,Medicare,Northeast
P003163,1941-04-26,Female,Widowed,Medicare,West
P003164,1977-08-15,Female,Married,Commercial,West
P003165,1960-02-14,Female,Widowed,Commercial,South
P003166,1988-07-26,Female,Married,Medicare,West
P003167,1988-01-17,Male,Single,Medicare,Midwest
P003168,2008-01-04,Female,Single,Medicare,Northeast
P003169,1975-11-26,Female,Married,Commercial,Midwest
P003170,2025-01-30,Male,Single,Medicare,South
P003171,1989-03-16,Female,Married,Commercial,South
P003172,1959-07-01,Male,Married,Medicare,South
P003173,1962-04-27,Female,Divorced,Medicaid,Midwest
P003174,2001-07-17,Male,Single,Commercial,West
P003175,2015-05-29,Female,Single,Medicare,Midwest
P003176,2022-06-30,Female,Single,Commercial,West
P003177,1931-08-08,Male,Married,Medicaid,Midwest
P003178,1965-02-04,Female,Single,Medicaid,Northeast
P003179,1955-10-08,Female,Married,Medicaid,West
P003180,2001-12-12,Female,Married,Commercial,
P003181,2010-04-15,Female,Single,Medicare,Midwest
P003182,1967-10-27,Female,Married,Medicare Advantage,Midwest
P003183,1950-08-01,Female,Widowed,Commercial,Northeast
P003184,1973-01-21,Female,Married,Medicaid,South
P003185,1942-12-26,Male,Married,Medicare,Midwest
P003186,1967-07-14,Male,Widowed,Medicare,South
P003187,1959-12-04,Male,Married,Medicare Advantage,South
P003188,2016-09-25,Female,Single,Medicare,West
P003189,1960-06-29,Female,Married,Commercial,Midwest
P003190,1947-07-08,Female,Married,Medicare,Midwest
P003191,1939-09-08,Male,Widowed,Commercial,Midwest
P003192,1983-05-14,Male,Single,Commercial,South
P003193,1978-12-29,Female,Married,Medicare,Midwest
P003194,1985-10-18,Female,Married,Commercial,West
P003195,2006-03-06,Male,Single,Medicare Advantage,South
P003196,1936-11-10,Female,Widowed,Medicaid,Midwest
P003197,1960-10-21,Female,Married,Commercial,West
P003198,2022-05-30,Male,Single,Commercial,West
P003199,1948-05-26,Male,Married,Other,South
P003200,1956-09-23,Female,Married,Medicaid,South
P003201,1968-02-17,Female,Widowed,Commercial,West
P003202,1939-08-16,Male,Widowed,Medicare Advantage,South
P003203,1956-02-02,Male,Divorced,Commercial,Midwest
P003204,2019-11-19,Female,Single,Medicare,West
P003205,1929-04-13,Female,Widowed,Medicare,Northeast
P003206,2006-09-15,Male,Single,Medicare,West
P003207,1958-04-19,Female,Single,Commercial,South
P003208,1958-09-13,Male,Married,Medicaid,South
P003209,1950-11-07,Male,Married,Medicare Advantage,West
P003210,2014-05-24,Male,Single,Medicare Advantage,Northeast
P003211,1999-02-17,Male,Single,Self-Pay,Midwest
P003212,1946-02-25,Male,Married,Medicare,Northeast
P003213,1945-04-21,Male,Widowed,Medicaid,South
P003214,1956-11-22,Female,Single,Medicare,Midwest
P003215,1976-02-08,Male,Married,Medicare Advantage,Midwest
P003216,1992-09-01,Female,Single,Medicare,South
P003217,1976-07-25,Male,Single,Medicare,Midwest
P003218,1953-01-19,Female,Widowed,Self-Pay,Northeast
P003219,1951-07-27,Male,Divorced,Commercial,South
P003220,1974-02-17,Female,Widowed,Commercial,Midwest
P003221,1970-02-13,Male,Married,Commercial,West
P003222,1965-12-06,Female,,Commercial,South
P003223,1990-10-02,Female,Married,Medicare,Midwest
P003224,1969-08-14,Male,Widowed,Commercial,Midwest
P003225,1930-05-25,Female,Divorced,Commercial,Northeast
P003226,1953-10-14,Female,Married,Medicaid,South
P003227,1982-11-06,Male,Single,Medicare,West
P003228,1991-04-15,Female,Married,Medicare Advantage,Northeast
P003229,1983-05-11,Female,Married,Medicaid,West
P003230,2003-06-03,Female,Single,Self-Pay,Northeast
P003231,1947-10-02,Male,Divorced,Self-Pay,Northeast
P003232,2012-10-11,Male,Single,Medicare Advantage,West
P003233,1953-03-01,Female,Married,Medicaid,Midwest
P003234,1953-04-12,Female,Widowed,Commercial,Northeast
P003235,2007-05-23,Female,Single,Medicare,Midwest
P003236,1960-12-03,Female,Widowed,Medicare Advantage,South
P003237,2013-12-14,Male,Single,Medicaid,Northeast
P003238,1981-06-29,Male,Single,Commercial,South
P003239,1964-09-25,Male,Single,Medicare,West
P003240,1971-03-24,Male,Widowed,Medicare Advantage,West
P003241,1979-04-11,Male,Single,Medicaid,West
P003242,1952-05-12,Female,Single,Medicaid,Northeast
P003243,1954-08-04,Female,Married,Medicare,South
P003244,1998-12-26,Female,Married,Medicare,South
P003245,1991-03-10,Female,Married,Commercial,South
P003246,1946-11-03,Female,Married,Commercial,West
P003247,1983-07-03,Female,Single,Medicare,Midwest
P003248,1982-05-10,Female,Divorced,Other,South
P003249,1933-12-14,Male,Married,Medicare Advantage,Northeast
P003250,1931-12-03,Female,Married,Commercial,West
P003251,1985-10-31,Male,Single,Other,South
P003252,2025-01-11,Male,Single,Medicaid,Northeast
P003253,1955-06-13,Female,Married,Medicare,South
P003254,1954-07-25,Male,Married,Medicare,Northeast
P003255,1957-08-04,Male,Divorced,Medicare Advantage,Midwest
P003256,1958-02-15,Male,Single,Medicare,Northeast
P003257,1952-02-03,Male,Divorced,Commercial,South
P003258,1978-03-30,Male,Married,Other,Midwest
P003259,1986-11-16,Male,Divorced,Medicaid,Midwest
P003260,1950-08-02,Female,Married,Medicare,South
P003261,1946-03-13,Male,Single,Medicaid,South
P003262,1947-08-23,Male,Widowed,Other,South
P003263,1947-02-07,Other,Widowed,Medicare Advantage,Northeast
P003264,1958-01-05,Male,Married,Commercial,West
P003265,1972-02-18,Male,Single,Other,South
P003266,1987-07-28,Male,Married,Commercial,Northeast
P003267,1983-09-03,Male,Married,Medicare,South
P003268,1930-07-29,Male,Widowed,Commercial,South
P003269,1989-11-24,Female,Single,Self-Pay,Northeast
P003270,1984-09-20,Male,Married,Commercial,South
P003271,1970-07-22,Male,Divorced,Medicare,Midwest
P003272,1962-08-26,Female,Married,Commercial,West
P003273,1997-11-15,Female,Divorced,Commercial,South
P003274,1954-01-13,Male,Widowed,Medicare,South
P003275,1971-02-07,Male,Divorced,Self-Pay,Midwest
P003276,1995-09-05,Male,Married,Medicare,Northeast
P003277,1962-07-22,Female,Single,Medicare,South
P003278,1998-01-21,Female,Single,Medicaid,West
P003279,1971-11-01,Male,Married,Medicare,West
P003280,1955-01-26,Male,Married,Medicaid,West
P003281,2023-06-24,Male,Single,Medicare,South
P003282,1960-05-20,Female,Divorced,Medicaid,Northeast
P003283,1974-03-24,Female,Divorced,Medicare,South
P003284,1975-03-28,Male,Married,Medicare,West
P003285,2021-03-30,Male,,Medicaid,South
P003286,1993-05-03,Female,Widowed,Medicaid,South
P003287,1955-12-20,Female,Married,Medicaid,Midwest
P003288,1951-07-28,Male,Divorced,Medicare Advantage,Midwest
P003289,1969-07-05,Male,Married,Medicare,Midwest
P003290,1956-12-01,Female,Widowed,Commercial,South
P003291,1978-12-08,Male,Single,Medicare,Midwest
P003292,1957-12-02,Male,Married,Commercial,Northeast
P003293,1969-06-03,Male,Married,Medicare,Northeast
P003294,1970-01-03,Male,Single,Medicare Advantage,Midwest
P003295,1955-12-03,Male,Widowed,Medicare,Midwest
P003296,1981-10-02,Female,Married,Medicare,South
P003297,1956-11-01,Female,Divorced,Medicare,South
P003298,2012-05-23,Female,Single,Other,South
P003299,2006-08-17,Female,Married,Medicaid,West
P003300,1971-12-08,Male,Divorced,Medicaid,Midwest
P003301,2021-10-14,Male,Single,Medicare,Northeast
P003302,2007-06-25,Female,Single,Medicare,South
P003303,1977-03-13,Male,Married,Commercial,West
P003304,1948-09-08,Male,Single,Medicare Advantage,Midwest
P003305,1947-02-27,Female,Married,Medicaid,South
P003306,1954-04-05,Male,Married,Medicare Advantage,Northeast
P003307,1947-12-08,Female,Married,Medicaid,South
P003308,1967-06-28,Female,Divorced,Self-Pay,Midwest
P003309,1944-06-14,Female,Married,Commercial,West
P003310,1956-12-18,Female,Married,Medicare,South
P003311,2004-08-21,Female,Widowed,Commercial,Midwest
P003312,2005-09-01,Female,Married,Commercial,South
P003313,1994-02-21,Female,Married,Commercial,South
P003314,1963-07-20,Female,Married,Commercial,West
P003315,1995-01-11,Male,Married,Medicare,South
P003316,2011-06-09,Female,Single,Medicaid,
P003317,1953-03-06,Male,Married,Medicaid,South
P003318,1959-05-24,Male,Married,Medicare Advantage,South
P003319,1936-02-16,Male,Married,Medicaid,Northeast
P003320,1954-07-07,Female,Divorced,Medicaid,South
P003321,2000-03-08,Female,Single,Medicaid,South
P003322,1975-06-19,Female,Married,Medicare,Midwest
P003323,1930-11-28,Female,Married,Commercial,South
P003324,1947-12-18,Male,Married,Medicare,West
P003325,2004-01-09,Female,Single,Medicaid,Northeast
P003326,1973-06-23,Male,Married,Medicare Advantage,Midwest
P003327,1995-12-17,Male,Married,Medicaid,South
P003328,1959-02-20,Male,Single,Medicare,South
P003329,1987-08-11,Male,Single,Medicare,Northeast
P003330,1968-01-01,Female,Divorced,Medicare,West
P003331,1959-04-11,Female,Divorced,Medicare,Northeast
P003332,2003-09-24,Female,Married,Commercial,South
P003333,1956-01-29,Female,Divorced,Medicare,Midwest
P003334,2024-01-05,Male,Single,Medicaid,Midwest
P003335,1979-12-14,Female,Married,Medicaid,South
P003336,1995-01-23,Female,Single,Medicare,South
P003337,2006-02-21,Female,Single,Medicare,Northeast
P003338,2008-04-30,Male,Single,Commercial,Midwest
P003339,2009-12-17,Male,Single,Medicare Advantage,South
P003340,1964-04-23,Female,Married,Medicare,South
P003341,1950-05-06,Male,Married,Commercial,South
P003342,1950-08-08,Female,Married,Medicare,Northeast
P003343,2005-08-31,Male,Single,Commercial,South
P003344,1979-12-01,Male,Single,Medicare Advantage,Midwest
P003345,1967-02-11,Male,Single,Medicare Advantage,South
P003346,1980-07-04,Female,Single,Commercial,South
P003347,1985-02-28,Male,Single,Commercial,South
P003348,1966-12-19,Male,Single,Commercial,South
P003349,1981-07-25,Female,Married,Medicaid,South
P003350,1953-01-13,Female,Married,Commercial,South
P003351,1952-05-26,Male,Married,Medicare,South
P003352,1964-12-07,Female,Married,Medicare,Midwest
P003353,1983-04-15,Male,Single,Medicare,West
P003354,1955-12-17,Female,Married,Medicaid,Northeast
P003355,1974-09-30,Male,Married,Medicare,West
P003356,2017-06-10,Female,Single,Other,Midwest
P003357,1969-04-21,Female,Single,Commercial,West
P003358,1987-12-16,Male,Single,Medicaid,Midwest
P003359,1948-10-22,Male,Widowed,Medicaid,Northeast
P003360,1943-09-05,Male,Married,Commercial,South
P003361,2018-07-13,Male,Single,Medicaid,South
P003362,2012-03-06,Female,Single,Medicare,Northeast
P003363,2006-08-17,Male,Single,Medicaid,West
P003364,1953-12-13,Female,Divorced,Commercial,West
P003365,1962-05-26,Male,Married,Commercial,South
P003366,1942-09-09,Female,Widowed,Medicare,West
P003367,1935-10-11,Male,Widowed,Medicaid,West
P003368,2023-04-19,Male,Single,Medicaid,West
P003369,1955-02-18,Other,Married,Medicare,Northeast
P003370,1934-08-18,Male,Married,Medicaid,South
P003371,1966-04-22,Female,Married,Commercial,Northeast
P003372,1930-07-20,Male,Married,Self-Pay,South
P003373,2007-02-09,Female,Single,Commercial,Midwest
P003374,1996-12-19,Female,Single,Self-Pay,West
P003375,1962-05-18,Male,Married,Medicaid,Northeast
P003376,1957-12-11,Female,Married,Commercial,Midwest
P003377,1987-12-22,Female,Married,Self-Pay,West
P003378,1943-09-04,Male,Widowed,Other,Midwest
P003379,1997-02-24,Female,Single,Medicare,West
P003380,2005-09-10,Male,Single,Medicare Advantage,West
P003381,1959-07-27,Male,Married,Medicare,South
P003382,1970-02-20,Male,Married,Medicaid,South
P003383,2014-01-27,Male,Single,Medicare,West
P003384,1969-11-15,Female,Married,Commercial,South
P003385,1951-03-11,Male,Widowed,Self-Pay,Northeast
P003386,1963-12-26,Female,Married,Commercial,West
P003387,1964-08-02,Female,Married,Medicare,West
P003388,1972-08-19,Female,Married,Medicaid,Northeast
P003389,1961-06-06,Female,Widowed,Medicare,Northeast
P003390,1980-02-01,Female,Single,Self-Pay,Midwest
P003391,1977-02-18,Male,,Medicare,West
P003392,2000-12-08,Male,Single,Medicare,South
P003393,1956-12-23,Male,Widowed,Commercial,Midwest
P003394,2009-12-03,Female,Single,Medicare,West
P003395,2017-06-08,Female,Single,Medicare,South
P003396,1947-08-28,Female,Married,Medicare,South
P003397,1990-09-18,Male,Married,Medicare,West
P003398,1960-11-25,Female,Married,Commercial,South
P003399,1974-11-21,Male,Married,Medicare,Midwest
P003400,1961-11-04,Female,Married,Medicare,
P003401,1981-02-17,Male,Married,Medicaid,South
P003402,1976-06-05,Female,Married,Medicaid,West
P003403,1981-09-20,Male,Married,Medicare,Midwest
P003404,1953-05-02,Female,Widowed,Commercial,Northeast
P003405,1969-01-20,Female,Married,Medicaid,Midwest
P003406,1980-07-15,Male,Married,Self-Pay,South
P003407,1972-01-12,Male,Divorced,Commercial,West
P003408,1961-11-08,Female,Married,Other,South
P003409,2012-05-25,Female,Single,Medicare,Northeast
P003410,1954-01-23,Female,Married,Medicare,South
P003411,2015-03-11,Male,Single,Self-Pay,Midwest
P003412,1986-12-08,Female,Married,Self-Pay,South
P003413,1971-01-09,Female,Divorced,Medicare,South
P003414,2013-02-13,Male,Single,Medicaid,West
P003415,2019-08-18,Female,Single,Commercial,West
P003416,1979-01-01,Male,Married,Medicare,South
P003417,2022-09-09,Male,Single,Medicare,West
P003418,1957-12-22,Female,Married,Self-Pay,South
P003419,1982-01-10,Male,Married,Other,Midwest
P003420,2015-07-29,Male,Single,Commercial,West
P003421,1972-03-10,Male,Married,Medicaid,Midwest
P003422,1974-12-26,Male,Married,Medicare,Midwest
P003423,1991-06-19,Female,Married,Medicare Advantage,West
P003424,1953-03-30,Male,Widowed,Medicare Advantage,Midwest
P003425,2013-09-22,Male,Single,Commercial,South
P003426,1983-12-10,Female,Single,Medicare,Midwest
P003427,1961-03-14,Female,Single,Commercial,South
P003428,1951-01-01,Male,Married,Medicaid,South
P003429,1930-06-29,Male,Married,Medicaid,Northeast
P003430,1989-04-10,Male,Single,Medicare,Midwest
P003431,1971-09-18,Male,Married,Commercial,South
P003432,2006-04-11,Female,Single,Commercial,South
P003433,1947-08-18,Male,Married,Medicare Advantage,West
P003434,1953-08-08,Female,Married,Commercial,Northeast
P003435,1982-12-23,Female,Divorced,Commercial,West
P003436,1962-05-16,Male,Married,Self-Pay,West
P003437,1951-05-27,Male,Married,Medicaid,Northeast
P003438,1993-01-15,Male,Married,Medicaid,South
P003439,1972-05-15,Male,Married,Medicare,West
P003440,1986-06-29,Female,Married,Medicare,Midwest
P003441,2002-11-15,Male,Single,Medicaid,South
P003442,1950-07-29,Female,Married,Commercial,South
P003443,1986-05-06,Male,Married,Self-Pay,Midwest
P003444,1986-04-13,Male,Widowed,Medicare,South
P003445,1962-01-19,Female,Divorced,Medicare,West
P003446,2018-10-27,Male,Single,Medicaid,West
P003447,2009-06-10,Other,Single,Medicare,Northeast
P003448,1953-08-18,Male,Married,Medicare,South
P003449,1983-02-17,Female,Married,Medicaid,Midwest
P003450,2011-07-24,Male,Single,Medicare Advantage,West
P003451,1974-07-10,Male,Married,Commercial,Midwest
P003452,1983-05-22,Male,Single,Medicaid,South
P003453,2002-08-05,Male,Single,Medicare Advantage,Midwest
P003454,1951-03-31,Male,Single,Medicare,Northeast
P003455,1952-07-11,Female,Married,Commercial,South
P003456,1963-05-10,Female,Married,Medicaid,Midwest
P003457,1987-01-02,Female,Single,Commercial,Midwest
P003458,1941-09-16,Female,Married,Medicare,Midwest
P003459,1932-06-07,Male,Married,Medicare Advantage,South
P003460,2019-02-09,Female,Single,Medicare,Northeast
P003461,1972-08-02,Male,Married,Commercial,Northeast
P003462,1967-11-23,Female,Married,Medicare,South
P003463,1949-10-23,Male,Widowed,Medicaid,South
P003464,1933-07-04,Male,Married,Medicare Advantage,West
P003465,1964-04-20,Male,Married,Self-Pay,Northeast
P003466,1967-10-08,Male,Widowed,Medicaid,South
P003467,1943-07-17,Female,Widowed,Medicare,South
P003468,1989-12-19,Male,Married,Commercial,South
P003469,1945-03-30,Female,Married,Medicare,South
P003470,2023-07-25,Female,Single,Medicare,Midwest
P003471,1971-01-28,Male,Single,Medicare,Northeast
P003472,1990-08-14,Male,Single,Medicaid,Northeast
P003473,1932-11-10,Male,Divorced,Medicaid,Midwest
P003474,1949-05-02,Male,Married,Medicare,West
P003475,1950-11-02,Male,Widowed,Medicare,West
P003476,1971-01-29,Female,Divorced,Medicaid,West
P003477,1960-02-23,Male,Married,Medicaid,West
P003478,1976-12-25,Male,Married,Medicaid,Northeast
P003479,1959-10-02,Female,Married,Medicare Advantage,West
P003480,2010-11-23,Female,Single,Medicaid,Midwest
P003481,1963-03-16,Female,Married,Medicare,Midwest
P003482,1944-01-06,Female,Widowed,Medicare,South
P003483,1934-03-08,Male,Widowed,Commercial,South
P003484,2008-11-26,Male,Single,Self-Pay,Midwest
P003485,1973-04-08,Male,Married,Self-Pay,Northeast
P003486,1989-06-19,Male,Married,Commercial,West
P003487,1958-01-09,Male,Married,Medicare,South
P003488,1940-01-07,Female,Divorced,Commercial,Midwest
P003489,1963-12-21,Male,Married,Self-Pay,Northeast
P003490,2005-08-12,Female,Single,Medicaid,Midwest
P003491,1980-08-08,Male,Married,Medicare,South
P003492,1931-06-27,Female,Widowed,Other,West
P003493,2001-12-04,Male,Married,Commercial,Northeast
P003494,1961-02-20,Male,Single,Medicare Advantage,South
P003495,1977-12-07,Male,Married,Medicare Advantage,Northeast
P003496,2010-04-17,Female,Single,Medicaid,South
P003497,1952-05-05,Male,Married,Self-Pay,South
P003498,1964-05-12,Female,Married,Commercial,Northeast
P003499,1989-10-29,Female,Married,Medicare,South
P003500,1962-04-24,Female,Divorced,Medicaid,South
P003501,1991-11-17,Male,Married,Medicaid,West
P003502,1959-07-08,Male,Married,Self-Pay,South
P003503,1953-10-02,Male,Married,Medicaid,Northeast
P003504,2002-08-12,Male,Single,Commercial,South
P003505,1947-09-06,Male,Married,Medicaid,South
P003506,1986-09-03,Male,Married,Medicaid,South
P003507,1974-04-29,Female,Married,Medicare,West
P003508,1978-11-04,Male,Married,Self-Pay,South
P003509,1968-02-14,Male,Widowed,Medicare,South
P003510,1977-08-08,Female,Married,Medicaid,West
P003511,1951-08-06,Female,Married,Medicare,South
P003512,1978-11-25,Female,Married,Medicare Advantage,South
P003513,1973-01-26,Male,Divorced,Medicare,South
P003514,2022-04-09,Male,Single,Medicare,South
P003515,1966-03-30,Male,Divorced,Medicare,South
P003516,1957-12-06,Male,Single,Commercial,South
P003517,1963-08-12,Male,Married,Medicare,Northeast
P003518,1975-01-05,Male,Single,Medicare,Midwest
P003519,1956-08-12,Male,Married,Commercial,West
P003520,1931-06-27,Female,Married,Medicare,West
P003521,1961-01-21,Male,Widowed,Commercial,West
P003522,1955-09-11,Female,Married,Medicaid,South
P003523,1948-11-15,Male,Divorced,Medicare,South
P003524,1955-08-16,Male,Married,Self-Pay,Northeast
P003525,1959-07-02,Male,Married,Medicaid,West
P003526,1968-01-11,Male,Married,Commercial,West
P003527,2020-04-03,Female,Single,Medicare,South
P003528,1980-05-27,Male,Married,Medicare,South
P003529,2010-02-12,Male,Single,Medicare Advantage,South
P003530,1930-08-22,Female,Widowed,Commercial,Northeast
P003531,1989-11-06,Male,Married,Medicare,South
P003532,1983-09-24,Male,Married,Medicaid,South
P003533,1953-08-14,Female,Married,Commercial,West
P003534,2025-06-16,Female,Single,Commercial,South
P003535,1950-04-24,Male,Married,Commercial,South
P003536,1985-03-14,Male,Married,Medicare Advantage,Midwest
P003537,1930-12-22,Female,Married,Medicare Advantage,Midwest
P003538,1975-12-06,Female,Married,Medicare,Midwest
P003539,1972-11-10,Male,Divorced,Medicare,Northeast
P003540,1982-03-10,Female,Married,Self-Pay,South
P003541,1990-06-25,Female,Married,Self-Pay,South
P003542,1985-08-28,Female,Married,Medicaid,Northeast
P003543,1970-10-10,Female,Divorced,Medicaid,South
P003544,1953-09-07,Female,Married,Commercial,South
P003545,1991-11-18,Male,Single,Medicaid,South
P003546,1950-08-16,Female,Married,Medicare,Northeast
P003547,1969-05-11,Male,Divorced,Commercial,South
P003548,1950-05-29,Female,Married,Commercial,Midwest
P003549,2019-05-26,Female,Single,Medicaid,Northeast
P003550,1972-02-21,Female,Single,Commercial,South
P003551,1949-08-13,Male,Divorced,Self-Pay,South
P003552,1990-10-06,Female,Married,Commercial,West
P003553,1955-02-26,Male,Married,Commercial,West
P003554,1963-08-16,Female,Divorced,Medicare,West
P003555,1972-12-10,Male,Single,Medicaid,South
P003556,2022-10-01,Male,Single,Medicare,Northeast
P003557,1997-04-10,Male,Single,Medicare,Midwest
P003558,1937-09-10,Male,Married,Other,Midwest
P003559,1957-09-03,Male,Divorced,Medicaid,South
P003560,1949-09-24,Male,Widowed,Medicare,South
P003561,1951-08-22,Male,Married,Medicare,Midwest
P003562,1953-07-19,Male,Married,Commercial,West
P003563,1933-08-30,Male,Widowed,Self-Pay,South
P003564,1991-08-08,Male,Married,Medicare,West
P003565,1941-05-16,Male,Widowed,Medicare,West
P003566,2022-11-25,Male,Single,Medicare Advantage,Northeast
P003567,1981-07-21,Male,Single,Medicaid,South
P003568,1969-12-25,Female,Married,Commercial,West
P003569,1943-12-19,Male,Married,Medicare Advantage,West
P003570,1994-09-19,Male,Single,Medicaid,Northeast
P003571,1951-12-20,Male,Married,Commercial,West
P003572,1989-09-12,Male,Single,Medicare,South
P003573,1938-04-12,Female,Married,Medicare,Northeast
P003574,2003-07-19,Female,Single,Medicare,South
P003575,1931-01-24,Male,Widowed,Medicare,South
P003576,1983-08-27,Female,Married,Medicaid,Midwest
P003577,1965-11-22,Female,Single,Self-Pay,South
P003578,1962-10-15,Female,Divorced,Medicare,South
P003579,2001-07-18,Male,Single,Medicaid,West
P003580,1987-10-29,Male,Divorced,Commercial,Midwest
P003581,1952-07-17,Male,Single,Medicare,West
P003582,1964-11-26,Female,Married,Medicare,Midwest
P003583,1994-03-05,Male,Married,Medicaid,Midwest
P003584,2003-08-26,Male,Married,Commercial,Northeast
P003585,1944-11-22,Male,Married,Medicaid,West
P003586,2008-03-30,Female,Single,Commercial,West
P003587,1953-05-22,Female,Married,Medicare,West
P003588,1997-09-15,Male,Single,Medicare,West
P003589,2014-05-03,Male,Single,Medicare,Northeast
P003590,1976-07-12,Male,Single,Medicaid,South
P003591,1950-06-05,Female,Widowed,Medicare Advantage,Northeast
P003592,2005-07-08,Female,Single,Medicaid,South
P003593,2018-11-05,Female,Single,Commercial,South
P003594,1950-04-09,Female,Single,Commercial,South
P003595,1975-05-10,Male,Single,Medicaid,Northeast
P003596,1983-11-21,Male,Married,Commercial,Midwest
P003597,1974-07-26,Female,Single,Medicare Advantage,South
P003598,1987-06-16,Male,Married,Medicaid,South
P003599,1951-02-10,Male,Married,Commercial,Midwest
P003600,1994-06-20,Male,Single,Other,West
P003601,1960-06-03,Male,Married,Medicare Advantage,West
P003602,1954-03-01,Male,Widowed,Other,Midwest
P003603,1958-01-27,Female,Widowed,Medicaid,South
P003604,1949-09-02,Female,Married,Medicare,Northeast
P003605,1930-06-07,Male,Married,Commercial,South
P003606,1988-03-18,Female,Married,Medicaid,Midwest
P003607,1981-04-15,Male,Married,Commercial,Midwest
P003608,1970-01-06,Male,Married,Commercial,South
P003609,1933-04-22,Male,Divorced,Self-Pay,West
P003610,1962-08-14,Male,Single,Commercial,Midwest
P003611,1966-03-15,Female,Divorced,Commercial,South
P003612,1946-02-05,Male,Divorced,Medicare,West
P003613,1943-10-11,Male,Single,Medicare,South
P003614,1962-05-28,Female,Divorced,Medicare,South
P003615,2022-11-12,Male,Single,Medicare,Midwest
P003616,2014-07-13,Male,Single,Other,South
P003617,1960-11-09,Female,Married,Medicare,Midwest
P003618,1979-11-03,Female,Married,Medicare,Midwest
P003619,1960-05-15,Female,Married,Medicare Advantage,South
P003620,1971-02-24,Female,Divorced,Commercial,South
P003621,1957-07-05,Female,Divorced,Medicare,Northeast
P003622,1983-06-04,Male,Married,Commercial,West
P003623,1954-10-06,Female,Divorced,Medicaid,Northeast
P003624,1941-05-08,Male,Widowed,Self-Pay,Northeast
P003625,1964-10-13,Female,Married,Commercial,Midwest
P003626,1973-10-17,Male,Married,Commercial,West
P003627,2005-03-22,Male,Single,Commercial,West
P003628,1953-06-08,Female,Divorced,Commercial,Midwest
P003629,1968-08-29,Female,Married,Medicare,South
P003630,1971-03-18,Male,Married,Medicare,Northeast
P003631,1959-07-04,Female,Married,Self-Pay,Northeast
P003632,1974-01-29,Male,Divorced,Medicare,South
P003633,1980-02-20,Female,Married,Commercial,South
P003634,1978-04-28,Male,Divorced,Commercial,South
P003635,1980-04-13,Female,Married,Self-Pay,South
P003636,1939-10-01,Male,Married,Medicare,Northeast
P003637,1994-04-28,Female,Married,Commercial,Midwest
P003638,1980-11-13,Male,Married,Medicare,Midwest
P003639,1968-12-08,Female,Married,Commercial,Midwest
P003640,2009-10-09,Male,Single,Commercial,Midwest
P003641,1951-01-02,Male,Divorced,Commercial,West
P003642,1968-10-30,Male,Married,Commercial,West
P003643,1986-02-09,Female,Married,Medicare,South
P003644,1989-08-27,Female,Married,Self-Pay,Midwest
P003645,1937-06-03,Male,Married,Commercial,Midwest
P003646,1986-09-22,Male,Married,Medicare,Northeast
P003647,1963-08-19,Female,Divorced,Self-Pay,South
P003648,1961-06-02,Female,Married,Medicare,South
P003649,1976-09-22,Female,Married,Commercial,West
P003650,1995-04-25,Male,Married,Medicare Advantage,South
P003651,1967-04-26,Female,Married,Commercial,Northeast
P003652,1981-01-26,Male,Single,Medicaid,South
P003653,2014-04-27,Female,Single,Medicare,West
P003654,1980-03-05,Female,Single,Commercial,West
P003655,1958-11-01,Male,Widowed,Medicaid,Midwest
P003656,1942-03-17,Female,Widowed,Medicare,South
P003657,2002-06-09,Male,Single,Medicare,West
P003658,1964-01-06,Male,Married,Commercial,Northeast
P003659,1997-08-18,Male,Single,Medicare,South
P003660,1948-11-11,Female,Divorced,Commercial,South
P003661,1959-05-08,Male,Married,Medicare,Northeast
P003662,1936-04-30,Female,Married,Medicare,South
P003663,1967-12-27,Male,Married,Medicare,Midwest
P003664,2016-03-15,Female,Single,Commercial,West
P003665,1955-12-04,Male,Married,Medicaid,Midwest
P003666,1993-12-28,Male,Married,Medicaid,South
P003667,1952-11-14,Female,Married,Self-Pay,South
P003668,2016-12-09,Male,Single,Medicare,West
P003669,1982-10-13,Male,Married,Medicare,Midwest
P003670,1960-05-06,Female,Married,Commercial,Midwest
P003671,1940-04-02,Male,Married,Commercial,Northeast
P003672,1983-01-12,Male,Married,Commercial,Midwest
P003673,2001-06-27,Female,Single,Self-Pay,Midwest
P003674,1956-01-15,Female,Married,Medicare,West
P003675,1960-11-20,Other,Widowed,Medicare,Northeast
P003676,1950-06-24,Female,Married,Medicare,South
P003677,1948-03-08,Female,Widowed,Commercial,West
P003678,1960-05-07,Male,Widowed,Medicaid,West
P003679,1980-12-18,Female,Divorced,Self-Pay,West
P003680,1962-02-26,Female,Married,Commercial,South
P003681,1933-04-29,Female,Widowed,Commercial,South
P003682,1990-03-03,Male,Married,Medicare,West
P003683,1950-08-10,Female,Single,Medicare,
P003684,1989-01-22,Female,Married,Medicare,South
P003685,1970-11-01,Female,Married,Medicare Advantage,Midwest
P003686,1955-09-16,Female,Single,Medicaid,Northeast
P003687,1933-01-26,Male,Widowed,Commercial,South
P003688,1975-01-20,Female,Single,Other,Midwest
P003689,1930-07-28,Male,Married,Commercial,South
P003690,1965-08-04,Male,Single,Medicare,Midwest
P003691,1970-10-13,Male,Married,Medicare,South
P003692,2021-03-22,Male,Single,Medicaid,West
P003693,1998-03-21,Male,Single,Commercial,Midwest
P003694,1973-10-01,Female,Widowed,Medicaid,South
P003695,1966-02-22,Male,Married,Commercial,Midwest
P003696,1977-05-14,Female,Married,Medicare,Northeast
P003697,1964-08-18,Female,Married,Medicare Advantage,Midwest
P003698,1994-07-01,Female,Married,Commercial,South
P003699,1987-02-15,Female,Single,Self-Pay,South
P003700,1946-03-10,Female,Married,Medicare Advantage,Midwest
P003701,1957-12-27,Female,Married,Medicaid,Northeast
P003702,1979-02-25,Male,Married,Medicare,South
P003703,1966-01-07,Male,Single,Medicare,South
P003704,1977-06-22,Female,Single,Medicaid,West
P003705,1930-12-07,Male,Widowed,Self-Pay,West
P003706,1965-05-02,Male,Single,Commercial,Midwest
P003707,2001-05-08,Male,Single,Medicaid,Northeast
P003708,2018-03-22,Male,Single,Commercial,Midwest
P003709,2018-08-13,Male,Single,Commercial,South
P003710,1986-07-18,Female,Married,Commercial,South
P003711,1963-03-22,Female,Married,Medicare,West
P003712,2021-05-08,Female,Single,Medicare,West
P003713,2013-08-20,Male,Single,Other,Northeast
P003714,1980-09-22,Male,Divorced,Medicare,Midwest
P003715,1959-06-22,Female,Married,Commercial,Northeast
P003716,2003-10-24,Female,Single,Commercial,Midwest
P003717,1975-04-10,Female,Married,Medicare,South
P003718,1948-06-04,Female,Widowed,Medicare,Northeast
P003719,1958-10-02,Male,Married,Commercial,South
P003720,1969-06-03,Female,Divorced,Medicare,Northeast
P003721,2007-07-14,Male,Married,Medicaid,West
P003722,1952-12-08,Male,Married,Medicare,Northeast
P003723,1944-02-22,Male,Widowed,Medicare Advantage,South
P003724,1955-06-05,Male,Divorced,Commercial,South
P003725,1991-05-15,Female,Married,Medicare,South
P003726,2004-01-05,Male,Single,Commercial,Northeast
P003727,2004-10-27,Male,Single,Medicare,South
P003728,1981-01-25,Male,Single,Medicare Advantage,South
P003729,1954-02-05,Female,Married,Medicare,West
P003730,1937-08-31,Female,Widowed,Medicaid,South
P003731,1972-08-20,Male,Widowed,Medicare,Midwest
P003732,1971-01-02,Male,Married,Medicare,South
P003733,1981-02-15,Female,Single,Medicaid,West
P003734,1961-03-27,Female,Widowed,Medicare Advantage,Midwest
P003735,1953-06-28,Female,Divorced,Self-Pay,Midwest
P003736,2025-11-26,Female,Single,Commercial,Northeast
P003737,1985-07-18,Male,Single,Medicare,Midwest
P003738,1968-10-14,Female,Married,Medicaid,South
P003739,1987-08-28,Female,Single,Medicaid,Midwest
P003740,1931-01-03,Male,Widowed,Commercial,West
P003741,1992-10-20,Male,Married,Commercial,West
P003742,1932-02-26,Male,Widowed,Medicare,Northeast
P003743,1991-05-23,Male,Single,Medicare,Northeast
P003744,2014-10-31,Female,Single,Medicare,Midwest
P003745,1952-12-05,Male,Married,Commercial,South
P003746,1939-09-03,Male,Married,Medicare,Midwest
P003747,2008-06-08,Male,Single,Medicaid,South
P003748,1986-07-17,Male,Married,Self-Pay,South
P003749,1974-04-21,Male,Married,Medicare Advantage,South
P003750,1991-03-19,Male,Married,Medicare,South
P003751,1982-06-18,Male,Married,Medicare,South
P003752,1969-12-06,Female,Widowed,Medicaid,West
P003753,1988-09-03,Male,Married,Commercial,West
P003754,1983-09-02,Male,Single,Medicare Advantage,South
P003755,1959-03-11,Female,Married,Commercial,West
P003756,1996-07-20,Female,Single,Medicare,South
P003757,1974-12-06,Male,Single,Medicaid,
P003758,1952-05-08,Male,Married,Commercial,West
P003759,1969-10-26,Male,Divorced,Commercial,Northeast
P003760,1971-11-15,Male,Single,Commercial,Northeast
P003761,2023-02-12,Male,Single,Commercial,South
P003762,1954-10-15,Female,Married,Medicare,West
P003763,1974-04-29,Female,Single,Medicaid,South
P003764,1952-12-06,Male,Divorced,Medicare Advantage,South
P003765,1946-09-02,Female,Single,Medicaid,Midwest
P003766,1953-09-10,Male,Married,Self-Pay,South
P003767,1969-06-12,Male,Widowed,Medicare,Northeast
P003768,1953-03-13,Female,Divorced,Medicare,Northeast
P003769,1987-09-04,Female,Married,Medicaid,South
P003770,1959-07-31,Female,Married,Medicare,South
P003771,1987-11-17,Male,Married,Medicare,West
P003772,2019-04-26,Male,Single,Medicaid,South
P003773,1951-06-25,Female,Widowed,Medicare Advantage,Northeast
P003774,1948-02-22,Female,Married,Medicare Advantage,Midwest
P003775,1966-03-26,Male,Married,Medicare,West
P003776,1998-05-08,Male,Single,Medicaid,South
P003777,1968-02-29,Female,Single,Medicaid,Midwest
P003778,1992-06-13,Male,Married,Commercial,West
P003779,1981-11-24,Male,Married,Medicaid,Northeast
P003780,1967-03-29,Male,Single,Commercial,South
P003781,1955-08-28,Female,Widowed,Commercial,West
P003782,1991-03-16,Female,Married,Commercial,Northeast
P003783,1997-12-03,Male,Single,Commercial,South
P003784,1947-11-05,Male,Married,Other,West
P003785,1982-05-11,Male,Single,Medicare,Northeast
P003786,1954-01-07,Female,Married,Commercial,Northeast
P003787,1931-02-23,Female,Widowed,Commercial,South
P003788,2002-01-08,Male,Single,Commercial,West
P003789,1942-11-18,Female,Divorced,Medicaid,Northeast
P003790,1941-01-21,Male,Married,Medicaid,South
P003791,1994-08-07,Male,Married,Medicaid,Midwest
P003792,1993-01-04,Female,Single,Commercial,Northeast
P003793,1972-08-11,Male,Married,Medicare,South
P003794,1950-06-17,Female,Married,Medicaid,South
P003795,2026-07-06,Male,Single,Medicare,Northeast
P003796,1982-12-30,Female,Married,Commercial,Northeast
P003797,2013-08-20,Female,Single,Medicare,Northeast
P003798,1953-01-02,Male,Married,Medicare,Midwest
P003799,1957-08-22,Female,Married,Medicare,Northeast
P003800,1963-11-07,Female,Single,Commercial,Midwest
P003801,1948-11-09,Female,Married,Commercial,South
P003802,2007-07-11,Female,Single,Medicare,West
P003803,1986-01-03,Female,Married,Commercial,Midwest
P003804,1974-12-02,Female,Widowed,Commercial,Northeast
P003805,1959-10-28,Female,Married,Medicare,Midwest
P003806,2012-02-20,Male,Single,Medicaid,Northeast
P003807,1949-07-10,Female,Divorced,Medicare,Northeast
P003808,1944-09-14,Male,Divorced,Medicare,South
P003809,1985-01-30,Male,Widowed,Medicare Advantage,Midwest
P003810,1998-11-02,Female,Married,Medicaid,Northeast
P003811,1947-06-13,Female,Married,Commercial,Midwest
P003812,1968-07-24,Female,Married,Medicare,South
P003813,2019-05-11,Male,Single,Commercial,West
P003814,1930-12-28,Male,Divorced,Commercial,West
P003815,1947-03-09,Female,Widowed,Other,Midwest
P003816,1979-12-05,Male,Married,Commercial,Midwest
P003817,1951-08-15,Female,Widowed,Commercial,South
P003818,2001-10-31,Male,Single,Medicare,South
P003819,1973-05-09,Female,Widowed,Medicare Advantage,Northeast
P003820,2014-01-20,Male,Single,Medicare,Midwest
P003821,1941-03-01,Male,Widowed,Medicare,South
P003822,1991-05-20,Female,Married,Medicaid,Northeast
P003823,1962-01-04,Male,Divorced,Self-Pay,Midwest
P003824,1950-10-20,Male,Widowed,Medicaid,South
P003825,1969-11-21,Male,Single,Medicare,Midwest
P003826,1948-04-18,Male,Married,Commercial,South
P003827,1978-09-20,Female,Married,Medicaid,West
P003828,1968-10-06,Male,Married,Medicare,Midwest
P003829,1988-12-30,Male,Married,Commercial,South
P003830,1971-05-22,Female,Married,Medicaid,South
P003831,1957-01-23,Female,Divorced,Commercial,West
P003832,1997-12-01,Female,Widowed,Medicaid,West
P003833,1996-05-12,Female,Single,Commercial,West
P003834,1971-08-25,Male,Married,Medicaid,South
P003835,1970-09-17,Male,Married,Self-Pay,South
P003836,1943-09-02,Male,Married,Other,Midwest
P003837,2020-08-14,Male,Single,Medicare,South
P003838,1970-12-18,Male,Married,Medicare,South
P003839,2010-07-18,Male,Single,Medicare,Midwest
P003840,1955-01-07,Female,Married,Medicare,South
P003841,1998-04-06,Female,Married,Medicaid,West
P003842,1954-04-11,Female,Divorced,Medicare,South
P003843,1956-03-20,Female,Widowed,Medicaid,Midwest
P003844,1992-02-08,Female,Single,Medicaid,Midwest
P003845,1996-07-07,Female,Married,Commercial,West
P003846,2006-02-28,Female,Single,Medicare,South
P003847,1934-08-29,Male,Widowed,Medicare,Northeast
P003848,2006-09-02,Male,Single,Medicaid,Northeast
P003849,2014-03-20,Female,Single,Medicare,West
P003850,1966-07-06,Female,Married,Medicare,South
P003851,1946-07-09,Female,Married,Medicare Advantage,Midwest
P003852,1995-12-28,Female,Married,Medicare,South
P003853,1965-04-21,Female,Widowed,Medicare,Midwest
P003854,1967-05-15,Male,Married,Commercial,Northeast
P003855,1957-10-17,Female,Married,Medicaid,West
P003856,1946-12-18,Female,Widowed,Medicare,South
P003857,1955-08-23,Male,Widowed,Medicare,South
P003858,2023-12-14,Female,Single,Medicare,Midwest
P003859,1956-11-09,Female,Married,Commercial,South
P003860,2003-10-10,Male,Single,Medicaid,South
P003861,1966-11-02,Female,Married,Self-Pay,West
P003862,1998-01-13,Female,Single,Medicare,West
P003863,2009-03-16,Female,Single,Medicaid,South
P003864,1984-06-10,Female,Married,Commercial,South
P003865,1949-10-08,Male,Married,Medicare,Midwest
P003866,1948-02-10,Male,Married,Medicare,West
P003867,1937-12-27,Female,Widowed,Commercial,Midwest
P003868,1985-10-18,Female,Married,Medicaid,Northeast
P003869,1956-03-20,Male,Married,Medicare,West
P003870,1987-10-09,Female,Divorced,Medicare,South
P003871,1984-12-22,Male,Married,Medicare,Midwest
P003872,1960-02-14,Female,Married,Commercial,South
P003873,1937-07-24,Male,Widowed,Medicaid,Northeast
P003874,1996-12-28,Male,Single,Commercial,Northeast
P003875,1977-02-08,Male,Married,Self-Pay,Northeast
P003876,1953-04-14,Female,Married,Medicare Advantage,South
P003877,1935-03-15,Female,Widowed,Commercial,West
P003878,1957-10-13,Male,Divorced,Medicare,Midwest
P003879,2014-02-13,Male,Single,Medicare,South
P003880,1953-09-25,Female,Single,Self-Pay,Northeast
P003881,1964-09-05,Male,Married,Medicare,Northeast
P003882,1965-08-30,Male,Married,Medicare,Midwest
P003883,1970-11-02,Female,Married,Medicaid,South
P003884,2024-02-04,Female,Single,Self-Pay,South
P003885,2011-02-24,Female,Single,Medicaid,Northeast
P003886,1997-03-18,Female,Single,Medicare,South
P003887,1939-01-17,Female,Widowed,Other,Northeast
P003888,1961-05-18,Male,Divorced,Medicaid,South
P003889,1987-06-14,Male,Married,Medicaid,South
P003890,1958-03-19,Female,Divorced,Medicaid,South
P003891,1959-05-25,Female,Divorced,Medicare,Midwest
P003892,1975-02-17,Male,Widowed,Other,Midwest
P003893,1938-08-05,Male,Widowed,Commercial,South
P003894,1970-12-13,Male,Married,Medicaid,Northeast
P003895,1979-08-23,Female,Married,Medicaid,West
P003896,1970-05-21,Female,Married,Commercial,South
P003897,1955-03-29,Female,Married,Medicare,Midwest
P003898,1981-04-18,Female,Single,Commercial,Midwest
P003899,1967-02-19,Male,Divorced,Medicare,West
P003900,1964-09-30,Female,Married,Medicaid,West
P003901,1949-11-02,Female,Widowed,Medicare,
P003902,1983-01-27,Male,Married,Commercial,South
P003903,1948-01-21,Male,Married,Medicare,West
P003904,1984-01-05,Female,Single,Medicare,South
P003905,1962-10-08,Male,Single,Medicaid,Northeast
P003906,1956-12-15,Female,Married,Medicaid,Midwest
P003907,2021-08-22,Male,Single,Commercial,South
P003908,1993-02-11,Female,Married,Medicare,Midwest
P003909,2017-03-15,Male,Single,Medicare Advantage,South
P003910,1947-11-14,Male,Married,Commercial,South
P003911,1968-06-18,Female,Married,Medicare,Midwest
P003912,1990-05-23,Female,Single,Self-Pay,West
P003913,1939-01-02,Male,Widowed,Self-Pay,South
P003914,1990-05-09,Female,Single,Medicare,South
P003915,1947-05-31,Female,Divorced,Medicare,South
P003916,1977-07-04,Female,Single,Medicare Advantage,Northeast
P003917,1944-01-15,Male,Single,Medicare,Midwest
P003918,1988-07-12,Female,Divorced,Medicaid,South
P003919,2007-08-14,Male,Single,Medicare,West
P003920,1954-10-02,Female,Married,Medicaid,Midwest
P003921,1955-02-02,Male,Married,Medicare,South
P003922,1954-10-13,Male,Widowed,Commercial,West
P003923,1985-06-27,Male,Married,Commercial,South
P003924,1985-02-10,Male,Married,Medicare,South
P003925,1971-02-08,Male,Married,Self-Pay,South
P003926,1990-11-11,Female,Married,Commercial,South
P003927,1983-12-21,Male,Single,Other,South
P003928,2001-12-09,Female,Single,Medicaid,West
P003929,1954-03-27,Female,Widowed,Medicare,Northeast
P003930,1929-05-31,Female,Divorced,Commercial,West
P003931,1984-04-05,Female,Widowed,Commercial,South
P003932,1959-09-16,Other,Widowed,Commercial,South
P003933,1990-07-28,Female,Single,Commercial,West
P003934,1962-09-03,Female,Widowed,Medicare Advantage,Northeast
P003935,1993-11-26,Male,Single,Medicare,Midwest
P003936,1964-04-21,Female,Divorced,Medicare,South
P003937,1959-10-09,Female,Widowed,Self-Pay,South
P003938,1988-01-22,Male,Married,Other,Midwest
P003939,1930-10-24,Male,Widowed,Medicare Advantage,West
P003940,1989-09-02,Male,Married,Commercial,West
P003941,1965-07-24,Male,Divorced,Commercial,South
P003942,1935-11-08,Female,Widowed,Self-Pay,Midwest
P003943,1932-04-26,Female,,Medicaid,South
P003944,1956-06-29,Male,Single,Self-Pay,South
P003945,1947-05-03,Male,Widowed,Medicare,Midwest
P003946,1957-08-04,Female,Married,Commercial,Northeast
P003947,1991-03-07,Male,Single,Medicare,West
P003948,1965-05-04,Male,Divorced,Commercial,Northeast
P003949,2001-07-02,Female,Married,Medicaid,Midwest
P003950,1960-10-03,Male,Married,Self-Pay,Midwest
P003951,1963-06-16,Female,Married,Medicare,South
P003952,1994-06-13,Male,Married,Commercial,South
P003953,1961-06-30,Male,Married,Commercial,Midwest
P003954,1945-06-15,Male,Married,Medicare,South
P003955,1959-02-28,Female,Widowed,Commercial,West
P003956,1938-03-24,Male,Widowed,Medicare,West
P003957,2006-12-09,Male,Single,Medicaid,South
P003958,2016-02-04,Male,Single,Medicaid,Northeast
P003959,1955-06-01,Male,Married,Medicare,Northeast
P003960,1951-08-31,Male,Married,Medicaid,West
P003961,2009-06-03,Male,Single,Medicare,South
P003962,1958-02-16,Male,Widowed,Medicaid,Midwest
P003963,2021-08-12,Female,Single,Medicaid,West
P003964,2018-04-01,Male,Single,Medicare,South
P003965,2020-09-01,Male,Single,Commercial,Northeast
P003966,2010-02-15,Female,Single,Self-Pay,Midwest
P003967,1998-01-05,Female,Married,Medicare Advantage,Northeast
P003968,1999-05-15,Male,Single,Medicaid,South
P003969,1965-12-21,Female,Single,Commercial,South
P003970,1972-02-29,Male,Married,Medicare,West
P003971,1950-09-15,Female,Married,Medicare,Northeast
P003972,1991-11-13,Male,Married,Commercial,South
P003973,1951-12-13,Female,Married,Medicare Advantage,Northeast
P003974,1966-09-20,Female,Married,Medicaid,Midwest
P003975,1963-02-18,Female,Divorced,Medicare,South
P003976,1969-06-03,Male,Single,Medicaid,South
P003977,1976-12-19,Male,Divorced,Commercial,South
P003978,1953-01-19,Female,Divorced,Medicare Advantage,Northeast
P003979,1961-05-20,Male,Single,Medicare,Midwest
P003980,1971-07-20,Female,Married,Medicare Advantage,South
P003981,1955-03-19,Female,Married,Medicare Advantage,South
P003982,1978-12-06,Female,Single,Medicaid,South
P003983,1944-12-19,Male,Widowed,Other,West
P003984,1951-04-16,Female,Single,Commercial,South
P003985,1971-11-02,Male,Married,Self-Pay,Midwest
P003986,1959-04-22,Male,Divorced,Medicare,South
P003987,1978-01-14,Male,Married,Medicare Advantage,Northeast
P003988,1973-04-04,Female,Divorced,Medicare,Northeast
P003989,1982-05-31,Female,Married,Medicaid,South
P003990,1966-05-05,Female,Married,Commercial,Northeast
P003991,1991-10-05,Male,Divorced,Medicare,Midwest
P003992,1955-02-27,Female,Widowed,Medicaid,West
P003993,1957-09-23,Male,Married,Medicaid,Midwest
P003994,1972-04-10,Female,Single,Commercial,South
P003995,2008-05-12,Male,Single,Commercial,South
P003996,1976-09-21,Female,Single,Commercial,South
P003997,2006-01-20,Female,Married,Medicare,Midwest
P003998,1968-01-20,Female,Married,Commercial,Midwest
P003999,1999-02-10,Female,Single,Medicare,Northeast
P004000,1996-02-07,Female,Married,Commercial,Northeast
P004001,2019-02-08,Female,Single,Commercial,Midwest
P004002,1948-06-23,Female,Married,Medicaid,Midwest
P004003,1996-07-13,Female,Married,Medicare,West
P004004,1957-08-20,Female,Married,Medicare,Northeast
P004005,1956-05-23,Male,Married,Medicare Advantage,Midwest
P004006,1991-01-04,Male,Married,Medicare,West
P004007,1993-04-23,Male,Divorced,Commercial,South
P004008,1950-11-30,Male,Widowed,Self-Pay,South
P004009,1992-09-30,Female,Married,Medicaid,Northeast
P004010,1950-01-11,Male,Divorced,Commercial,Midwest
P004011,1974-12-16,Male,Single,Commercial,South
P004012,1979-01-10,Female,Married,Medicare Advantage,South
P004013,1992-01-18,Female,Divorced,Commercial,West
P004014,1980-12-29,Female,Married,Medicare Advantage,South
P004015,1979-08-08,Male,Widowed,Medicare,West
P004016,1953-08-11,Female,Widowed,Commercial,South
P004017,2005-04-15,Female,Single,Commercial,South
P004018,1952-04-29,Female,Married,Medicare,Midwest
P004019,2002-05-23,Male,Single,Commercial,South
P004020,1945-02-16,Female,Married,Commercial,West
P004021,1951-11-22,Male,Divorced,Commercial,West
P004022,1999-10-14,Female,Single,Medicaid,West
P004023,1951-06-10,Male,Widowed,Medicaid,West
P004024,1940-09-04,Female,Married,Commercial,South
P004025,1984-12-03,Female,Married,Self-Pay,South
P004026,1983-02-19,Male,Divorced,Commercial,South
P004027,1959-01-20,Male,Single,Commercial,South
P004028,1960-10-22,Female,Married,Other,Northeast
P004029,1986-12-31,Male,Married,Self-Pay,West
P004030,1993-06-05,Female,Married,Medicaid,West
P004031,1929-12-30,Female,Divorced,Commercial,South
P004032,1980-08-22,Female,Single,Commercial,South
P004033,2001-06-21,Male,Single,Medicare,South
P004034,1976-03-25,Female,Married,Commercial,South
P004035,1955-03-17,Male,Married,Commercial,South
P004036,1934-02-02,Female,Widowed,Commercial,West
P004037,1946-04-07,Male,Widowed,Medicaid,Northeast
P004038,1975-01-24,Male,Married,Commercial,West
P004039,1964-12-26,Male,Married,Medicaid,West
P004040,2025-05-20,Female,Single,Commercial,South
P004041,1953-10-04,Female,Married,Commercial,South
P004042,1977-05-27,Male,Married,Medicare,Midwest
P004043,1992-07-03,Male,Single,Medicare,South
P004044,1999-09-02,Male,Single,Medicare,West
P004045,1979-03-18,Female,Married,Commercial,Northeast
P004046,1945-03-06,Male,Married,Commercial,West
P004047,1996-04-24,Female,Single,Commercial,South
P004048,1938-07-15,Female,Married,Medicare,South
P004049,1993-09-03,Female,Single,Medicare,South
P004050,1952-02-01,Male,Married,Commercial,West
P004051,1948-11-03,Male,Married,Medicare,South
P004052,1942-09-30,Male,Widowed,Medicaid,Northeast
P004053,1969-04-23,Female,Married,Medicare,Midwest
P004054,2001-08-30,Male,Single,Medicaid,South
P004055,1966-03-14,Male,Married,Medicare,West
P004056,1972-04-07,Female,Married,Medicaid,South
P004057,1964-09-30,Female,Single,Commercial,South
P004058,1984-05-17,Female,Married,Commercial,South
P004059,1971-09-02,Male,Single,Commercial,Midwest
P004060,1933-07-09,Male,Widowed,Commercial,Midwest
P004061,1996-12-06,Male,Single,Medicaid,South
P004062,1990-04-16,Male,Married,Medicaid,South
P004063,1932-11-11,Female,Widowed,Medicaid,Northeast
P004064,2007-11-05,Female,Married,Self-Pay,South
P004065,1948-12-12,Female,Married,Medicaid,Northeast
P004066,1970-06-26,Male,Divorced,Medicaid,South
P004067,2007-08-12,Female,Single,Self-Pay,South
P004068,1960-11-26,Female,Married,Other,South
P004069,1947-05-07,Female,Single,Commercial,South
P004070,1957-04-05,Female,Married,Medicare Advantage,Midwest
P004071,1981-05-04,Male,Married,Commercial,Midwest
P004072,1981-11-11,Female,Married,Commercial,Northeast
P004073,1978-08-01,Female,Single,Medicaid,South
P004074,1967-04-22,Female,Single,Medicare,West
P004075,1994-07-14,Male,Single,Medicare,South
P004076,1950-04-15,Male,Divorced,Medicare Advantage,Northeast
P004077,1982-05-18,Male,Married,Commercial,Northeast
P004078,2023-01-18,Male,Single,Medicare,South
P004079,1980-08-14,Female,Married,Medicare Advantage,Northeast
P004080,1932-12-06,Female,Widowed,Commercial,Midwest
P004081,2013-11-12,Male,Single,Commercial,South
P004082,1936-11-22,Male,Widowed,Medicare,Midwest
P004083,1949-08-03,Female,Widowed,Commercial,Midwest
P004084,1950-10-04,Female,Divorced,Commercial,Northeast
P004085,1936-09-13,Male,Divorced,Medicare,Midwest
P004086,1944-08-14,Male,Divorced,Medicare Advantage,South
P004087,1962-08-16,Female,Married,Medicare Advantage,Midwest
P004088,1986-09-15,Female,Single,Medicare,Midwest
P004089,2013-07-21,Male,Single,Self-Pay,Northeast
P004090,1937-07-03,Female,Widowed,Commercial,Midwest
P004091,2004-07-18,Female,Single,Medicare,South
P004092,1972-06-07,Female,Divorced,Medicare,South
P004093,1976-09-01,Female,Divorced,Commercial,South
P004094,1966-08-07,Female,Single,Medicare,West
P004095,1949-12-24,Female,Divorced,Commercial,West
P004096,1950-11-23,Male,Widowed,Medicaid,Northeast
P004097,1992-04-20,Female,Married,Medicare,South
P004098,1961-04-25,Male,Widowed,Medicare,Northeast
P004099,1997-04-09,Male,Married,Medicare,West
P004100,2016-08-26,Female,Single,Commercial,West
P004101,1970-11-03,Female,Married,Commercial,South
P004102,1978-01-19,Male,Married,Medicare,South
P004103,1952-10-22,Female,Divorced,Commercial,South
P004104,1969-10-02,Female,Married,Medicare,West
P004105,2002-01-09,Female,Single,Self-Pay,Northeast
P004106,2001-03-13,Female,Single,Medicare,South
P004107,2000-12-06,Female,Married,Other,Midwest
P004108,2010-07-05,Male,Single,Commercial,Northeast
P004109,1968-07-17,Female,Widowed,Medicare,West
P004110,1995-01-17,Male,Married,Self-Pay,West
P004111,1959-06-12,Female,Married,Medicare,Northeast
P004112,2024-03-03,Male,Single,Medicare,South
P004113,1973-04-11,Female,Divorced,Medicare,South
P004114,1952-01-31,Female,Married,Medicare,Northeast
P004115,1951-10-12,Male,Widowed,Commercial,South
P004116,2007-11-21,Female,Single,Medicaid,West
P004117,1990-03-25,Female,Single,Medicare,Northeast
P004118,1983-07-27,Male,Divorced,Medicaid,West
P004119,1956-07-27,Male,Divorced,Medicare Advantage,South
P004120,1974-01-20,Male,Married,Commercial,Midwest
P004121,1986-01-16,Male,Married,Medicare,South
P004122,1977-07-31,Male,Married,Medicaid,South
P004123,1983-12-17,Male,Married,Commercial,West
P004124,2018-11-08,Male,Single,Medicare,Northeast
P004125,1975-11-14,Female,Married,Self-Pay,West
P004126,1986-12-12,Male,Married,Commercial,South
P004127,1961-04-10,Female,Married,Commercial,West
P004128,1996-08-28,Male,Married,Medicaid,Midwest
P004129,1976-12-17,Female,Married,Commercial,South
P004130,1995-03-12,Male,Married,Commercial,South
P004131,1983-05-19,Male,Divorced,Commercial,South
P004132,1932-11-29,Female,Widowed,Commercial,Midwest
P004133,1947-01-23,Female,Married,Medicare Advantage,West
P004134,2006-06-15,Female,Single,Medicare,Midwest
P004135,1955-01-01,Male,Married,Medicaid,South
P004136,1962-08-20,Female,Married,Commercial,West
P004137,1997-06-19,Female,Single,Medicare,South
P004138,1985-06-18,Male,Married,Medicare Advantage,Midwest
P004139,2004-01-04,Male,Single,Medicare Advantage,West
P004140,1939-05-22,Male,Widowed,Medicaid,Northeast
P004141,1952-09-19,Female,Married,Medicaid,West
P004142,1953-10-30,Male,Single,Medicare,West
P004143,2004-09-28,Female,Married,Medicare,South
P004144,1947-09-15,Female,Divorced,Medicare,Northeast
P004145,1977-03-25,Male,Married,Commercial,South
P004146,1955-12-14,Female,Married,Commercial,South
P004147,1935-08-02,Female,Widowed,Medicaid,South
P004148,1993-06-11,Female,Married,Medicaid,Northeast
P004149,1989-09-27,Male,Married,Medicaid,South
P004150,1937-07-07,Female,Widowed,Medicaid,Midwest
P004151,1999-07-23,Female,Single,Commercial,Midwest
P004152,1992-06-13,Male,Married,Medicare Advantage,South
P004153,1992-04-16,Female,Divorced,Medicare Advantage,Midwest
P004154,1967-02-22,Female,Single,Medicaid,Northeast
P004155,1975-06-01,Male,Widowed,Self-Pay,Midwest
P004156,2005-07-18,Female,Single,Self-Pay,Midwest
P004157,1954-06-30,Male,Married,Medicare,West
P004158,1966-02-19,Male,Married,Medicaid,Midwest
P004159,1999-03-26,Male,Single,Medicare Advantage,South
P004160,1950-11-21,Female,Married,Medicare,South
P004161,1952-10-09,Male,Married,Medicaid,South
P004162,2010-01-28,Male,Single,Other,West
P004163,1997-09-13,Male,Married,Medicare,South
P004164,1968-10-25,Male,Single,Self-Pay,Midwest
P004165,2000-05-15,Male,Single,Self-Pay,South
P004166,2004-09-25,Female,Single,Commercial,South
P004167,1953-01-04,Female,Widowed,Medicare,Midwest
P004168,1934-01-07,Female,Widowed,Self-Pay,Midwest
P004169,2004-04-02,Male,Single,Medicaid,Northeast
P004170,1929-10-03,Female,Divorced,Commercial,Midwest
P004171,1980-11-02,Female,Married,Medicare Advantage,West
P004172,1981-10-19,Female,Married,Medicaid,West
P004173,1944-10-05,Female,Married,Medicare,Midwest
P004174,1939-09-24,Male,Widowed,Medicare,West
P004175,1991-08-10,Female,Single,Medicare,Midwest
P004176,1950-08-28,Male,Single,Medicare,South
P004177,1965-07-12,Female,Married,Self-Pay,Northeast
P004178,1951-07-05,Male,Divorced,Medicare Advantage,West
P004179,1972-02-07,Male,Divorced,Commercial,South
P004180,1995-12-19,Female,Married,Commercial,Northeast
P004181,1983-09-07,Female,Married,Medicare,West
P004182,1999-09-06,Female,Single,Commercial,South
P004183,1953-10-08,Male,Divorced,Medicaid,Northeast
P004184,1958-11-08,Male,Married,Medicaid,South
P004185,1991-02-18,Female,Married,Medicare,Northeast
P004186,1936-04-03,Male,Widowed,Commercial,Midwest
P004187,1957-02-14,Female,Married,Medicaid,West
P004188,1937-12-27,Male,Widowed,Medicare,South
P004189,1974-09-04,Female,Married,Medicaid,Northeast
P004190,1933-12-08,Female,Widowed,Commercial,West
P004191,1991-04-10,Female,Single,Commercial,Midwest
P004192,1978-10-18,Male,Divorced,Other,West
P004193,1969-12-07,Male,Married,Medicaid,Midwest
P004194,1973-08-28,Female,Married,Medicare,Midwest
P004195,2011-04-16,Male,Single,Medicare,West
P004196,1977-09-18,Female,Married,Commercial,South
P004197,1955-01-18,Male,Married,Commercial,South
P004198,1929-09-03,Male,Married,Medicare Advantage,West
P004199,2001-05-21,Female,Single,Commercial,Northeast
P004200,1962-12-03,Female,Married,Medicare Advantage,West
P004201,1948-06-20,Male,Married,Medicaid,Midwest
P004202,1950-08-15,Male,Divorced,Commercial,West
P004203,1993-06-13,Male,Single,Medicaid,Northeast
P004204,1983-03-28,Male,Married,Medicare,South
P004205,1951-06-11,Male,Widowed,Medicaid,Midwest
P004206,1996-10-10,Male,Single,Medicare,West
P004207,1983-04-12,Male,Single,Commercial,Midwest
P004208,1960-07-27,Male,Single,Medicare,South
P004209,1945-04-24,Female,Married,Medicare,West
P004210,1979-04-22,Female,Single,Other,Midwest
P004211,2003-07-04,Male,Single,Medicare Advantage,South
P004212,1998-08-28,Female,Widowed,Commercial,South
P004213,1933-01-20,Female,Widowed,Medicare Advantage,West
P004214,1992-02-27,Female,Divorced,Medicare,Northeast
P004215,1963-01-28,Male,Married,Medicare,South
P004216,1968-12-15,Male,Widowed,Medicare,Midwest
P004217,1976-08-31,Male,Widowed,Commercial,South
P004218,1960-02-14,Female,Widowed,Medicare,Midwest
P004219,1979-09-28,Male,Married,Medicare Advantage,Northeast
P004220,1979-07-29,Female,Married,Medicaid,Northeast
P004221,1970-08-29,Female,Married,Medicare,West
P004222,1960-11-03,Female,Married,Medicare Advantage,Midwest
P004223,2005-04-07,Female,Single,Medicare,South
P004224,1943-05-08,Female,Married,Self-Pay,South
P004225,1949-09-08,Male,Divorced,Medicaid,South
P004226,1956-01-16,Male,Widowed,Medicare,South
P004227,1963-08-14,Male,Divorced,Medicare,West
P004228,1991-08-25,Female,Single,Self-Pay,Midwest
P004229,1947-05-15,Male,Married,Commercial,South
P004230,1994-12-06,Male,Married,Medicare Advantage,Midwest
P004231,2010-11-16,Female,Single,Medicare,Midwest
P004232,1990-10-28,Female,Married,Medicare,Midwest
P004233,1961-08-12,Female,Married,Medicaid,Midwest
P004234,1976-07-04,Female,Divorced,Medicare Advantage,South
P004235,1966-07-15,Female,Divorced,Medicare,South
P004236,1934-06-30,Female,Divorced,Medicare,Midwest
P004237,1974-05-21,Male,Married,Medicare Advantage,West
P004238,2003-03-02,Female,Single,Other,South
P004239,1961-01-03,Female,Widowed,Medicare,Northeast
P004240,2006-09-22,Female,Married,Medicare Advantage,Midwest
P004241,1961-01-29,Male,Divorced,Commercial,South
P004242,1991-08-16,Male,Single,Commercial,South
P004243,1950-05-19,Male,Married,Medicare,South
P004244,1956-10-01,Female,Divorced,Medicare,South
P004245,1954-03-09,Male,Married,Medicare Advantage,Northeast
P004246,1955-12-18,Female,Divorced,Commercial,South
P004247,1986-05-05,Female,Married,Commercial,South
P004248,1951-06-05,Female,Divorced,Commercial,Midwest
P004249,1977-09-20,Male,Married,Commercial,Northeast
P004250,1991-12-02,Female,Single,Commercial,Midwest
P004251,1983-11-01,Male,Married,Commercial,Midwest
P004252,1957-06-20,Female,Divorced,Medicare,Northeast
P004253,2003-08-13,Male,Single,Medicare,South
P004254,1968-07-09,Male,Married,Medicare,Midwest
P004255,1991-03-17,Male,Single,Medicaid,West
P004256,1967-01-09,Female,Divorced,Medicaid,West
P004257,1971-10-19,Male,Divorced,Commercial,West
P004258,1959-08-07,Female,Married,Medicaid,Midwest
P004259,1960-06-17,Female,Widowed,Medicare,West
P004260,1954-05-15,Male,Married,Medicaid,Midwest
P004261,2003-03-17,Male,Single,Commercial,Midwest
P004262,1986-12-22,Male,Divorced,Medicare,South
P004263,1960-05-24,Male,Married,Medicare,Midwest
P004264,1985-08-11,Male,Married,Self-Pay,South
P004265,1940-07-09,Male,Widowed,Self-Pay,South
P004266,1955-10-14,Male,Married,Commercial,South
P004267,1952-01-16,Female,Married,Medicaid,Northeast
P004268,1970-12-15,Female,Married,Medicare,Northeast
P004269,1967-04-25,Female,Widowed,Commercial,Northeast
P004270,1958-12-09,Male,Widowed,Medicare,South
P004271,1967-11-27,Male,Married,Other,Northeast
P004272,1958-02-17,Female,Married,Medicare Advantage,Northeast
P004273,1991-12-18,Male,Married,Medicare,Midwest
P004274,2007-01-02,Male,Single,Medicare Advantage,South
P004275,1966-10-14,Male,Widowed,Medicare,Midwest
P004276,1974-08-20,Female,Divorced,Medicare,West
P004277,1950-10-06,Female,Married,Commercial,Northeast
P004278,1954-05-30,Female,Married,Medicare,West
P004279,1956-11-27,Male,Divorced,Medicaid,South
P004280,1969-05-03,Female,Single,Medicaid,Midwest
P004281,1953-06-04,Female,Married,Commercial,Midwest
P004282,1956-07-15,Male,Married,Medicare,West
P004283,1989-06-19,Male,Single,Commercial,South
P004284,1988-10-25,Male,Married,Medicare Advantage,West
P004285,1981-07-19,Female,Divorced,Other,South
P004286,2003-10-23,Male,Single,Medicare,South
P004287,1941-07-16,Male,Married,Medicare,West
P004288,1992-01-28,Male,Married,Medicaid,Northeast
P004289,1971-09-11,Female,Married,Medicare,Midwest
P004290,1965-12-12,Male,Married,Medicaid,South
P004291,1955-09-15,Female,Married,Medicaid,Northeast
P004292,2021-11-23,Male,Single,Medicaid,Midwest
P004293,2000-07-31,Male,Single,Medicare,Northeast
P004294,1994-04-09,Male,Single,Medicaid,Northeast
P004295,1991-08-15,Female,Single,Medicaid,West
P004296,2006-10-20,Male,Single,Commercial,West
P004297,1986-05-01,Female,Single,Medicare Advantage,South
P004298,2018-04-06,Male,Single,Medicaid,South
P004299,1932-12-29,Other,Widowed,Medicare,South
P004300,1948-03-06,Female,Single,Commercial,Northeast
P004301,1930-09-09,Female,Married,Commercial,Northeast
P004302,1983-10-25,Male,Single,Commercial,South
P004303,1954-12-27,Female,Widowed,Commercial,South
P004304,1957-09-15,Male,Single,Medicare,West
P004305,1964-03-04,Female,Divorced,Commercial,Northeast
P004306,1942-07-25,Male,Widowed,Commercial,Midwest
P004307,1959-08-17,Female,Married,Medicare Advantage,Northeast
P004308,1968-05-07,Male,Married,Medicare,South
P004309,1959-04-14,Female,Married,Medicare Advantage,West
P004310,2021-08-21,Female,Single,Medicare,South
P004311,1945-07-27,Male,Divorced,Commercial,Northeast
P004312,1991-07-02,Male,Divorced,Medicare Advantage,West
P004313,1975-10-24,Female,Single,Commercial,Northeast
P004314,1992-07-15,Female,Single,Medicaid,Midwest
P004315,2002-12-23,Male,Single,Medicare,West
P004316,1981-02-11,Male,Single,Commercial,South
P004317,1972-03-15,Male,Single,Medicaid,Midwest
P004318,1999-09-28,Male,Single,Medicaid,South
P004319,1974-06-05,Female,Married,Medicaid,West
P004320,1983-06-11,Female,Married,Commercial,Midwest
P004321,1988-08-01,Female,Married,Medicare,Midwest
P004322,1987-08-27,Male,Married,Medicare,South
P004323,1984-04-29,Female,Single,Commercial,South
P004324,1960-08-13,Female,Divorced,Medicare Advantage,Midwest
P004325,1968-04-18,Male,Married,Medicaid,South
P004326,1962-07-14,Male,Married,Commercial,South
P004327,1989-05-02,Male,Married,Medicaid,Midwest
P004328,2024-07-04,Male,Single,Commercial,West
P004329,1968-05-06,Male,Widowed,Medicare,South
P004330,1980-01-15,Male,Single,Medicaid,Midwest
P004331,1979-07-01,Male,Single,Other,Midwest
P004332,1954-12-06,Female,Married,Self-Pay,Midwest
P004333,1970-01-07,Female,Single,Medicare Advantage,Midwest
P004334,1940-02-26,Male,Widowed,Medicare Advantage,South
P004335,1934-03-04,Male,Widowed,Commercial,West
P004336,2018-01-02,Male,Single,Medicare,Midwest
P004337,1963-12-01,Female,Single,Medicare,Midwest
P004338,1951-09-28,Female,Divorced,Self-Pay,West
P004339,1968-09-10,Male,Married,Medicare,South
P004340,1953-02-21,Female,Divorced,Medicare,South
P004341,1969-08-11,Female,Married,Commercial,Midwest
P004342,1970-10-31,Male,Divorced,Medicare,Midwest
P004343,1957-07-25,Female,Widowed,Self-Pay,West
P004344,1948-09-28,Male,Single,Commercial,Midwest
P004345,1984-05-16,Male,Married,Medicaid,South
P004346,1990-02-27,Female,Divorced,Commercial,South
P004347,1984-07-10,Male,Married,Commercial,South
P004348,1982-04-21,Male,Married,Commercial,South
P004349,1958-03-16,Male,Single,Medicare Advantage,South
P004350,1986-11-24,Male,Single,Medicare,West
P004351,2013-04-18,Female,Single,Medicaid,Midwest
P004352,2008-10-12,Female,Single,Medicare,Midwest
P004353,1992-04-28,Female,Married,Medicare Advantage,Northeast
P004354,2017-05-10,Female,Single,Medicare,Midwest
P004355,2001-07-08,Female,Single,Medicare,West
P004356,2001-08-14,Male,Married,Commercial,Midwest
P004357,1951-12-18,Male,Divorced,Medicare Advantage,Midwest
P004358,1970-09-04,Male,Divorced,Commercial,South
P004359,2017-02-07,Male,Single,Medicaid,Midwest
P004360,1972-05-06,Female,Married,Medicaid,Northeast
P004361,1978-08-24,Female,Married,Commercial,South
P004362,1996-11-25,Female,Single,Commercial,West
P004363,2004-10-01,Female,Single,Medicare Advantage,South
P004364,1970-01-09,Female,Divorced,Medicaid,Midwest
P004365,1971-02-24,Female,Single,Medicaid,Northeast
P004366,1964-05-13,Male,Single,Commercial,West
P004367,1946-09-26,Male,Widowed,Commercial,West
P004368,1967-04-20,Male,Married,Medicaid,West
P004369,1986-09-28,Female,Single,Commercial,South
P004370,1984-04-06,Female,Single,Commercial,Northeast
P004371,1932-12-17,Female,Married,Medicare,West
P004372,1985-01-02,Male,Married,Self-Pay,West
P004373,1996-03-14,Male,Married,Commercial,Northeast
P004374,2012-12-07,Female,Single,Medicare,Midwest
P004375,2015-08-30,Male,Single,Medicaid,Northeast
P004376,2019-01-27,Female,Single,Other,Midwest
P004377,1986-02-08,Female,Single,Medicaid,Northeast
P004378,1940-11-20,Female,Widowed,Medicare,Northeast
P004379,1935-05-10,Male,Widowed,Medicare,South
P004380,1988-12-11,Female,Single,Commercial,South
P004381,1967-06-18,Male,Married,Medicaid,West
P004382,1982-12-08,Female,Single,Commercial,Northeast
P004383,1979-10-31,Female,Single,Medicare,South
P004384,1950-03-23,Male,Married,Self-Pay,Midwest
P004385,2008-04-20,Male,Single,Self-Pay,South
P004386,1973-05-26,Male,Divorced,Commercial,Northeast
P004387,1948-02-25,Female,Married,Medicare Advantage,Northeast
P004388,1971-08-12,Male,Married,Commercial,West
P004389,1987-12-20,Male,Married,Commercial,West
P004390,1995-12-09,Female,Married,Commercial,Northeast
P004391,1942-04-08,Male,Single,Medicaid,South
P004392,2020-09-21,Female,Single,Medicare,Northeast
P004393,1977-05-01,Female,Divorced,Commercial,West
P004394,1958-07-22,Female,Married,Commercial,West
P004395,1941-03-13,Female,Widowed,Self-Pay,West
P004396,1994-01-21,Male,Married,Commercial,Northeast
P004397,1965-11-30,Male,Divorced,Self-Pay,South
P004398,1964-12-28,Female,Married,Commercial,Northeast
P004399,1947-09-07,Male,Married,Medicare,South
P004400,1948-01-11,Female,Divorced,Medicare,Northeast
P004401,1960-03-15,Female,Married,Commercial,West
P004402,1996-02-03,Female,Single,Medicare Advantage,West
P004403,2002-08-11,Male,Single,Self-Pay,South
P004404,1965-04-23,Male,Divorced,Medicare,South
P004405,1972-11-27,Female,Divorced,Medicaid,
P004406,1970-09-02,Male,Married,Medicaid,Northeast
P004407,1955-11-30,Female,Married,Commercial,South
P004408,2023-12-16,Male,Single,Medicare,Northeast
P004409,2000-12-28,Female,Single,Medicare,Northeast
P004410,1951-09-11,Female,Widowed,Medicare,South
P004411,1936-04-11,Male,Widowed,Commercial,South
P004412,1979-05-02,Male,Married,Medicare,Midwest
P004413,2017-07-03,Female,Single,Medicare,West
P004414,1971-04-11,Male,Divorced,Medicare Advantage,South
P004415,1970-02-19,Male,Single,Medicare,South
P004416,1947-01-14,Male,Divorced,Commercial,Midwest
P004417,1933-07-25,Male,Widowed,Medicaid,Northeast
P004418,1957-09-09,Female,Married,Medicare Advantage,West
P004419,1984-09-14,Male,Single,Commercial,West
P004420,1947-04-21,Male,Single,Commercial,Northeast
P004421,2010-06-30,Male,Single,Medicare,South
P004422,1949-03-13,Male,Married,Medicare,West
P004423,1981-05-06,Male,Single,Commercial,West
P004424,1978-05-03,Male,Married,Medicare,Northeast
P004425,1988-08-09,Male,Divorced,Medicare,West
P004426,1961-05-01,Male,Single,Commercial,South
P004427,1956-02-17,Male,Married,Self-Pay,Northeast
P004428,1979-01-13,Male,Single,Commercial,Northeast
P004429,1984-09-29,Female,Married,Medicaid,Midwest
P004430,1981-01-06,Female,,Medicare,Northeast
P004431,1983-04-20,Male,Single,Medicare,Northeast
P004432,1978-01-11,Female,Married,Commercial,Northeast
P004433,2005-06-22,Female,Single,Self-Pay,South
P004434,2011-12-17,Male,Single,Medicaid,South
P004435,1978-03-08,Male,Single,Commercial,West
P004436,1963-10-11,Male,Married,Medicare Advantage,South
P004437,1986-04-22,Female,Married,Commercial,Northeast
P004438,1975-11-11,Female,Married,Medicaid,Northeast
P004439,1975-07-04,Female,Married,Medicare,Midwest
P004440,1943-04-25,Female,Single,Commercial,West
P004441,1933-12-13,Female,Married,Medicaid,West
P004442,1970-11-14,Female,Married,Commercial,South
P004443,1980-03-12,Female,Married,Medicare Advantage,West
P004444,1952-08-17,Female,Widowed,Commercial,Midwest
P004445,1997-08-22,Female,Married,Other,South
P004446,2015-08-23,Male,Single,Medicare,Northeast
P004447,1934-06-22,Male,Widowed,Medicaid,Midwest
P004448,1953-08-22,Female,Married,Self-Pay,West
P004449,1947-11-26,Male,Divorced,Medicaid,West
P004450,1961-08-22,Male,Married,Medicaid,Northeast
P004451,1951-09-11,Male,Married,Medicare,Northeast
P004452,1979-07-07,Male,Divorced,Commercial,Northeast
P004453,2025-10-10,Female,Single,Commercial,South
P004454,2000-08-09,Female,Married,Medicare,West
P004455,2017-08-29,Female,Single,Medicare Advantage,West
P004456,1969-04-29,Female,Married,Medicare,West
P004457,1973-08-26,Female,Married,Medicare,Midwest
P004458,1966-12-03,Male,Single,Commercial,West
P004459,2006-04-27,Female,Single,Medicare,South
P004460,1953-05-14,Female,Single,Commercial,Midwest
P004461,1960-12-14,Female,Widowed,Medicare,South
P004462,2001-05-16,Male,Single,Medicaid,West
P004463,1958-07-08,Male,Single,Medicare Advantage,South
P004464,1976-05-18,Female,Married,Medicare Advantage,Midwest
P004465,1957-12-19,Female,Widowed,Commercial,Midwest
P004466,1958-02-07,Male,Married,Medicare,South
P004467,1947-11-24,Female,Married,Commercial,South
P004468,1982-01-28,Male,Single,Commercial,Northeast
P004469,1957-11-28,Male,Widowed,Medicaid,South
P004470,1997-10-14,Female,Single,Medicare,West
P004471,1959-12-09,Male,Married,Commercial,South
P004472,2005-06-18,Female,Married,Commercial,West
P004473,1973-09-29,Female,Married,Medicaid,Midwest
P004474,1981-01-17,Female,Married,Medicare,Midwest
P004475,1962-09-19,Female,Widowed,Medicare,South
P004476,1981-09-18,Male,Married,Medicare,West
P004477,2011-10-27,Male,Single,Medicare Advantage,West
P004478,1955-05-31,Male,Divorced,Commercial,Midwest
P004479,1968-05-26,Male,Divorced,Medicare,Midwest
P004480,1998-05-25,Male,Single,Medicare,Northeast
P004481,1947-07-19,Female,Divorced,Commercial,West
P004482,1986-09-12,Female,Widowed,Medicare,West
P004483,1980-11-30,Male,Single,Medicare,Northeast
P004484,1957-08-28,Female,Married,Commercial,West
P004485,1995-02-17,Male,Married,Medicare,West
P004486,1939-11-20,Male,Married,Commercial,South
P004487,1935-12-28,Female,Widowed,Medicare,South
P004488,1997-11-29,Male,Single,Medicaid,West
P004489,1980-05-16,Male,Single,Commercial,South
P004490,1933-09-13,Male,Married,Medicare,South
P004491,1936-12-30,Male,Widowed,Medicare Advantage,South
P004492,2002-09-10,Male,Single,Medicare,South
P004493,2005-03-09,Male,Single,Self-Pay,Midwest
P004494,2001-12-07,Male,Single,Commercial,Northeast
P004495,1950-12-08,Female,Married,Medicare,South
P004496,1960-03-24,Male,Married,Medicare,Northeast
P004497,2026-12-29,Male,Single,Medicare,South
P004498,1992-12-13,Male,Divorced,Commercial,Northeast
P004499,1965-08-15,Male,Divorced,Medicare Advantage,South
P004500,2001-12-24,Female,Single,Self-Pay,Midwest
P004501,1958-08-14,Male,Divorced,Medicare,South
P004502,1997-01-22,Female,Single,Commercial,South
P004503,2019-12-23,Male,Single,Self-Pay,South
P004504,1948-04-20,Male,Married,Medicare,West
P004505,2007-04-03,Female,Single,Commercial,Midwest
P004506,1997-09-01,Male,Married,Medicare Advantage,South
P004507,1943-11-10,Female,Widowed,Medicare,West
P004508,1952-01-27,Male,Married,Medicaid,South
P004509,1935-09-27,Female,Widowed,Commercial,Northeast
P004510,1974-10-15,Male,Widowed,Commercial,West
P004511,1999-04-03,Female,Single,Other,South
P004512,1959-04-18,Female,Divorced,Medicare,South
P004513,1964-06-28,Female,Single,Commercial,West
P004514,2008-08-10,Male,Single,Medicare Advantage,Midwest
P004515,1988-03-03,Male,Married,Self-Pay,
P004516,1968-09-21,Male,Married,Commercial,Midwest
P004517,1945-10-22,Male,Widowed,Medicare,Northeast
P004518,1941-07-20,Female,Divorced,Medicare,Midwest
P004519,1971-10-04,Male,Single,Medicare,South
P004520,1947-11-30,Male,Single,Medicaid,Midwest
P004521,1937-03-16,Female,Married,Medicare Advantage,Midwest
P004522,1978-10-21,Male,Divorced,Medicare,West
P004523,1946-08-18,Female,Divorced,Medicare,South
P004524,1949-10-16,Female,Widowed,Medicare Advantage,West
P004525,1935-05-19,Male,Married,Self-Pay,Northeast
P004526,1954-11-25,Female,Married,Commercial,West
P004527,1965-10-03,Male,Single,Medicare,South
P004528,1938-02-26,Female,Widowed,Medicare,South
P004529,1938-08-13,Male,Single,Medicare,Northeast
P004530,1972-06-25,Female,Married,Commercial,South
P004531,1970-01-26,Male,Married,Medicaid,West
P004532,1940-04-16,Male,Married,Medicaid,Northeast
P004533,1941-03-21,Male,Married,Medicare,South
P004534,1962-10-28,Female,Married,Medicare,South
P004535,1955-01-04,Male,Widowed,Medicaid,West
P004536,1984-07-27,Male,Single,Medicare,West
P004537,1938-05-06,Male,Married,Commercial,South
P004538,1969-11-12,Male,Divorced,Commercial,West
P004539,1948-09-12,Male,Married,Commercial,Northeast
P004540,1977-05-03,Female,Married,Commercial,West
P004541,1959-06-08,Male,Married,Medicare,Midwest
P004542,1950-05-03,Female,Widowed,Medicaid,South
P004543,1930-06-04,Male,Married,Medicaid,Midwest
P004544,1970-09-26,Female,Married,Medicaid,South
P004545,1983-04-30,Male,Married,Medicare,South
P004546,1973-04-17,Male,Married,Medicaid,Northeast
P004547,2001-03-04,Female,Single,Medicaid,Northeast
P004548,2004-05-28,Male,Single,Self-Pay,Midwest
P004549,1976-02-06,Female,Married,Medicare Advantage,Midwest
P004550,1964-07-18,Female,Divorced,Medicare,South
P004551,1962-07-25,Male,Married,Medicaid,Midwest
P004552,1963-07-24,Male,Married,Medicare Advantage,South
P004553,1953-01-24,Male,Divorced,Medicare,South
P004554,1981-10-28,Female,Single,Medicare,Midwest
P004555,1975-10-21,Male,Married,Commercial,South
P004556,1973-07-04,Female,Married,Medicare,Northeast
P004557,1952-12-20,Female,Widowed,Medicare Advantage,Northeast
P004558,1966-11-27,Male,Single,Medicaid,Midwest
P004559,1958-08-01,Male,Married,Commercial,South
P004560,1959-05-07,Female,Widowed,Medicare,South
P004561,1958-01-11,Male,Widowed,Medicare,Northeast
P004562,1990-07-01,Female,Married,Commercial,Midwest
P004563,1979-07-02,Female,Single,Commercial,Midwest
P004564,1983-06-27,Female,Single,Self-Pay,Midwest
P004565,1967-11-29,Female,Married,Medicaid,Northeast
P004566,1984-11-12,Female,Single,Medicare Advantage,South
P004567,1949-12-30,Male,Single,Commercial,South
P004568,1962-06-17,Male,Single,Commercial,Northeast
P004569,1967-08-10,Female,Married,Medicare Advantage,West
P004570,1965-10-31,Female,Married,Medicare Advantage,South
P004571,1991-03-01,Female,Married,Commercial,Midwest
P004572,1952-02-16,Male,Widowed,Medicare,South
P004573,1948-11-06,Male,Married,Medicaid,West
P004574,1951-01-05,Female,Married,Self-Pay,South
P004575,1997-10-20,Female,Single,Medicare,Midwest
P004576,1998-08-02,Male,Single,Medicare,Northeast
P004577,1981-11-05,Female,Single,Medicaid,Northeast
P004578,2003-03-07,Female,Single,Medicaid,Northeast
P004579,1992-06-09,Male,Single,Commercial,South
P004580,1947-02-01,Female,Divorced,Medicare,Midwest
P004581,1983-07-08,Female,Married,Self-Pay,South
P004582,2003-10-27,Male,Single,Medicare Advantage,South
P004583,2000-06-03,Male,Single,Medicare,Northeast
P004584,1975-05-01,Male,Divorced,Medicaid,Midwest
P004585,1953-11-19,Male,Married,Commercial,Midwest
P004586,1984-08-15,Female,Married,Self-Pay,Midwest
P004587,1936-02-19,Female,Married,Commercial,South
P004588,1952-10-22,Male,Married,Medicare,Midwest
P004589,2022-06-27,Female,Single,Medicaid,Midwest
P004590,2001-10-19,Female,Single,Medicare,South
P004591,1936-05-27,Male,Widowed,Commercial,Midwest
P004592,1963-11-05,Male,Divorced,Medicare Advantage,Midwest
P004593,1960-08-14,Female,Married,Medicare,South
P004594,1962-05-28,Male,Married,Medicare,South
P004595,1959-12-28,Female,Married,Medicaid,South
P004596,2017-04-08,Female,Single,Medicare Advantage,Midwest
P004597,1988-10-15,Male,Single,Commercial,Northeast
P004598,1947-11-20,Female,Widowed,Medicaid,Northeast
P004599,1965-06-13,Female,Married,Commercial,West
P004600,1953-12-09,Female,Married,Medicare,West
P004601,1958-01-08,Female,Married,Medicare,Northeast
P004602,1973-09-21,Male,Widowed,Commercial,West
P004603,1956-07-08,Male,Divorced,Medicare,Northeast
P004604,1946-05-29,Female,Married,Commercial,Midwest
P004605,1984-11-28,Male,Married,Medicaid,South
P004606,1978-06-21,Female,Single,Commercial,Midwest
P004607,1987-02-04,Male,Married,Commercial,Northeast
P004608,1933-07-03,Male,,Commercial,West
P004609,1961-11-24,Male,Married,Self-Pay,Midwest
P004610,1959-10-19,Male,Married,Medicaid,South
P004611,2021-03-07,Female,Single,Medicaid,Midwest
P004612,1966-04-12,Female,Married,Medicare,South
P004613,1987-08-08,Female,Married,Medicare,South
P004614,1972-03-20,Female,Married,Commercial,Northeast
P004615,2003-12-10,Female,Single,Medicare,South
P004616,2016-03-09,Male,Single,Medicare,West
P004617,1950-04-12,Male,Widowed,Self-Pay,South
P004618,1965-09-13,Female,Widowed,Medicaid,Northeast
P004619,1988-06-04,Female,Married,Other,Midwest
P004620,1970-12-15,Male,Married,Medicaid,Midwest
P004621,1997-09-29,Female,Single,Commercial,Midwest
P004622,1993-07-13,Female,Married,Medicaid,Northeast
P004623,1955-03-23,Female,Widowed,Medicaid,Midwest
P004624,1983-08-31,Male,Single,Medicaid,Midwest
P004625,1951-05-10,Male,Married,Medicare Advantage,West
P004626,1997-06-02,Male,Single,Medicaid,Northeast
P004627,1982-03-28,Female,Married,Commercial,South
P004628,1954-05-20,Male,Widowed,Commercial,West
P004629,1950-02-12,Male,Married,Commercial,South
P004630,2016-01-25,Male,Single,Other,Midwest
P004631,1963-10-06,Female,Divorced,Medicare,Midwest
P004632,1985-03-11,Male,Divorced,Medicaid,Midwest
P004633,1964-11-19,Male,Divorced,Commercial,Northeast
P004634,1959-02-09,Female,Married,Medicare,South
P004635,2022-10-24,Female,Single,Medicare,Northeast
P004636,1996-12-13,Female,Single,Medicaid,South
P004637,2007-05-06,Female,Single,Commercial,South
P004638,1958-11-06,Female,Divorced,Medicare Advantage,
P004639,1965-07-24,Male,Married,Medicaid,Northeast
P004640,1951-08-26,Female,Married,Commercial,West
P004641,1956-09-28,Female,Married,Other,West
P004642,1959-02-07,Female,Married,Medicaid,Midwest
P004643,2006-01-06,Female,Married,Medicare,West
P004644,1961-11-16,Female,Single,Other,South
P004645,1947-05-25,Male,Widowed,Commercial,Northeast
P004646,1996-01-13,Female,Single,Commercial,South
P004647,1953-03-13,Male,Married,Medicaid,Midwest
P004648,2004-03-24,Female,Single,Medicare,South
P004649,1959-03-27,Male,Divorced,Commercial,Northeast
P004650,2012-02-27,Male,,Other,South
P004651,1952-03-10,Male,Married,Medicare,Midwest
P004652,1962-03-28,Female,Married,Medicare,Northeast
P004653,1972-09-04,Male,Married,Self-Pay,Midwest
P004654,2025-04-12,Female,Single,Commercial,West
P004655,2016-08-17,Female,Single,Medicare,South
P004656,1973-07-31,Male,Married,Commercial,Midwest
P004657,1993-01-26,Male,Widowed,Commercial,South
P004658,1969-12-04,Female,Married,Medicare,West
P004659,1977-02-13,Female,Married,Medicare,Northeast
P004660,1939-10-08,Female,Widowed,Medicare,West
P004661,2007-02-25,Female,Single,Medicare,West
P004662,1987-10-01,Female,Married,Medicare Advantage,South
P004663,2006-06-11,Female,Single,Medicaid,South
P004664,1954-02-15,Female,Married,Medicaid,Midwest
P004665,1953-09-19,Male,Single,Self-Pay,South
P004666,1938-08-18,Male,Married,Commercial,Midwest
P004667,1958-10-23,Female,Widowed,Medicare,West
P004668,1976-12-23,Female,Married,Medicaid,Midwest
P004669,1936-05-17,Male,Single,Medicaid,Northeast
P004670,2004-08-04,Female,Married,Medicare,West
P004671,1964-03-07,Male,Married,Medicaid,South
P004672,1938-08-20,Female,Married,Medicare,South
P004673,1950-01-31,Male,Divorced,Commercial,South
P004674,1967-05-01,Female,Married,Commercial,Northeast
P004675,2002-11-18,Male,Single,Medicaid,West
P004676,2000-11-09,Female,Single,Commercial,South
P004677,1967-07-16,Female,Married,Medicare,Northeast
P004678,1972-07-20,Male,Married,Commercial,South
P004679,1967-12-05,Female,Married,Medicare,West
P004680,1978-05-01,Male,Married,Medicare Advantage,West
P004681,2022-08-06,Female,Single,Medicare,Northeast
P004682,1977-02-17,Female,Married,Medicaid,Midwest
P004683,1977-04-19,Female,Married,Medicaid,South
P004684,1957-08-24,Female,Divorced,Medicare,Midwest
P004685,1999-05-19,Male,Single,Self-Pay,Northeast
P004686,1976-05-30,Male,Single,Medicare,South
P004687,1950-04-02,Male,Married,Medicaid,Midwest
P004688,1944-11-15,Female,Widowed,Other,Midwest
P004689,1973-12-05,Female,Married,Medicare,South
P004690,1971-04-15,Female,Married,Medicaid,South
P004691,1964-07-03,Female,Divorced,Medicare,South
P004692,1981-09-28,Female,Single,Medicare,West
P004693,1958-06-23,Male,Married,Medicare Advantage,South
P004694,1960-09-14,Female,Widowed,Medicare,West
P004695,1992-03-27,Female,Married,Medicaid,West
P004696,1933-08-06,Female,Widowed,Medicaid,Midwest
P004697,1977-05-05,Male,Divorced,Self-Pay,South
P004698,2005-11-03,Male,Single,Medicaid,Midwest
P004699,2017-02-12,Female,Single,Medicare,Northeast
P004700,2008-04-07,Female,Single,Medicare,West
P004701,1993-10-13,Male,Widowed,Medicaid,South
P004702,1958-02-27,Male,Single,Medicare,Midwest
P004703,1951-03-14,Female,Divorced,Medicare Advantage,South
P004704,1962-09-16,Male,Married,Medicare,West
P004705,1986-03-11,Female,Married,Medicare,South
P004706,1995-07-01,Male,Married,Medicare,South
P004707,1949-08-22,Male,Married,Medicaid,South
P004708,1954-10-31,Female,Married,Commercial,South
P004709,1952-07-18,Female,Married,Medicare,Midwest
P004710,2019-12-11,Male,Single,Medicare,West
P004711,1958-05-02,Female,Widowed,Medicare Advantage,South
P004712,1963-11-13,Male,Divorced,Commercial,South
P004713,1985-12-13,Female,Married,Self-Pay,Northeast
P004714,1949-02-14,Female,Married,Commercial,Northeast
P004715,1998-02-23,Male,Single,Medicare Advantage,Northeast
P004716,1975-11-07,Male,Married,Medicare,Midwest
P004717,1951-08-29,Male,Married,Medicaid,West
P004718,1949-12-16,Male,Widowed,Medicaid,Midwest
P004719,1962-10-14,Male,Divorced,Medicaid,Midwest
P004720,2006-03-29,Male,Single,Self-Pay,South
P004721,1979-02-12,Male,Married,Medicare Advantage,West
P004722,1952-11-14,Female,Married,Medicaid,West
P004723,1957-09-12,Female,Married,Medicare Advantage,West
P004724,2025-12-07,Male,Single,Medicare,South
P004725,2018-06-25,Male,Single,Medicare,Northeast
P004726,1997-06-13,Female,Single,Medicaid,Midwest
P004727,1992-12-27,Female,Single,Medicare,Midwest
P004728,1995-01-12,Female,Married,Commercial,Northeast
P004729,1999-02-09,Female,Single,Commercial,South
P004730,2002-06-28,Other,Single,Medicare Advantage,Midwest
P004731,1972-12-30,Male,Divorced,Medicare,Northeast
P004732,1988-12-12,Female,Single,Commercial,Midwest
P004733,1972-08-02,Male,Married,Medicare Advantage,Northeast
P004734,2020-04-23,Female,Single,Commercial,Northeast
P004735,2006-10-25,Female,Single,Commercial,South
P004736,1983-08-21,Female,Married,Commercial,South
P004737,1985-06-19,Male,Divorced,Medicare,Midwest
P004738,1997-04-14,Female,Married,Medicaid,Northeast
P004739,2001-07-10,Female,Single,Medicare Advantage,South
P004740,2001-12-01,Male,Single,Medicare,Midwest
P004741,2009-06-22,Male,Single,Medicare,Northeast
P004742,1990-03-12,Male,Single,Commercial,Midwest
P004743,2004-06-05,Male,Married,Commercial,Northeast
P004744,1932-10-14,Male,Married,Medicaid,Midwest
P004745,1947-05-08,Female,Married,Commercial,Northeast
P004746,1947-06-26,Female,Divorced,Medicare,Midwest
P004747,1930-08-21,Female,Married,Medicare,Midwest
P004748,1979-10-30,Male,Divorced,Medicare Advantage,South
P004749,1956-07-15,Male,Divorced,Medicare,South
P004750,1956-07-20,Male,Married,Medicare,Midwest
P004751,1988-01-16,Female,Divorced,Self-Pay,Northeast
P004752,1929-09-11,Male,Single,Medicare,South
P004753,2010-11-03,Male,Single,Medicaid,Northeast
P004754,1954-01-23,Male,Married,Commercial,South
P004755,1998-03-07,Male,Single,Medicaid,Northeast
P004756,1953-12-31,Female,Divorced,Medicaid,Midwest
P004757,1981-02-24,Female,Married,Medicare,Midwest
P004758,1974-07-17,Male,Married,Commercial,Midwest
P004759,1981-09-15,Male,Single,Medicaid,Midwest
P004760,1969-12-18,Male,Married,Medicare,Northeast
P004761,2014-06-27,Female,Single,Commercial,South
P004762,1984-02-11,Male,Divorced,Commercial,West
P004763,1938-05-03,Female,Widowed,Commercial,Northeast
P004764,1989-03-01,Male,Married,Medicare,Midwest
P004765,1941-05-14,Male,Married,Self-Pay,South
P004766,1975-02-11,Male,Married,Medicaid,South
P004767,1946-10-13,Male,Married,Medicaid,Midwest
P004768,1983-04-12,Female,Married,Commercial,Midwest
P004769,1975-12-29,Female,Married,Commercial,West
P004770,1948-08-04,Female,Married,Medicare,West
P004771,1982-02-26,Female,Married,Medicare,Northeast
P004772,1967-05-05,Female,Married,Medicaid,Northeast
P004773,1957-01-03,Female,Married,Medicare,Midwest
P004774,1984-11-24,Male,Married,Commercial,Midwest
P004775,1978-02-03,Female,Divorced,Medicare,Northeast
P004776,2020-04-14,Female,Single,Medicaid,Midwest
P004777,1964-06-04,Male,Divorced,Other,Midwest
P004778,2000-07-30,Female,Single,Commercial,South
P004779,1945-12-11,Male,Widowed,Commercial,South
P004780,1943-04-13,Male,Widowed,Self-Pay,West
P004781,2021-08-27,Female,Single,Commercial,West
P004782,1995-07-17,Female,Married,Commercial,South
P004783,1968-11-28,Female,Married,Commercial,West
P004784,1991-04-13,Male,Single,Commercial,Northeast
P004785,1957-04-26,Female,Married,Medicare,South
P004786,1951-03-21,Male,Divorced,Medicaid,Northeast
P004787,1935-08-20,Male,Widowed,Commercial,Midwest
P004788,1950-01-28,Female,Married,Commercial,South
P004789,2013-03-19,Female,Single,Medicare Advantage,Midwest
P004790,1974-03-23,Male,Married,Commercial,South
P004791,1946-06-17,Female,Married,Commercial,South
P004792,1972-02-13,Female,Married,Commercial,South
P004793,1974-12-27,Male,Married,Medicaid,Northeast
P004794,1987-03-09,Male,Married,Commercial,Midwest
P004795,1999-08-23,Female,Single,Medicare Advantage,Midwest
P004796,1957-06-25,Male,Widowed,Medicare,South
P004797,2023-11-01,Female,Single,Commercial,South
P004798,2001-10-30,Male,Single,Commercial,Northeast
P004799,1960-11-22,Female,Divorced,Commercial,Northeast
P004800,1955-12-28,Male,Married,Commercial,West
P004801,2022-04-25,Male,Single,Medicaid,South
P004802,1975-01-06,Male,Divorced,Commercial,South
P004803,1987-03-25,Male,Single,Medicare,South
P004804,2000-07-04,Female,Single,Medicare,South
P004805,1955-12-04,Male,Widowed,Commercial,Midwest
P004806,1994-09-02,Female,Single,Medicare,West
P004807,1995-11-02,Female,Single,Self-Pay,West
P004808,1982-05-04,Male,Divorced,Medicare,Midwest
P004809,1990-03-24,Female,Married,Other,Northeast
P004810,1995-06-11,Female,Single,Commercial,South
P004811,2016-06-05,Female,Single,Medicare,Midwest
P004812,1997-01-07,Female,Single,Medicare,South
P004813,1960-04-17,Male,Married,Self-Pay,Midwest
P004814,1957-09-12,Female,Married,Medicare Advantage,South
P004815,1975-02-23,Female,Married,Commercial,Midwest
P004816,1968-03-14,Female,Single,Self-Pay,Midwest
P004817,1950-12-02,Male,Married,Medicare,South
P004818,1945-06-30,Male,Married,Medicare Advantage,Northeast
P004819,1957-04-03,Female,Widowed,Commercial,South
P004820,2019-05-07,Male,Single,Medicaid,South
P004821,1933-01-19,Other,Widowed,Commercial,Northeast
P004822,1971-04-14,Male,Married,Medicare Advantage,Northeast
P004823,1969-10-01,Female,Married,Medicare,South
P004824,1968-07-27,Female,Married,Medicaid,South
P004825,1965-12-28,Female,Married,Commercial,Midwest
P004826,1954-06-28,Male,Married,Commercial,South
P004827,2005-08-29,Female,Single,Medicare,South
P004828,1954-10-31,Female,Divorced,Medicaid,West
P004829,1974-04-27,Female,Widowed,Medicare,West
P004830,1983-01-18,Female,Single,Medicaid,West
P004831,1957-01-07,Female,Married,Commercial,South
P004832,1971-12-06,Male,Divorced,Commercial,Midwest
P004833,2013-10-23,Male,Single,Commercial,Midwest
P004834,1979-06-11,Female,Married,Commercial,Northeast
P004835,1978-12-14,Male,Widowed,Medicare Advantage,South
P004836,1979-12-02,Male,Married,Commercial,West
P004837,1956-02-22,Male,Widowed,Medicare,South
P004838,1952-02-08,Female,Married,Commercial,South
P004839,2015-12-05,Female,Single,Medicare Advantage,West
P004840,2009-09-16,Male,Single,Other,West
P004841,1994-12-26,Female,Divorced,Medicaid,
P004842,2016-07-11,Female,Single,Medicare,Midwest
P004843,1974-06-03,Male,Divorced,Medicare Advantage,Northeast
P004844,1971-06-12,Male,Divorced,Medicare Advantage,South
P004845,1941-04-09,Male,Widowed,Medicare,South
P004846,1941-02-15,Female,Married,Medicaid,South
P004847,1991-10-24,Male,Married,Self-Pay,Midwest
P004848,1947-11-20,Female,Divorced,Medicare,South
P004849,1982-12-22,Female,Married,Commercial,South
P004850,1942-10-20,Male,Widowed,Medicare,West
P004851,1939-09-19,Male,Widowed,Medicare,West
P004852,1986-12-17,Male,Married,Medicare Advantage,Northeast
P004853,1985-02-02,Male,Divorced,Commercial,Midwest
P004854,1947-02-13,Female,Married,Medicare,West
P004855,2002-09-16,Female,Single,Commercial,Midwest
P004856,1971-10-24,Male,Married,Commercial,Midwest
P004857,1978-12-01,Female,Married,Medicare,West
P004858,2013-10-04,Female,Single,Commercial,Midwest
P004859,1939-08-13,Female,Widowed,Medicaid,South
P004860,1973-10-23,Female,Married,Commercial,South
P004861,1950-07-22,Female,Married,Medicare Advantage,Midwest
P004862,1988-10-10,Female,Married,Medicare,South
P004863,1942-05-01,Male,Widowed,Medicaid,Midwest
P004864,1963-12-08,Female,Married,Commercial,South
P004865,1938-12-15,Female,Widowed,Self-Pay,Northeast
P004866,2013-07-12,Female,Single,Other,West
P004867,1970-06-06,Female,Married,Medicaid,South
P004868,1961-03-19,Female,Divorced,Commercial,Northeast
P004869,1967-09-27,Female,Divorced,Medicare,South
P004870,1950-04-04,Male,Married,Medicare Advantage,Midwest
P004871,1968-11-09,Male,Married,Medicare,West
P004872,1934-06-09,Female,Widowed,Self-Pay,South
P004873,1971-08-29,Male,Divorced,Medicare,West
P004874,1991-12-16,Female,Married,Medicare Advantage,West
P004875,1979-01-08,Female,Single,Medicare Advantage,South
P004876,1973-01-13,Female,Married,Medicaid,Northeast
P004877,1945-08-11,Female,Widowed,Medicare,Midwest
P004878,1964-09-12,Male,Married,Medicare,South
P004879,2006-10-16,Male,Single,Medicare Advantage,South
P004880,1959-01-03,Male,Widowed,Medicare,West
P004881,2021-09-18,Male,Single,Other,Midwest
P004882,1993-10-08,Female,Married,Other,Northeast
P004883,2006-01-30,Female,Single,Medicare,South
P004884,1944-11-03,Female,Widowed,Medicare,West
P004885,2007-09-07,Female,Divorced,Commercial,Northeast
P004886,1967-06-01,Female,Widowed,Self-Pay,West
P004887,1953-07-01,Female,Married,Commercial,South
P004888,1948-09-25,Female,Married,Medicare,Northeast
P004889,2004-10-11,Female,Single,Medicare,Northeast
P004890,1964-06-19,Male,Married,Medicaid,Midwest
P004891,1951-06-21,Male,Married,Medicare Advantage,Northeast
P004892,1993-02-23,Female,Single,Medicare,Midwest
P004893,1973-12-21,Female,Divorced,Medicare,West
P004894,2019-07-02,Female,Single,Medicaid,South
P004895,1982-06-18,Male,,Commercial,Midwest
P004896,1984-07-12,Male,Married,Commercial,Midwest
P004897,2016-05-14,Female,Single,Medicare,Northeast
P004898,2013-09-14,Male,Single,Commercial,West
P004899,1950-01-03,Female,Married,Commercial,West
P004900,2013-09-05,Male,Single,Commercial,South
P004901,1982-10-14,Male,Married,Medicare,South
P004902,1983-08-24,Female,Single,Medicare,South
P004903,1983-05-18,Female,Single,Medicare Advantage,West
P004904,1976-11-15,Male,Single,Commercial,South
P004905,1947-01-22,Male,Married,Commercial,Midwest
P004906,1947-05-02,Female,Married,Medicare Advantage,Northeast
P004907,1953-08-22,Male,Divorced,Medicare,South
P004908,1962-01-19,Female,Married,Commercial,South
P004909,1983-11-05,Female,Married,Medicare Advantage,Midwest
P004910,1969-11-09,Female,Married,Medicaid,Northeast
P004911,1960-08-28,Female,Widowed,Medicare Advantage,South
P004912,1962-09-23,Male,Married,Medicare,West
P004913,1961-08-08,Male,Married,Medicare,Midwest
P004914,1959-12-17,Female,Married,Medicaid,South
P004915,2013-07-18,Female,Single,Commercial,Midwest
P004916,2006-01-17,Female,Single,Medicare Advantage,South
P004917,1954-03-16,Female,Married,Medicare Advantage,South
P004918,2022-03-27,Male,Single,Medicaid,South
P004919,1952-11-28,Female,Single,Commercial,South
P004920,1960-02-21,Male,Divorced,Commercial,West
P004921,1957-04-27,Female,Widowed,Medicaid,Midwest
P004922,1991-07-08,Male,Married,Other,Northeast
P004923,1981-05-11,Male,Married,Self-Pay,Northeast
P004924,2024-01-19,Male,Single,Commercial,Northeast
P004925,2005-08-05,Female,Widowed,Medicaid,South
P004926,1966-09-26,Male,Married,Medicare,South
P004927,1978-03-20,Female,Widowed,Medicare,Midwest
P004928,1952-07-10,Female,Married,Medicare Advantage,West
P004929,1994-11-20,Male,Married,Medicare,Midwest
P004930,1976-10-13,Male,Single,Self-Pay,West
P004931,1947-01-31,Male,Divorced,Medicare,West
P004932,2006-12-21,Male,Single,Commercial,South
P004933,1979-09-01,Female,Single,Medicare,Northeast
P004934,1934-01-31,Female,Married,Medicare,West
P004935,1983-06-30,Female,Single,Medicaid,Northeast
P004936,1993-02-22,Female,Single,Medicare,West
P004937,1948-04-01,Other,Married,Commercial,South
P004938,2017-09-20,Male,Single,Medicare,
P004939,1985-03-27,Male,Married,Commercial,Northeast
P004940,2005-11-24,Male,Single,Medicare,Northeast
P004941,1937-03-06,Female,Widowed,Medicare,Midwest
P004942,1930-12-01,Female,Married,Medicare,South
P004943,1935-01-17,Male,Married,Medicare,West
P004944,2011-02-17,Male,Single,Medicare,West
P004945,2012-08-12,Female,Single,Other,Midwest
P004946,2019-05-23,Female,Single,Other,Northeast
P004947,1951-04-24,Female,Married,Medicaid,West
P004948,1989-10-09,Male,Single,Commercial,West
P004949,1944-08-19,Female,Widowed,Medicare,Midwest
P004950,1948-05-31,Female,Married,Medicare Advantage,Northeast
P004951,1994-06-28,Male,Divorced,Other,Northeast
P004952,1997-10-15,Female,Single,Commercial,West
P004953,2001-12-11,Male,Single,Medicare Advantage,West
P004954,1988-10-14,Female,Married,Medicare,Midwest
P004955,2014-06-21,Male,Single,Medicare,Northeast
P004956,1951-12-22,Male,Married,Medicare,South
P004957,1966-04-22,Female,Married,Other,South
P004958,1956-09-28,Male,Married,Medicaid,South
P004959,1960-05-17,Female,Married,Medicare,Midwest
P004960,1979-06-21,Female,Married,Medicare Advantage,Northeast
P004961,1976-01-21,Male,Single,Commercial,West
P004962,1980-03-26,Male,Married,Commercial,South
P004963,2008-05-06,Female,Single,Medicaid,Midwest
P004964,1947-03-11,Male,Widowed,Commercial,South
P004965,2008-06-14,Female,Single,Medicare Advantage,South
P004966,1947-10-07,Female,Divorced,Medicare,Midwest
P004967,2025-12-22,Male,Single,Medicare,Midwest
P004968,1938-11-25,Male,Widowed,Medicare Advantage,South
P004969,1966-02-24,Male,Married,Other,Northeast
P004970,1970-03-12,Male,Divorced,Medicare,West
P004971,1931-05-13,Female,Widowed,Medicare,South
P004972,1983-07-23,Male,,Medicare,West
P004973,1967-10-27,Male,Divorced,Medicaid,South
P004974,1978-01-01,Female,Married,Medicare,West
P004975,1980-09-10,Male,Married,Medicare Advantage,South
P004976,1963-04-19,Female,Divorced,Other,South
P004977,1976-05-28,Male,Married,Commercial,Midwest
P004978,1998-03-08,Male,Widowed,Medicare Advantage,Northeast
P004979,1930-05-11,Female,Married,Medicare,Northeast
P004980,1955-09-08,Female,Divorced,Commercial,Northeast
P004981,1948-10-22,Female,Married,Medicare Advantage,Northeast
P004982,1977-03-14,Male,Married,Commercial,South
P004983,1943-01-08,Female,Married,Commercial,Midwest
P004984,1976-03-13,Male,Single,Commercial,Northeast
P004985,1975-08-29,Female,Married,Medicare Advantage,Northeast
P004986,1949-06-23,Male,Divorced,Commercial,South
P004987,1941-09-21,Female,Widowed,Medicare Advantage,South
P004988,2021-07-05,Male,Single,Medicare,South
P004989,1951-05-17,Female,Married,Medicaid,South
P004990,1937-11-15,Female,Married,Medicaid,Midwest
P004991,1947-12-06,Male,Married,Self-Pay,West
P004992,1954-05-12,Female,Single,Medicaid,Northeast
P004993,1944-05-31,Female,Widowed,Medicare,Midwest
P004994,1958-01-10,Male,Divorced,Medicaid,South
P004995,1948-11-25,Female,Married,Medicare Advantage,South
P004996,2002-11-12,Female,Single,Medicare,Midwest
P004997,1964-08-21,Female,Single,Commercial,South
P004998,1929-04-06,Female,Married,Self-Pay,Midwest
P004999,1938-04-08,Male,Widowed,Commercial,Midwest
P005000,1962-04-01,Male,Married,Medicare,South
P005001,1962-07-08,Male,Divorced,Medicaid,Midwest
P005002,2014-12-16,Male,Single,Commercial,Midwest
P005003,1976-06-11,Female,Married,Medicare,South
P005004,1966-07-30,Male,Married,Commercial,South
P005005,2009-04-21,Male,Single,Medicaid,Northeast
P005006,1997-11-23,Female,Divorced,Medicaid,Northeast
P005007,1997-03-30,Female,Single,Medicaid,West
P005008,1969-09-11,Female,Married,Commercial,
P005009,1933-05-30,Male,Divorced,Commercial,South
P005010,1974-10-11,Male,Single,Medicare,West
P005011,2023-01-16,Female,Single,Medicare,South
P005012,1985-07-22,Female,Married,Medicare,South
P005013,2006-08-16,Female,Single,Medicaid,South
P005014,1961-05-16,Male,Widowed,Commercial,South
P005015,1981-09-05,Male,Divorced,Medicare Advantage,Midwest
P005016,1954-06-28,Male,Married,Medicare,Midwest
P005017,1956-08-21,Female,Single,Commercial,South
P005018,1962-04-16,Male,Married,Medicare,Midwest
P005019,1983-09-12,Female,Married,Medicare,South
P005020,1977-09-30,Male,Single,Medicare,Midwest
P005021,1980-11-02,Female,Single,Medicare,West
P005022,1941-07-31,Female,Single,Medicaid,South
P005023,1954-12-29,Male,Divorced,Commercial,South
P005024,1964-08-23,Female,Married,Self-Pay,Midwest
P005025,1983-01-26,Female,Divorced,Commercial,Midwest
P005026,1951-03-15,Male,Divorced,Medicare,South
P005027,1987-01-06,Female,Single,Commercial,Northeast
P005028,1968-11-30,Male,Married,Medicare Advantage,West
P005029,1950-04-04,Male,Married,Medicare,South
P005030,1965-12-10,Male,Married,Medicare,South
P005031,1931-07-21,Male,Widowed,Medicare,South
P005032,1974-07-21,Male,Single,Commercial,West
P005033,1985-12-31,Male,Married,Medicaid,Northeast
P005034,1990-09-19,Female,Married,Medicaid,West
P005035,1962-09-14,Female,Divorced,Medicare,South
P005036,1939-11-20,Other,Married,Medicaid,South
P005037,2002-10-25,Male,Single,Commercial,South
P005038,1987-08-31,Female,Married,Medicare,South
P005039,1967-06-16,Female,Widowed,Commercial,West
P005040,2022-04-22,Male,Single,Medicare Advantage,Midwest
P005041,1992-08-29,Male,Single,Commercial,Northeast
P005042,1947-02-08,Female,Divorced,Commercial,South
P005043,1929-03-30,Male,Widowed,Medicaid,Northeast
P005044,1949-08-31,Female,Married,Other,Midwest
P005045,2000-07-04,Male,Single,Medicaid,Midwest
P005046,2013-01-03,Male,Single,Medicare,Northeast
P005047,1950-11-08,Male,Married,Medicaid,Midwest
P005048,1952-02-23,Female,Widowed,Medicare Advantage,Midwest
P005049,1971-03-22,Female,Married,Medicaid,West
P005050,1980-06-13,Female,Single,Medicaid,West
P005051,1947-10-09,Male,Married,Medicaid,Northeast
P005052,1930-07-26,Male,Widowed,Medicare Advantage,West
P005053,1956-11-29,Female,Married,Commercial,Northeast
P005054,1961-09-07,Male,Married,Medicare Advantage,Midwest
P005055,2019-09-30,Male,Single,Medicaid,West
P005056,1977-11-21,Female,Single,Medicaid,
P005057,1983-05-22,Male,Divorced,Commercial,Midwest
P005058,1963-03-21,Male,Divorced,Self-Pay,South
P005059,1967-06-26,Female,Married,Medicare,Midwest
P005060,1972-06-09,Female,Married,Self-Pay,Northeast
P005061,1981-05-10,Female,Married,Medicaid,Northeast
P005062,1933-11-01,Female,Divorced,Commercial,South
P005063,1932-01-09,Male,Widowed,Medicaid,West
P005064,1974-06-02,Female,Married,Medicaid,Midwest
P005065,1965-09-26,Female,Married,Medicare,South
P005066,1980-08-19,Female,Married,Medicare,South
P005067,1937-02-03,Male,Married,Medicare,South
P005068,1968-09-04,Female,Single,Commercial,Northeast
P005069,1967-08-16,Female,Divorced,Medicare Advantage,Northeast
P005070,1961-06-20,Female,Divorced,Commercial,South
P005071,2003-11-24,Male,Single,Self-Pay,Midwest
P005072,1980-08-12,Female,Single,Medicare,Midwest
P005073,1960-05-21,Female,Widowed,Medicare,Midwest
P005074,1954-03-10,Female,Widowed,Medicare,West
P005075,1948-06-21,Female,Widowed,Commercial,West
P005076,1983-10-27,Male,Married,Medicare,Midwest
P005077,1965-11-01,Female,Married,Medicare,South
P005078,1965-09-16,Male,Divorced,Commercial,West
P005079,1931-05-07,Female,Widowed,Self-Pay,South
P005080,1950-08-12,Male,Divorced,Commercial,South
P005081,1929-06-21,Male,Widowed,Medicaid,South
P005082,1986-08-16,Male,Married,Commercial,Northeast
P005083,1946-01-09,Male,Widowed,Commercial,South
P005084,1997-08-18,Male,Single,Commercial,Midwest
P005085,1966-06-29,Female,Married,Medicare,South
P005086,1962-03-26,Female,Married,Medicaid,South
P005087,1962-12-10,Female,Single,Commercial,South
P005088,1986-12-20,Male,Married,Medicare,Midwest
P005089,1969-08-12,Male,Single,Medicare Advantage,West
P005090,1965-06-28,Female,Married,Medicare,Northeast
P005091,1975-10-01,Female,Married,Commercial,Midwest
P005092,2020-09-23,Male,Single,Medicare,South
P005093,1949-02-27,Female,Married,Self-Pay,South
P005094,2004-05-03,Female,Single,Medicare Advantage,South
P005095,1952-09-28,Female,Widowed,Commercial,Midwest
P005096,1995-08-05,Female,Married,Medicare,Midwest
P005097,1976-08-31,Female,Married,Other,Midwest
P005098,1949-05-29,Female,Divorced,Medicare,West
P005099,1953-12-04,Female,Married,Other,Midwest
P005100,1949-01-14,Male,Married,Self-Pay,West
P005101,1997-09-15,Female,Single,Commercial,South
P005102,1973-02-28,Female,Divorced,Medicare,Midwest
P005103,1946-10-24,Female,Divorced,Commercial,Northeast
P005104,1981-02-14,Female,Married,Commercial,Midwest
P005105,1999-12-27,Female,Single,Medicaid,Midwest
P005106,1956-10-09,Female,Married,Self-Pay,South
P005107,1975-10-20,Male,Married,Medicare,South
P005108,1952-06-19,Female,Widowed,Commercial,South
P005109,1961-12-02,Female,Married,Commercial,Midwest
P005110,1956-06-15,Male,Single,Self-Pay,Northeast
P005111,1957-02-03,Male,Divorced,Medicaid,West
P005112,1980-07-24,Male,Single,Medicaid,Northeast
P005113,2015-10-30,Male,Single,Medicaid,Northeast
P005114,1947-09-11,Male,Single,Medicare Advantage,Northeast
P005115,1974-01-27,Male,Single,Commercial,South
P005116,1952-07-22,Male,Married,Self-Pay,West
P005117,1938-07-14,Male,Married,Medicaid,South
P005118,1999-05-14,Male,Single,Commercial,Northeast
P005119,1997-08-04,Female,Single,Commercial,South
P005120,2002-09-13,Male,Single,Medicaid,West
P005121,1983-11-20,Male,Single,Commercial,West
P005122,1939-06-22,Male,Widowed,Medicare,South
P005123,2005-05-10,Female,Married,Medicare Advantage,Midwest
P005124,1989-04-05,Female,Married,Medicare,Midwest
P005125,1958-11-02,Female,Divorced,Other,Midwest
P005126,1949-04-23,Male,Married,Medicare Advantage,South
P005127,1962-03-11,Female,Married,Medicare,South
P005128,1995-03-26,Female,Married,Medicare,South
P005129,1953-12-04,Male,Divorced,Medicare,Midwest
P005130,1979-08-11,Male,Single,Medicare,Midwest
P005131,1985-10-13,Female,Single,Medicare Advantage,South
P005132,2008-03-03,Male,Single,Commercial,Northeast
P005133,2014-03-09,Male,Single,Medicaid,West
P005134,1956-07-07,Female,Married,Commercial,South
P005135,1977-12-23,Female,Married,Medicare,Northeast
P005136,2007-12-03,Male,Single,Commercial,West
P005137,1994-03-23,Female,Single,Medicare,West
P005138,1964-08-12,Female,Married,Medicare Advantage,Midwest
P005139,1974-07-17,Male,Divorced,Commercial,South
P005140,1973-05-18,Male,Married,Medicare,Northeast
P005141,1976-03-21,Male,Married,Medicare Advantage,South
P005142,1965-12-18,Female,Married,Commercial,South
P005143,1964-01-17,Female,Married,Commercial,West
P005144,2004-08-18,Male,Married,Commercial,Midwest
P005145,1968-04-06,Female,Married,Medicaid,West
P005146,1960-02-23,Female,Married,Medicare,West
P005147,1983-03-03,Male,Married,Medicare,South
P005148,1935-02-06,Female,Widowed,Medicare,West
P005149,1968-07-03,Female,Married,Medicare,Northeast
P005150,1960-08-06,Female,Divorced,Commercial,Midwest
P005151,1986-01-20,Male,Single,Commercial,West
P005152,1993-03-16,Male,Married,Self-Pay,Northeast
P005153,1941-11-25,Female,Single,Medicaid,Midwest
P005154,1990-09-29,Female,Married,Medicare,West
P005155,1931-07-22,Female,Single,Commercial,South
P005156,1930-04-05,Male,Widowed,Commercial,Midwest
P005157,2009-08-03,Male,Single,Medicaid,South
P005158,1947-02-28,Female,Widowed,Commercial,Midwest
P005159,2012-05-23,Male,Single,Commercial,Midwest
P005160,2022-01-27,Female,Single,Medicaid,South
P005161,2006-01-04,Male,Single,Other,West
P005162,1970-11-16,Male,Married,Commercial,South
P005163,1994-09-30,Female,Married,Medicare,Northeast
P005164,1959-10-22,Female,Married,Medicaid,West
P005165,2017-10-09,Male,Single,Medicare Advantage,Midwest
P005166,1955-05-01,Male,Married,Commercial,Midwest
P005167,1969-01-30,Female,Married,Medicaid,West
P005168,1933-07-24,Female,Divorced,Commercial,South
P005169,1980-11-27,Female,Single,Medicare Advantage,Midwest
P005170,1976-09-12,Male,Single,Self-Pay,South
P005171,1994-02-18,Male,Married,Medicare,Midwest
P005172,1968-05-24,Female,Married,Medicare,West
P005173,1984-01-10,Female,Single,Medicare,Midwest
P005174,1973-06-17,Female,Widowed,Medicare Advantage,South
P005175,1955-12-18,Male,Married,Medicare,Midwest
P005176,1955-04-29,Female,Married,Medicare,Northeast
P005177,2005-02-02,Female,Single,Medicaid,Northeast
P005178,1983-01-24,Female,Married,Medicare,South
P005179,2024-01-03,Male,Single,Medicaid,Midwest
P005180,1949-11-23,Female,,Medicare Advantage,West
P005181,1983-05-03,Female,Divorced,Medicare,Midwest
P005182,2002-09-03,Other,Single,Medicare,South
P005183,2017-04-09,Female,Single,Commercial,South
P005184,2017-07-08,Female,Single,Commercial,Midwest
P005185,1992-12-21,Male,Widowed,Medicaid,Northeast
P005186,1984-07-24,Male,Married,Commercial,Midwest
P005187,2005-02-04,Female,Single,Medicaid,Northeast
P005188,1956-06-05,Male,Divorced,Commercial,Northeast
P005189,2005-05-16,Female,Single,Medicare Advantage,Northeast
P005190,1971-12-02,Female,Single,Commercial,South
P005191,2005-09-10,Female,Single,Medicare Advantage,South
P005192,2007-02-23,Male,Married,Commercial,South
P005193,1953-08-21,Female,Married,Self-Pay,West
P005194,1977-05-13,Female,Married,Medicare,Northeast
P005195,1964-05-28,Male,Married,Medicaid,South
P005196,1953-05-29,Female,Married,Commercial,Midwest
P005197,1957-03-04,Female,Married,Other,Midwest
P005198,1985-05-21,Male,Divorced,Commercial,Northeast
P005199,2012-03-05,Male,Single,Medicaid,South
P005200,1970-04-25,Male,Married,Self-Pay,South
P005201,1971-05-02,Female,Single,Medicaid,Midwest
P005202,1953-08-06,Female,Married,Medicare,West
P005203,1977-10-25,Male,Married,Medicare,Northeast
P005204,1960-12-19,Male,Divorced,Commercial,West
P005205,1936-05-03,Male,Divorced,Medicaid,Northeast
P005206,1966-11-24,Female,Divorced,Commercial,West
P005207,1970-02-27,Male,Single,Medicaid,Midwest
P005208,1997-11-24,Female,Single,Medicare,South
P005209,1955-05-08,Female,Divorced,Commercial,Northeast
P005210,1971-07-05,Male,Married,Medicare,West
P005211,1956-05-10,Male,Single,Medicaid,Midwest
P005212,1942-11-15,Female,Widowed,Commercial,South
P005213,1956-10-16,Female,Married,Medicaid,South
P005214,1969-09-15,Female,Married,Medicare,South
P005215,1970-11-07,Male,Married,Medicare Advantage,Midwest
P005216,1974-05-18,Female,Divorced,Medicaid,South
P005217,1948-03-31,Male,Married,Commercial,West
P005218,1968-07-20,Female,Single,Medicare,South
P005219,1959-10-26,Female,Divorced,Medicare,South
P005220,1958-02-11,Female,Married,Commercial,South
P005221,1950-09-23,Male,Married,Self-Pay,West
P005222,1994-05-14,Female,Married,Medicare,Northeast
P005223,1974-06-11,Male,Married,Medicare,South
P005224,1942-03-19,Female,Widowed,Medicare,Northeast
P005225,1938-07-09,Male,Widowed,Commercial,South
P005226,2006-10-18,Female,Single,Self-Pay,West
P005227,1951-10-22,Female,Married,Medicaid,South
P005228,1964-07-21,Female,Married,Medicaid,South
P005229,1989-09-24,Male,Married,Medicare,West
P005230,2022-05-03,Female,Single,Medicare,West
P005231,2020-02-24,Female,Single,Medicare,Midwest
P005232,1961-05-14,Female,Widowed,Commercial,West
P005233,1950-03-29,Female,Married,Medicare Advantage,Northeast
P005234,2006-05-08,Male,Single,Medicare,South
P005235,2017-10-27,Male,Single,Medicare,South
P005236,1934-09-23,Female,Widowed,Commercial,Northeast
P005237,2003-07-12,Male,Single,Commercial,South
P005238,2005-02-24,Male,Single,Medicare,South
P005239,1982-10-04,Female,Married,Commercial,Midwest
P005240,1949-10-06,Female,Single,Medicare,Midwest
P005241,1999-03-28,Female,Single,Commercial,Midwest
P005242,1976-06-13,Male,Widowed,Self-Pay,Midwest
P005243,1963-05-16,Male,Married,Medicare,Northeast
P005244,1949-10-17,Male,Single,Medicare,West
P005245,1937-09-04,Male,Married,Commercial,Northeast
P005246,1971-08-26,Female,Single,Commercial,West
P005247,1949-04-21,Male,Married,Commercial,Northeast
P005248,1954-11-27,Male,Widowed,Medicaid,Midwest
P005249,2023-12-23,Female,Single,Medicare,West
P005250,1980-01-14,Male,Married,Commercial,South
P005251,2007-09-07,Female,Single,Medicare,South
P005252,2002-08-01,Female,Single,Commercial,Northeast
P005253,2015-01-24,Female,Single,Medicare Advantage,Midwest
P005254,1953-03-07,Female,Married,Commercial,
P005255,1978-02-01,Male,Married,Self-Pay,West
P005256,1971-07-16,Male,Single,Self-Pay,South
P005257,2012-01-18,Male,Single,Commercial,West
P005258,1946-06-10,Male,Widowed,Medicaid,Northeast
P005259,2012-05-22,Female,Single,Medicare,South
P005260,1943-05-15,Female,Married,Medicare,West
P005261,1935-07-09,Male,Widowed,Medicaid,South
P005262,1982-01-25,Female,Married,Commercial,South
P005263,1951-01-19,Male,Married,Medicare,Midwest
P005264,1972-06-27,Male,Married,Commercial,Midwest
P005265,1962-05-20,Male,Single,Commercial,South
P005266,2024-01-20,Female,Single,Medicaid,Midwest
P005267,1981-07-17,Male,Married,Medicare,South
P005268,1973-07-28,Female,Married,Other,South
P005269,1954-03-10,Female,Married,Commercial,Northeast
P005270,2010-02-10,Female,Single,Commercial,Northeast
P005271,1933-04-01,Male,Married,Commercial,South
P005272,1967-06-07,Female,Divorced,Medicare,Northeast
P005273,1943-05-12,Female,Widowed,Commercial,Midwest
P005274,1963-04-07,Male,Single,Medicare Advantage,Northeast
P005275,1939-12-25,Female,Single,Commercial,Midwest
P005276,1985-07-31,Female,Married,Self-Pay,Midwest
P005277,1979-05-09,Male,Single,Medicare,South
P005278,1964-02-15,Male,Married,Medicaid,West
P005279,1979-09-10,Male,Married,Commercial,South
P005280,1964-10-21,Female,Married,Medicare Advantage,West
P005281,1961-01-11,Male,Married,Commercial,Midwest
P005282,1952-07-26,Female,Married,Other,South
P005283,1979-10-14,Female,Married,Self-Pay,South
P005284,1950-08-03,Male,Married,Medicare Advantage,South
P005285,1971-05-21,Male,Divorced,Commercial,South
P005286,1970-10-03,Male,Married,Medicare,South
P005287,1985-12-21,Male,Divorced,Commercial,South
P005288,2000-06-24,Male,Single,Medicaid,Midwest
P005289,1954-09-29,Male,Married,Commercial,West
P005290,1996-04-18,Male,Single,Medicaid,South
P005291,1990-05-23,Male,Married,Commercial,South
P005292,2006-08-19,Male,Single,Commercial,West
P005293,1980-12-22,Female,Married,Commercial,Midwest
P005294,2008-08-22,Male,Single,Medicare,Midwest
P005295,1968-05-16,Male,Divorced,Commercial,Midwest
P005296,1950-07-19,Male,Married,Self-Pay,South
P005297,1949-04-05,Female,Widowed,Medicare Advantage,
P005298,1940-12-17,Female,Married,Commercial,South
P005299,1965-09-01,Female,Married,Medicare,South
P005300,2008-03-21,Male,Single,Medicaid,South
P005301,1987-08-05,Male,Single,Commercial,West
P005302,1965-05-16,Male,Widowed,Medicaid,West
P005303,1957-12-21,Female,Widowed,Medicare,South
P005304,1954-04-25,Female,Married,Medicare Advantage,South
P005305,1993-08-04,Other,Single,Commercial,Northeast
P005306,1994-01-12,Male,Married,Medicaid,West
P005307,2007-07-18,Male,Single,Commercial,South
P005308,1968-04-16,Female,Single,Medicaid,Northeast
P005309,1999-03-14,Female,Single,Medicaid,Midwest
P005310,1940-11-15,Female,Married,Commercial,Northeast
P005311,1971-03-02,Male,Married,Medicare,West
P005312,1988-02-24,Male,Divorced,Commercial,West
P005313,1976-10-29,Female,Single,Other,South
P005314,2001-07-08,Male,Single,Commercial,South
P005315,1974-10-21,Male,Married,Medicare,Midwest
P005316,1955-03-23,Male,Divorced,Medicare,Midwest
P005317,1998-05-05,Female,Single,Other,Northeast
P005318,1951-08-21,Male,Married,Medicare Advantage,Midwest
P005319,1935-04-12,Female,Married,Commercial,South
P005320,1950-12-12,Male,Married,Commercial,South
P005321,1931-10-29,Male,Widowed,Medicaid,West
P005322,1948-03-28,Male,Married,Self-Pay,South
P005323,1968-11-11,Female,Married,Medicare,South
P005324,1958-11-14,Male,Divorced,Commercial,Midwest
P005325,1997-04-23,Female,Single,Commercial,Northeast
P005326,1980-08-23,Male,Married,Commercial,Northeast
P005327,1979-08-22,Female,Married,Self-Pay,South
P005328,1936-04-23,Male,Married,Medicare,Northeast
P005329,2006-01-16,Male,Single,Medicaid,South
P005330,1973-04-23,Female,Married,Medicaid,South
P005331,1931-10-18,Female,Married,Medicare Advantage,South
P005332,2011-01-04,Female,Single,Medicare,West
P005333,1932-08-20,Female,Widowed,Medicare Advantage,South
P005334,2026-12-05,Male,Single,Medicare,Northeast
P005335,2003-12-13,Male,Single,Medicare,Northeast
P005336,1970-12-21,Male,,Self-Pay,Northeast
P005337,1989-05-08,Female,Married,Medicaid,West
P005338,2009-01-17,Male,Single,Medicare,Northeast
P005339,1988-12-28,Female,Divorced,Self-Pay,South
P005340,1933-03-19,Female,Widowed,Commercial,Midwest
P005341,1948-09-05,Male,Married,Commercial,West
P005342,1961-07-12,Female,Married,Commercial,Northeast
P005343,1995-01-30,Female,Married,Medicare Advantage,South
P005344,1989-06-22,Male,Single,Medicare Advantage,South
P005345,1960-06-02,Male,Single,Medicare Advantage,Northeast
P005346,1946-10-18,Female,Widowed,Medicaid,Midwest
P005347,2020-09-08,Male,Single,Commercial,West
P005348,1956-05-28,Female,Divorced,Medicare,West
P005349,1961-03-16,Male,Married,Commercial,South
P005350,2015-02-03,Female,Single,Medicare,South
P005351,1970-07-30,Female,Married,Medicare Advantage,West
P005352,1987-07-30,Male,Single,Medicaid,Northeast
P005353,1945-07-15,Male,Single,Medicare,South
P005354,1961-04-23,Female,Widowed,Commercial,Northeast
P005355,1965-07-20,Female,Married,Medicare,Northeast
P005356,1949-06-15,Female,Single,Medicaid,South
P005357,1953-02-26,Male,Widowed,Commercial,Northeast
P005358,1938-09-17,Female,Married,Commercial,South
P005359,1961-09-04,Male,Married,Commercial,South
P005360,1974-10-11,Male,Married,Medicare,West
P005361,2022-07-05,Female,Single,Self-Pay,South
P005362,1968-04-10,Female,Married,Medicare Advantage,West
P005363,1947-03-29,Male,Divorced,Medicare,South
P005364,1949-11-18,Male,Married,Commercial,South
P005365,1961-04-01,Male,Divorced,Medicare,South
P005366,2019-02-19,Male,Single,Medicare Advantage,South
P005367,1993-02-05,Male,Single,Medicare Advantage,Northeast
P005368,1965-08-23,Female,Married,Medicare Advantage,West
P005369,1952-06-11,Female,Single,Commercial,Midwest
P005370,1958-06-27,Male,Married,Commercial,West
P005371,1961-07-04,Female,Married,Medicare Advantage,South
P005372,2007-04-02,Female,Single,Medicare,Northeast
P005373,1945-11-11,Female,Widowed,Commercial,South
P005374,1947-02-19,Male,Widowed,Commercial,Midwest
P005375,1945-11-24,Female,Widowed,Commercial,South
P005376,1939-01-14,Male,Widowed,Medicare,Northeast
P005377,1980-01-01,Male,Married,Commercial,West
P005378,1954-10-17,Male,Married,Medicaid,South
P005379,2016-11-08,Male,Single,Medicaid,West
P005380,1948-01-30,Female,Married,Medicare,South
P005381,2011-05-15,Female,Single,Other,Northeast
P005382,1944-11-18,Male,Widowed,Medicare Advantage,Northeast
P005383,1935-06-18,Female,Widowed,Medicare,South
P005384,1973-06-07,Female,Married,Medicare,Northeast
P005385,2020-06-10,Female,Single,Medicare,South
P005386,1935-06-13,Male,Married,Medicare Advantage,Northeast
P005387,2006-08-13,Male,Single,Commercial,South
P005388,2015-04-17,Male,Single,Medicaid,
P005389,1950-02-14,Female,Married,Commercial,Northeast
P005390,2007-05-13,Male,Divorced,Medicare,Midwest
P005391,2013-04-21,Male,Single,Medicare,Midwest
P005392,1963-10-15,Male,Married,Self-Pay,Midwest
P005393,1967-01-22,Male,Divorced,Medicare,Midwest
P005394,1970-07-07,Female,Single,Commercial,Northeast
P005395,1978-04-15,Female,Single,Commercial,Midwest
P005396,1968-10-17,Female,Divorced,Commercial,South
P005397,1987-06-29,Male,Divorced,Medicare,
P005398,1937-08-04,Male,Widowed,Medicare,Northeast
P005399,1989-07-15,Male,Single,Medicaid,West
P005400,1967-07-30,Male,Single,Medicare,South
P005401,2000-04-17,Female,Single,Medicare,South
P005402,1996-03-15,Female,Single,Commercial,South
P005403,2026-06-08,Female,Single,Medicare Advantage,West
P005404,1932-08-27,Female,Single,Commercial,Northeast
P005405,1997-09-17,Male,Single,Self-Pay,Midwest
P005406,1984-09-28,Female,Divorced,Commercial,South
P005407,2006-01-16,Female,Single,Medicaid,South
P005408,1975-07-05,Female,Single,Medicaid,Midwest
P005409,1965-04-07,Female,Married,Commercial,West
P005410,1974-10-06,Male,Divorced,Commercial,Northeast
P005411,1930-03-23,Female,Married,Medicare,South
P005412,1999-06-15,Female,Single,Medicare,South
P005413,1974-11-20,Female,Married,Medicaid,South
P005414,1976-03-04,Female,Married,Medicare,Midwest
P005415,2008-05-12,Female,Single,Commercial,South
P005416,1962-10-01,Female,Married,Medicare,West
P005417,1979-11-21,Female,Single,Medicare,Northeast
P005418,1945-12-27,Female,Married,Medicaid,Midwest
P005419,1961-11-22,Male,Married,Medicare,Northeast
P005420,1963-08-16,Male,Married,Self-Pay,South
P005421,1938-02-24,Female,Widowed,Medicaid,West
P005422,2023-06-13,Female,Single,Self-Pay,Northeast
P005423,1969-02-09,Female,Divorced,Medicare,West
P005424,1955-05-19,Female,Married,Commercial,West
P005425,2004-10-05,Female,Single,Medicare,West
P005426,1953-08-11,Female,Widowed,Commercial,West
P005427,1971-05-10,Male,Married,Medicaid,Midwest
P005428,1985-03-01,Male,Married,Medicaid,South
P005429,1981-06-11,Male,Single,Medicaid,Midwest
P005430,1969-08-21,Female,Widowed,Medicare,South
P005431,1994-11-12,Female,Married,Commercial,Northeast
P005432,1960-09-21,Female,Married,Medicaid,West
P005433,1953-05-02,Male,Divorced,Medicare Advantage,West
P005434,1970-03-21,Female,Married,Medicare Advantage,South
P005435,1981-08-09,Male,Married,Medicare,Midwest
P005436,1983-10-14,Male,Single,Medicare,South
P005437,1979-07-30,Female,Married,Medicare,Midwest
P005438,2024-08-07,Female,Single,Medicare,Midwest
P005439,1951-02-08,Female,Widowed,Medicaid,South
P005440,2022-07-20,Female,Single,Medicaid,West
P005441,1987-01-20,Female,Single,Commercial,South
P005442,1980-06-01,Male,Married,Medicaid,Northeast
P005443,1936-03-07,Female,Widowed,Medicaid,South
P005444,1962-01-29,Female,Married,Self-Pay,Northeast
P005445,1977-10-19,Male,Married,Medicare,South
P005446,1955-03-02,Male,Married,Medicare,South
P005447,1971-01-12,Female,Widowed,Medicare,West
P005448,1938-06-08,Male,Married,Medicaid,South
P005449,1994-02-01,Male,Divorced,Other,Midwest
P005450,1957-02-11,Other,Divorced,Medicare,South
P005451,1957-06-25,Female,Widowed,Medicaid,South
P005452,1965-01-31,Female,Married,Medicare,Midwest
P005453,1930-04-27,Female,Widowed,Medicare Advantage,Midwest
P005454,1961-11-18,Male,Married,Medicare,West
P005455,1980-04-26,Female,Married,Medicaid,Northeast
P005456,1983-09-13,Male,Single,Medicaid,West
P005457,1930-03-08,Female,Married,Medicaid,Midwest
P005458,1974-12-05,Male,Married,Medicare,
P005459,1964-01-12,Female,Married,Commercial,South
P005460,1992-10-23,Male,Single,Medicare,South
P005461,2003-07-02,Female,Single,Self-Pay,South
P005462,1940-09-21,Male,Divorced,Medicare,South
P005463,1974-09-28,Male,Married,Medicare,South
P005464,1990-04-25,Female,Married,Self-Pay,Midwest
P005465,1976-07-31,Male,Married,Medicare,West
P005466,1980-05-02,Female,Married,Commercial,South
P005467,1986-08-30,Female,Single,Medicaid,West
P005468,2005-04-04,Female,Single,Medicaid,Northeast
P005469,2017-09-11,Male,Single,Commercial,Midwest
P005470,1969-09-07,Female,Married,Medicare Advantage,South
P005471,1945-03-08,Female,Married,Medicare,South
P005472,2002-08-07,Female,Single,Medicare,West
P005473,1971-01-21,Female,Divorced,Medicaid,West
P005474,1991-09-11,Male,Single,Medicare,West
P005475,1970-07-19,Male,Married,Medicare,South
P005476,1978-09-17,Male,Married,Commercial,South
P005477,1970-11-06,Female,Single,Commercial,West
P005478,1966-03-26,Female,Married,Medicare,West
P005479,1954-07-04,Male,Married,Medicaid,Midwest
P005480,1932-02-06,Male,Divorced,Medicare,Midwest
P005481,1943-02-18,Male,Married,Commercial,South
P005482,1949-01-23,Female,Married,Commercial,Midwest
P005483,1961-01-29,Male,Widowed,Commercial,South
P005484,2006-04-09,Female,Single,Medicaid,Midwest
P005485,1961-11-03,Female,Married,Medicaid,South
P005486,1958-05-27,Male,Married,Medicaid,West
P005487,1930-04-10,Female,Widowed,Medicaid,Midwest
P005488,1957-03-10,Male,Married,Medicare,Midwest
P005489,1956-05-08,Male,Married,Medicare,West
P005490,1954-06-11,Male,Divorced,Commercial,West
P005491,1980-12-08,Female,Divorced,Medicare,West
P005492,1958-08-17,Male,Widowed,Medicare,Midwest
P005493,1994-01-03,Male,Divorced,Medicare,South
P005494,2006-01-16,Male,Single,Medicare,South
P005495,1930-10-24,Female,Married,Medicare,South
P005496,1943-07-26,Male,Widowed,Medicaid,West
P005497,1960-04-30,Female,Widowed,Medicare,Northeast
P005498,1985-08-21,Female,Married,Medicare,Midwest
P005499,1947-07-05,Male,Married,Medicare Advantage,South
P005500,1972-01-31,Female,Single,Commercial,Midwest
P005501,1950-05-04,Female,Widowed,Commercial,Midwest
P005502,1959-06-09,Male,Widowed,Medicaid,West
P005503,1947-04-23,Male,Widowed,Medicare Advantage,Midwest
P005504,2019-03-26,Male,Single,Medicare,South
P005505,1965-03-18,Male,Married,Medicare,South
P005506,2006-02-27,Male,Single,Medicare,Midwest
P005507,2012-01-30,Female,Single,Medicare,Northeast
P005508,1962-08-15,Male,Married,Medicaid,Northeast
P005509,1984-10-17,Male,Married,Commercial,Northeast
P005510,1963-03-18,Female,Single,Medicare Advantage,South
P005511,1953-12-31,Female,Widowed,Medicare Advantage,South
P005512,2001-06-28,Male,Single,Other,South
P005513,1988-05-09,Male,Single,Medicare,South
P005514,1960-02-03,Male,Married,Medicare,West
P005515,1990-04-21,Female,Single,Medicare Advantage,South
P005516,1954-09-25,Male,Widowed,Medicare,South
P005517,1998-06-07,Male,Single,Medicaid,West
P005518,2000-02-10,Female,Single,Medicare,South
P005519,2002-07-11,Male,Divorced,Commercial,Midwest
P005520,2019-12-01,Male,Single,Medicare,Northeast
P005521,1950-07-15,Male,Widowed,Medicare Advantage,Northeast
P005522,1971-06-06,Female,Married,Medicare,South
P005523,1971-11-06,Male,Married,Commercial,West
P005524,1975-11-15,Male,Married,Medicare,West
P005525,2009-12-14,Female,Single,Commercial,West
P005526,2016-02-11,Female,Single,Medicaid,West
P005527,1989-08-27,Male,Divorced,Medicare Advantage,Midwest
P005528,1977-01-26,Male,Married,Medicare,South
P005529,1988-12-13,Female,Married,Medicaid,South
P005530,1964-12-25,Female,Married,Medicare,Northeast
P005531,1997-09-24,Male,Single,Medicare,Midwest
P005532,1979-12-18,Female,Married,Medicare,West
P005533,1974-10-29,Male,Married,Commercial,South
P005534,1944-02-12,Female,Married,Medicare Advantage,West
P005535,1982-03-16,Female,Married,Medicaid,South
P005536,1966-12-14,Female,Married,Commercial,Midwest
P005537,1985-04-12,Male,Single,Medicare,West
P005538,1976-03-02,Female,Married,Medicare Advantage,South
P005539,1950-02-22,Female,Widowed,Commercial,West
P005540,1958-04-15,Female,Married,Medicare,South
P005541,1993-03-27,Male,Single,Medicare,West
P005542,1987-02-19,Male,Married,Commercial,West
P005543,1969-08-12,Female,Married,Medicare,Midwest
P005544,2012-12-19,Female,Single,Medicare,South
P005545,1937-11-10,Male,Widowed,Medicare,West
P005546,1973-06-27,Male,Divorced,Medicaid,South
P005547,1960-03-21,Male,Married,Commercial,South
P005548,2008-07-07,Female,Single,Medicare,South
P005549,1947-07-29,Other,Single,Commercial,Northeast
P005550,2003-01-13,Male,Single,Medicare,Midwest
P005551,1936-09-01,Male,Widowed,Medicaid,West
P005552,1955-09-07,Female,Married,Other,West
P005553,1968-12-19,Male,Married,Medicare,South
P005554,1965-04-01,Male,Widowed,Medicaid,West
P005555,1954-08-20,Male,Married,Commercial,Midwest
P005556,1954-05-28,Female,Married,Medicare,Midwest
P005557,1942-10-05,Male,Widowed,Medicaid,West
P005558,1950-03-09,Male,Married,Medicaid,Midwest
P005559,2023-01-23,Male,Single,Commercial,South
P005560,1966-06-24,Female,Married,Self-Pay,South
P005561,1974-02-06,Female,Divorced,Other,South
P005562,2020-09-16,Female,Single,Commercial,West
P005563,1957-11-30,Female,Married,Medicare,Midwest
P005564,1933-06-11,Male,Married,Medicaid,Midwest
P005565,1998-10-08,Male,Single,Commercial,South
P005566,1952-01-16,Male,Married,Medicare,West
P005567,1980-04-14,Male,Married,Medicare,West
P005568,2015-05-14,Male,Single,Medicare,West
P005569,1964-04-11,Female,Married,Medicare Advantage,South
P005570,1970-10-14,Male,Married,Medicare,West
P005571,2010-06-05,Female,Single,Medicare Advantage,South
P005572,2010-06-18,Male,Single,Commercial,South
P005573,1990-10-12,Male,Married,Medicare,West
P005574,1969-11-03,Female,Single,Self-Pay,West
P005575,1995-11-13,Male,Single,Medicare,Northeast
P005576,1960-02-06,Female,Single,Medicare,West
P005577,2001-09-10,Male,Married,Commercial,South
P005578,1967-01-13,Female,Married,Medicare,Midwest
P005579,1994-07-22,Female,Married,Medicare Advantage,Northeast
P005580,2007-02-05,Female,Single,Medicaid,Midwest
P005581,2003-04-10,Male,Single,Medicare,Midwest
P005582,2026-11-02,Female,Single,Medicare,West
P005583,1981-02-12,Male,Divorced,Medicare,Midwest
P005584,1961-03-22,Female,Married,Medicaid,Midwest
P005585,1968-08-10,Male,Divorced,Medicare Advantage,South
P005586,1988-07-04,Female,Married,Self-Pay,South
P005587,1990-06-09,Male,Single,Commercial,Midwest
P005588,1997-06-23,Female,Single,Medicare,Northeast
P005589,1976-05-30,Male,Divorced,Commercial,Northeast
P005590,1980-07-31,Female,Married,Medicare,Northeast
P005591,1991-09-04,Female,Married,Medicare,Northeast
P005592,1965-01-15,Male,Married,Medicare,Midwest
P005593,1976-06-07,Female,Married,Medicare,Northeast
P005594,2026-10-23,Female,Single,Medicaid,West
P005595,1955-07-18,Male,Married,Medicare,Northeast
P005596,2008-04-19,Female,Single,Medicare,West
P005597,1962-07-27,Male,Married,Medicare Advantage,Northeast
P005598,1983-03-03,Male,Married,Medicaid,West
P005599,1930-01-11,Female,Married,Medicare,Midwest
P005600,1991-04-11,Male,Married,Medicaid,Midwest
P005601,1950-03-26,Female,Widowed,Medicare Advantage,Midwest
P005602,1969-01-16,Male,Married,Commercial,South
P005603,1963-02-15,Female,Married,Medicaid,South
P005604,1959-06-01,Female,Married,Medicare,Midwest
P005605,1983-01-26,Female,Married,Commercial,Northeast
P005606,1971-04-11,Male,Single,Commercial,West
P005607,1973-04-15,Female,Married,Medicare,West
P005608,1973-06-15,Female,Married,Commercial,Midwest
P005609,1991-04-12,Female,Single,Commercial,Northeast
P005610,1989-07-05,Female,Married,Medicare,West
P005611,2018-08-19,Female,Single,Other,South
P005612,1934-02-05,Female,Married,Medicare,Northeast
P005613,1932-06-28,Male,Married,Medicare,Northeast
P005614,2002-11-09,Male,Single,Commercial,West
P005615,1940-11-29,Male,Married,Commercial,West
P005616,2013-07-17,Female,Single,Commercial,West
P005617,1971-10-12,Male,Single,Commercial,Midwest
P005618,1986-12-15,Female,Married,Medicare Advantage,West
P005619,1948-07-01,Female,Widowed,Medicare,South
P005620,1975-03-15,Male,Single,Medicaid,South
P005621,2003-12-16,Female,Married,Medicare,Midwest
P005622,1952-06-21,Male,Married,Medicare,South
P005623,1949-06-28,Female,Divorced,Medicare Advantage,West
P005624,1947-04-10,Female,Single,Commercial,Midwest
P005625,1958-04-27,Male,Divorced,Commercial,Northeast
P005626,1968-10-30,Female,Divorced,Medicaid,Northeast
P005627,2007-01-07,Male,Single,Medicare Advantage,South
P005628,1983-06-06,Female,Married,Medicaid,Northeast
P005629,1942-05-07,Female,Widowed,Medicaid,South
P005630,1989-07-10,Female,Divorced,Commercial,Midwest
P005631,1966-04-03,Male,Married,Medicare,South
P005632,1938-01-22,Female,Widowed,Medicare Advantage,South
P005633,1935-07-27,Male,Widowed,Medicaid,West
P005634,1981-06-07,Female,Married,Medicare Advantage,Midwest
P005635,1991-07-16,Male,Married,Commercial,South
P005636,2015-10-26,Female,Single,Medicaid,Northeast
P005637,1978-08-08,Male,Single,Commercial,South
P005638,2007-04-22,Male,Single,Commercial,Midwest
P005639,1993-08-12,Male,Single,Medicare,Northeast
P005640,1931-03-29,Female,Divorced,Medicare,South
P005641,1957-06-09,Female,Married,Medicare Advantage,Midwest
P005642,1936-04-09,Female,Widowed,Medicare,Midwest
P005643,1969-04-29,Female,Divorced,Medicaid,Northeast
P005644,1966-04-25,Male,Married,Medicare,Midwest
P005645,1965-07-27,Female,Widowed,Commercial,South
P005646,1938-09-18,Male,Married,Medicare,West
P005647,1985-10-12,Male,Single,Medicare,Northeast
P005648,1960-04-21,Male,Married,Commercial,Midwest
P005649,2006-04-08,Female,Single,Medicare,Northeast
P005650,1975-06-23,Female,Married,Medicare,West
P005651,1957-10-18,Female,Married,Medicare,Midwest
P005652,1964-04-11,Male,Single,Other,South
P005653,1946-11-29,Female,Divorced,Medicaid,South
P005654,1960-07-05,Female,Married,Medicare,South
P005655,1973-03-31,Female,Single,Commercial,Northeast
P005656,1991-02-07,Male,Married,Commercial,South
P005657,1992-11-02,Other,Married,Commercial,South
P005658,1992-01-02,Female,Married,Medicare,South
P005659,1974-08-16,Male,Married,Medicare,South
P005660,1973-10-12,Male,Divorced,Self-Pay,West
P005661,1968-05-20,Female,Married,Commercial,South
P005662,1952-05-04,Male,Married,Medicaid,Northeast
P005663,1982-02-20,Male,Divorced,Medicare,South
P005664,1949-04-29,Other,Married,Medicare Advantage,Midwest
P005665,2017-09-09,Female,Single,Medicare,South
P005666,2022-05-11,Female,Single,Medicare,West
P005667,1961-08-03,Female,Married,Commercial,Midwest
P005668,1993-12-26,Female,Single,Self-Pay,West
P005669,1970-12-27,Female,Married,Medicaid,South
P005670,1990-07-28,Male,Married,Medicare Advantage,Northeast
P005671,1974-10-31,Male,Married,Medicaid,West
P005672,1939-09-01,Male,Married,Medicare Advantage,South
P005673,1956-04-23,Female,Widowed,Commercial,South
P005674,1988-06-22,Female,Married,Commercial,South
P005675,1947-08-14,Female,Married,Commercial,South
P005676,1946-01-20,Female,Married,Medicare,Midwest
P005677,1954-11-24,Female,Married,Medicare,South
P005678,1964-07-22,Male,Married,Medicaid,West
P005679,1979-10-29,Female,Widowed,Medicare,West
P005680,1960-04-19,Female,Married,Medicare,Northeast
P005681,1960-06-12,Female,Divorced,Medicare,South
P005682,1994-09-11,Male,Married,Medicaid,Midwest
P005683,1958-11-15,Female,Married,Medicare,South
P005684,1986-02-03,Male,Married,Commercial,South
P005685,1967-04-19,Male,Married,Commercial,West
P005686,1951-06-24,Female,Married,Medicare Advantage,Midwest
P005687,1999-01-27,Male,Single,Medicare,Northeast
P005688,1989-12-12,Male,Single,Medicaid,Midwest
P005689,1991-05-31,Female,Married,Commercial,South
P005690,2023-04-20,Female,Single,Medicaid,West
P005691,1981-06-18,Female,Married,Medicare Advantage,Midwest
P005692,2009-05-18,Male,Single,Medicare,Northeast
P005693,1992-11-18,Female,Married,Medicaid,West
P005694,1991-09-21,Female,Single,Medicare,South
P005695,1991-08-03,Male,Single,Self-Pay,South
P005696,1996-10-15,Male,Married,Medicare Advantage,South
P005697,2002-11-04,Male,Married,Medicare,Midwest
P005698,1960-05-20,Other,Married,Medicaid,Midwest
P005699,1976-08-31,Female,Divorced,Commercial,West
P005700,1974-01-30,Female,Married,Medicare,South
P005701,1972-12-23,Female,Divorced,Medicaid,Northeast
P005702,1987-09-06,Female,Married,Self-Pay,West
P005703,1951-03-07,Male,Married,Medicare,West
P005704,2005-08-30,Female,Single,Medicaid,South
P005705,1998-05-16,Male,Single,Self-Pay,South
P005706,1946-04-15,Male,Widowed,Medicaid,Northeast
P005707,1966-03-03,Female,Divorced,Commercial,South
P005708,1962-11-05,Male,Married,Commercial,South
P005709,1974-03-04,Male,Divorced,Medicare,South
P005710,1937-12-18,Female,Married,Medicare,South
P005711,2021-06-03,Female,Single,Medicaid,South
P005712,1990-05-10,Female,Single,Medicaid,South
P005713,2016-11-10,Female,Single,Medicare,Midwest
P005714,1957-10-07,Female,Married,Commercial,West
P005715,1982-12-13,Male,Married,Commercial,South
P005716,1975-07-03,Female,Married,Medicare,South
P005717,1952-06-14,Female,Widowed,Self-Pay,West
P005718,1930-12-13,Male,Widowed,Medicare Advantage,Northeast
P005719,1959-04-03,Female,Widowed,Medicaid,South
P005720,1985-04-26,Male,Single,Commercial,
P005721,2020-07-28,Female,Single,Medicaid,South
P005722,1990-07-26,Female,Married,Medicare Advantage,Midwest
P005723,2016-07-20,Female,Single,Self-Pay,West
P005724,1951-05-28,Female,Married,Medicare,South
P005725,1945-12-25,Female,Married,Commercial,Midwest
P005726,1968-01-13,Male,Married,Commercial,West
P005727,1956-05-27,Male,Married,Commercial,South
P005728,2024-04-21,Female,Single,Medicaid,Midwest
P005729,1960-03-03,Male,Divorced,Medicaid,Midwest
P005730,1958-08-05,Male,Divorced,Other,Northeast
P005731,1963-05-04,Female,Divorced,Medicare Advantage,South
P005732,1989-02-17,Male,Married,Medicare,Midwest
P005733,1985-10-22,Male,Single,Self-Pay,West
P005734,1990-04-20,Female,Divorced,Medicare,South
P005735,1939-11-23,Female,Widowed,Medicare Advantage,Midwest
P005736,1979-05-25,Female,Married,Medicare,West
P005737,1999-08-21,Male,Single,Commercial,Midwest
P005738,1948-12-27,Male,Married,Medicare Advantage,Northeast
P005739,1998-06-23,Male,Single,Medicaid,West
P005740,1947-03-06,Male,Divorced,Commercial,West
P005741,1969-05-08,Male,Married,Other,Midwest
P005742,1948-05-05,Male,Divorced,Medicare,Northeast
P005743,1967-01-10,Female,Single,Medicare Advantage,West
P005744,1978-12-10,Male,Married,Medicaid,South
P005745,1996-12-04,Male,Divorced,Commercial,Northeast
P005746,1948-04-21,Male,Single,Medicare,Midwest
P005747,1999-06-08,Female,Single,Medicaid,West
P005748,1959-12-19,Female,Widowed,Medicaid,Northeast
P005749,1950-02-25,Male,Married,Self-Pay,Northeast
P005750,1975-12-17,Female,Divorced,Medicare,Northeast
P005751,1964-04-05,Male,Single,Medicare,Midwest
P005752,1985-12-28,Female,Married,Self-Pay,West
P005753,1956-07-09,Female,Married,Commercial,West
P005754,2001-11-05,Male,Single,Medicare,Northeast
P005755,1982-08-16,Male,Divorced,Commercial,Midwest
P005756,1945-09-04,Female,Widowed,Medicare Advantage,South
P005757,1976-10-14,Male,Married,Commercial,Midwest
P005758,1950-07-26,Male,Widowed,Medicaid,South
P005759,1955-03-22,Male,Married,Medicaid,Midwest
P005760,1940-02-20,Male,Married,Medicare Advantage,South
P005761,1971-10-24,Male,Married,Medicare,Northeast
P005762,1951-01-24,Female,Single,Medicaid,South
P005763,1972-10-24,Female,Married,Commercial,Midwest
P005764,1969-11-11,Female,Married,Medicare,South
P005765,1938-12-16,Female,Married,Medicaid,South
P005766,1967-03-03,Female,Married,Medicare,Midwest
P005767,1943-11-13,Male,Divorced,Medicare,Northeast
P005768,1933-12-06,Female,Divorced,Commercial,West
P005769,1971-08-15,Female,Married,Commercial,West
P005770,1975-01-06,Male,Married,Medicare,Midwest
P005771,1974-06-19,Female,Divorced,Commercial,Northeast
P005772,1974-07-13,Male,Married,Medicare,West
P005773,2017-10-12,Male,Single,Medicare,Midwest
P005774,2003-07-15,Male,Single,Medicare,Midwest
P005775,1978-02-01,Female,Divorced,Self-Pay,Midwest
P005776,1962-02-07,Female,Married,Commercial,Northeast
P005777,1960-08-29,Male,Single,Self-Pay,South
P005778,2004-02-01,Male,Single,Medicaid,Midwest
P005779,1949-10-04,Male,Married,Commercial,Midwest
P005780,1949-07-24,Male,Married,Medicare Advantage,Midwest
P005781,1956-11-04,Male,Married,Medicare Advantage,Northeast
P005782,1967-09-05,Male,Married,Commercial,West
P005783,2007-05-28,Female,Single,Medicare,Midwest
P005784,1978-01-14,Male,Single,Medicare Advantage,Northeast
P005785,1931-06-22,Female,Widowed,Commercial,West
P005786,1987-08-06,Female,Married,Medicare,Northeast
P005787,1948-01-27,Female,Single,Medicare Advantage,South
P005788,1958-04-26,Male,Widowed,Medicare Advantage,South
P005789,1949-10-11,Male,Married,Medicare Advantage,South
P005790,1964-12-21,Female,Single,Medicare,Midwest
P005791,1977-01-31,Female,Married,Medicare,West
P005792,1975-03-10,Female,Single,Medicaid,South
P005793,1974-08-01,Male,Single,Other,West
P005794,1976-09-04,Female,Single,Medicaid,Northeast
P005795,1946-10-01,Female,Widowed,Medicaid,Midwest
P005796,1959-08-31,Male,Married,Commercial,South
P005797,1971-11-22,Female,Married,Other,Midwest
P005798,1969-09-04,Male,Married,Medicare,West
P005799,1976-01-18,Female,Single,Medicare,South
P005800,1963-02-21,Female,Married,Medicaid,West
P005801,1975-11-27,Male,Single,Commercial,West
P005802,1970-03-14,Female,Married,Medicaid,South
P005803,1981-02-08,Male,Married,Commercial,West
P005804,1951-04-28,Male,Married,Commercial,Midwest
P005805,1945-04-05,Male,Widowed,Medicaid,Northeast
P005806,1955-12-05,Male,Widowed,Medicare Advantage,Northeast
P005807,1971-11-24,Male,Divorced,Medicare,Midwest
P005808,2000-08-10,Male,Single,Medicaid,West
P005809,1962-05-26,Female,Single,Medicare,South
P005810,1985-02-18,Male,Single,Commercial,Midwest
P005811,1983-03-08,Male,Single,Medicare,Midwest
P005812,1984-11-05,Male,Married,Medicaid,South
P005813,1989-10-12,Female,Married,Medicare,West
P005814,1977-04-25,Female,Single,Self-Pay,Midwest
P005815,1947-07-21,Male,Divorced,Medicare,Northeast
P005816,1962-05-14,Male,Married,Commercial,Midwest
P005817,1956-11-08,Female,Married,Medicaid,West
P005818,1974-07-09,Female,Married,Medicare,Midwest
P005819,1971-05-14,Male,Married,Medicare,South
P005820,1970-05-14,Male,Married,Medicaid,West
P005821,1982-09-23,Female,Single,Medicare,South
P005822,1975-10-02,Male,Married,Medicare,South
P005823,1963-05-12,Female,Divorced,Medicare,West
P005824,1970-12-06,Female,Single,Commercial,Midwest
P005825,1977-06-09,Female,Married,Medicare Advantage,Northeast
P005826,1975-12-01,Female,Married,Medicaid,South
P005827,1966-11-19,Female,Married,Commercial,West
P005828,1952-05-24,Male,Married,Medicare Advantage,Northeast
P005829,1975-08-15,Male,Married,Medicaid,West
P005830,1971-11-05,Female,Married,Commercial,South
P005831,1961-01-08,Male,Divorced,Medicare,Midwest
P005832,1941-10-17,Male,Married,Medicare Advantage,Midwest
P005833,1969-10-12,Male,Married,Medicare,South
P005834,1986-08-01,Male,Married,Commercial,West
P005835,1938-06-13,Female,Single,Other,Northeast
P005836,2009-12-09,Male,Single,Medicare Advantage,South
P005837,1976-01-01,Female,Single,Self-Pay,South
P005838,1929-11-19,Female,Married,Medicaid,West
P005839,1940-08-20,Female,Widowed,Other,South
P005840,1980-03-26,Female,Divorced,Medicaid,South
P005841,1989-05-18,Female,Divorced,Medicare Advantage,South
P005842,1944-01-02,Male,Widowed,Medicaid,Northeast
P005843,1973-03-21,Male,Divorced,Commercial,Midwest
P005844,2002-04-13,Male,Single,Medicaid,South
P005845,1971-06-29,Male,Divorced,Medicare,Northeast
P005846,2000-07-04,Male,Married,Commercial,South
P005847,1938-07-24,Male,,Medicaid,West
P005848,1981-06-29,Female,Single,Self-Pay,South
P005849,1958-02-14,Female,Single,Commercial,South
P005850,1950-02-03,Female,Married,Commercial,South
P005851,2012-05-20,Female,Single,Medicare,South
P005852,1953-08-31,Male,Married,Commercial,Midwest
P005853,1968-10-27,Female,Married,Medicare Advantage,South
P005854,1991-06-27,Male,Married,Medicare Advantage,West
P005855,2008-10-12,Male,Single,Medicare,South
P005856,1968-04-17,Male,Married,Medicaid,West
P005857,1951-06-19,Female,Married,Medicare Advantage,South
P005858,1968-12-25,Male,Divorced,Medicare,West
P005859,2016-03-06,Male,Single,Commercial,Northeast
P005860,1956-09-04,Male,Married,Medicare,West
P005861,1975-11-30,Female,Divorced,Medicare,South
P005862,2014-12-19,Female,Single,Medicare,Midwest
P005863,1971-07-17,Female,Married,Medicare Advantage,Northeast
P005864,1994-12-09,Male,Married,Medicare,South
P005865,1960-05-07,Female,Divorced,Commercial,South
P005866,1962-03-10,Female,Married,Medicare,Midwest
P005867,1953-08-22,Female,Widowed,Other,West
P005868,1949-09-14,Male,Married,Commercial,West
P005869,1988-09-17,Female,Married,Medicare,Midwest
P005870,2012-05-16,Male,Single,Commercial,South
P005871,1971-02-27,Female,Married,Medicare,Northeast
P005872,1986-05-08,Female,Single,Commercial,South
P005873,1980-05-27,Female,Married,Medicare,Northeast
P005874,1985-04-19,Male,Divorced,Commercial,South
P005875,1963-09-25,Female,Married,Commercial,Northeast
P005876,1962-12-02,Male,Married,Medicare,Midwest
P005877,1975-05-07,Male,Married,Medicaid,Midwest
P005878,1962-02-14,Female,Married,Medicare,Northeast
P005879,1963-05-31,Male,Married,Medicare,Northeast
P005880,1975-11-06,Female,Married,Medicare,Midwest
P005881,1971-05-10,Other,Divorced,Medicare,South
P005882,1983-09-16,Female,Married,Commercial,South
P005883,1968-07-15,Female,Single,Medicaid,South
P005884,1989-11-21,Female,Married,Medicaid,West
P005885,1976-06-13,Female,Single,Medicare,West
P005886,1977-06-03,Female,Married,Medicare Advantage,West
P005887,1935-10-03,Male,Married,Self-Pay,South
P005888,1963-11-24,Female,Married,Commercial,Midwest
P005889,2002-09-24,Male,Single,Medicare,South
P005890,2000-06-16,Male,Single,Medicare,Northeast
P005891,1965-05-28,Female,Single,Medicare Advantage,Northeast
P005892,1988-05-18,Male,Single,Medicare,West
P005893,1995-03-10,Female,Married,Medicare,Midwest
P005894,1976-09-25,Male,Divorced,Medicare,Midwest
P005895,1955-06-01,Female,Single,Medicare,South
P005896,1961-04-17,Female,Married,Commercial,Midwest
P005897,1966-01-20,Male,Divorced,Medicare,Northeast
P005898,1957-06-29,Male,Married,Medicare,Northeast
P005899,1982-01-23,Female,Married,Medicaid,South
P005900,2007-05-06,Female,Single,Medicaid,Northeast
P005901,2015-05-02,Female,Single,Commercial,Northeast
P005902,2001-01-03,Female,Single,Medicaid,West
P005903,1981-04-11,Female,Married,Commercial,Northeast
P005904,1962-04-23,Female,Married,Self-Pay,Midwest
P005905,1975-10-12,Female,Married,Medicare,South
P005906,1970-01-23,Male,Widowed,Medicaid,South
P005907,1948-09-25,Female,Married,Medicaid,South
P005908,1975-01-06,Female,Single,Commercial,West
P005909,1971-06-20,Female,Married,Medicare Advantage,Midwest
P005910,1967-11-27,Female,Married,Commercial,Midwest
P005911,1950-03-25,Female,Married,Medicare,Northeast
P005912,2019-10-21,Female,Single,Medicare,South
P005913,1963-05-07,Female,Divorced,Medicare,South
P005914,1959-03-17,Male,Married,Other,Northeast
P005915,2004-03-21,Male,Single,Medicaid,West
P005916,1980-11-21,Female,Single,Medicare,Northeast
P005917,1973-05-03,Female,Married,Medicare,Northeast
P005918,2023-03-08,Female,Single,Self-Pay,Northeast
P005919,1973-12-06,Female,Married,Medicare,South
P005920,2018-04-28,Male,Single,Commercial,West
P005921,1992-04-04,Male,Single,Medicare Advantage,South
P005922,1948-05-26,Female,Widowed,Medicaid,South
P005923,1968-10-23,Male,Married,Medicare,Northeast
P005924,1975-01-21,Male,Married,Commercial,West
P005925,2011-03-04,Male,Single,Medicare,South
P005926,1955-09-08,Male,Married,Self-Pay,Midwest
P005927,1997-12-29,Female,Single,Commercial,South
P005928,1958-02-02,Female,Married,Medicare,Northeast
P005929,1992-04-10,Male,Divorced,Medicaid,Midwest
P005930,1980-04-21,Female,Married,Other,Midwest
P005931,2017-12-18,Female,Single,Medicare,Northeast
P005932,1977-04-05,Male,Married,Medicare,West
P005933,1953-10-22,Male,Married,Medicare Advantage,South
P005934,1977-12-22,Male,Divorced,Medicaid,Midwest
P005935,1986-06-25,Male,Married,Medicare Advantage,West
P005936,1991-09-18,Male,Single,Commercial,West
P005937,1945-05-05,Male,Married,Commercial,South
P005938,1966-01-31,Female,Divorced,Other,Midwest
P005939,2003-01-08,Female,Married,Medicare,South
P005940,1966-09-15,Male,Married,Commercial,South
P005941,1971-11-14,Female,Widowed,Commercial,South
P005942,1986-10-12,Male,Married,Commercial,Northeast
P005943,1963-03-30,Female,Divorced,Medicare,South
P005944,1964-11-16,Female,Divorced,Medicare,South
P005945,1955-04-02,Male,Divorced,Other,Northeast
P005946,1962-11-28,Male,Divorced,Medicare Advantage,West
P005947,1971-01-19,Female,Divorced,Commercial,Midwest
P005948,1956-03-20,Female,Divorced,Medicare,West
P005949,1995-06-01,Male,Married,Medicare,Northeast
P005950,1939-02-06,Female,Married,Medicare Advantage,South
P005951,2005-12-13,Male,Married,Commercial,Midwest
P005952,1961-05-04,Male,Married,Self-Pay,South
P005953,1940-05-21,Male,Single,Medicare,South
P005954,1980-05-28,Female,Married,Commercial,South
P005955,2025-09-26,Female,Single,Medicare,Northeast
P005956,2021-05-29,Male,Single,Medicare,Midwest
P005957,1974-02-27,Male,Married,Commercial,South
P005958,2018-01-28,Male,Single,Medicaid,Northeast
P005959,2002-05-31,Male,Single,Medicare,
P005960,1994-01-29,Male,Married,Medicare,Northeast
P005961,1957-02-08,Female,Married,Commercial,West
P005962,1982-10-09,Female,Married,Commercial,Northeast
P005963,1935-05-17,Female,Single,Commercial,Midwest
P005964,1981-03-03,Female,Single,Medicare,South
P005965,1998-10-04,Female,Single,Medicare,Midwest
P005966,1933-08-30,Male,Widowed,Medicare,South
P005967,1990-02-23,Male,Married,Commercial,Midwest
P005968,1931-06-12,Female,Divorced,Medicare,South
P005969,1975-03-16,Female,Married,Medicare,South
P005970,1936-06-02,Male,Widowed,Commercial,South
P005971,1955-06-12,Male,Single,Medicare,Midwest
P005972,1947-02-08,Male,Divorced,Commercial,Northeast
P005973,1949-01-14,Male,Married,Commercial,South
P005974,1951-12-29,Female,Divorced,Medicaid,Northeast
P005975,1958-06-06,Male,Widowed,Medicare,South
P005976,1963-05-16,Male,Single,Medicare,Midwest
P005977,1987-09-03,Female,Married,Self-Pay,South
P005978,1984-10-07,Female,Divorced,Medicare,Midwest
P005979,2003-03-17,Male,Single,Medicare,South
P005980,1968-12-05,Female,Married,Commercial,Northeast
P005981,1962-05-09,Male,Married,Commercial,West
P005982,2019-02-19,Other,Single,Commercial,Northeast
P005983,1966-08-10,Female,Married,Medicare Advantage,Midwest
P005984,2021-03-01,Male,Single,Commercial,West
P005985,1976-10-27,Female,Divorced,Medicare,Northeast
P005986,1976-11-15,Female,Married,Commercial,South
P005987,1933-04-21,Male,Married,Medicare,South
P005988,1957-01-23,Female,Married,Medicaid,South
P005989,2015-01-11,Male,Single,Medicare,Northeast
P005990,1961-10-08,Female,Married,Commercial,South
P005991,1952-06-28,Male,Widowed,Self-Pay,West
P005992,1989-02-04,Male,Married,Medicare,South
P005993,1980-11-01,Male,Single,Self-Pay,South
P005994,1982-11-19,Female,Married,Medicaid,West
P005995,1969-09-25,Female,Widowed,Medicare,Northeast
P005996,1972-03-01,Male,Single,Commercial,Midwest
P005997,1951-05-23,Female,Married,Commercial,South
P005998,1955-07-01,Male,Married,Medicaid,Northeast
P005999,1980-10-13,Female,Single,Medicare Advantage,West
P006000,1986-08-15,Male,Married,Medicare Advantage,South
P006001,1998-06-11,Female,Single,Medicaid,West
P006002,2003-01-01,Male,Single,Medicare,South
P006003,1961-09-10,Male,Married,Medicare Advantage,Northeast
P006004,2008-05-02,Female,Single,Medicare,South
P006005,1960-06-26,Female,Married,Commercial,West
P006006,1955-10-16,Female,Married,Medicare Advantage,Midwest
P006007,1972-10-29,Female,Married,Medicaid,West
P006008,2022-12-20,Female,Single,Commercial,West
P006009,1970-01-10,Female,Widowed,Medicaid,West
P006010,1996-04-02,Male,Married,Medicare,West
P006011,1989-12-29,Male,Married,Medicare,South
P006012,1940-12-08,Male,Widowed,Other,Midwest
P006013,1945-04-30,Male,Widowed,Commercial,South
P006014,1987-04-25,Male,Married,Medicaid,West
P006015,1976-09-19,Female,Married,Medicare,West
P006016,1985-02-23,Male,Married,Medicare,Midwest
P006017,2020-10-30,Female,Single,Commercial,West
P006018,1978-06-01,Female,Single,Self-Pay,Northeast
P006019,1941-08-07,Female,Widowed,Medicaid,West
P006020,1990-07-13,Male,Divorced,Commercial,Midwest
P006021,1966-12-28,Female,Married,Medicaid,West
P006022,2001-05-09,Male,Single,Self-Pay,South
P006023,1986-12-19,Female,Married,Commercial,Midwest
P006024,1937-07-19,Male,Married,Medicare,Northeast
P006025,1970-03-12,Male,Married,Commercial,Midwest
P006026,1950-02-09,Female,Single,Self-Pay,Northeast
P006027,1943-05-30,Male,Widowed,Medicaid,South
P006028,2025-05-03,Male,Single,Medicare,Midwest
P006029,1992-11-04,Male,Married,Medicaid,Midwest
P006030,1972-10-13,Male,Divorced,Medicare,South
P006031,1976-01-13,Female,Married,Self-Pay,Midwest
P006032,2019-12-11,Female,Single,Medicaid,Northeast
P006033,1968-06-19,Female,Widowed,Medicare,Midwest
P006034,1978-01-31,Male,Single,Commercial,South
P006035,1987-05-10,Female,Married,Medicare,Midwest
P006036,1950-03-18,Male,Married,Commercial,South
P006037,1964-12-24,Female,Married,Medicare,Midwest
P006038,1973-12-15,Female,Divorced,Commercial,Midwest
P006039,2014-02-10,Female,Single,Medicare,Northeast
P006040,1991-02-01,Male,Married,Commercial,Midwest
P006041,1946-11-04,Male,Married,Commercial,Northeast
P006042,1967-09-02,Female,Married,Medicare,Northeast
P006043,1931-05-25,Female,Widowed,Medicare Advantage,South
P006044,2022-08-03,Male,Single,Medicaid,South
P006045,1986-10-19,Female,Married,Medicaid,South
P006046,1963-06-24,Male,Married,Medicare,Midwest
P006047,1968-11-05,Female,Married,Medicaid,Midwest
P006048,1989-12-18,Female,Married,Commercial,South
P006049,1953-07-03,Female,Divorced,Medicaid,Midwest
P006050,1948-02-04,Male,Divorced,Medicaid,South
P006051,1958-02-01,Female,Widowed,Medicare,South
P006052,1991-02-02,Male,Single,Commercial,South
P006053,1965-04-26,Female,Married,Medicare Advantage,South
P006054,1938-06-09,Female,Single,Medicare Advantage,West
P006055,1963-10-02,Male,Married,Medicare,South
P006056,1947-10-04,Male,Widowed,Commercial,West
P006057,1940-03-25,Female,Married,Medicare Advantage,Northeast
P006058,1972-10-01,Female,Divorced,Medicare Advantage,Northeast
P006059,1993-07-13,Male,Married,Medicare Advantage,Midwest
P006060,1974-01-11,Male,Married,Other,West
P006061,1954-08-01,Male,Married,Medicaid,South
P006062,1954-09-03,Male,Single,Commercial,West
P006063,1998-10-19,Male,Single,Medicaid,Northeast
P006064,1961-08-14,Female,Divorced,Medicaid,Northeast
P006065,2017-08-24,Male,Single,Medicare,South
P006066,1957-03-19,Male,Divorced,Medicare,West
P006067,2006-08-15,Female,Single,Commercial,Northeast
P006068,1948-02-03,Female,Widowed,Medicare,West
P006069,1942-02-13,Female,Divorced,Medicaid,West
P006070,2011-12-01,Female,Single,Medicaid,Midwest
P006071,1958-07-20,Male,Married,Medicare,Midwest
P006072,1987-06-28,Female,Married,Medicare,Midwest
P006073,2003-01-17,Female,Single,Medicare,Midwest
P006074,1978-05-30,Male,Married,Medicaid,Midwest
P006075,1953-01-22,Female,Married,Medicaid,South
P006076,1965-07-09,Male,Married,Medicare,Northeast
P006077,1935-07-09,Female,Married,Self-Pay,Midwest
P006078,1968-08-11,Female,Divorced,Medicare,South
P006079,1936-10-23,Female,Widowed,Medicare,South
P006080,2003-08-18,Male,Single,Commercial,South
P006081,1960-03-12,Male,Married,Commercial,Northeast
P006082,2006-11-11,Male,Single,Medicare,Midwest
P006083,1950-01-26,Female,Married,Medicaid,South
P006084,1965-09-15,Female,Widowed,Medicare Advantage,Northeast
P006085,2004-10-27,Male,Married,Other,West
P006086,2007-11-15,Female,Single,Medicare,West
P006087,1964-11-17,Male,Single,Commercial,West
P006088,1948-01-04,Male,Married,Medicare,West
P006089,1991-12-25,Male,Single,Medicare,West
P006090,1933-07-03,Female,Widowed,Medicare,Northeast
P006091,1996-10-21,Female,Single,Medicaid,South
P006092,1963-11-01,Male,Widowed,Medicare,Midwest
P006093,1949-11-05,Male,Married,Medicare,Midwest
P006094,1980-01-10,Male,Married,Medicare Advantage,West
P006095,1963-01-13,Male,Widowed,Other,West
P006096,1983-02-24,Male,Married,Commercial,West
P006097,1933-11-16,Female,Widowed,Medicare,Midwest
P006098,1937-04-17,Female,Single,Medicare,South
P006099,2001-04-14,Male,Single,Other,West
P006100,1996-03-29,Male,Single,Medicaid,West
P006101,1951-06-03,Other,Married,Commercial,Midwest
P006102,1955-07-02,Male,Divorced,Medicare,Midwest
P006103,1999-06-20,Male,Single,Medicaid,South
P006104,1937-02-11,Male,Widowed,Commercial,Midwest
P006105,1973-12-22,Female,Married,Medicaid,South
P006106,1965-03-21,Female,Married,Commercial,West
P006107,1955-05-14,Male,Married,Medicare,Midwest
P006108,2010-06-17,Male,Single,Medicaid,West
P006109,1983-11-08,Male,Married,Self-Pay,Northeast
P006110,1993-02-12,Female,Married,Commercial,South
P006111,1964-09-22,Female,Married,Medicaid,South
P006112,1944-05-11,Male,Widowed,Medicaid,Midwest
P006113,1945-01-30,Male,Widowed,Commercial,Midwest
P006114,1984-01-02,Female,Married,Medicare,West
P006115,1965-12-16,Female,Single,Medicare,West
P006116,1956-03-25,Female,Married,Medicare Advantage,South
P006117,1985-02-10,Female,Divorced,Medicare,Northeast
P006118,1948-02-01,Female,Divorced,Medicare Advantage,South
P006119,2003-02-25,Female,Married,Commercial,Northeast
P006120,1988-05-08,Male,Married,Medicare,Midwest
P006121,1946-02-09,Female,Widowed,Commercial,West
P006122,1968-12-25,Male,Married,Medicare,Northeast
P006123,2008-08-02,Female,Single,Medicare Advantage,Midwest
P006124,1932-04-05,Female,Widowed,Medicaid,West
P006125,1987-05-31,Female,Single,Medicare,West
P006126,1964-05-15,Male,Married,Medicaid,Midwest
P006127,1948-06-24,Male,Widowed,Commercial,South
P006128,1957-09-26,Male,Married,Commercial,Midwest
P006129,1931-02-13,Female,Married,Commercial,Midwest
P006130,1944-10-25,Female,Divorced,Self-Pay,Midwest
P006131,1953-07-11,Female,Married,Medicare,Midwest
P006132,1935-11-15,Female,Married,Medicare,Midwest
P006133,1973-03-14,Female,Married,Commercial,West
P006134,1976-01-12,Male,Married,Commercial,South
P006135,1998-12-01,Male,Single,Medicaid,Northeast
P006136,1984-05-05,Female,Married,Commercial,South
P006137,1958-04-22,Female,Married,Medicare,West
P006138,2023-02-03,Female,Single,Medicare,Midwest
P006139,2018-11-25,Female,Single,Medicaid,South
P006140,1934-12-06,Male,Divorced,Medicare,Northeast
P006141,1966-08-07,Female,Married,Medicare,South
P006142,1966-12-23,Female,Married,Commercial,South
P006143,1990-06-28,Female,Single,Commercial,South
P006144,1969-12-25,Female,Married,Commercial,Midwest
P006145,2024-02-27,Male,Single,Commercial,Midwest
P006146,1980-11-21,Female,Divorced,Medicare,Northeast
P006147,1954-05-25,Female,Married,Self-Pay,Midwest
P006148,2004-10-09,Female,Single,Medicare,Midwest
P006149,1943-07-27,Male,Married,Medicaid,South
P006150,1976-10-25,Female,Widowed,Commercial,Northeast
P006151,1951-02-04,Male,Widowed,Medicare,South
P006152,2007-09-11,Female,Single,Medicaid,West
P006153,2013-03-08,Female,Single,Medicare Advantage,South
P006154,1978-12-31,Female,Single,Commercial,Midwest
P006155,1980-06-26,Male,Married,Commercial,Northeast
P006156,1975-09-12,Male,Single,Medicaid,Midwest
P006157,1947-09-18,Male,Married,Medicare,Midwest
P006158,1972-07-18,Female,Divorced,Medicare,Midwest
P006159,1949-03-01,Female,Married,Commercial,Midwest
P006160,1949-11-27,Female,Married,Medicare Advantage,South
P006161,1982-07-11,Male,Widowed,Commercial,Midwest
P006162,1966-11-24,Male,Married,Medicare Advantage,South
P006163,1962-03-03,Male,Divorced,Medicaid,Midwest
P006164,1970-11-02,Female,Married,Medicare Advantage,South
P006165,1953-11-25,Female,Married,Medicare,South
P006166,2008-09-05,Female,Single,Medicaid,Midwest
P006167,1997-02-25,Male,Single,Commercial,South
P006168,1957-07-07,Female,Married,Medicaid,West
P006169,1959-08-29,Female,Married,Commercial,South
P006170,1972-05-18,Female,Single,Medicare,South
P006171,2003-01-27,Female,Single,Medicare,Midwest
P006172,2020-06-23,Female,Single,Medicare,West
P006173,1949-09-20,Female,Widowed,Medicare,South
P006174,1986-01-29,Male,Married,Other,West
P006175,1980-04-01,Female,Married,Medicaid,South
P006176,1981-11-18,Female,Divorced,Medicaid,West
P006177,1971-03-06,Female,Single,Medicare,West
P006178,1946-12-13,Female,Married,Commercial,Midwest
P006179,2024-03-14,Female,Single,Medicare,West
P006180,1993-03-05,Male,Divorced,Commercial,West
P006181,1985-07-01,Female,Single,Self-Pay,South
P006182,1941-09-11,Male,Widowed,Medicare Advantage,Midwest
P006183,2011-03-28,Female,Single,Commercial,Midwest
P006184,1936-07-23,Female,Married,Medicare,South
P006185,2013-12-08,Male,Single,Commercial,Midwest
P006186,1962-03-02,Female,Married,Medicare Advantage,Northeast
P006187,1952-04-16,Male,Married,Commercial,West
P006188,1971-05-19,Female,Married,Commercial,Northeast
P006189,1971-10-09,Male,Single,Commercial,Midwest
P006190,1947-08-03,Female,Married,Medicaid,Midwest
P006191,2001-12-04,Male,Married,Commercial,Northeast
P006192,1985-07-17,Male,Married,Medicaid,Northeast
P006193,1991-11-09,Male,Widowed,Medicaid,South
P006194,1990-05-16,Female,Married,Commercial,Northeast
P006195,1977-06-19,Female,Married,Medicare,West
P006196,1994-05-21,Female,Widowed,Medicare,Midwest
P006197,1986-02-14,Female,Married,Commercial,West
P006198,1988-04-05,Male,Single,Commercial,Northeast
P006199,1952-02-28,Female,Married,Commercial,Northeast
P006200,1952-07-26,Male,Married,Self-Pay,South
P006201,1958-05-07,Male,Divorced,Medicare,South
P006202,1961-02-14,Female,Single,Commercial,South
P006203,1997-08-12,Female,Single,Commercial,South
P006204,1961-04-10,Female,Married,Medicare,West
P006205,1952-07-18,Female,Single,Commercial,South
P006206,1930-08-02,Female,Widowed,Medicare,Northeast
P006207,1971-11-12,Female,,Commercial,West
P006208,1952-10-13,Female,Single,Medicare Advantage,South
P006209,2005-08-30,Female,Single,Medicare Advantage,South
P006210,1966-12-17,Female,Married,Medicaid,South
P006211,1972-09-12,Male,Married,Medicaid,Northeast
P006212,1957-10-21,Male,Married,Commercial,Northeast
P006213,1959-11-12,Male,Widowed,Commercial,Northeast
P006214,1990-10-29,Male,Married,Medicare Advantage,Northeast
P006215,1957-11-16,Female,Married,Commercial,Northeast
P006216,1986-03-07,Female,Married,Commercial,Midwest
P006217,2003-04-02,Female,Widowed,Medicare,West
P006218,1998-02-19,Female,Married,Medicare Advantage,Midwest
P006219,1961-05-10,Female,Married,Medicare,South
P006220,1949-08-05,Female,Married,Commercial,West
P006221,1971-04-26,Female,Single,Commercial,West
P006222,1955-06-15,Male,Divorced,Medicaid,Midwest
P006223,1931-12-15,Female,Married,Medicare,West
P006224,2022-10-21,Female,Single,Medicaid,South
P006225,1935-01-28,Male,Widowed,Self-Pay,South
P006226,1956-07-12,Female,Widowed,Medicaid,South
P006227,1982-11-02,Female,Married,Medicare Advantage,South
P006228,1959-07-13,Female,Divorced,Medicare,South
P006229,1989-05-01,Female,Divorced,Medicare,Midwest
P006230,2003-11-07,Female,Single,Commercial,South
P006231,1963-12-29,Male,Divorced,Medicare,Northeast
P006232,1959-10-30,Male,Divorced,Medicare,South
P006233,1951-04-30,Female,Married,Medicare,South
P006234,1951-10-04,Female,Divorced,Commercial,Northeast
P006235,1993-01-13,Female,Single,Medicare,West
P006236,1995-12-11,Male,Married,Other,Northeast
P006237,2023-04-28,Male,Single,Medicare,Midwest
P006238,1974-05-14,Male,Married,Medicare,West
P006239,1940-06-03,Female,Widowed,Medicare Advantage,South
P006240,1959-07-23,Male,Married,Medicare,West
P006241,1956-03-29,Male,Married,Self-Pay,Midwest
P006242,1967-10-16,Male,Divorced,Commercial,Northeast
P006243,1987-02-24,Male,Married,Medicare,South
P006244,1991-02-26,Male,Married,Commercial,South
P006245,2022-01-06,Female,Single,Medicare,South
P006246,2018-08-29,Female,Single,Commercial,Midwest
P006247,2015-02-09,Female,Single,Commercial,South
P006248,1957-12-06,Male,Widowed,Medicaid,South
P006249,1989-05-20,Female,Single,Commercial,South
P006250,1959-08-16,Male,Divorced,Medicare Advantage,South
P006251,1933-09-09,Male,Married,Medicare,West
P006252,1950-06-26,Female,Married,Medicare,West
P006253,2014-08-11,Female,Single,Medicaid,South
P006254,1946-01-26,Female,Married,Medicare Advantage,Northeast
P006255,1985-08-03,Male,Single,Medicaid,South
P006256,2006-07-20,Female,Single,Medicaid,Northeast
P006257,1974-04-08,Female,Widowed,Medicare,South
P006258,1972-04-13,Male,Married,Commercial,South
P006259,1962-08-27,Female,Married,Commercial,South
P006260,1952-03-13,Female,Married,Medicaid,West
P006261,1957-07-27,Female,Divorced,Commercial,Northeast
P006262,1932-04-18,Male,Married,Commercial,South
P006263,1999-01-25,Female,Single,Commercial,South
P006264,1966-10-03,Female,Married,Medicaid,Northeast
P006265,1973-06-16,Male,Married,Medicare,South
P006266,1951-04-23,Female,Married,Medicare Advantage,South
P006267,1934-06-08,Male,Married,Other,Northeast
P006268,1958-03-15,Male,Single,Self-Pay,South
P006269,2015-12-09,Male,Single,Medicaid,South
P006270,1946-07-08,Female,Widowed,Commercial,Midwest
P006271,1960-12-03,Male,Married,Commercial,South
P006272,1961-07-22,Male,Widowed,Commercial,West
P006273,1972-09-06,Female,Widowed,Medicaid,Midwest
P006274,1986-05-20,Female,Married,Medicaid,South
P006275,1974-10-28,Female,Married,Medicare,South
P006276,2020-01-23,Female,Single,Medicaid,Midwest
P006277,1994-11-12,Male,Married,Medicaid,West
P006278,1992-12-21,Male,Married,Medicare,West
P006279,1963-06-10,Female,Divorced,Commercial,Midwest
P006280,2002-11-21,Male,Married,Medicare Advantage,West
P006281,1982-04-17,Male,Married,Commercial,West
P006282,1988-03-01,Female,Married,Medicare,South
P006283,1949-10-25,Female,Married,Commercial,South
P006284,1942-12-16,Female,Married,Medicare Advantage,West
P006285,1951-12-29,Male,Widowed,Self-Pay,South
P006286,1968-02-21,Male,Married,Commercial,Northeast
P006287,2013-10-19,Female,Single,Medicare,South
P006288,1981-12-12,Female,Married,Medicare Advantage,Northeast
P006289,1942-10-05,Male,Widowed,Medicare Advantage,West
P006290,1941-08-19,Male,Divorced,Medicare,West
P006291,1990-11-07,Male,Married,Medicare,Midwest
P006292,1952-05-07,Male,Married,Commercial,Midwest
P006293,2021-09-15,Male,Single,Self-Pay,Northeast
P006294,1992-11-14,Female,Married,Medicare,South
P006295,2019-09-03,Female,Single,Medicare Advantage,South
P006296,1973-01-13,Female,Married,Medicaid,Midwest
P006297,1968-06-12,Male,Married,Self-Pay,Midwest
P006298,1949-10-23,Female,Married,Commercial,South
P006299,1934-06-19,Male,Widowed,Medicare,Northeast
P006300,1934-06-05,Male,Widowed,Commercial,Midwest
P006301,2018-07-07,Female,Single,Medicaid,South
P006302,1954-04-07,Male,Married,Medicare,South
P006303,1982-03-10,Female,Married,Medicare,West
P006304,1939-01-14,Male,Married,Medicare,Northeast
P006305,1957-03-09,Female,Widowed,Medicare,West
P006306,1954-11-01,Female,Married,Medicare Advantage,Midwest
P006307,1941-04-20,Female,Widowed,Medicaid,South
P006308,1947-04-17,Male,Married,Medicaid,Northeast
P006309,1985-03-02,Male,Single,Commercial,South
P006310,1998-10-23,Male,Single,Commercial,Northeast
P006311,1984-07-22,Female,Divorced,Commercial,Northeast
P006312,1982-10-26,Male,Single,Commercial,West
P006313,1986-08-13,Female,Married,Medicare,South
P006314,1948-06-27,Male,Married,Self-Pay,South
P006315,1986-08-12,Female,Married,Commercial,South
P006316,1975-03-02,Male,Single,Medicare Advantage,West
P006317,1964-05-23,Male,Married,Medicare,Midwest
P006318,1988-07-30,Female,Married,Medicare,West
P006319,1981-11-13,Female,Married,Medicare Advantage,South
P006320,1984-01-04,Male,Married,Medicaid,Midwest
P006321,1958-01-17,Male,Married,Medicare,Northeast
P006322,2021-11-24,Male,Single,Medicare,Northeast
P006323,2001-03-31,Male,Single,Medicaid,Midwest
P006324,1977-09-10,Female,Divorced,Medicare,South
P006325,1983-10-30,Male,Single,Medicaid,Midwest
P006326,1955-07-09,Male,Widowed,Commercial,Midwest
P006327,1977-06-19,Female,Married,Medicaid,South
P006328,1967-08-10,Male,Divorced,Medicare,Midwest
P006329,1964-03-14,Female,Married,Medicaid,South
P006330,2008-02-03,Male,Single,Commercial,Midwest
P006331,2006-02-10,Female,Single,Commercial,Midwest
P006332,2009-01-28,Female,Single,Medicare,South
P006333,1951-11-22,Male,Married,Commercial,South
P006334,1990-11-12,Female,Divorced,Medicaid,Midwest
P006335,1934-03-28,Female,Widowed,Medicaid,Northeast
P006336,1944-10-06,Male,Widowed,Self-Pay,Midwest
P006337,1952-03-30,Female,Married,Medicare,Midwest
P006338,1943-10-21,Female,Divorced,Commercial,South
P006339,2011-12-03,Male,Single,Other,South
P006340,2012-02-27,Female,Single,Commercial,Northeast
P006341,1957-07-14,Male,Married,Medicare,West
P006342,1953-09-06,Female,Married,Medicare,Midwest
P006343,2003-11-03,Male,Single,Medicare,Midwest
P006344,1957-08-11,Male,Married,Medicare Advantage,South
P006345,2008-12-30,Female,Single,Medicare Advantage,South
P006346,1962-07-07,Male,Single,Medicaid,Midwest
P006347,1931-12-27,Female,Married,Medicare,Midwest
P006348,1970-04-15,Female,Divorced,Commercial,South
P006349,1975-10-04,Male,Divorced,Medicare Advantage,South
P006350,1992-11-18,Male,Single,Medicaid,South
P006351,1957-11-09,Female,Married,Medicaid,Northeast
P006352,1988-02-11,Male,Divorced,Commercial,South
P006353,1958-09-15,Female,Divorced,Commercial,Midwest
P006354,1963-09-20,Male,Married,Medicare,West
P006355,2010-04-03,Male,Single,Medicare,South
P006356,1965-06-12,Female,Divorced,Commercial,West
P006357,2017-09-01,Female,Single,Medicaid,West
P006358,1936-01-08,Male,Married,Medicare Advantage,Midwest
P006359,2004-01-23,Male,Single,Commercial,West
P006360,1943-09-11,Female,Married,Medicare,Midwest
P006361,1960-12-07,Female,Married,Medicare,South
P006362,1973-06-27,Male,Divorced,Medicare,South
P006363,2016-11-09,Male,Single,Medicaid,South
P006364,1971-03-31,Female,Married,Commercial,South
P006365,1991-02-24,Male,Married,Medicare,South
P006366,1986-12-08,Male,Single,Commercial,West
P006367,1957-01-23,Male,Married,Medicare,Midwest
P006368,1967-01-14,Male,Divorced,Medicare Advantage,Northeast
P006369,1981-07-02,Female,Married,Self-Pay,South
P006370,1985-08-27,Male,Single,Medicaid,South
P006371,1999-12-14,Female,Single,Medicare Advantage,South
P006372,1971-06-16,Female,Married,Medicare,Midwest
P006373,1953-09-22,Female,Married,Medicare,Midwest
P006374,1952-06-01,Female,Married,Medicare Advantage,West
P006375,1938-02-12,Female,Married,Commercial,Northeast
P006376,1972-12-25,Male,Married,Self-Pay,Midwest
P006377,1968-09-04,Male,Married,Medicare,West
P006378,1996-03-18,Female,Divorced,Medicare,West
P006379,1946-09-27,Male,Married,Medicare,Northeast
P006380,2000-03-15,Female,Single,Medicare,Northeast
P006381,1993-12-12,Female,Married,Commercial,Northeast
P006382,1930-04-18,Female,Single,Commercial,Northeast
P006383,1983-11-24,Female,Divorced,Commercial,West
P006384,1955-03-23,Male,Widowed,Commercial,Midwest
P006385,1947-02-01,Male,Divorced,Commercial,South
P006386,1965-09-28,Female,Married,Medicare,West
P006387,2004-12-29,Male,Single,Medicare,West
P006388,2001-06-23,Female,Single,Medicare,Midwest
P006389,1974-03-07,Male,Divorced,Medicare,West
P006390,1958-05-30,Female,Widowed,Medicaid,West
P006391,1961-11-10,Male,Married,Medicaid,West
P006392,2002-03-10,Female,Single,Medicare,South
P006393,1949-06-06,Female,Divorced,Commercial,West
P006394,1943-02-12,Male,Widowed,Medicare,South
P006395,1933-01-26,Female,Widowed,Medicare Advantage,South
P006396,1958-03-25,Other,Married,Medicare,South
P006397,2014-07-02,Female,Single,Medicare Advantage,Midwest
P006398,2011-09-17,Male,Single,Medicare,Midwest
P006399,1961-10-01,Female,Single,Commercial,Midwest
P006400,1993-01-31,Female,Married,Medicare Advantage,Midwest
P006401,1983-02-17,Female,Married,Medicare,Midwest
P006402,1955-06-09,Female,Widowed,Medicaid,West
P006403,1999-11-24,Male,Single,Medicare,South
P006404,1930-07-18,Female,Married,Medicare,Northeast
P006405,1953-04-09,Female,Married,Other,South
P006406,1960-11-01,Male,Married,Self-Pay,South
P006407,1960-03-19,Female,Single,Medicare,Northeast
P006408,1950-10-13,Male,Widowed,Medicare,Midwest
P006409,2002-05-25,Male,Single,Medicare Advantage,Midwest
P006410,1956-07-11,Female,Married,Medicare,South
P006411,1982-04-16,Female,Divorced,Medicare,West
P006412,1959-08-14,Female,Married,Other,South
P006413,1978-03-27,Female,Married,Medicaid,Midwest
P006414,1967-05-23,Male,Married,Other,Midwest
P006415,2003-07-04,Male,Single,Commercial,West
P006416,1984-07-11,Female,Divorced,Commercial,South
P006417,1970-12-22,Male,Married,Medicare,South
P006418,1973-02-25,Female,Married,Medicare,Midwest
P006419,1951-04-05,Male,Divorced,Medicare,South
P006420,1957-05-11,Female,Married,Commercial,
P006421,1954-12-27,Male,Divorced,Medicare Advantage,Northeast
P006422,1991-06-30,Male,Married,Medicaid,West
P006423,1980-07-10,Male,Married,Commercial,South
P006424,1973-05-30,Male,Single,Medicaid,South
P006425,1957-07-16,Male,Married,Medicaid,Midwest
P006426,1968-02-01,Male,Divorced,Medicare Advantage,South
P006427,1946-04-03,Male,Married,Medicare,South
P006428,1967-08-13,Male,Married,Medicaid,West
P006429,2001-05-26,Female,Single,Medicare,South
P006430,1968-03-28,Female,Single,Medicare Advantage,Northeast
P006431,1996-04-07,Female,Single,Medicare Advantage,South
P006432,1971-04-03,Female,Married,Medicaid,Midwest
P006433,1974-06-09,Male,Married,Medicare,West
P006434,1964-02-06,Male,Married,Medicare,South
P006435,2019-12-30,Male,Single,Medicaid,South
P006436,1976-02-16,Female,Divorced,Medicare Advantage,West
P006437,1931-11-13,Female,Divorced,Commercial,South
P006438,2011-12-24,Female,Single,Medicare,South
P006439,1941-06-26,Male,Single,Commercial,South
P006440,2013-08-29,Female,Single,Medicare,South
P006441,2010-03-09,Female,Single,Medicaid,West
P006442,1978-10-06,Female,Married,Medicare,South
P006443,1994-01-04,Female,Divorced,Medicare Advantage,
P006444,1959-03-28,Male,Widowed,Commercial,Midwest
P006445,1971-01-19,Female,Divorced,Self-Pay,Northeast
P006446,1974-10-17,Female,Single,Medicare,South
P006447,1983-11-12,Male,Married,Commercial,Northeast
P006448,1999-02-11,Male,Single,Self-Pay,West
P006449,2004-07-04,Female,Married,Commercial,West
P006450,1935-03-04,Female,Widowed,Medicare,Northeast
P006451,2021-05-10,Male,Single,Medicaid,South
P006452,1991-12-28,Female,Single,Medicaid,West
P006453,1964-06-15,Male,Married,Medicare,South
P006454,1970-01-02,Male,Married,Medicare,Northeast
P006455,1955-05-06,Male,Married,Medicare,Northeast
P006456,1982-09-12,Male,Single,Medicare Advantage,West
P006457,1996-12-19,Female,Single,Medicare Advantage,Northeast
P006458,1954-08-06,Male,Married,Medicaid,South
P006459,1958-10-11,Female,Single,Self-Pay,South
P006460,1956-04-27,Female,Married,Commercial,Midwest
P006461,1962-03-31,Male,Divorced,Medicare,Northeast
P006462,1969-11-09,Male,Married,Medicare Advantage,South
P006463,1959-06-02,Male,Widowed,Commercial,West
P006464,1929-06-05,Male,Widowed,Commercial,South
P006465,1994-06-26,Female,Married,Medicare,South
P006466,1973-04-21,Female,Married,Medicaid,Northeast
P006467,1985-10-01,Male,Married,Medicare,West
P006468,1956-12-18,Female,Married,Medicaid,South
P006469,1950-03-21,Male,Married,Medicare Advantage,Midwest
P006470,1946-07-03,Male,Married,Medicare,West
P006471,1942-06-06,Male,Married,Medicare,Midwest
P006472,1979-03-09,Male,Married,Commercial,West
P006473,1948-12-09,Female,Divorced,Commercial,
P006474,1939-02-27,Female,Married,Medicare Advantage,South
P006475,1959-12-11,Female,Married,Other,Northeast
P006476,2023-09-28,Female,Single,Commercial,Northeast
P006477,2018-03-24,Male,Single,Medicare,South
P006478,1946-06-22,Female,Widowed,Medicaid,Midwest
P006479,1965-01-12,Female,Divorced,Commercial,South
P006480,1959-02-02,Female,Married,Self-Pay,South
P006481,2017-04-24,Female,Single,Medicare,South
P006482,2007-06-21,Female,Single,Medicare,South
P006483,2008-07-14,Male,Single,Self-Pay,West
P006484,1988-02-14,Female,Married,Medicare,Northeast
P006485,1952-02-10,Female,Married,Medicare,West
P006486,1957-10-31,Female,Divorced,Medicaid,South
P006487,1947-05-25,Male,Widowed,Commercial,Midwest
P006488,1965-07-31,Female,Married,Medicaid,Northeast
P006489,1970-01-27,Female,Married,Medicare,South
P006490,1956-06-21,Female,Divorced,Commercial,South
P006491,1998-11-07,Female,Single,Commercial,West
P006492,1998-06-26,Male,Single,Medicare,South
P006493,2008-06-02,Male,Single,Commercial,Northeast
P006494,1953-05-24,Female,Single,Commercial,West
P006495,1979-07-16,Male,Single,Other,South
P006496,1957-05-04,Male,Divorced,Medicaid,Northeast
P006497,1973-06-29,Male,Married,Commercial,West
P006498,1970-08-21,Male,Single,Commercial,South
P006499,1958-07-05,Male,Married,Medicare Advantage,West
P006500,1943-08-16,Female,Married,Commercial,South
P006501,2003-10-16,Male,Single,Medicare,Northeast
P006502,1987-10-08,Female,Married,Commercial,Northeast
P006503,1952-06-27,Male,Single,Medicaid,South
P006504,2014-10-03,Male,Single,Medicaid,Northeast
P006505,1979-04-20,Male,Married,Medicaid,Midwest
P006506,1955-03-20,Female,Married,Commercial,Northeast
P006507,1950-10-13,Female,Married,Medicaid,South
P006508,1984-03-11,Female,Married,Commercial,West
P006509,1977-07-12,Male,Single,Medicare,West
P006510,1955-09-23,Female,Married,Medicare Advantage,Midwest
P006511,1958-02-20,Male,Divorced,Medicare,Midwest
P006512,1955-01-15,Female,Married,Medicaid,Northeast
P006513,1980-05-05,Male,Married,Commercial,Northeast
P006514,1952-03-28,Female,Married,Medicaid,South
P006515,2024-05-03,Male,Single,Commercial,South
P006516,1971-12-15,Female,Married,Medicare,West
P006517,2016-12-11,Male,Single,Self-Pay,South
P006518,1972-11-27,Male,Divorced,Medicare Advantage,West
P006519,1948-09-13,Female,Married,Commercial,Midwest
P006520,1978-12-28,Female,Married,Medicare,South
P006521,1947-07-26,Male,Widowed,Commercial,Northeast
P006522,1960-07-14,Female,Married,Medicare,Midwest
P006523,1982-12-31,Female,Married,Medicare,Northeast
P006524,1986-03-11,Female,Married,Other,South
P006525,1972-04-02,Male,Married,Medicare,South
P006526,1967-09-21,Male,Married,Medicare,West
P006527,2024-01-04,Male,Single,Commercial,Midwest
P006528,2005-12-30,Male,Single,Medicaid,Northeast
P006529,2019-11-09,Male,Single,Medicare Advantage,Northeast
P006530,1991-09-26,Male,Married,Commercial,Midwest
P006531,2010-09-24,Female,Single,Commercial,West
P006532,1958-03-09,Female,Divorced,Medicaid,Midwest
P006533,1974-07-26,Male,Married,Medicare,South
P006534,1975-02-12,Male,Married,Medicaid,South
P006535,2000-03-11,Male,Married,Medicaid,South
P006536,1948-06-24,Male,Married,Self-Pay,South
P006537,2010-06-14,Female,Single,Medicare Advantage,South
P006538,1985-11-02,Female,Married,Medicare,Northeast
P006539,1972-03-29,Male,Married,Medicare Advantage,West
P006540,1998-04-07,Female,Single,Commercial,South
P006541,1962-06-16,Female,Married,Medicaid,Midwest
P006542,1987-02-28,Male,Single,Medicare Advantage,West
P006543,1941-03-07,Male,Widowed,Medicare Advantage,South
P006544,1938-06-29,Female,Married,Medicaid,Midwest
P006545,1954-01-28,Male,Married,Medicaid,Midwest
P006546,1970-10-07,Female,Married,Medicare,South
P006547,2006-06-23,Male,Single,Medicaid,South
P006548,1938-02-14,Female,Widowed,Commercial,South
P006549,1964-08-03,Male,Widowed,Commercial,South
P006550,1946-09-13,Male,Married,Medicare Advantage,West
P006551,1931-08-21,Female,Widowed,Medicare Advantage,Northeast
P006552,1938-10-27,Female,Married,Medicare,West
P006553,2007-04-22,Male,Single,Self-Pay,Northeast
P006554,1979-09-02,Male,Single,Medicare,West
P006555,1959-04-19,Female,Married,Medicare,Midwest
P006556,1986-09-14,Male,Married,Commercial,West
P006557,1931-06-29,Male,Widowed,Medicaid,South
P006558,1953-02-13,Female,Widowed,Medicare Advantage,Northeast
P006559,1971-02-04,Male,Married,Commercial,West
P006560,1941-11-23,Male,Widowed,Medicare Advantage,Northeast
P006561,1963-03-10,Male,Married,Medicaid,West
P006562,1952-03-15,Female,Widowed,Medicare,West
P006563,1981-01-26,Male,Single,Self-Pay,Midwest
P006564,1960-07-27,Female,Married,Medicare,West
P006565,1998-09-01,Female,Single,Medicare,West
P006566,1980-01-16,Male,Married,Medicaid,West
P006567,1993-06-04,Male,Married,Medicare,West
P006568,1988-07-29,Female,Divorced,Medicare,West
P006569,1998-07-26,Male,Divorced,Other,South
P006570,2002-12-17,Male,Single,Commercial,West
P006571,1962-05-06,Male,Divorced,Medicare,West
P006572,2016-06-08,Female,Single,Medicaid,West
P006573,1980-01-17,Female,Single,Medicaid,Midwest
P006574,1973-02-09,Female,Single,Medicare Advantage,Northeast
P006575,1954-09-20,Male,Married,Commercial,West
P006576,2010-11-07,Male,Single,Medicaid,South
P006577,1942-02-20,Female,Widowed,Medicare,Northeast
P006578,1974-12-29,Female,Married,Medicare,South
P006579,2010-05-01,Female,Single,Medicare,
P006580,1949-10-28,Female,Divorced,Medicare,West
P006581,1936-11-08,Female,Married,Medicare,Northeast
P006582,2012-12-19,Male,Single,Medicaid,West
P006583,1978-08-15,Female,Single,Medicaid,South
P006584,1954-04-02,Female,Widowed,Commercial,West
P006585,1967-09-10,Female,Divorced,Medicaid,Northeast
P006586,1946-03-07,Female,Widowed,Commercial,West
P006587,1956-04-03,Female,Married,Other,Midwest
P006588,1961-11-07,Male,Married,Commercial,South
P006589,1956-06-23,Male,Divorced,Medicare,South
P006590,1954-11-04,Male,Divorced,Commercial,Midwest
P006591,1961-10-25,Female,Married,Commercial,West
P006592,1966-08-29,Female,Married,Other,South
P006593,1977-06-17,Female,Married,Medicaid,Midwest
P006594,2021-08-03,Female,Single,Medicare,South
P006595,2004-06-26,Male,Single,Commercial,Midwest
P006596,1987-12-21,Male,Single,Medicaid,Northeast
P006597,1934-04-29,Female,Widowed,Medicaid,Northeast
P006598,1988-09-08,Female,Single,Medicare,West
P006599,1953-09-04,Male,Married,Medicare,Northeast
P006600,1949-05-20,Female,Married,Commercial,South
P006601,1951-11-05,Female,Married,Medicare Advantage,West
P006602,1952-05-05,Female,Divorced,Medicaid,South
P006603,1972-09-24,Male,Single,Commercial,Midwest
P006604,1967-10-03,Female,Divorced,Other,Midwest
P006605,2006-11-22,Male,Single,Medicaid,South
P006606,1938-03-10,Female,Widowed,Commercial,Northeast
P006607,1996-12-07,Female,Married,Medicare,Midwest
P006608,1951-01-30,Male,Married,Commercial,West
P006609,1955-10-01,Female,Married,Medicare,Midwest
P006610,1932-12-09,Male,Widowed,Medicaid,South
P006611,2024-11-29,Male,Single,Medicare,South
P006612,1939-01-17,Female,Widowed,Medicaid,Midwest
P006613,2000-07-17,Female,Single,Medicaid,Midwest
P006614,1968-04-06,Female,Divorced,Medicare,South
P006615,1994-02-11,Female,Single,Commercial,Northeast
P006616,1984-05-15,Female,Married,Medicare Advantage,South
P006617,1948-12-04,Male,Married,Medicare,Northeast
P006618,1937-09-18,Male,Widowed,Medicaid,South
P006619,2009-08-11,Male,Single,Self-Pay,South
P006620,1956-12-19,Female,Married,Medicare,West
P006621,1978-04-25,Female,Single,Commercial,Midwest
P006622,1978-05-01,Male,Married,Medicare Advantage,South
P006623,1953-10-21,Male,Married,Commercial,Northeast
P006624,1956-12-11,Female,Married,Other,West
P006625,2021-01-06,Female,Single,Medicaid,South
P006626,1953-11-10,Female,Married,Medicare Advantage,South
P006627,1950-06-13,Female,Married,Commercial,West
P006628,1976-08-10,Male,Widowed,Medicare Advantage,Northeast
P006629,2016-01-28,Female,Single,Commercial,West
P006630,1974-07-07,Male,Married,Self-Pay,West
P006631,1966-03-15,Male,Married,Medicare,Midwest
P006632,2003-02-19,Female,Single,Other,West
P006633,1957-12-02,Female,Married,Commercial,South
P006634,1939-06-12,Female,Divorced,Medicare,West
P006635,1980-11-02,Female,Married,Medicare,West
P006636,2005-03-13,Male,Single,Commercial,Northeast
P006637,1974-04-08,Male,Married,Medicaid,South
P006638,1959-05-22,Female,Divorced,Commercial,West
P006639,1963-03-11,Female,Divorced,Self-Pay,Midwest
P006640,1999-07-04,Female,Single,Commercial,Northeast
P006641,2020-10-19,Female,Single,Medicaid,Northeast
P006642,1952-09-27,Male,Married,Medicare,South
P006643,1971-01-08,Male,Divorced,Medicare,West
P006644,1986-02-05,Male,Married,Medicare,South
P006645,2014-09-19,Female,Single,Commercial,Northeast
P006646,1989-01-15,Male,Married,Self-Pay,Northeast
P006647,1936-11-16,Female,Married,Medicare,Northeast
P006648,1947-06-21,Female,Married,Commercial,Midwest
P006649,1947-01-15,Male,Widowed,Commercial,West
P006650,1964-08-07,Female,Divorced,Commercial,South
P006651,1965-10-26,Female,Married,Commercial,South
P006652,2007-06-16,Male,Single,Medicare,West
P006653,1946-01-10,Male,Widowed,Medicare,South
P006654,1989-04-06,Female,Single,Medicaid,Northeast
P006655,1952-03-07,Female,Married,Commercial,South
P006656,1966-04-23,Male,Divorced,Medicaid,Northeast
P006657,1974-07-09,Male,Divorced,Medicare,South
P006658,2016-04-21,Male,Single,Medicaid,Midwest
P006659,1966-07-06,Female,Married,Commercial,West
P006660,1983-12-04,Male,Single,Self-Pay,Northeast
P006661,1982-12-25,Male,Married,Commercial,Midwest
P006662,1961-06-10,Female,Divorced,Medicaid,West
P006663,1932-10-13,Male,Widowed,Self-Pay,South
P006664,1957-05-25,Male,Married,Other,West
P006665,1948-05-31,Female,Divorced,Commercial,West
P006666,1989-02-17,Female,Married,Medicare Advantage,Midwest
P006667,1946-07-20,Female,Divorced,Commercial,Midwest
P006668,1957-04-23,Female,Married,Medicare Advantage,South
P006669,1971-03-28,Male,Divorced,Medicare,West
P006670,2004-04-02,Female,Married,Commercial,Midwest
P006671,1974-02-19,Female,Married,Medicare Advantage,South
P006672,1998-12-04,Female,Single,Medicare,Northeast
P006673,1975-06-26,Female,Divorced,Medicare Advantage,West
P006674,1991-09-01,Female,Married,Medicare,West
P006675,2003-04-27,Male,Single,Medicare Advantage,South
P006676,1981-10-13,Female,Married,Medicare,South
P006677,1938-03-03,Female,Widowed,Medicaid,Midwest
P006678,1975-06-07,Female,Married,Medicare,South
P006679,1995-09-07,Female,Married,Commercial,South
P006680,1955-09-17,Male,Married,Medicaid,Midwest
P006681,2024-05-13,Female,Single,Medicare,West
P006682,1957-07-08,Male,Married,Commercial,South
P006683,2005-02-14,Male,Single,Medicare,West
P006684,2004-06-05,Female,Married,Other,South
P006685,1961-07-04,Female,Divorced,Medicare,South
P006686,1987-06-29,Male,Divorced,Medicare,South
P006687,1976-04-13,Female,Single,Medicaid,South
P006688,2022-09-04,Male,Single,Medicaid,Midwest
P006689,1986-02-20,Female,Married,Medicare Advantage,South
P006690,1952-04-18,Female,Married,Medicare,West
P006691,1980-09-21,Female,Married,Medicare,West
P006692,2008-09-28,Female,Single,Commercial,Northeast
P006693,2008-08-21,Male,Single,Medicaid,South
P006694,2008-01-12,Male,Single,Commercial,Northeast
P006695,1951-09-19,Female,Single,Commercial,Midwest
P006696,1996-03-12,Male,Married,Commercial,Northeast
P006697,1994-01-31,Female,Married,Medicare,West
P006698,2024-08-25,Female,Single,Medicare,West
P006699,1996-10-28,Female,Single,Self-Pay,West
P006700,1994-06-06,Male,Married,Medicare,South
P006701,1969-03-16,Female,Married,Medicaid,West
P006702,1966-03-22,Female,Single,Medicare Advantage,South
P006703,1973-07-18,Female,Divorced,Medicaid,South
P006704,1954-08-03,Female,Divorced,Medicare,South
P006705,1946-03-30,Female,Divorced,Medicare,Northeast
P006706,1974-04-07,Male,Married,Medicare,West
P006707,1967-10-21,Female,Married,Medicare Advantage,South
P006708,1980-05-22,Male,Married,Medicare,South
P006709,1969-06-11,Female,Married,Commercial,West
P006710,1950-08-12,Female,Married,Medicare,South
P006711,1961-02-11,Male,Single,Medicare,Northeast
P006712,1991-07-02,Male,Single,Medicaid,South
P006713,2017-06-21,Female,Single,Medicaid,Midwest
P006714,1957-11-13,Female,Divorced,Commercial,Midwest
P006715,1985-04-21,Female,Married,Medicare Advantage,West
P006716,1936-02-02,Female,Married,Commercial,South
P006717,1978-08-10,Male,Married,Medicaid,South
P006718,1958-08-29,Female,Married,Commercial,West
P006719,2007-01-20,Male,Married,Medicare Advantage,Northeast
P006720,1957-07-06,Female,Married,Medicare,West
P006721,2002-10-12,Female,Single,Medicare,Midwest
P006722,2001-07-31,Male,Single,Medicaid,Northeast
P006723,1993-06-22,Male,Married,Medicare,Northeast
P006724,1962-09-10,Male,Widowed,Medicare Advantage,South
P006725,1950-11-07,Female,Married,Medicare,South
P006726,1934-06-22,Female,Single,Medicare,South
P006727,1996-02-14,Female,Single,Medicare Advantage,Midwest
P006728,1974-12-27,Male,Single,Commercial,Midwest
P006729,1930-11-24,Male,Married,Medicaid,Northeast
P006730,1994-01-12,Male,Married,Commercial,Northeast
P006731,1970-11-04,Male,Married,Medicare,South
P006732,1934-12-08,Male,Widowed,Medicare,South
P006733,1950-10-15,Male,Married,Self-Pay,South
P006734,2006-01-19,Female,Single,Medicare,Midwest
P006735,1929-04-22,Male,Married,Self-Pay,Midwest
P006736,1993-03-08,Female,Married,Medicare Advantage,South
P006737,1984-10-03,Male,Married,Medicare,Northeast
P006738,1944-06-30,Male,Widowed,Medicaid,Midwest
P006739,1957-07-06,Male,Single,Medicare,Midwest
P006740,1984-12-05,Female,Married,Medicare,Northeast
P006741,1997-01-22,Male,Single,Medicaid,West
P006742,1966-11-08,Female,Married,Medicare,South
P006743,1940-05-14,Male,Married,Medicaid,Northeast
P006744,1977-01-24,Female,Married,Medicaid,South
P006745,1943-12-16,Female,Widowed,Medicaid,West
P006746,1952-06-11,Female,Married,Self-Pay,South
P006747,1990-01-08,Male,Married,Medicaid,South
P006748,1988-04-22,Male,Single,Medicare,
P006749,1984-06-12,Male,Married,Medicaid,South
P006750,1998-11-04,Male,Single,Commercial,West
P006751,2023-05-25,Male,Single,Medicare,Midwest
P006752,1995-11-17,Female,Married,Medicaid,West
P006753,1961-10-08,Male,Divorced,Medicare,Northeast
P006754,1955-05-13,Male,Married,Medicaid,South
P006755,1974-11-08,Male,Married,Commercial,South
P006756,1956-12-17,Female,Married,Medicare,South
P006757,1994-03-11,Male,Married,Commercial,Midwest
P006758,1967-01-27,Female,Married,Medicaid,South
P006759,1984-07-07,Female,Married,Medicare,Northeast
P006760,1988-01-13,Female,Divorced,Self-Pay,Midwest
P006761,1963-05-20,Female,Married,Medicare,West
P006762,1944-07-01,Female,Married,Commercial,Midwest
P006763,1963-03-22,Female,Married,Medicaid,Midwest
P006764,1961-04-16,Male,Married,Medicaid,Midwest
P006765,1996-11-23,Female,Single,Medicare Advantage,South
P006766,2013-08-03,Male,Single,Medicaid,Midwest
P006767,1956-03-27,Female,Married,Medicaid,Northeast
P006768,1987-09-19,Male,Married,Medicaid,West
P006769,1952-12-30,Female,Married,Medicare Advantage,Midwest
P006770,1988-06-26,Female,Divorced,Medicaid,South
P006771,1990-05-28,Female,Married,Medicare,South
P006772,1970-01-21,Female,Married,Medicare,South
P006773,1953-01-08,Female,Single,Medicare,South
P006774,2000-05-09,Female,Single,Medicare,Midwest
P006775,1970-07-31,Male,Divorced,Medicare,West
P006776,1995-12-17,Female,Married,Medicare,Midwest
P006777,1963-11-09,Male,Married,Commercial,Midwest
P006778,1958-11-02,Female,Divorced,Medicaid,Northeast
P006779,1958-03-09,Female,Widowed,Medicaid,South
P006780,1974-08-20,Female,Divorced,Medicaid,South
P006781,1996-05-31,Male,Married,Medicare,Northeast
P006782,1993-08-05,Male,Married,Other,South
P006783,1966-12-20,Female,Divorced,Medicare,South
P006784,1952-10-16,Female,Single,Commercial,Midwest
P006785,2013-02-05,Male,Single,Commercial,Northeast
P006786,1958-08-20,Male,Married,Medicare,South
P006787,1955-04-08,Female,Married,Medicaid,
P006788,1954-02-10,Female,Widowed,Medicare,Midwest
P006789,1962-09-28,Male,Divorced,Self-Pay,South
P006790,1948-12-21,Male,Widowed,Commercial,Northeast
P006791,1974-01-24,Male,Single,Medicare,South
P006792,1997-02-24,Male,Widowed,Self-Pay,South
P006793,1963-05-05,Male,Married,Medicaid,South
P006794,1933-10-01,Male,Widowed,Medicare,Northeast
P006795,1988-07-27,Female,Married,Medicare,South
P006796,1983-04-12,Female,Married,Commercial,West
P006797,2008-10-16,Male,Single,Medicare,South
P006798,1991-10-30,Female,Single,Medicare,Northeast
P006799,1977-10-27,Female,Married,Medicare,Northeast
P006800,2005-10-30,Female,Single,Medicare Advantage,Northeast
P006801,2011-10-20,Male,Single,Medicare,Midwest
P006802,2002-02-19,Male,Married,Commercial,South
P006803,1941-11-29,Female,Married,Self-Pay,West
P006804,1952-12-16,Male,Single,Medicare Advantage,Midwest
P006805,1948-02-28,Male,Married,Medicaid,South
P006806,1972-01-08,Male,Married,Medicaid,South
P006807,2018-07-30,Male,Single,Medicare,West
P006808,1987-06-17,Female,Single,Self-Pay,West
P006809,1978-04-30,Female,Single,Commercial,West
P006810,1978-08-11,Female,Single,Commercial,West
P006811,2007-01-31,Male,Married,Medicare Advantage,South
P006812,1962-12-17,Female,Single,Medicare,Midwest
P006813,2007-05-27,Female,Single,Medicare,South
P006814,1950-09-18,Female,Married,Commercial,Northeast
P006815,2023-12-21,Female,Single,Commercial,West
P006816,1977-07-22,Female,Married,Commercial,Midwest
P006817,1961-08-28,Female,Single,Medicaid,South
P006818,2020-06-06,Female,Single,Medicare Advantage,
P006819,1990-11-28,Male,Single,Medicaid,Midwest
P006820,2009-04-05,Other,Single,Medicare,Northeast
P006821,2005-09-19,Female,Single,Medicaid,West
P006822,1988-05-20,Male,Married,Medicare,South
P006823,1973-10-16,Female,Divorced,Medicare,West
P006824,1947-10-30,Female,Married,Commercial,South
P006825,1991-05-13,Female,Single,Commercial,South
P006826,2025-07-19,Male,Single,Medicare,Northeast
P006827,1959-12-17,Male,Married,Commercial,Midwest
P006828,1953-11-25,Male,Married,Self-Pay,South
P006829,1983-09-20,Female,Single,Commercial,Midwest
P006830,1956-01-29,Female,Married,Commercial,West
P006831,1959-04-24,Male,Widowed,Commercial,Midwest
P006832,2005-01-04,Male,Married,Self-Pay,South
P006833,1931-04-10,Female,Single,Medicaid,Northeast
P006834,1954-05-05,Male,Divorced,Medicare,South
P006835,1952-06-26,Female,Divorced,Medicare,South
P006836,2016-01-21,Male,Single,Self-Pay,South
P006837,2020-06-11,Female,Single,Commercial,West
P006838,1959-06-11,Female,Married,Commercial,Northeast
P006839,1960-03-01,Female,Married,Self-Pay,Northeast
P006840,1964-11-16,Male,Married,Commercial,South
P006841,1967-07-29,Female,Married,Medicaid,Midwest
P006842,1986-12-31,Male,Single,Medicare Advantage,West
P006843,1951-10-02,Female,Married,Commercial,Northeast
P006844,1950-01-06,Male,Married,Medicare,West
P006845,1965-10-04,Female,Married,Medicare,West
P006846,2019-10-26,Male,Single,Medicare Advantage,Northeast
P006847,2026-05-07,Female,Single,Medicare Advantage,South
P006848,1963-02-24,Male,Married,Medicare,Midwest
P006849,2014-10-08,Female,Single,Medicaid,West
P006850,1966-11-09,Female,Married,Medicaid,South
P006851,2014-07-22,Male,Single,Medicare,South
P006852,1975-09-25,Female,Married,Medicare,South
P006853,1995-07-31,Male,Divorced,Commercial,South
P006854,1953-06-12,Female,Married,Commercial,West
P006855,1981-12-19,Female,Married,Medicare,West
P006856,1969-12-10,Male,Married,Medicare,Northeast
P006857,1993-01-19,Female,Married,Medicaid,West
P006858,1944-08-08,Female,Married,Medicare,West
P006859,1948-08-14,Male,Single,Commercial,Midwest
P006860,2005-09-27,Female,Single,Commercial,Midwest
P006861,1989-02-21,Female,Married,Medicare Advantage,West
P006862,1958-10-07,Male,Married,Self-Pay,West
P006863,1988-08-31,Male,Married,Medicaid,Midwest
P006864,1964-04-20,Female,Married,Medicare,West
P006865,1967-05-04,Female,Married,Medicaid,Midwest
P006866,1977-04-02,Male,Single,Other,West
P006867,1935-11-04,Female,Widowed,Commercial,South
P006868,1960-10-16,Male,Widowed,Commercial,Northeast
P006869,1965-07-23,Female,Married,Medicare,Northeast
P006870,2007-06-29,Female,Single,Self-Pay,Midwest
P006871,2007-03-14,Male,Married,Commercial,South
P006872,1935-01-12,Female,Married,Medicare,Midwest
P006873,1977-12-15,Female,Married,Self-Pay,Midwest
P006874,1996-03-20,Male,Single,Medicare Advantage,Midwest
P006875,1968-10-14,Female,Married,Medicaid,Midwest
P006876,2000-12-28,Female,Single,Medicaid,West
P006877,2002-05-23,Male,Single,Commercial,West
P006878,1961-07-07,Female,Widowed,Commercial,West
P006879,1982-04-15,Male,Single,Medicare,West
P006880,1985-09-07,Female,Single,Commercial,South
P006881,1952-12-12,Male,Married,Commercial,Midwest
P006882,2020-03-11,Female,Single,Medicare,Midwest
P006883,1947-02-16,Female,Married,Medicare,South
P006884,1956-02-14,Male,Married,Commercial,Midwest
P006885,1971-10-14,Male,Married,Medicaid,South
P006886,1987-12-04,Male,Single,Self-Pay,West
P006887,1969-09-12,Female,Single,Commercial,South
P006888,1982-08-13,Male,Single,Medicaid,South
P006889,2025-08-29,Male,Single,Medicare,Northeast
P006890,1955-05-15,Male,Married,Medicare,South
P006891,1989-04-30,Female,Married,Medicare,West
P006892,1992-11-17,Male,Single,Medicaid,South
P006893,1949-12-05,Female,Married,Medicare,Northeast
P006894,1985-02-22,Female,Married,Medicaid,South
P006895,1969-02-24,Other,Married,Medicare Advantage,Midwest
P006896,1995-02-09,Male,Divorced,Medicare,Midwest
P006897,1979-09-06,Male,Single,Self-Pay,West
P006898,1985-03-13,Female,Divorced,Medicare Advantage,Northeast
P006899,1960-11-30,Female,Divorced,Medicare,Northeast
P006900,1976-09-30,Female,Divorced,Other,Midwest
P006901,1980-05-06,Female,Single,Medicaid,Northeast
P006902,1960-03-06,Other,Divorced,Medicaid,Northeast
P006903,1969-10-25,Male,Married,Other,South
P006904,1966-09-26,Female,Married,Commercial,West
P006905,1993-09-19,Female,Single,Medicare,Northeast
P006906,1969-11-17,Female,Married,Self-Pay,Midwest
P006907,1982-11-05,Female,Married,Commercial,West
P006908,1973-08-02,Female,Divorced,Medicare Advantage,Midwest
P006909,1976-03-31,Male,Divorced,Medicare,Midwest
P006910,1944-09-28,Male,Single,Medicaid,South
P006911,1931-10-27,Female,Widowed,Commercial,Northeast
P006912,1959-01-20,Female,Married,Medicaid,Midwest
P006913,1991-02-10,Female,Single,Commercial,Northeast
P006914,1995-03-26,Other,Married,Commercial,Northeast
P006915,1930-07-10,Female,Married,Medicare,Northeast
P006916,1933-09-01,Female,Widowed,Medicaid,South
P006917,1994-05-12,Male,Married,Medicare,Midwest
P006918,2025-03-13,Female,Single,Medicare,West
P006919,1948-05-04,Female,Married,Commercial,West
P006920,1952-10-02,Female,Married,Medicaid,West
P006921,1981-10-07,Female,Single,Medicare,Northeast
P006922,1960-07-01,Male,Married,Commercial,South
P006923,2003-01-11,Female,Married,Medicare,Northeast
P006924,1954-12-06,Female,Widowed,Medicare Advantage,South
P006925,1950-06-03,Female,Divorced,Medicaid,Midwest
P006926,1935-02-05,Female,Widowed,Medicare Advantage,Midwest
P006927,1929-04-18,Female,Married,Medicare,Midwest
P006928,1981-04-29,Male,Single,Medicare,South
P006929,1965-01-07,Male,Married,Medicare,
P006930,1979-03-11,Female,Married,Medicaid,South
P006931,2020-11-20,Female,Single,Medicare,Midwest
P006932,2008-04-30,Male,Married,Commercial,Northeast
P006933,1945-05-08,Female,Widowed,Commercial,South
P006934,1966-01-22,Female,Married,Medicaid,Midwest
P006935,2022-12-06,Male,Single,Medicare,South
P006936,1938-07-31,Female,Married,Commercial,West
P006937,1948-09-17,Female,Single,Medicaid,West
P006938,1959-01-29,Female,Married,Medicare,Northeast
P006939,1996-01-26,Male,Single,Commercial,Midwest
P006940,1960-02-17,Female,Divorced,Medicare Advantage,Midwest
P006941,1947-03-04,Male,Married,Medicare,Northeast
P006942,1979-09-21,Male,Married,Medicaid,Midwest
P006943,1958-04-11,Female,Married,Medicare,West
P006944,1998-01-08,Female,Single,Self-Pay,Midwest
P006945,1960-03-20,Male,Widowed,Medicare,
P006946,1977-11-22,Male,Married,Commercial,Midwest
P006947,1984-07-29,Male,Married,Self-Pay,Midwest
P006948,1991-01-07,Male,Divorced,Medicare,South
P006949,1983-09-08,Male,Married,Medicare,South
P006950,2003-06-16,Male,Single,Self-Pay,South
P006951,1995-11-25,Male,Single,Medicare Advantage,Midwest
P006952,1989-05-22,Female,Married,Commercial,Midwest
P006953,1977-02-10,Female,Divorced,Medicaid,Northeast
P006954,1963-09-29,Male,Married,Medicare,South
P006955,1952-11-16,Male,Married,Self-Pay,South
P006956,1988-10-28,Male,Single,Commercial,West
P006957,1934-12-13,Male,Married,Medicaid,South
P006958,1953-02-20,Male,Divorced,Medicare,South
P006959,1953-04-09,Female,Married,Medicaid,South
P006960,1976-01-09,Female,Single,Medicare,South
P006961,1976-02-25,Male,Single,Medicare,South
P006962,1986-08-21,Female,Divorced,Commercial,West
P006963,1972-12-04,Female,Married,Medicare,Midwest
P006964,1978-02-12,Female,Single,Commercial,Northeast
P006965,1996-11-27,Male,Married,Commercial,South
P006966,1952-08-10,Male,Married,Medicare,South
P006967,1981-07-16,Female,Married,Medicare Advantage,Northeast
P006968,1968-02-14,Male,Married,Other,Midwest
P006969,2001-10-27,Female,Single,Medicare,Midwest
P006970,2000-09-13,Male,Single,Commercial,South
P006971,1980-06-12,Male,Divorced,Commercial,Midwest
P006972,1963-05-24,Male,Divorced,Medicare,Northeast
P006973,1947-06-23,Male,Single,Commercial,Midwest
P006974,1956-12-05,Male,Married,Commercial,South
P006975,1938-05-29,Male,Widowed,Medicaid,West
P006976,1987-10-13,Male,Married,Medicare,Northeast
P006977,1958-03-25,Male,Married,Medicare Advantage,West
P006978,1957-09-12,Male,Married,Medicaid,West
P006979,1944-07-16,Male,Divorced,Medicare,West
P006980,2026-05-26,Female,Single,Medicare,West
P006981,1955-09-13,Female,Married,Commercial,West
P006982,1974-11-24,Male,Divorced,Medicare,Northeast
P006983,1960-05-02,Female,Divorced,Medicare Advantage,South
P006984,1983-05-11,Male,Divorced,Medicare,South
P006985,1949-02-25,Female,Widowed,Medicaid,West
P006986,1968-03-16,Female,Married,Medicare,South
P006987,1985-09-23,Male,Married,Medicaid,West
P006988,1974-12-19,Male,Divorced,Medicaid,Midwest
P006989,1931-09-07,Male,Widowed,Self-Pay,South
P006990,1984-11-04,Female,Married,Medicaid,South
P006991,1958-07-12,Female,Married,Medicare,South
P006992,1955-03-11,Female,Married,Commercial,South
P006993,1952-08-22,Male,Married,Medicaid,South
P006994,1964-06-30,Female,Married,Medicare Advantage,Midwest
P006995,1977-08-15,Male,Married,Medicare,West
P006996,1988-01-21,Male,Married,Medicare,South
P006997,2000-04-30,Male,Single,Medicare,Midwest
P006998,1990-08-11,Female,Married,Commercial,West
P006999,1965-05-14,Male,Married,Medicare,South
P007000,2012-03-10,Female,Single,Medicare,South
P007001,1969-11-18,Female,Widowed,Medicare Advantage,West
P007002,1958-06-20,Male,Married,Medicare Advantage,South
P007003,1992-09-12,Male,Married,Medicare,South
P007004,2025-03-07,Female,Single,Medicaid,Northeast
P007005,1957-05-31,Male,Widowed,Commercial,South
P007006,1965-10-05,Male,Married,Commercial,Northeast
P007007,1956-10-26,Female,Widowed,Medicare,South
P007008,1944-02-23,Female,Widowed,Medicare,South
P007009,1984-05-16,Female,Married,Commercial,Northeast
P007010,2019-02-21,Female,Single,Medicare Advantage,South
P007011,2023-03-02,Female,Single,Medicare,West
P007012,1952-01-24,Female,Married,Medicare,South
P007013,1946-03-30,Female,Widowed,Medicare,South
P007014,2025-06-09,Female,Single,Medicare Advantage,South
P007015,1972-09-04,Male,Married,Medicare,Northeast
P007016,1934-06-17,Female,Widowed,Other,West
P007017,1935-10-28,Female,Widowed,Medicaid,South
P007018,2012-04-09,Female,Single,Medicare,
P007019,1964-09-17,Female,Married,Medicare,South
P007020,2002-11-30,Female,Single,Other,Northeast
P007021,1984-07-20,Male,Married,Commercial,West
P007022,1954-04-17,Female,Married,Medicare,Midwest
P007023,1952-05-20,Male,Married,Medicare,West
P007024,1945-04-11,Male,Widowed,Medicaid,Northeast
P007025,2014-11-03,Female,Single,Medicaid,South
P007026,1990-03-16,Male,Married,Medicare,Northeast
P007027,1963-08-08,Male,Widowed,Other,West
P007028,1991-08-30,Male,Married,Medicaid,South
P007029,2007-01-25,Male,Single,Medicare,Midwest
P007030,1965-12-04,Female,Married,Self-Pay,Midwest
P007031,1941-07-04,Female,Widowed,Medicaid,Northeast
P007032,1940-10-20,Male,Widowed,Medicare,South
P007033,2007-03-30,Male,Single,Medicaid,Northeast
P007034,1940-07-05,Female,Divorced,Commercial,Northeast
P007035,1995-09-09,Male,Married,Medicare,South
P007036,1942-04-27,Male,Married,Medicaid,South
P007037,2002-07-11,Female,Single,Commercial,South
P007038,1973-07-01,Male,Married,Medicaid,West
P007039,1945-02-23,Female,Widowed,Commercial,South
P007040,1989-02-09,Male,Married,Medicare,Midwest
P007041,1959-04-10,Female,Married,Commercial,Northeast
P007042,1956-04-28,Female,Married,Medicaid,Midwest
P007043,2002-04-13,Female,Single,Medicare Advantage,South
P007044,1958-05-09,Female,Married,Commercial,Northeast
P007045,1962-09-02,Female,Married,Medicare,Midwest
P007046,2012-04-19,Female,Single,Medicare,Midwest
P007047,1966-07-17,Male,Married,Medicare,Midwest
P007048,2003-06-03,Male,Single,Medicaid,South
P007049,1981-06-13,Male,Married,Medicaid,South
P007050,1961-09-10,Female,Married,Commercial,Northeast
P007051,1961-08-05,Female,Married,Medicaid,Northeast
P007052,1941-06-03,Female,Married,Medicare Advantage,South
P007053,1971-03-26,Female,Married,Medicare,West
P007054,1977-01-03,Female,Single,Commercial,Northeast
P007055,1945-01-11,Male,Widowed,Medicaid,West
P007056,1974-01-19,Male,Single,Medicare,Northeast
P007057,1963-03-15,Female,Married,Commercial,Midwest
P007058,2002-10-25,Female,Single,Medicare Advantage,South
P007059,2026-03-28,Female,Single,Commercial,West
P007060,1947-10-20,Male,Married,Commercial,South
P007061,1981-04-19,Female,Married,Medicaid,Midwest
P007062,1983-11-29,Female,Married,Medicaid,Northeast
P007063,1969-06-27,Female,Married,Commercial,Midwest
P007064,2009-10-22,Female,Single,Medicaid,South
P007065,1997-04-06,Female,Single,Medicare Advantage,South
P007066,2011-10-23,Female,Single,Medicare,West
P007067,2007-07-27,Female,Single,Self-Pay,South
P007068,1997-02-24,Female,Single,Commercial,South
P007069,1957-12-24,Female,Married,Commercial,South
P007070,1932-02-08,Female,Widowed,Other,West
P007071,1949-12-11,Male,Married,Medicare Advantage,South
P007072,1963-08-13,Male,Married,Medicaid,Northeast
P007073,2024-04-28,Female,Single,Medicare,West
P007074,1942-11-17,Male,Widowed,Medicare,Midwest
P007075,1959-06-14,Male,Widowed,Medicaid,South
P007076,1978-12-04,Male,Single,Medicaid,South
P007077,1997-03-16,Male,Married,Other,Northeast
P007078,1967-11-10,Female,Single,Medicaid,Northeast
P007079,1955-03-02,Female,Married,Medicare,South
P007080,1972-02-15,Female,Widowed,Commercial,Midwest
P007081,1950-10-18,Male,Single,Medicare Advantage,West
P007082,1983-04-03,Female,Married,Medicare,Northeast
P007083,1976-02-11,Male,Single,Commercial,South
P007084,1967-06-16,Female,Married,Commercial,Northeast
P007085,2007-05-19,Female,Single,Medicaid,South
P007086,2016-01-26,Male,Single,Commercial,Northeast
P007087,1932-07-24,Male,Married,Medicare,South
P007088,1940-07-22,Female,Widowed,Self-Pay,Northeast
P007089,1979-12-29,Female,Married,Commercial,Midwest
P007090,1965-05-23,Female,Single,Medicare,Midwest
P007091,1968-07-08,Female,Married,Medicare Advantage,West
P007092,1960-06-17,Female,Married,Commercial,South
P007093,1983-11-01,Female,Married,Commercial,West
P007094,1979-05-12,Male,Married,Self-Pay,Midwest
P007095,1964-07-29,Male,Married,Commercial,Northeast
P007096,1934-04-01,Female,Widowed,Commercial,Northeast
P007097,2010-08-26,Male,Single,Medicare,West
P007098,1998-02-13,Male,Single,Medicaid,South
P007099,1953-02-20,Male,Married,Medicare Advantage,South
P007100,1971-03-06,Female,Divorced,Commercial,West
P007101,2018-06-26,Male,Single,Medicare Advantage,
P007102,2015-06-02,Male,Single,Commercial,West
P007103,1965-02-14,Male,Divorced,Medicare,South
P007104,2023-01-15,Male,Single,Commercial,Northeast
P007105,1980-06-08,Male,Divorced,Commercial,South
P007106,2004-06-27,Female,Single,Medicare Advantage,South
P007107,1940-08-22,Male,Married,Commercial,Midwest
P007108,1999-04-04,Female,Divorced,Medicare Advantage,Northeast
P007109,1981-01-05,Female,Single,Medicare Advantage,West
P007110,1937-01-30,Male,Married,Commercial,Midwest
P007111,2013-02-22,Male,Single,Other,South
P007112,1954-03-29,Female,Married,Medicare Advantage,South
P007113,1946-08-25,Other,Married,Self-Pay,Northeast
P007114,1990-03-07,Male,Married,Commercial,Midwest
P007115,2003-01-03,Female,Single,Other,West
P007116,2004-01-27,Female,Single,Medicare Advantage,South
P007117,1947-08-30,Male,Married,Medicare,South
P007118,1949-04-23,Female,Married,Medicaid,Midwest
P007119,1970-04-01,Male,Married,Self-Pay,South
P007120,2004-10-04,Male,Single,Medicare Advantage,Midwest
P007121,1997-12-27,Male,Married,Commercial,Midwest
P007122,1974-07-16,Female,Married,Commercial,South
P007123,2004-10-09,Male,Single,Commercial,South
P007124,2005-06-22,Female,Single,Self-Pay,West
P007125,1997-04-02,Female,Single,Commercial,West
P007126,1978-08-29,Male,Single,Medicare,West
P007127,1955-08-31,Male,Divorced,Medicaid,West
P007128,1986-07-30,Female,Married,Medicare,South
P007129,2016-12-19,Male,Single,Medicaid,Northeast
P007130,1931-07-14,Female,Widowed,Medicare Advantage,South
P007131,2008-03-07,Female,Married,Other,Northeast
P007132,1969-06-09,Female,Divorced,Medicare,South
P007133,1949-02-13,Male,Divorced,Medicaid,South
P007134,1944-06-11,Female,Widowed,Other,Northeast
P007135,2020-08-03,Male,Single,Commercial,Midwest
P007136,2023-09-13,Male,Single,Medicare Advantage,West
P007137,2007-01-21,Male,Single,Medicare,West
P007138,1990-04-06,Male,Married,Medicare,South
P007139,1933-02-15,Female,Married,Commercial,South
P007140,1959-08-24,Male,Married,Medicaid,Midwest
P007141,2008-06-23,Male,Single,Medicare,Midwest
P007142,1960-07-28,Male,Married,Medicaid,South
P007143,1955-04-20,Male,Married,Self-Pay,West
P007144,1995-02-07,Female,Married,Medicaid,Midwest
P007145,2000-02-09,Female,Single,Medicaid,Midwest
P007146,1975-03-16,Female,Married,Medicaid,Midwest
P007147,1971-08-21,Male,Married,Medicaid,Midwest
P007148,1980-11-13,Male,Married,Medicaid,Midwest
P007149,1959-11-19,Female,Married,Medicare,South
P007150,2006-02-02,Female,Single,Medicaid,Northeast
P007151,1968-05-24,Male,Married,Medicare,South
P007152,1970-07-07,Male,Divorced,Self-Pay,West
P007153,1949-04-17,Female,Married,Medicare Advantage,Northeast
P007154,1966-01-31,Male,Single,Self-Pay,South
P007155,1952-05-10,Female,Married,Commercial,Northeast
P007156,1940-11-02,Female,Widowed,Medicaid,South
P007157,1974-09-19,Male,Married,Medicare,West
P007158,1966-09-30,Male,Single,Medicare,Northeast
P007159,1971-12-17,Female,Married,Commercial,South
P007160,1980-03-23,Female,Married,Self-Pay,South
P007161,1994-06-08,Female,Divorced,Commercial,Northeast
P007162,1985-06-29,Female,Married,Medicare Advantage,Midwest
P007163,1981-02-05,Female,Married,Commercial,Midwest
P007164,1986-01-02,Female,Divorced,Medicaid,Northeast
P007165,1929-10-14,Female,Widowed,Medicare,West
P007166,1958-10-11,Male,Widowed,Commercial,Midwest
P007167,1951-03-19,Male,Married,Medicare,West
P007168,2010-07-28,Male,Single,Commercial,Northeast
P007169,1947-09-29,Female,Married,Commercial,South
P007170,1987-12-17,Male,Widowed,Medicaid,South
P007171,1972-12-19,Male,Married,Commercial,Midwest
P007172,1956-02-29,Female,Married,Medicare,Midwest
P007173,1998-05-10,Male,Single,Medicare,South
P007174,1969-08-07,Female,Married,Medicare,South
P007175,2005-09-21,Female,Single,Medicare,South
P007176,1948-04-02,Female,Widowed,Medicare Advantage,Midwest
P007177,1995-06-30,Female,Married,Medicare,West
P007178,1960-09-24,Male,Married,Medicaid,Northeast
P007179,1929-10-24,Male,Widowed,Self-Pay,South
P007180,1950-07-18,Female,Married,Commercial,Northeast
P007181,1949-09-29,Female,Single,Self-Pay,South
P007182,2001-02-22,Male,Single,Medicare Advantage,South
P007183,1957-01-10,Female,Divorced,Medicare,West
P007184,1944-01-28,Female,Single,Medicaid,West
P007185,1938-08-31,Male,Widowed,Commercial,Northeast
P007186,1967-06-28,Male,Married,Medicare,Midwest
P007187,1956-09-24,Female,Married,Medicare,
P007188,1938-12-15,Female,Divorced,Medicaid,West
P007189,1948-02-09,Female,Widowed,Self-Pay,South
P007190,2005-08-22,Male,Single,Commercial,South
P007191,1966-06-07,Male,Married,Medicare Advantage,South
P007192,1949-08-30,Male,Widowed,Commercial,Midwest
P007193,1964-09-13,Female,Married,Commercial,West
P007194,1953-02-22,Female,Widowed,Medicare,South
P007195,1948-10-11,Female,Married,Commercial,South
P007196,1985-12-01,Male,Married,Medicare,West
P007197,1978-03-12,Female,Married,Medicare Advantage,Northeast
P007198,1983-06-11,Female,Single,Medicare,South
P007199,1991-02-11,Female,Married,Medicaid,West
P007200,2004-10-19,Male,Single,Medicare,Northeast
P007201,1961-11-28,Female,Married,Medicare,Midwest
P007202,1930-02-19,Other,Married,Medicare Advantage,Midwest
P007203,1961-02-04,Female,Married,Medicare,South
P007204,1954-09-18,Male,Married,Medicaid,Northeast
P007205,1963-08-18,Female,Married,Medicare,South
P007206,1980-12-13,Female,Divorced,Self-Pay,Midwest
P007207,1962-07-24,Female,Divorced,Commercial,Northeast
P007208,1965-10-20,Female,Married,Medicare,South
P007209,1991-01-14,Female,Single,Commercial,
P007210,1937-04-29,Male,Single,Self-Pay,West
P007211,2008-09-19,Male,Single,Medicare,South
P007212,2021-05-23,Female,Single,Self-Pay,South
P007213,2003-10-10,Male,Married,Medicaid,Midwest
P007214,1998-11-03,Female,Single,Medicare,Midwest
P007215,1940-11-22,Female,Widowed,Medicaid,Northeast
P007216,1959-12-16,Male,Single,Medicare,South
P007217,1966-10-02,Female,Married,Medicaid,South
P007218,1969-11-20,Female,Married,Medicare,Northeast
P007219,2004-07-23,Male,Single,Medicare,West
P007220,1949-03-18,Female,Married,Commercial,Midwest
P007221,1976-01-30,Male,Married,Commercial,West
P007222,2000-12-09,Female,Single,Medicaid,Midwest
P007223,1936-07-21,Female,Single,Commercial,South
P007224,1948-04-10,Female,Married,Self-Pay,Northeast
P007225,1963-12-15,Male,Married,Medicare,Midwest
P007226,1956-03-08,Female,Married,Medicare,Northeast
P007227,1966-05-15,Male,Married,Medicare,Northeast
P007228,1954-01-17,Female,Married,Medicare,West
P007229,2019-05-18,Male,Single,Medicare,Northeast
P007230,1944-12-03,Female,Single,Medicaid,South
P007231,1931-08-11,Male,Widowed,Commercial,South
P007232,1982-09-07,Male,Married,Medicaid,West
P007233,1958-06-20,Other,Widowed,Commercial,South
P007234,1941-10-01,Male,Widowed,Other,South
P007235,1960-08-11,Male,Married,Medicare,West
P007236,2002-09-26,Female,Single,Medicaid,West
P007237,1973-10-04,Female,Single,Commercial,South
P007238,1988-06-16,Female,Divorced,Medicare Advantage,South
P007239,1976-08-31,Male,Single,Medicaid,West
P007240,1965-06-20,Male,Married,Commercial,West
P007241,1990-08-21,Male,Married,Medicare Advantage,Midwest
P007242,1968-12-29,Female,Married,Medicare,Midwest
P007243,1963-05-01,Female,Divorced,Medicare,Midwest
P007244,1958-01-05,Male,Married,Medicare,Northeast
P007245,1959-12-28,Female,Married,Medicaid,West
P007246,1976-09-17,Male,Married,Self-Pay,Midwest
P007247,2000-04-22,Female,Single,Self-Pay,South
P007248,2018-11-12,Male,Single,Medicaid,South
P007249,1932-03-11,Male,,Medicaid,Northeast
P007250,1967-09-25,Female,Divorced,Medicare Advantage,South
P007251,1978-11-19,Female,Married,Medicare,Midwest
P007252,1970-01-21,Male,Married,Commercial,West
P007253,1937-09-03,Female,Widowed,Medicaid,
P007254,1947-05-20,Male,,Commercial,Northeast
P007255,2015-12-09,Female,Single,Medicaid,Northeast
P007256,1984-01-08,Male,Married,Other,South
P007257,1991-03-31,Male,Married,Medicare,Northeast
P007258,1940-12-19,Male,Married,Commercial,Northeast
P007259,1931-05-04,Female,Married,Medicare,Midwest
P007260,1955-10-05,Female,Divorced,Commercial,South
P007261,1983-08-27,Female,Married,Commercial,South
P007262,1979-07-21,Male,Single,Medicare,West
P007263,1960-10-02,Female,Married,Medicaid,South
P007264,1967-02-18,Female,Divorced,Medicare,West
P007265,1967-09-12,Female,Married,Medicare,South
P007266,1952-10-05,Male,Single,Medicare,Northeast
P007267,1954-03-01,Male,Divorced,Commercial,West
P007268,2000-10-27,Male,Married,Medicaid,Northeast
P007269,2007-11-16,Female,Single,Medicaid,Northeast
P007270,1950-07-09,Female,Married,Medicaid,South
P007271,1984-08-15,Male,Single,Commercial,South
P007272,1983-02-08,Female,Married,Medicare,West
P007273,1963-03-06,Male,Married,Medicaid,Midwest
P007274,1983-04-08,Female,Married,Medicare,South
P007275,1948-01-16,Male,Married,Commercial,West
P007276,1974-04-01,Male,Married,Self-Pay,West
P007277,1950-07-07,Female,Widowed,Medicare,Northeast
P007278,1998-11-08,Female,Married,Medicare,Northeast
P007279,1971-04-28,Female,Divorced,Medicare,South
P007280,1976-03-26,Female,Married,Medicaid,Northeast
P007281,2006-09-14,Male,Married,Medicare,Midwest
P007282,1984-12-04,Female,Single,Medicare,Midwest
P007283,2000-11-10,Male,Single,Medicare Advantage,South
P007284,1961-09-29,Female,Married,Medicaid,Northeast
P007285,1982-10-12,Female,Single,Medicare,South
P007286,1956-06-28,Female,Married,Commercial,Northeast
P007287,2013-12-16,Female,Single,Medicare Advantage,South
P007288,2000-02-20,Female,Single,Commercial,West
P007289,1951-03-26,Female,Divorced,Self-Pay,Midwest
P007290,1971-03-07,Male,Married,Medicare,Midwest
P007291,2003-09-01,Female,Single,Medicare,Midwest
P007292,1946-11-17,Female,Married,Medicaid,South
P007293,1999-08-29,Male,Single,Medicare,South
P007294,1973-08-16,Female,Single,Medicare,Midwest
P007295,1984-11-14,Male,Married,Medicare,South
P007296,1932-08-26,Male,Married,Medicare,West
P007297,1983-04-22,Female,Married,Medicare,South
P007298,2003-11-10,Female,Single,Medicare,South
P007299,1967-02-06,Male,Single,Medicare,Northeast
P007300,1997-01-18,Male,Divorced,Medicare,South
P007301,1943-06-03,Male,Married,Other,South
P007302,1962-06-29,Male,Single,Commercial,Northeast
P007303,1938-06-22,Male,Married,Medicare,Midwest
P007304,1985-01-18,Male,Single,Medicare Advantage,Midwest
P007305,1963-08-17,Male,Married,Other,Northeast
P007306,1982-07-04,Other,Divorced,Commercial,Midwest
P007307,1965-10-03,Male,Married,Medicare Advantage,South
P007308,1966-06-18,Female,Divorced,Commercial,West
P007309,1971-12-28,Female,Married,Medicaid,Northeast
P007310,1935-06-12,Female,Divorced,Medicare Advantage,West
P007311,1982-06-23,Male,Married,Commercial,Midwest
P007312,1984-04-28,Male,Married,Medicare Advantage,South
P007313,1943-08-07,Female,Married,Commercial,Northeast
P007314,1962-03-24,Female,Married,Medicare Advantage,South
P007315,1962-03-06,Female,Single,Medicare Advantage,Northeast
P007316,1985-02-22,Female,Married,Medicaid,Midwest
P007317,1984-11-20,Female,Single,Medicaid,West
P007318,1980-09-20,Male,Married,Medicaid,Midwest
P007319,1988-07-02,Male,Married,Commercial,West
P007320,1962-01-05,Male,Married,Medicare Advantage,South
P007321,1994-01-18,Male,Divorced,Medicare,West
P007322,2026-03-27,Male,Single,Commercial,West
P007323,1975-05-12,Female,Divorced,Medicaid,South
P007324,1988-12-21,Female,Married,Commercial,Northeast
P007325,1972-06-30,Female,Divorced,Medicare,Northeast
P007326,2001-04-14,Female,Single,Other,West
P007327,1966-07-22,Male,Married,Medicare Advantage,Midwest
P007328,1964-04-18,Male,,Medicare,South
P007329,1966-03-01,Female,Married,Medicaid,West
P007330,2018-10-14,Male,Single,Medicare,Northeast
P007331,1960-10-07,Male,Married,Self-Pay,Northeast
P007332,2004-12-15,Female,Single,Commercial,Midwest
P007333,1975-11-23,Female,Married,Commercial,Midwest
P007334,1964-12-21,Female,Divorced,Medicaid,South
P007335,1994-11-28,Female,Married,Commercial,Northeast
P007336,1981-04-21,Male,Married,Commercial,Midwest
P007337,2022-12-03,Male,Single,Medicare Advantage,West
P007338,1980-03-07,Female,Married,Medicare Advantage,Midwest
P007339,1943-07-06,Female,Widowed,Medicaid,Northeast
P007340,1971-07-04,Male,Married,Commercial,Northeast
P007341,1960-03-11,Female,Divorced,Medicaid,South
P007342,2012-05-06,Male,Single,Medicaid,Northeast
P007343,1989-03-14,Male,Single,Medicare,West
P007344,1983-07-01,Female,Single,Medicare,Northeast
P007345,1987-06-27,Male,Married,Medicare,South
P007346,1989-03-26,Male,Married,Self-Pay,South
P007347,1989-02-15,Female,Single,Self-Pay,Midwest
P007348,1952-12-23,Male,Widowed,Medicaid,South
P007349,1975-05-09,Male,Married,Medicaid,Northeast
P007350,1949-10-15,Male,Widowed,Commercial,West
P007351,2015-01-28,Female,Single,Commercial,Northeast
P007352,1965-12-18,Male,Married,Commercial,South
P007353,1998-10-07,Female,Single,Medicare Advantage,Midwest
P007354,1996-03-06,Female,Married,Commercial,West
P007355,2001-04-29,Male,Single,Medicare,West
P007356,1986-05-08,Male,Married,Medicaid,West
P007357,1943-12-22,Female,Widowed,Medicare,South
P007358,1960-05-21,Male,Divorced,Medicare,Northeast
P007359,1976-05-10,Female,Single,Commercial,Midwest
P007360,1946-07-26,Female,Married,Medicaid,Midwest
P007361,1959-06-29,Female,Married,Commercial,Midwest
P007362,1979-05-31,Female,Married,Medicare,Northeast
P007363,2020-07-03,Female,Single,Commercial,South
P007364,1974-03-30,Female,Divorced,Commercial,South
P007365,1992-05-20,Male,Single,Commercial,South
P007366,2018-08-22,Male,Single,Commercial,Midwest
P007367,2006-10-29,Female,Single,Commercial,West
P007368,1959-06-23,Male,Married,Medicare,South
P007369,1983-11-29,Female,Divorced,Medicare,West
P007370,1982-09-18,Female,Married,Medicare Advantage,South
P007371,1934-06-26,Male,Married,Medicare Advantage,South
P007372,2018-09-19,Male,Single,Other,West
P007373,1937-10-18,Male,Divorced,Medicaid,Midwest
P007374,2007-06-10,Female,Single,Commercial,Northeast
P007375,1934-02-19,Female,Widowed,Self-Pay,West
P007376,1991-11-07,Male,Married,Medicare Advantage,Northeast
P007377,1974-02-06,Male,Married,Commercial,Northeast
P007378,2024-07-31,Female,Single,Medicaid,Midwest
P007379,1980-04-05,Female,Divorced,Medicare,South
P007380,1954-08-02,Male,Divorced,Commercial,Midwest
P007381,1947-02-04,Male,Single,Medicare Advantage,South
P007382,1950-12-08,Female,Widowed,Commercial,Northeast
P007383,1949-03-06,Female,Married,Commercial,South
P007384,1939-04-14,Male,Widowed,Commercial,South
P007385,2012-04-14,Other,Single,Medicare Advantage,
P007386,1960-11-26,Male,Divorced,Medicare Advantage,Midwest
P007387,2023-08-21,Male,Single,Medicaid,South
P007388,1963-06-29,Female,Married,Medicare,West
P007389,2005-02-18,Female,Married,Medicare,South
P007390,1969-05-12,Male,Divorced,Medicare,South
P007391,1938-08-19,Male,Divorced,Commercial,South
P007392,1962-12-21,Female,Married,Commercial,Midwest
P007393,2005-06-20,Male,Single,Self-Pay,South
P007394,1963-03-10,Male,Married,Medicare Advantage,South
P007395,1996-06-17,Male,Single,Medicare,Northeast
P007396,1970-03-08,Female,Married,Other,South
P007397,1971-08-18,Male,Married,Medicaid,South
P007398,1935-12-31,Male,Married,Medicare,South
P007399,2008-01-08,Female,Single,Medicaid,Midwest
P007400,1975-03-27,Female,Widowed,Medicare Advantage,West
P007401,2000-05-02,Female,Single,Medicaid,South
P007402,1929-09-24,Male,Widowed,Commercial,West
P007403,1940-03-23,Male,Married,Medicare Advantage,West
P007404,2020-08-16,Female,Single,Commercial,South
P007405,1991-09-09,Male,Single,Medicare,South
P007406,1968-06-20,Female,Married,Medicare,Northeast
P007407,1974-01-18,Male,Married,Medicare,Northeast
P007408,1977-04-07,Female,Single,Medicare Advantage,South
P007409,1977-07-03,Male,Married,Medicaid,Northeast
P007410,1958-07-26,Female,Married,Commercial,South
P007411,1952-11-14,Male,Married,Commercial,South
P007412,1956-04-22,Male,Married,Medicare Advantage,Midwest
P007413,1980-11-01,Female,Married,Commercial,South
P007414,1977-10-05,Female,Married,Commercial,South
P007415,1994-04-28,Female,Married,Medicare,West
P007416,1974-05-13,Male,Married,Commercial,Northeast
P007417,1975-12-13,Male,Divorced,Medicaid,Northeast
P007418,1938-08-08,Female,Married,Medicare,South
P007419,1932-12-16,Male,Widowed,Medicaid,Midwest
P007420,2015-06-28,Female,Single,Commercial,Midwest
P007421,1989-04-24,Female,Married,Commercial,South
P007422,1983-03-21,Male,Married,Medicare Advantage,West
P007423,1930-01-19,Female,Widowed,Commercial,Midwest
P007424,1978-02-12,Female,Single,Commercial,South
P007425,1956-02-19,Female,Married,Commercial,South
P007426,1949-09-18,Male,Married,Commercial,Northeast
P007427,1951-08-31,Male,Divorced,Medicaid,South
P007428,1968-02-13,Male,Married,Medicare,Midwest
P007429,1979-05-15,Male,Married,Commercial,West
P007430,1940-01-02,Female,Married,Commercial,West
P007431,2005-07-21,Male,Single,Commercial,West
P007432,1954-02-28,Female,Married,Medicaid,South
P007433,1945-05-20,Female,Widowed,Medicare,West
P007434,1964-12-02,Male,Married,Medicare Advantage,West
P007435,1987-03-14,Male,Single,Medicare,Midwest
P007436,2002-09-14,Male,Single,Medicaid,Midwest
P007437,1976-06-25,Female,Married,Medicare,West
P007438,1945-06-09,Male,Married,Commercial,Northeast
P007439,1960-10-04,Male,Married,Medicare,South
P007440,1950-04-02,Female,Married,Medicare Advantage,Northeast
P007441,1975-08-12,Female,Divorced,Medicare,West
P007442,1955-11-03,Female,Single,Medicare,Midwest
P007443,1957-12-01,Male,Widowed,Medicare,Midwest
P007444,1982-07-23,Male,Married,Medicaid,South
P007445,1978-02-08,Male,Married,Medicare,Midwest
P007446,2019-01-22,Male,Single,Medicare,Northeast
P007447,1984-12-30,Male,Single,Medicare,Northeast
P007448,1929-01-30,Male,Divorced,Commercial,West
P007449,1952-09-11,Male,Widowed,Self-Pay,South
P007450,1960-05-10,Female,Married,Medicare,South
P007451,1991-07-27,Male,Married,Medicare,West
P007452,1963-08-21,Male,Married,Commercial,South
P007453,1993-04-21,Male,Divorced,Medicare,South
P007454,1952-03-05,Female,Widowed,Medicare,West
P007455,1955-11-20,Female,Widowed,Commercial,South
P007456,1939-10-01,Female,Married,Medicaid,Northeast
P007457,2023-06-14,Male,Single,Commercial,South
P007458,1943-01-21,Female,Married,Commercial,Midwest
P007459,1987-04-18,Female,Married,Other,South
P007460,2004-03-31,Female,Single,Medicare,Midwest
P007461,2018-11-01,Male,Single,Self-Pay,South
P007462,2007-11-26,Male,Single,Commercial,South
P007463,1947-03-31,Female,Divorced,Medicare,South
P007464,1950-09-11,Male,Single,Medicaid,Midwest
P007465,2004-11-12,Female,Single,Medicare,Midwest
P007466,1955-05-17,Male,Single,Medicaid,West
P007467,1953-11-05,Male,Married,Self-Pay,Northeast
P007468,2004-07-29,Male,Single,Medicaid,South
P007469,1995-02-14,Female,Married,Medicare,Northeast
P007470,1940-08-10,Male,Married,Medicaid,West
P007471,1959-02-01,Female,Married,Medicaid,Northeast
P007472,1976-02-14,Male,Married,Medicaid,South
P007473,1975-12-25,Male,Single,Commercial,South
P007474,1941-05-01,Female,Widowed,Medicaid,South
P007475,1936-11-25,Male,Single,Medicare,West
P007476,1952-01-04,Female,Married,Medicare,South
P007477,1930-08-14,Male,Widowed,Medicare Advantage,Northeast
P007478,1990-09-18,Male,Single,Medicare,South
P007479,2000-05-29,Female,Single,Commercial,Midwest
P007480,1967-09-01,Male,Single,Medicare,Midwest
P007481,1958-01-29,Male,Married,Commercial,West
P007482,2017-10-31,Female,Single,Commercial,West
P007483,1938-02-16,Female,Widowed,Medicaid,Northeast
P007484,2006-11-07,Male,Single,Medicare,Northeast
P007485,1998-02-03,Male,Single,Commercial,West
P007486,1946-02-14,Male,Married,Self-Pay,South
P007487,1995-01-11,Female,Married,Medicaid,South
P007488,1975-02-17,Male,Divorced,Medicare Advantage,Northeast
P007489,1973-10-31,Male,Single,Medicare,Midwest
P007490,1968-06-15,Male,Divorced,Medicare,Northeast
P007491,1976-06-07,Male,Married,Commercial,Northeast
P007492,1990-01-23,Female,Married,Medicaid,South
P007493,1931-05-13,Female,Married,Medicare,Midwest
P007494,2009-10-14,Male,Single,Commercial,West
P007495,1989-09-25,Male,Married,Medicare,Midwest
P007496,1981-03-31,Male,Married,Medicare,Midwest
P007497,2022-04-20,Female,Single,Medicare,Midwest
P007498,1960-03-30,Female,Widowed,Medicaid,South
P007499,1977-09-18,Male,Single,Medicare Advantage,South
P007500,1944-02-19,Female,Married,Medicare,Midwest
P007501,1957-11-28,Male,Widowed,Commercial,West
P007502,1953-11-30,Female,Widowed,Medicare,Midwest
P007503,2026-01-23,Male,Single,Medicare Advantage,South
P007504,1975-07-04,Male,Single,Other,Midwest
P007505,1959-07-04,Male,Divorced,Commercial,Northeast
P007506,1957-10-19,Male,Married,Medicaid,West
P007507,2002-04-01,Male,Single,Medicare Advantage,West
P007508,1977-06-22,Female,Single,Commercial,West
P007509,2004-11-22,Male,Single,Commercial,South
P007510,1963-08-19,Male,Widowed,Medicare,West
P007511,1954-02-08,Male,Married,Medicaid,West
P007512,2005-01-23,Female,Single,Medicare,South
P007513,1972-01-10,Female,Divorced,Medicare Advantage,West
P007514,1966-02-21,Male,Married,Commercial,West
P007515,1994-06-08,Male,Single,Medicaid,South
P007516,1988-11-11,Male,Single,Medicare Advantage,Midwest
P007517,1941-02-21,Male,Widowed,Self-Pay,Northeast
P007518,1945-03-10,Female,Married,Medicare,West
P007519,1968-06-24,Female,Married,Medicare,Northeast
P007520,1960-07-09,Male,Divorced,Commercial,South
P007521,1947-06-27,Female,Divorced,Commercial,South
P007522,1994-04-03,Female,Married,Medicare,Northeast
P007523,1974-04-30,Male,Married,Medicaid,West
P007524,1962-09-06,Male,Divorced,Commercial,West
P007525,1952-01-03,Female,Divorced,Medicare Advantage,West
P007526,1954-05-09,Male,Divorced,Medicare Advantage,Midwest
P007527,2018-11-16,Female,Single,Medicare,West
P007528,1968-12-19,Female,Married,Commercial,Midwest
P007529,1973-05-15,Male,Married,Medicare,South
P007530,2009-12-18,Male,Single,Medicare,Northeast
P007531,1999-09-09,Female,Single,Other,South
P007532,1995-05-10,Female,Single,Medicaid,West
P007533,2019-05-14,Male,Single,Medicaid,South
P007534,1986-09-21,Female,Married,Medicare,Northeast
P007535,1961-02-11,Female,Divorced,Commercial,Northeast
P007536,1953-09-09,Female,Married,Medicare Advantage,Northeast
P007537,1987-06-25,Female,Married,Commercial,South
P007538,1978-04-01,Female,Married,Self-Pay,Northeast
P007539,1949-09-04,Female,Widowed,Commercial,Midwest
P007540,1964-01-15,Female,Married,Commercial,South
P007541,1983-03-26,Female,Married,Medicaid,Northeast
P007542,1965-10-02,Male,Divorced,Medicare Advantage,South
P007543,1992-08-30,Female,Divorced,Medicaid,West
P007544,2017-09-12,Male,Single,Commercial,West
P007545,1962-04-14,Male,Married,Medicare,South
P007546,1949-07-29,Female,Married,Medicare,Midwest
P007547,1954-03-28,Male,Widowed,Medicare,Midwest
P007548,1957-11-19,Male,Widowed,Medicare Advantage,Northeast
P007549,1984-10-12,Female,Single,Commercial,Midwest
P007550,1951-11-13,Male,Married,Commercial,Northeast
P007551,1950-02-24,Male,Married,Commercial,West
P007552,1937-12-03,Female,Widowed,Commercial,Midwest
P007553,1967-07-10,Female,Married,Commercial,Midwest
P007554,1949-08-01,Female,Widowed,Medicaid,Midwest
P007555,1974-05-30,Female,Divorced,Medicare,Northeast
P007556,1971-01-11,Female,Divorced,Medicaid,West
P007557,1989-02-03,Female,Divorced,Commercial,South
P007558,1968-12-15,Female,Married,Medicare,Midwest
P007559,1942-01-09,Male,Widowed,Medicare,Northeast
P007560,1963-01-02,Male,Married,Medicaid,South
P007561,1933-09-01,Male,Married,Commercial,Midwest
P007562,1947-07-19,Female,Married,Medicare,Midwest
P007563,1958-08-21,Male,Widowed,Self-Pay,South
P007564,1932-02-01,Female,Married,Commercial,South
P007565,1989-03-03,Male,Divorced,Medicaid,South
P007566,1938-06-02,Female,Widowed,Commercial,Northeast
P007567,1977-08-15,Male,Married,Commercial,West
P007568,1995-08-24,Female,Married,Medicaid,Midwest
P007569,1975-04-24,Female,Widowed,Other,South
P007570,2002-08-31,Female,Single,Medicaid,South
P007571,1982-02-08,Female,Married,Self-Pay,South
P007572,1958-11-26,Male,Married,Commercial,South
P007573,1960-06-29,Male,Married,Medicaid,South
P007574,1978-09-25,Female,Single,Other,Northeast
P007575,1971-12-07,Male,Divorced,Commercial,South
P007576,1977-07-18,Male,Married,Medicare Advantage,West
P007577,1975-10-21,Male,Widowed,Medicare,Midwest
P007578,1980-09-07,Female,Married,Commercial,South
P007579,1958-05-03,Female,Married,Medicare,West
P007580,2025-02-28,Male,Single,Self-Pay,Midwest
P007581,1976-02-03,Female,Married,Self-Pay,West
P007582,2011-09-12,Female,Single,Medicaid,South
P007583,1964-03-04,Male,Single,Medicare,South
P007584,1991-10-10,Male,Single,Medicare,West
P007585,2002-05-31,Male,Single,Commercial,West
P007586,2014-07-23,Female,Single,Medicare,Midwest
P007587,1944-04-21,Male,Widowed,Commercial,Midwest
P007588,1991-01-13,Male,Married,Medicaid,Midwest
P007589,1968-05-10,Male,Divorced,Commercial,South
P007590,2001-10-18,Male,Single,Medicare,Northeast
P007591,1954-06-14,Female,Married,Medicare,South
P007592,1977-12-19,Female,Married,Medicare,West
P007593,1971-02-26,Female,Married,Medicare Advantage,Northeast
P007594,1969-02-28,Male,Divorced,Medicare,West
P007595,1968-07-15,Male,Single,Medicare,Northeast
P007596,1972-06-06,Male,,Medicare,Northeast
P007597,1989-11-05,Female,Married,Medicare,Midwest
P007598,1959-03-17,Male,Married,Medicare Advantage,Northeast
P007599,1948-10-22,Female,Divorced,Medicare,Midwest
P007600,1986-06-18,Male,Married,Medicare,West
P007601,1953-08-04,Female,Widowed,Commercial,Midwest
P007602,1973-03-17,Female,Married,Commercial,South
P007603,1976-12-30,Male,Single,Medicare,Midwest
P007604,2001-09-19,Female,Single,Commercial,South
P007605,1967-08-01,Male,Married,Medicaid,South
P007606,1993-01-31,Female,Married,Commercial,South
P007607,1994-08-06,Male,Married,Commercial,West
P007608,1967-09-21,Female,Single,Self-Pay,Midwest
P007609,1968-11-12,Male,Married,Medicare,West
P007610,1974-04-19,Male,Divorced,Medicare,Midwest
P007611,1976-10-18,Male,Married,Commercial,South
P007612,1992-01-16,Female,Married,Medicare,South
P007613,1994-11-22,Female,Married,Medicaid,West
P007614,1942-01-18,Male,Widowed,Medicaid,South
P007615,1985-12-23,Male,Married,Medicare,Midwest
P007616,1967-06-02,Male,Married,Medicare Advantage,Northeast
P007617,1969-06-11,Male,Married,Commercial,Northeast
P007618,1957-06-20,Male,Widowed,Medicare,West
P007619,2001-03-01,Male,Single,Commercial,West
P007620,1964-02-28,Female,Married,Medicare,Midwest
P007621,1960-07-15,Male,Married,Medicare,West
P007622,2006-10-17,Male,Single,Commercial,Midwest
P007623,1940-04-09,Male,Widowed,Medicare,West
P007624,1998-10-10,Male,Single,Medicaid,Northeast
P007625,2004-02-08,Male,Single,Medicare,South
P007626,1980-04-20,Male,Married,Commercial,West
P007627,1973-07-30,Female,Married,Commercial,West
P007628,1997-11-11,Female,Single,Medicaid,Northeast
P007629,1984-11-15,Male,Single,Medicare,West
P007630,1930-04-11,Male,Divorced,Medicaid,South
P007631,1976-07-19,Male,Married,Medicaid,Northeast
P007632,1932-06-11,Male,Single,Medicare,Northeast
P007633,1948-04-18,Female,Divorced,Medicare Advantage,Midwest
P007634,1967-11-11,Female,Single,Medicare,Midwest
P007635,1942-11-20,Male,Married,Medicare Advantage,Northeast
P007636,1952-11-16,Female,Divorced,Commercial,Midwest
P007637,1986-09-14,Female,Married,Medicare,South
P007638,1963-07-18,Male,Married,Medicare,South
P007639,1967-11-15,Male,Divorced,Commercial,West
P007640,1955-03-16,Male,Married,Commercial,West
P007641,1987-06-26,Male,Married,Medicare,West
P007642,1974-09-12,Female,Divorced,Medicare,South
P007643,1956-01-11,Female,Widowed,Commercial,Midwest
P007644,1953-02-01,Female,Married,Commercial,South
P007645,1975-12-23,Female,Single,Medicaid,West
P007646,2001-12-26,Female,Single,Medicaid,South
P007647,1965-06-05,Male,Married,Commercial,South
P007648,2023-06-16,Female,Single,Medicare,South
P007649,1971-03-16,Male,Single,Medicaid,South
P007650,1955-01-02,Female,Divorced,Medicare,South
P007651,1954-01-08,Male,Married,Medicaid,Midwest
P007652,1978-01-06,Female,Married,Medicare Advantage,Northeast
P007653,2002-01-05,Female,Single,Self-Pay,Northeast
P007654,1970-12-02,Male,Married,Medicare,Northeast
P007655,1960-11-03,Female,Married,Medicare,West
P007656,1977-08-08,Female,Divorced,Commercial,
P007657,1930-07-15,Female,Widowed,Medicaid,Northeast
P007658,1974-09-17,Male,Divorced,Medicare,West
P007659,1975-01-18,Female,Married,Medicare,Northeast
P007660,1961-09-01,Male,Married,Medicare,South
P007661,1983-02-15,Female,Single,Medicaid,Midwest
P007662,1953-05-02,Female,Married,Medicare,Midwest
P007663,1962-12-10,Female,Single,Medicare Advantage,Midwest
P007664,1972-11-05,Female,Married,Medicare,Midwest
P007665,2014-09-22,Female,Single,Commercial,Midwest
P007666,2014-08-18,Female,Single,Commercial,West
P007667,1954-12-08,Male,Widowed,Commercial,West
P007668,1960-05-21,Male,Divorced,Medicaid,South
P007669,1998-04-05,Female,Single,Commercial,Northeast
P007670,1975-06-02,Female,Single,Medicare,Northeast
P007671,1955-03-21,Female,Married,Medicare Advantage,Northeast
P007672,2007-03-24,Female,Divorced,Medicare Advantage,West
P007673,2015-02-06,Male,Single,Commercial,South
P007674,1968-09-01,Female,Married,Medicaid,South
P007675,1969-06-06,Male,Married,Medicare,Midwest
P007676,1980-03-31,Male,Married,Medicaid,South
P007677,1943-09-16,Female,Widowed,Other,Northeast
P007678,1962-08-18,Male,Widowed,Commercial,Midwest
P007679,1959-12-21,Male,Married,Commercial,South
P007680,1970-01-06,Female,Divorced,Medicare,South
P007681,1997-09-15,Male,Married,Commercial,Northeast
P007682,1989-06-27,Male,Married,Commercial,South
P007683,1952-06-11,Female,Married,Medicare,Midwest
P007684,1953-09-05,Female,Divorced,Medicare Advantage,Midwest
P007685,2012-03-11,Male,Single,Medicare Advantage,Northeast
P007686,1996-09-08,Male,Married,Commercial,South
P007687,2010-07-18,Male,Single,Self-Pay,Midwest
P007688,1956-03-24,Male,Divorced,Medicare,Midwest
P007689,1957-11-05,Male,Single,Medicare,West
P007690,1960-06-10,Male,Divorced,Medicaid,West
P007691,1963-01-07,Female,Married,Commercial,South
P007692,1973-06-22,Other,Single,Medicaid,Midwest
P007693,1984-03-27,Female,Married,Commercial,South
P007694,1961-10-03,Male,Widowed,Self-Pay,Midwest
P007695,2009-06-29,Male,Single,Medicare Advantage,South
P007696,1947-10-10,Female,Married,Medicaid,West
P007697,2001-02-14,Male,Single,Medicare,Midwest
P007698,1933-05-26,Male,Married,Medicare,South
P007699,2003-08-27,Male,Single,Medicaid,West
P007700,1978-02-25,Male,Married,Self-Pay,Midwest
P007701,1945-06-07,Male,Widowed,Commercial,South
P007702,1979-08-30,Male,Married,Medicare,West
P007703,2016-04-26,Female,Single,Medicare,South
P007704,2011-12-31,Male,Single,Self-Pay,West
P007705,2004-11-15,Male,Single,Commercial,Midwest
P007706,1959-09-01,Female,Married,Commercial,Midwest
P007707,1938-10-11,Female,Married,Medicare,Midwest
P007708,1965-09-25,Female,Divorced,Medicare Advantage,Midwest
P007709,1985-04-11,Male,Married,Medicare,South
P007710,1966-11-26,Female,Single,Medicare,West
P007711,1974-03-24,Male,Married,Medicare Advantage,Midwest
P007712,2016-04-15,Male,Single,Medicare Advantage,South
P007713,1965-07-07,Male,Married,Commercial,West
P007714,1963-12-12,Male,Single,Commercial,Midwest
P007715,1980-11-18,Male,Married,Medicare,West
P007716,1936-01-30,Female,Married,Medicare,Northeast
P007717,1979-08-10,Male,Married,Medicaid,South
P007718,1954-04-20,Female,Married,Medicare Advantage,Midwest
P007719,1974-09-22,Female,Widowed,Medicare,South
P007720,1947-01-23,Female,Married,Commercial,South
P007721,1970-10-27,Female,Divorced,Medicare,South
P007722,2021-12-12,Male,Single,Medicaid,Midwest
P007723,1989-05-22,Female,Single,Commercial,Northeast
P007724,1979-06-27,Male,Single,Commercial,West
P007725,1985-12-22,Male,Married,Medicare Advantage,South
P007726,1974-03-06,Male,Married,Other,Northeast
P007727,1949-11-28,Female,Married,Medicaid,Midwest
P007728,2010-04-18,Male,Single,Self-Pay,Northeast
P007729,1979-03-30,Female,Married,Commercial,Midwest
P007730,1984-12-04,Male,Married,Medicare Advantage,South
P007731,1974-02-11,Male,Single,Commercial,Northeast
P007732,1986-07-23,Male,Married,Commercial,South
P007733,1950-07-28,Male,Married,Commercial,West
P007734,1995-03-27,Male,Married,Medicare,West
P007735,1963-12-17,Female,Married,Medicare,West
P007736,1977-05-01,Male,Divorced,Medicare,
P007737,1974-07-23,Female,Single,Medicaid,South
P007738,1957-08-28,Male,Married,Medicare Advantage,West
P007739,1989-07-08,Female,Divorced,Medicare Advantage,Northeast
P007740,1990-03-29,Male,Married,Medicare,West
P007741,2010-02-12,Female,Single,Medicare,
P007742,1978-10-12,Female,Single,Commercial,South
P007743,1951-02-28,Male,Widowed,Medicare Advantage,South
P007744,2025-06-24,Male,Single,Medicare,South
P007745,1974-11-04,Male,Widowed,Medicare,Northeast
P007746,2008-10-26,Female,Single,Commercial,South
P007747,1993-06-29,Male,Single,Commercial,Midwest
P007748,1995-01-13,Male,Single,Self-Pay,South
P007749,2015-03-23,Female,Single,Commercial,South
P007750,1978-01-15,Male,Divorced,Commercial,
P007751,1952-12-21,Female,Widowed,Medicare,South
P007752,1956-02-03,Male,Married,Medicaid,South
P007753,1950-05-31,Female,Divorced,Medicare Advantage,West
P007754,1996-02-01,Male,Single,Medicare,Northeast
P007755,2013-08-20,Male,Single,Medicare,South
P007756,1998-09-23,Male,Divorced,Commercial,Midwest
P007757,2006-08-26,Female,Single,Medicare,Midwest
P007758,1970-01-14,Female,Divorced,Medicare,West
P007759,1959-12-25,Female,Divorced,Commercial,South
P007760,1962-02-05,Male,Widowed,Medicare,Northeast
P007761,1973-02-06,Female,Married,Medicare,West
P007762,1961-03-16,Male,Married,Medicare,West
P007763,2009-01-07,Male,Single,Medicare Advantage,Northeast
P007764,1947-06-05,Male,Married,Medicaid,West
P007765,1946-02-04,Male,Married,Medicare Advantage,Midwest
P007766,2010-04-28,Female,Single,Medicare Advantage,Northeast
P007767,1973-04-02,Male,Divorced,Self-Pay,Northeast
P007768,1944-03-13,Male,Widowed,Commercial,South
P007769,2026-09-05,Male,Single,Medicaid,South
P007770,1979-08-22,Male,Married,Commercial,South
P007771,2001-04-07,Male,Single,Medicare,Midwest
P007772,1993-05-09,Male,Single,Medicaid,West
P007773,1971-03-29,Male,Married,Medicare,Midwest
P007774,1950-06-19,Male,Married,Medicare,South
P007775,1954-01-01,Male,Married,Medicaid,Midwest
P007776,2012-12-11,Male,Single,Medicaid,South
P007777,1973-05-09,Female,Married,Commercial,South
P007778,1968-08-18,Male,Single,Commercial,Midwest
P007779,1975-01-06,Male,Married,Medicaid,Northeast
P007780,1991-05-11,Male,Widowed,Medicare,South
P007781,2009-12-23,Female,Single,Medicaid,Midwest
P007782,1965-09-10,Female,Single,Medicare,Midwest
P007783,1957-05-03,Male,Single,Commercial,West
P007784,1952-02-28,Female,Widowed,Medicare,South
P007785,1940-03-23,Female,Divorced,Commercial,West
P007786,1975-11-30,Male,Married,Medicare Advantage,South
P007787,1963-06-30,Female,Married,Commercial,South
P007788,1957-12-08,Male,Married,Medicare Advantage,West
P007789,1943-04-08,Female,Widowed,Medicare Advantage,West
P007790,1987-03-10,Female,Married,Medicare,South
P007791,1993-12-03,Male,Married,Medicare Advantage,South
P007792,1957-10-16,Other,Married,Medicare Advantage,South
P007793,1984-07-11,Male,Divorced,Commercial,South
P007794,1988-09-23,Female,Married,Medicare Advantage,West
P007795,1933-07-09,Male,Married,Self-Pay,Midwest
P007796,1966-03-18,Female,Married,Medicare,Midwest
P007797,2009-02-07,Female,Single,Medicaid,South
P007798,2002-01-09,Male,Single,Medicare,Northeast
P007799,1980-08-17,Male,Married,Medicare,Midwest
P007800,2007-10-07,Male,Married,Medicare,Northeast
P007801,1932-01-31,Male,Single,Commercial,West
P007802,1943-01-24,Female,Married,Commercial,South
P007803,2004-10-27,Female,Single,Medicare,Midwest
P007804,1935-07-28,Male,Married,Self-Pay,West
P007805,1978-04-05,Female,Married,Medicare,West
P007806,1967-02-24,Female,Married,Commercial,West
P007807,1998-01-11,Female,Married,Medicare,Northeast
P007808,1971-11-17,Male,Married,Medicaid,South
P007809,2002-10-30,Female,Married,Commercial,West
P007810,1982-05-17,Female,Married,Medicaid,Midwest
P007811,1983-11-09,Female,Married,Commercial,Midwest
P007812,1973-01-06,Female,Single,Medicaid,Midwest
P007813,1949-05-01,Female,Divorced,Medicaid,Midwest
P007814,1960-11-20,Male,Married,Medicaid,Northeast
P007815,1960-03-10,Male,Divorced,Medicare,South
P007816,1992-02-20,Female,Married,Commercial,West
P007817,1969-11-20,Female,Married,Medicaid,South
P007818,1953-02-11,Female,Married,Commercial,Midwest
P007819,1955-03-06,Female,Married,Commercial,South
P007820,1934-01-29,Male,Widowed,Medicare,West
P007821,2024-07-13,Female,Single,Medicare,South
P007822,1987-10-06,Male,Single,Commercial,West
P007823,2009-06-21,Female,Single,Commercial,Midwest
P007824,1980-11-01,Male,Divorced,Medicare Advantage,South
P007825,1953-07-08,Female,Married,Medicare Advantage,Northeast
P007826,2023-03-10,Female,Single,Medicare,Midwest
P007827,1971-09-05,Female,Married,Commercial,West
P007828,2022-03-11,Male,Single,Medicare,Midwest
P007829,2003-09-23,Male,Single,Medicare,West
P007830,1965-08-26,Female,Single,Commercial,Midwest
P007831,1954-04-17,Female,Married,Medicaid,Midwest
P007832,1970-09-14,Female,Divorced,Medicare,South
P007833,1972-03-24,Female,Married,Medicare,Midwest
P007834,1966-03-03,Female,Married,Medicare,Midwest
P007835,2018-03-07,Male,Single,Medicare,West
P007836,1967-01-17,Female,Widowed,Medicare,Northeast
P007837,1988-12-19,Female,Single,Medicare Advantage,Midwest
P007838,1955-10-21,Male,Widowed,Medicare,West
P007839,1975-04-14,Male,Married,Commercial,Midwest
P007840,1962-11-05,Female,Divorced,Medicare,Northeast
P007841,1995-11-08,Male,Single,Self-Pay,Midwest
P007842,1986-09-27,Female,Married,Medicare,Northeast
P007843,1980-12-12,Female,Divorced,Self-Pay,Northeast
P007844,1988-08-07,Male,Single,Commercial,Midwest
P007845,1960-05-17,Female,Married,Medicaid,South
P007846,1948-07-18,Female,Married,Commercial,West
P007847,1994-08-12,Male,Married,Medicare,South
P007848,1955-09-10,Female,Single,Medicare,South
P007849,1980-04-08,Female,Single,Medicare,Midwest
P007850,1940-12-23,Female,Married,Medicare,Northeast
P007851,1961-10-05,Female,Widowed,Medicare,South
P007852,1962-08-17,Male,Divorced,Medicaid,South
P007853,1962-10-10,Male,Divorced,Commercial,Northeast
P007854,1954-04-13,Male,Single,Self-Pay,South
P007855,1973-12-06,Female,Divorced,Medicare,Midwest
P007856,2000-07-03,Female,Single,Other,Midwest
P007857,1966-09-02,Male,Married,Commercial,Midwest
P007858,1947-04-02,Male,Divorced,Medicaid,Northeast
P007859,1987-09-24,Female,Single,Commercial,West
P007860,2001-03-25,Female,Single,Self-Pay,South
P007861,1961-01-31,Male,Married,Commercial,South
P007862,1986-06-26,Female,Divorced,Commercial,West
P007863,1965-02-16,Female,Married,Commercial,South
P007864,1992-12-27,Female,Single,Medicare,South
P007865,2025-11-20,Male,Single,Medicaid,Midwest
P007866,1990-06-14,Male,Widowed,Commercial,West
P007867,1969-03-13,Female,Single,Commercial,South
P007868,1967-01-04,Female,Married,Medicare,Northeast
P007869,1988-09-11,Female,Married,Medicare,West
P007870,1967-01-13,Male,Single,Medicare Advantage,Northeast
P007871,2008-03-08,Female,Married,Commercial,Northeast
P007872,1941-12-09,Male,Divorced,Other,South
P007873,1990-09-15,Female,Divorced,Medicare,
P007874,1992-11-19,Female,Single,Other,South
P007875,1956-10-12,Male,Married,Medicare Advantage,South
P007876,1970-11-19,Female,Married,Other,South
P007877,1965-11-21,Female,Married,Medicare Advantage,South
P007878,1999-06-06,Female,Single,Self-Pay,Midwest
P007879,2002-01-24,Male,Married,Commercial,Northeast
P007880,1964-03-28,Male,Married,Commercial,South
P007881,1984-05-22,Female,Divorced,Medicare,West
P007882,1956-05-13,Female,Married,Commercial,West
P007883,2006-02-06,Male,Single,Commercial,West
P007884,1930-06-29,Male,Widowed,Commercial,West
P007885,1994-07-16,Female,Single,Medicaid,West
P007886,1997-02-06,Female,Single,Commercial,South
P007887,1951-07-05,Female,Married,Medicare,South
P007888,2006-03-23,Female,Single,Medicare,South
P007889,2023-04-03,Male,Single,Commercial,South
P007890,1985-07-11,Male,Married,Medicare,West
P007891,2002-02-04,Female,Single,Medicaid,Midwest
P007892,1984-07-09,Male,Divorced,Medicare,Midwest
P007893,1934-11-22,Male,Widowed,Medicare,South
P007894,1989-04-21,Female,Single,Medicare Advantage,South
P007895,1941-12-12,Female,Widowed,Self-Pay,West
P007896,1989-12-28,Male,Single,Medicare,Midwest
P007897,1953-06-20,Female,Divorced,Medicare,South
P007898,1964-12-06,Male,Divorced,Medicare,Northeast
P007899,1948-12-20,Female,Married,Commercial,Northeast
P007900,1967-06-18,Male,Single,Medicaid,Midwest
P007901,1960-09-22,Male,Divorced,Medicare,West
P007902,1942-09-06,Female,Single,Medicare Advantage,South
P007903,1961-08-09,Female,Single,Medicare Advantage,South
P007904,1989-04-14,Male,Single,Other,West
P007905,1968-01-31,Female,Married,Medicare Advantage,West
P007906,1950-01-10,Female,Single,Medicaid,South
P007907,1966-02-11,Female,Widowed,Medicaid,West
P007908,1972-09-18,Male,Married,Commercial,Midwest
P007909,1969-08-20,Female,Married,Medicaid,South
P007910,1991-04-09,Female,Married,Medicaid,Midwest
P007911,1934-11-10,Male,Married,Medicaid,South
P007912,2018-08-26,Female,Single,Medicare,South
P007913,1990-03-28,Male,Single,Medicare Advantage,West
P007914,1969-01-23,Female,Married,Medicare,Midwest
P007915,1944-01-02,Male,Widowed,Medicare Advantage,West
P007916,1977-03-19,Female,Married,Self-Pay,West
P007917,1995-03-02,Male,Married,Medicaid,South
P007918,1994-08-13,Male,Married,Medicaid,Northeast
P007919,1987-07-06,Male,Single,Commercial,West
P007920,1987-05-11,Female,Single,Medicaid,South
P007921,1965-01-03,Male,Married,Commercial,Northeast
P007922,1994-05-23,Male,Married,Medicaid,South
P007923,2006-08-08,Male,Single,Medicare Advantage,Midwest
P007924,1976-05-17,Male,Married,Commercial,Northeast
P007925,1968-04-19,Male,Married,Commercial,West
P007926,1946-09-01,Female,Widowed,Medicare,South
P007927,1988-05-25,Female,Married,Medicare,West
P007928,2004-01-12,Male,Married,Other,South
P007929,1961-06-24,Male,Married,Medicaid,Midwest
P007930,1953-02-25,Male,Married,Commercial,Northeast
P007931,2000-01-16,Male,Single,Medicare,West
P007932,1962-06-19,Male,Divorced,Medicare,Northeast
P007933,1961-11-23,Female,Married,Medicare Advantage,South
P007934,1968-10-31,Male,Married,Medicare,South
P007935,1980-05-12,Male,Married,Medicare,Midwest
P007936,1987-06-21,Female,Single,Commercial,West
P007937,1947-05-30,Female,Married,Commercial,West
P007938,1947-07-28,Female,Married,Medicare,Northeast
P007939,2013-02-21,Female,Single,Medicaid,South
P007940,1943-12-20,Female,Married,Commercial,Northeast
P007941,1962-11-09,Male,Married,Medicaid,Midwest
P007942,1986-04-03,Male,Single,Medicare,Midwest
P007943,1979-10-30,Female,Married,Medicare,Midwest
P007944,1937-12-07,Female,Married,Commercial,South
P007945,1996-12-28,Male,Widowed,Medicare,Midwest
P007946,1964-09-08,Male,Married,Medicare,West
P007947,2024-05-16,Female,Single,Medicare,South
P007948,1934-02-07,Male,Divorced,Medicare,South
P007949,1989-05-11,Female,Married,Medicare,Midwest
P007950,1975-08-12,Male,Divorced,Medicare Advantage,South
P007951,2025-09-23,Male,Single,Medicare Advantage,Midwest
P007952,1963-05-16,Female,Divorced,Commercial,South
P007953,1952-03-06,Male,Divorced,Medicare,South
P007954,2017-01-15,Female,Single,Commercial,West
P007955,1963-05-15,Female,Divorced,Medicare,Midwest
P007956,1949-08-08,Female,Married,Self-Pay,Midwest
P007957,1961-03-13,Male,Married,Medicare,Midwest
P007958,1934-11-14,Female,Divorced,Commercial,West
P007959,1984-09-10,Female,Divorced,Self-Pay,West
P007960,1957-12-26,Female,Widowed,Commercial,South
P007961,1957-04-19,Female,Married,Medicaid,Northeast
P007962,1949-04-13,Male,Widowed,Medicare Advantage,Midwest
P007963,1959-06-06,Female,Married,Medicare,Midwest
P007964,1982-01-28,Female,Divorced,Commercial,South
P007965,1997-05-30,Female,Single,Medicare,South
P007966,1930-06-30,Female,Single,Commercial,South
P007967,1968-05-10,Female,Single,Commercial,South
P007968,1936-12-02,Male,Widowed,Medicare,Midwest
P007969,1987-05-21,Female,Single,Medicaid,South
P007970,1942-12-07,Male,Widowed,Medicare,Midwest
P007971,1943-12-24,Male,Married,Commercial,West
P007972,1961-10-20,Male,Married,Self-Pay,Northeast
P007973,1995-06-15,Male,Single,Medicare,West
P007974,2011-04-15,Female,Single,Medicare,Midwest
P007975,1958-07-23,Female,Divorced,Medicare,West
P007976,1969-02-06,Male,Divorced,Medicare,Midwest
P007977,1963-02-20,Male,Married,Medicare Advantage,West
P007978,1973-03-01,Female,Single,Medicare,Northeast
P007979,1999-01-22,Male,Single,Commercial,South
P007980,1939-04-12,Male,Widowed,Medicare,Midwest
P007981,1950-06-08,Female,Divorced,Medicaid,Midwest
P007982,2005-12-22,Male,Single,Other,Northeast
P007983,1977-01-08,Male,Single,Medicare,West
P007984,1950-01-05,Female,Married,Other,Midwest
P007985,1993-04-23,Male,Married,Commercial,Northeast
P007986,1962-12-17,Female,Married,Medicare,West
P007987,1981-02-02,Male,Married,Commercial,South
P007988,1970-07-08,Male,Married,Medicare,Midwest
P007989,1994-02-15,Female,Married,Medicare Advantage,South
P007990,1975-01-03,Female,Married,Medicare,South
P007991,1973-12-16,Male,Married,Medicare,West
P007992,1984-02-20,Male,Married,Medicare,South
P007993,1991-05-07,Female,Married,Commercial,Midwest
P007994,2006-02-12,Female,Single,Medicare Advantage,Midwest
P007995,1947-10-19,Female,Married,Medicare Advantage,West
P007996,1959-06-29,Male,Divorced,Commercial,South
P007997,2025-10-12,Male,Single,Medicare,South
P007998,1933-10-05,Female,Widowed,Medicare,South
P007999,2003-05-26,Male,Single,Medicare,Midwest
P008000,1972-10-30,Female,Divorced,Medicaid,South
P008001,1955-07-20,Male,Divorced,Medicare Advantage,Midwest
P008002,2005-10-27,Female,Single,Self-Pay,South
P008003,1970-07-04,Female,Divorced,Medicaid,West
P008004,1950-09-16,Male,Married,Commercial,South
P008005,1946-09-22,Female,Married,Medicaid,South
P008006,1976-09-23,Male,Single,Medicare Advantage,South
P008007,1956-11-20,Female,Widowed,Medicaid,Midwest
P008008,1998-12-14,Female,Single,Medicare,Northeast
P008009,1937-03-01,Male,Widowed,Commercial,South
P008010,1943-02-26,Female,Widowed,Medicare,South
P008011,1952-12-18,Female,Widowed,Medicaid,West
P008012,1968-05-15,Female,Married,Commercial,Northeast
P008013,1961-03-01,Female,Married,Medicaid,South
P008014,1976-08-15,Male,Married,Self-Pay,South
P008015,1990-08-29,Female,Single,Commercial,South
P008016,1975-07-05,Female,Divorced,Medicaid,Midwest
P008017,2000-09-20,Female,Single,Medicare,West
P008018,1966-02-12,Male,Widowed,Medicare Advantage,West
P008019,1964-07-10,Female,Married,Medicare,Midwest
P008020,1997-10-18,Male,Married,Medicaid,West
P008021,1956-03-27,Male,Single,Commercial,South
P008022,1981-07-01,Male,Single,Medicare,Midwest
P008023,2006-05-31,Male,Married,Commercial,West
P008024,1948-04-05,Male,Married,Medicaid,West
P008025,1972-12-12,Male,Married,Medicare,Northeast
P008026,1959-01-27,Female,Widowed,Medicare,Northeast
P008027,1955-08-09,Female,Widowed,Commercial,Midwest
P008028,1985-02-06,Male,Married,Medicaid,South
P008029,1982-04-16,Female,Married,Medicare Advantage,Northeast
P008030,1996-09-21,Female,Married,Medicaid,Northeast
P008031,1974-06-20,Male,Married,Medicare,West
P008032,1943-06-19,Male,Widowed,Medicare,South
P008033,1989-03-22,Female,Single,Medicare Advantage,Northeast
P008034,1990-10-15,Male,Married,Commercial,West
P008035,1956-09-01,Female,Divorced,Commercial,South
P008036,1971-01-11,Male,Married,Medicare,Midwest
P008037,1993-11-24,Female,Divorced,Medicare,West
P008038,1997-11-17,Female,Single,Medicare Advantage,Midwest
P008039,1994-01-28,Female,Divorced,Commercial,Northeast
P008040,1938-04-08,Female,Married,Medicaid,South
P008041,1949-06-30,Male,Widowed,Medicare,South
P008042,1979-10-09,Male,Married,Medicare,West
P008043,2019-07-16,Female,Single,Commercial,South
P008044,1975-01-06,Female,Single,Self-Pay,South
P008045,1990-02-18,Female,Single,Medicare,South
P008046,1950-12-04,Female,Single,Medicare,South
P008047,1992-06-13,Female,Married,Commercial,South
P008048,1985-03-22,Female,Single,Medicaid,Northeast
P008049,1987-03-12,Female,Married,Commercial,Northeast
P008050,1980-06-16,Male,Single,Medicare,Midwest
P008051,1932-07-27,Female,Widowed,Self-Pay,West
P008052,1978-09-19,Male,Married,Medicare,Northeast
P008053,2005-09-09,Male,Single,Commercial,Midwest
P008054,1938-05-12,Male,Widowed,Other,West
P008055,1975-11-30,Male,Divorced,Medicare,South
P008056,1982-03-28,Male,Divorced,Medicare,South
P008057,1998-06-18,Male,Married,Medicare,West
P008058,1976-02-09,Female,Widowed,Commercial,West
P008059,2024-12-21,Male,Single,Medicare,South
P008060,2006-08-24,Female,Single,Medicaid,Midwest
P008061,1998-12-11,Female,Divorced,Commercial,Northeast
P008062,1943-02-08,Male,Married,Medicare,South
P008063,1949-07-25,Female,Married,Medicaid,
P008064,1986-06-03,Male,Single,Medicare,West
P008065,2008-11-24,Female,Single,Medicaid,Northeast
P008066,1994-03-23,Female,Married,Commercial,West
P008067,1965-02-10,Male,Married,Medicare,Midwest
P008068,1965-09-10,Female,Widowed,Commercial,West
P008069,1952-05-01,Female,Married,Commercial,Midwest
P008070,1947-12-20,Male,Married,Medicaid,West
P008071,1939-06-19,Male,Married,Medicare,South
P008072,2016-01-21,Male,Single,Commercial,West
P008073,1977-03-10,Female,Married,Commercial,South
P008074,1944-09-25,Male,Widowed,Medicare,South
P008075,2014-06-15,Male,Single,Medicaid,West
P008076,1932-05-08,Female,Divorced,Medicare,South
P008077,1969-05-08,Female,Married,Commercial,Midwest
P008078,2011-04-01,Male,Single,Commercial,West
P008079,1948-04-17,Male,Married,Commercial,Northeast
P008080,1977-04-03,Male,Married,Medicaid,Midwest
P008081,1954-05-16,Female,Divorced,Commercial,Northeast
P008082,1997-05-29,Female,Single,Medicare,South
P008083,1952-09-16,Male,Widowed,Commercial,West
P008084,2024-04-06,Male,Single,Self-Pay,Midwest
P008085,2016-06-02,Male,Single,Commercial,Midwest
P008086,1997-05-26,Female,Single,Medicare,Northeast
P008087,1948-02-19,Female,Divorced,Medicare,South
P008088,1954-02-18,Female,Married,Medicare,Midwest
P008089,2011-03-06,Female,Single,Medicaid,Northeast
P008090,1950-01-11,Female,Divorced,Medicaid,South
P008091,1970-10-31,Male,Married,Medicaid,South
P008092,2011-09-14,Male,Single,Commercial,South
P008093,2004-09-01,Female,Married,Medicare,South
P008094,1969-03-19,Female,Divorced,Commercial,West
P008095,1938-11-14,Female,Widowed,Medicare Advantage,South
P008096,1943-01-19,Female,Widowed,Commercial,South
P008097,1964-12-19,Female,Divorced,Medicare,West
P008098,1975-08-14,Female,Single,Commercial,West
P008099,2022-08-29,Female,Single,Commercial,South
P008100,1949-03-13,Male,Married,Other,West
P008101,1970-08-25,Female,Married,Medicare,South
P008102,1949-04-17,Female,Widowed,Medicare Advantage,Midwest
P008103,1987-03-15,Male,Single,Medicaid,Midwest
P008104,1980-01-04,Female,Married,Medicaid,Northeast
P008105,1958-01-02,Female,Widowed,Commercial,Northeast
P008106,2023-09-17,Male,Single,Medicaid,Northeast
P008107,1965-10-21,Male,Married,Commercial,Midwest
P008108,1989-07-02,Female,Married,Medicare,Northeast
P008109,1991-08-26,Female,Single,Medicaid,Midwest
P008110,1987-12-05,Male,Divorced,Medicaid,West
P008111,1944-06-08,Female,Married,Medicare Advantage,Northeast
P008112,1949-04-19,Male,Married,Medicare,Northeast
P008113,1951-09-16,Male,Married,Commercial,West
P008114,1968-07-07,Female,Married,Medicaid,South
P008115,1990-10-09,Male,Married,Medicare,Northeast
P008116,1935-01-04,Female,Widowed,Commercial,South
P008117,2001-10-31,Female,Single,Medicare Advantage,Midwest
P008118,2003-06-15,Female,Single,Medicare Advantage,South
P008119,1998-05-13,Female,Single,Medicare,Midwest
P008120,1985-02-25,Female,Single,Medicaid,West
P008121,1990-02-25,Female,Married,Medicaid,South
P008122,1932-12-18,Male,Married,Commercial,South
P008123,1997-03-19,Female,Single,Medicare,Northeast
P008124,1940-09-16,Female,Married,Commercial,West
P008125,1963-04-07,Male,Married,Medicaid,Northeast
P008126,1963-01-11,Female,Married,Medicare Advantage,West
P008127,1970-10-07,Female,Divorced,Medicare,South
P008128,1961-04-02,Male,Married,Medicare,West
P008129,1970-09-06,Male,Single,Medicare Advantage,South
P008130,1984-04-01,Female,Divorced,Commercial,Midwest
P008131,1961-05-20,Female,Divorced,Medicare,South
P008132,1993-03-16,Male,Single,Medicare Advantage,West
P008133,2003-10-11,Male,Single,Medicare,Midwest
P008134,1964-07-24,Female,Married,Medicaid,South
P008135,1970-08-02,Male,Single,Medicaid,Northeast
P008136,1999-06-24,Male,Single,Medicare,South
P008137,1958-08-02,Female,Single,Medicare,South
P008138,1959-07-03,Male,Divorced,Medicare Advantage,Midwest
P008139,1936-12-03,Female,Widowed,Commercial,South
P008140,2014-03-04,Female,Single,Medicare,Northeast
P008141,2008-03-26,Male,Single,Medicare Advantage,Midwest
P008142,1975-06-29,Male,Divorced,Medicare Advantage,Northeast
P008143,1963-01-12,Male,Single,Medicare,Midwest
P008144,1952-09-30,Male,Divorced,Medicaid,Midwest
P008145,1968-06-14,Female,Widowed,Medicare,Midwest
P008146,1987-11-03,Male,Married,Medicare,Northeast
P008147,1973-04-24,Female,Divorced,Self-Pay,South
P008148,1971-08-13,Male,Widowed,Medicare,Midwest
P008149,1965-01-28,Female,Married,Medicare,Northeast
P008150,1958-04-10,Male,Widowed,Self-Pay,Midwest
P008151,2005-03-10,Male,Married,Commercial,Midwest
P008152,1959-05-01,Male,Widowed,Medicare,Northeast
P008153,1961-06-19,Male,Married,Medicare Advantage,West
P008154,2003-02-12,Female,Married,Medicaid,West
P008155,1970-08-31,Female,Widowed,Commercial,South
P008156,1987-01-10,Male,Married,Medicare,South
P008157,1969-07-24,Female,Married,Medicare,Northeast
P008158,2011-05-12,Female,Single,Self-Pay,West
P008159,1958-02-10,Male,Widowed,Self-Pay,West
P008160,1949-10-30,Female,Divorced,Medicare,South
P008161,1965-05-19,Female,Married,Commercial,South
P008162,1952-11-22,Male,Married,Medicare,West
P008163,1993-06-20,Female,Married,Medicare,South
P008164,1999-11-01,Male,Single,Medicare,South
P008165,1969-03-07,Female,Married,Commercial,South
P008166,1955-05-19,Male,Married,Medicaid,West
P008167,1966-08-20,Male,Single,Self-Pay,Midwest
P008168,1955-02-12,Female,Married,Medicare,Northeast
P008169,1947-07-24,Female,Married,Medicare Advantage,South
P008170,1986-01-20,Male,Single,Medicare,Northeast
P008171,1930-08-24,Female,Married,Medicare,South
P008172,1980-12-17,Female,Married,Medicare,South
P008173,1968-07-17,Male,Divorced,Medicare,West
P008174,1968-10-17,Female,Married,Medicaid,South
P008175,2007-12-04,Male,Married,Commercial,West
P008176,1953-01-07,Female,Married,Medicaid,Midwest
P008177,2020-11-08,Female,Single,Medicaid,South
P008178,1956-09-03,Female,Divorced,Medicare,Midwest
P008179,2003-11-26,Male,Single,Medicare,Midwest
P008180,1967-09-14,Male,Divorced,Medicare Advantage,West
P008181,1935-09-03,Female,Widowed,Medicare,Northeast
P008182,1957-04-24,Male,Married,Medicare Advantage,Northeast
P008183,1999-12-13,Female,Single,Commercial,West
P008184,1948-12-03,Female,Married,Medicare,South
P008185,2013-06-12,Female,Single,Commercial,West
P008186,1993-02-25,Female,Single,Medicare,South
P008187,1949-06-18,Female,Married,Medicare,Midwest
P008188,1973-11-25,Male,Divorced,Medicaid,Midwest
P008189,1954-01-31,Female,Married,Medicare,South
P008190,1942-10-14,Male,Divorced,Commercial,Midwest
P008191,1974-01-20,Male,Single,Medicaid,Northeast
P008192,1957-04-23,Female,Married,Commercial,Northeast
P008193,1978-01-29,Female,Single,Commercial,Midwest
P008194,1954-02-20,Female,Married,Medicare,West
P008195,1999-04-25,Male,Single,Medicare Advantage,South
P008196,2026-05-06,Female,Single,Medicare Advantage,Northeast
P008197,1943-10-19,Male,Widowed,Medicaid,West
P008198,1930-05-25,Male,Married,Commercial,Midwest
P008199,2018-07-20,Male,,Medicare,South
P008200,1962-04-25,Male,Married,Self-Pay,Northeast
P008201,1972-12-04,Male,Divorced,Medicaid,West
P008202,1963-12-31,Male,Single,Medicaid,South
P008203,1954-09-06,Female,Divorced,Medicare,Northeast
P008204,1948-02-25,Female,Married,Medicare Advantage,Midwest
P008205,1984-02-10,Male,Divorced,Medicare,West
P008206,1930-01-15,Female,Married,Medicaid,Midwest
P008207,1966-11-12,Male,Married,Medicaid,South
P008208,1959-11-09,Female,Divorced,Commercial,South
P008209,2015-06-29,Female,Single,Medicaid,South
P008210,2012-02-06,Male,Single,Medicare,West
P008211,1936-12-27,Female,Widowed,Medicare,Midwest
P008212,2002-11-29,Male,Single,Medicare,South
P008213,2020-07-21,Male,Single,Medicare Advantage,South
P008214,1933-10-22,Female,Widowed,Self-Pay,Northeast
P008215,1948-10-05,Male,Married,Medicare,Midwest
P008216,1954-09-24,Male,Married,Medicare,Northeast
P008217,1981-03-26,Female,Married,Commercial,South
P008218,2025-06-20,Male,Single,Medicaid,South
P008219,1953-05-25,Male,Divorced,Other,Midwest
P008220,1978-12-13,Female,Single,Commercial,South
P008221,1974-05-05,Female,Married,Self-Pay,Midwest
P008222,1988-11-09,Male,Married,Commercial,South
P008223,2005-12-31,Female,Single,Medicaid,Northeast
P008224,1996-05-12,Female,Single,Commercial,West
P008225,2008-08-11,Female,Single,Commercial,Midwest
P008226,1968-12-23,Female,Single,Commercial,Midwest
P008227,1936-12-26,Male,Married,Commercial,West
P008228,1951-05-24,Female,Married,Medicare,South
P008229,1975-08-20,Male,Divorced,Commercial,Midwest
P008230,1987-04-05,Male,Married,Medicare,South
P008231,1946-06-01,Female,Widowed,Self-Pay,West
P008232,1955-01-02,Male,Married,Commercial,Midwest
P008233,2016-09-29,Male,Single,Commercial,Midwest
P008234,1958-09-17,Male,Widowed,Medicare,West
P008235,1952-06-27,Female,Married,Medicare,West
P008236,1956-03-22,Female,Widowed,Medicare,Northeast
P008237,1977-07-19,Female,Single,Medicaid,West
P008238,1937-04-14,Female,Married,Medicare Advantage,Northeast
P008239,1960-12-07,Male,Married,Commercial,West
P008240,1987-05-16,Male,Widowed,Other,West
P008241,1989-12-14,Male,Married,Commercial,Northeast
P008242,1957-12-03,Female,Widowed,Medicare Advantage,West
P008243,1980-06-10,Male,Single,Commercial,Northeast
P008244,1985-02-28,Female,Married,Medicare,South
P008245,1970-11-12,Male,Married,Medicare,West
P008246,1938-05-26,Female,Widowed,Commercial,Northeast
P008247,2013-09-27,Female,Single,Commercial,South
P008248,1965-02-05,Female,Married,Medicare,South
P008249,1943-08-29,Male,Widowed,Self-Pay,South
P008250,2019-06-21,Female,Single,Medicare,South
P008251,1959-12-11,Male,Married,Medicaid,Midwest
P008252,1953-11-18,Male,Married,Medicare,West
P008253,1962-07-12,Female,Divorced,Commercial,West
P008254,1936-01-14,Female,Widowed,Commercial,West
P008255,1958-07-27,Female,Widowed,Commercial,West
P008256,1994-07-29,Female,Married,Self-Pay,West
P008257,2006-12-15,Male,Single,Medicare,South
P008258,1949-12-08,Female,Single,Commercial,South
P008259,1994-06-30,Male,Married,Medicaid,West
P008260,1991-03-22,Female,Divorced,Self-Pay,South
P008261,1956-06-22,Male,Married,Medicare,South
P008262,2012-10-02,Male,Single,Medicare,Northeast
P008263,1951-01-14,Male,Married,Medicare Advantage,Midwest
P008264,1975-04-15,Male,Single,Medicaid,South
P008265,1965-06-29,Female,Married,Commercial,South
P008266,1951-09-30,Male,Married,Medicare,South
P008267,1984-12-19,Female,Married,Other,South
P008268,1982-02-02,Female,Married,Medicare,West
P008269,1962-09-28,Female,Single,Commercial,South
P008270,1998-02-20,Male,Single,Medicare,Midwest
P008271,1958-07-23,Female,Married,Medicare,Midwest
P008272,1981-05-29,Male,Divorced,Medicaid,South
P008273,1980-05-14,Other,Married,Medicaid,South
P008274,1979-01-28,Female,Married,Medicaid,Midwest
P008275,1953-08-23,Male,Divorced,Medicare,South
P008276,1950-06-22,Male,Divorced,Commercial,South
P008277,2012-11-29,Female,Single,Medicare,South
P008278,1985-05-22,Male,Married,Medicaid,South
P008279,1955-08-06,Female,Married,Medicare,Midwest
P008280,1933-08-13,Male,Widowed,Commercial,West
P008281,2001-07-22,Male,Single,Medicare,South
P008282,1965-02-28,Female,Married,Medicare,South
P008283,1995-11-09,Female,Single,Medicaid,Midwest
P008284,2002-07-09,Male,Single,Medicare,West
P008285,1930-11-12,Female,Divorced,Medicare,South
P008286,1988-03-09,Male,Single,Medicaid,South
P008287,1995-12-19,Female,Married,Medicaid,West
P008288,2014-09-02,Female,Single,Medicaid,South
P008289,1982-08-27,Female,Widowed,Medicare,West
P008290,1972-07-05,Male,Married,Self-Pay,West
P008291,1947-11-29,Male,Single,Commercial,Midwest
P008292,1960-12-22,Male,Married,Medicare Advantage,South
P008293,2008-07-23,Female,Single,Commercial,Midwest
P008294,1943-11-01,Male,Widowed,Medicare,Northeast
P008295,1989-07-24,Female,Married,Medicaid,Midwest
P008296,2021-10-11,Female,Single,Other,Northeast
P008297,2013-10-27,Female,Single,Medicare Advantage,West
P008298,1950-09-11,Male,Widowed,Commercial,Midwest
P008299,1956-07-12,Male,Divorced,Other,South
P008300,1967-01-28,Male,Single,Medicaid,Midwest
P008301,1931-05-29,Male,Widowed,Medicare Advantage,Midwest
P008302,1983-07-10,Male,Married,Medicare,Midwest
P008303,1985-03-25,Male,Divorced,Commercial,South
P008304,1974-01-25,Male,Married,Medicare,South
P008305,1978-10-30,Male,Married,Medicare,South
P008306,2022-01-26,Male,Single,Medicare,South
P008307,1980-10-20,Female,Divorced,Medicaid,South
P008308,1953-01-05,Male,Married,Medicare Advantage,South
P008309,2010-11-05,Male,Single,Medicaid,Midwest
P008310,1947-11-20,Female,Married,Medicaid,West
P008311,1935-07-30,Female,Single,Commercial,West
P008312,1933-09-15,Female,Widowed,Medicaid,West
P008313,1964-06-25,Male,Married,Medicare Advantage,Midwest
P008314,2002-09-21,Female,Single,Medicare,Northeast
P008315,1971-10-20,Female,Single,Medicaid,South
P008316,1955-07-19,Male,Married,Commercial,South
P008317,1982-02-12,Female,Single,Medicaid,Northeast
P008318,1967-06-09,Male,Single,Medicaid,South
P008319,1988-07-29,Male,Divorced,Medicare Advantage,South
P008320,2015-10-05,Male,Single,Medicare,Midwest
P008321,1969-07-20,Female,Single,Medicare,West
P008322,1943-11-23,Male,Divorced,Medicare,Midwest
P008323,1986-11-09,Male,Divorced,Commercial,West
P008324,1959-02-03,Male,Married,Commercial,Midwest
P008325,1959-09-19,Female,Married,Medicare,Northeast
P008326,1989-04-26,Male,Married,Commercial,Midwest
P008327,1993-03-07,Female,Divorced,Medicaid,South
P008328,1943-08-07,Female,Widowed,Commercial,West
P008329,1954-09-15,Female,Widowed,Medicare,South
P008330,1963-07-16,Female,Married,Medicaid,South
P008331,2014-11-30,Male,Single,Commercial,South
P008332,1960-09-22,Male,Married,Medicare,Northeast
P008333,1948-01-19,Male,Single,Commercial,South
P008334,1962-06-20,Male,Married,Medicare Advantage,South
P008335,1981-07-11,Male,Married,Medicare,West
P008336,1948-03-22,Male,Married,Medicare,South
P008337,1940-07-17,Male,Married,Medicaid,South
P008338,1954-10-14,Male,Married,Medicare,Midwest
P008339,1948-12-10,Female,Divorced,Medicare,West
P008340,1957-04-15,Female,Married,Medicare,Midwest
P008341,2022-06-08,Female,Single,Commercial,Northeast
P008342,1945-03-13,Male,Married,Medicare,South
P008343,1943-09-01,Male,Married,Commercial,West
P008344,1983-10-16,Male,Married,Medicare,Northeast
P008345,1980-01-15,Female,Widowed,Commercial,Midwest
P008346,1978-03-19,Male,Single,Medicare,
P008347,1996-05-09,Female,Married,Commercial,West
P008348,1944-08-02,Male,Widowed,Medicare,West
P008349,1932-01-28,Male,Single,Commercial,Northeast
P008350,1951-07-06,Female,Married,Other,Midwest
P008351,1965-06-25,Male,Married,Commercial,Midwest
P008352,2022-11-28,Male,Single,Medicare Advantage,South
P008353,1934-11-13,Female,Widowed,Medicare,South
P008354,1967-06-18,Male,Married,Commercial,Northeast
P008355,1952-03-12,Female,Single,Medicare,South
P008356,1974-09-02,Female,Divorced,Medicare Advantage,West
P008357,1961-01-10,Female,Divorced,Commercial,West
P008358,1960-12-01,Female,Married,Commercial,Midwest
P008359,1957-01-03,Male,Widowed,Self-Pay,West
P008360,1936-04-15,Male,Divorced,Medicare,West
P008361,1987-09-17,Female,Divorced,Other,South
P008362,1999-01-03,Other,Single,Other,Midwest
P008363,1985-11-16,Female,Single,Commercial,Northeast
P008364,2005-05-29,Female,Single,Medicare,South
P008365,1991-12-27,Male,Married,Commercial,Northeast
P008366,2026-03-03,Male,Single,Medicaid,South
P008367,2006-06-28,Male,Single,Medicare,South
P008368,1956-09-25,Male,Married,Medicare Advantage,South
P008369,1982-11-08,Male,Single,Commercial,South
P008370,1993-04-12,Male,Married,Commercial,Northeast
P008371,1964-06-12,Female,Married,Medicaid,West
P008372,1985-05-25,Female,Married,Self-Pay,South
P008373,1988-02-27,Male,Single,Commercial,West
P008374,1964-11-24,Female,Married,Commercial,Northeast
P008375,2011-08-30,Male,Single,Commercial,South
P008376,1971-12-19,Female,Divorced,Medicare,Midwest
P008377,1986-09-13,Male,Single,Medicare,West
P008378,2002-07-23,Male,Single,Medicaid,West
P008379,1998-10-19,Male,Married,Medicaid,Northeast
P008380,1981-02-07,Female,Married,Medicare Advantage,West
P008381,2007-10-24,Female,Single,Medicare,Midwest
P008382,1977-01-27,Female,Divorced,Commercial,Northeast
P008383,1982-01-12,Male,Single,Medicaid,Northeast
P008384,1956-09-12,Male,Widowed,Medicare,West
P008385,1988-07-22,Female,Married,Medicare,West
P008386,1975-05-31,Male,Widowed,Medicaid,South
P008387,1978-02-22,Female,Married,Medicare,Northeast
P008388,1997-11-21,Male,Married,Medicare,West
P008389,2015-01-30,Male,Single,Commercial,South
P008390,1997-08-14,Female,Widowed,Medicare Advantage,South
P008391,1982-08-31,Male,Married,Commercial,Midwest
P008392,1955-06-15,Male,Married,Medicaid,South
P008393,1992-09-23,Male,Married,Commercial,West
P008394,2011-02-23,Male,Single,Commercial,South
P008395,1948-06-29,Female,Married,Medicare,South
P008396,1974-01-27,Male,Divorced,Commercial,West
P008397,1955-07-14,Female,Divorced,Commercial,Northeast
P008398,1961-03-24,Female,Single,Commercial,Midwest
P008399,1969-11-12,Male,Married,Medicare,West
P008400,1990-04-03,Male,Single,Medicaid,South
P008401,1980-03-31,Female,Married,Medicaid,West
P008402,1949-04-29,Female,Married,Medicare,West
P008403,1981-12-25,Male,Married,Commercial,South
P008404,1994-08-06,Female,Single,Commercial,Northeast
P008405,1988-06-16,Female,Single,Medicare,Northeast
P008406,1962-05-06,Male,Widowed,Commercial,South
P008407,1945-11-19,Female,Married,Medicare,Midwest
P008408,1950-06-29,Male,Single,Self-Pay,Northeast
P008409,1965-06-20,Female,Married,Medicare Advantage,South
P008410,2024-11-07,Male,Single,Commercial,Midwest
P008411,2015-02-12,Male,Single,Medicare,West
P008412,1936-12-06,Male,Widowed,Medicare,West
P008413,1978-02-28,Male,Married,Medicare Advantage,South
P008414,1983-07-22,Female,Married,Medicare,South
P008415,2007-11-12,Male,Single,Medicare,West
P008416,1943-01-17,Female,Married,Medicare,Northeast
P008417,1964-09-10,Female,Married,Commercial,Northeast
P008418,1999-06-23,Male,Single,Medicare,Northeast
P008419,1995-06-04,Male,Married,Commercial,West
P008420,1979-12-16,Female,Married,Medicaid,South
P008421,2023-10-09,Female,Single,Medicaid,Midwest
P008422,1961-01-18,Male,Married,Self-Pay,South
P008423,1983-02-21,Male,Married,Commercial,South
P008424,2011-08-30,Female,Single,Medicare Advantage,West
P008425,1932-01-30,Male,Single,Medicaid,Northeast
P008426,2007-01-11,Female,Single,Self-Pay,South
P008427,1989-06-14,Male,Single,Self-Pay,South
P008428,1962-03-01,Male,Divorced,Commercial,Northeast
P008429,1986-06-17,Female,Married,Medicaid,Midwest
P008430,1999-10-30,Female,Single,Commercial,South
P008431,2001-02-19,Male,Single,Medicaid,Northeast
P008432,1962-04-07,Female,Married,Medicaid,South
P008433,2016-10-20,Male,Single,Medicare Advantage,Northeast
P008434,1965-02-15,Female,Divorced,Commercial,South
P008435,1976-01-12,Female,Married,Medicare,Northeast
P008436,1930-02-04,Male,Widowed,Commercial,South
P008437,1953-10-20,Male,Divorced,Medicare,Northeast
P008438,1941-10-11,Female,Widowed,Medicare Advantage,Northeast
P008439,1958-01-14,Male,Married,Medicaid,Midwest
P008440,1986-08-02,Male,Single,Medicare,West
P008441,1986-09-16,Male,Married,Medicaid,South
P008442,1975-12-04,Female,Married,Medicare Advantage,South
P008443,1989-12-14,Male,Single,Medicare,South
P008444,1932-01-17,Male,Widowed,Medicare,West
P008445,2007-12-12,Male,Single,Medicare,West
P008446,1984-05-12,Male,Single,Medicaid,Midwest
P008447,2011-12-30,Female,Single,Commercial,West
P008448,1935-04-22,Male,Widowed,Medicare,West
P008449,2010-10-12,Female,Single,Medicare Advantage,Northeast
P008450,1963-02-11,Female,Divorced,Medicare,West
P008451,1941-03-30,Female,Divorced,Medicaid,South
P008452,1970-06-10,Male,Married,Medicare,South
P008453,1969-07-08,Female,Married,Medicare,West
P008454,1978-11-26,Male,Married,Medicare,South
P008455,1974-02-25,Female,Married,Medicare Advantage,West
P008456,1953-02-10,Other,Widowed,Medicare,South
P008457,2019-08-06,Male,Single,Commercial,Midwest
P008458,1968-09-26,Male,Divorced,Medicare Advantage,West
P008459,1960-02-04,Male,Married,Commercial,Northeast
P008460,1946-06-26,Male,Divorced,Commercial,South
P008461,1968-08-02,Female,Married,Medicare,South
P008462,1937-04-17,Female,Married,Medicare,South
P008463,1936-01-29,Female,Widowed,Commercial,South
P008464,1981-06-10,Female,Married,Medicare,Midwest
P008465,2013-03-24,Female,Single,Commercial,South
P008466,1965-06-18,Male,Single,Medicare,Northeast
P008467,1940-11-27,Female,Married,Medicare,West
P008468,1938-10-01,Female,Married,Medicaid,Midwest
P008469,1995-05-14,Female,Married,Medicare,Northeast
P008470,1968-07-18,Female,Married,Medicare,South
P008471,1986-08-05,Male,Married,Medicare Advantage,Midwest
P008472,1975-04-05,Male,Married,Medicare Advantage,South
P008473,1993-10-26,Male,Married,Medicare,Midwest
P008474,1941-12-26,Female,Divorced,Commercial,South
P008475,1972-06-13,Female,Divorced,Medicare Advantage,West
P008476,2001-12-23,Male,Single,Medicare,South
P008477,1945-09-14,Female,Married,Commercial,South
P008478,1954-11-26,Female,Married,Self-Pay,Northeast
P008479,1994-09-23,Male,Single,Commercial,West
P008480,2001-09-01,Female,Married,Medicare,
P008481,1989-07-07,Female,Single,Medicaid,South
P008482,1993-01-22,Female,Married,Self-Pay,Northeast
P008483,1974-02-16,Female,Divorced,Commercial,West
P008484,1989-10-26,Female,Married,Self-Pay,Northeast
P008485,1937-10-27,Male,Widowed,Self-Pay,West
P008486,1956-02-29,Female,Widowed,Medicare,Midwest
P008487,1991-07-14,Male,Married,Medicare,Northeast
P008488,1965-07-20,Male,Widowed,Self-Pay,Midwest
P008489,1968-10-22,Female,Married,Commercial,West
P008490,2009-03-01,Male,Single,Medicaid,South
P008491,1971-06-01,Male,Divorced,Medicare Advantage,Northeast
P008492,1963-05-19,Female,Single,Medicare,Northeast
P008493,1987-09-09,Female,Married,Medicare,South
P008494,1975-03-28,Female,Single,Commercial,South
P008495,2018-01-24,Female,Single,Commercial,South
P008496,1946-09-01,Female,Widowed,Medicare,Midwest
P008497,2011-07-05,Female,Single,Commercial,Midwest
P008498,1974-02-17,Female,Single,Commercial,South
P008499,1956-04-09,Male,Married,Commercial,South
P008500,1963-11-01,Female,Married,Medicare,Midwest
P008501,1959-05-23,Male,Married,Medicaid,Northeast
P008502,2003-03-26,Male,Single,Medicaid,Midwest
P008503,1992-01-22,Male,Married,Medicaid,Midwest
P008504,1937-03-16,Female,Married,Commercial,West
P008505,1976-03-17,Female,Married,Medicare,Midwest
P008506,1996-12-17,Male,Married,Medicare,Northeast
P008507,1983-09-28,Female,Single,Medicaid,
P008508,1976-09-20,Male,Widowed,Medicaid,South
P008509,2003-02-26,Male,Single,Medicare,South
P008510,1953-03-24,Female,Single,Medicaid,Midwest
P008511,1966-05-15,Male,Divorced,Medicare,Northeast
P008512,2000-08-14,Female,Married,Commercial,Northeast
P008513,1978-05-26,Female,Married,Medicare,West
P008514,1962-09-08,Female,Married,Commercial,Northeast
P008515,1938-04-14,Female,Divorced,Commercial,West
P008516,1963-09-10,Male,Married,Medicare,West
P008517,1942-06-18,Female,Married,Medicare,West
P008518,1933-06-30,Male,Widowed,Medicare,South
P008519,1971-11-30,Male,Married,Medicare Advantage,West
P008520,1988-06-21,Female,Married,Medicare,South
P008521,1961-05-14,Female,Widowed,Medicare Advantage,South
P008522,2004-01-17,Female,Single,Self-Pay,Midwest
P008523,1941-01-21,Male,Widowed,Commercial,Midwest
P008524,1932-04-27,Female,Widowed,Commercial,South
P008525,1952-04-26,Male,Married,Medicaid,South
P008526,1943-11-16,Male,Married,Medicare,West
P008527,1941-10-25,Male,Single,Commercial,Midwest
P008528,1973-07-08,Female,Married,Commercial,Midwest
P008529,1970-12-18,Male,Divorced,Medicare,West
P008530,1949-07-22,Male,Married,Medicaid,Midwest
P008531,1955-02-20,Male,Divorced,Commercial,Midwest
P008532,2005-02-17,Other,Single,Commercial,West
P008533,1946-06-20,Male,Divorced,Medicare,South
P008534,1931-08-10,Male,Married,Medicare,Northeast
P008535,2021-08-02,Female,Single,Medicare,South
P008536,1952-12-03,Female,Widowed,Commercial,Midwest
P008537,1973-01-11,Male,Married,Medicare,South
P008538,1975-11-16,Male,Married,Medicare,West
P008539,1963-05-02,Male,Single,Medicare,Northeast
P008540,1951-03-17,Male,Widowed,Medicare Advantage,South
P008541,1959-03-06,Male,Married,Medicare Advantage,Northeast
P008542,1990-08-01,Male,Married,Medicare Advantage,South
P008543,1984-05-24,Male,Married,Medicaid,South
P008544,1953-08-07,Male,Single,Medicare,West
P008545,1936-02-09,Male,Widowed,Medicare Advantage,West
P008546,2001-06-17,Male,Single,Medicare,South
P008547,1949-11-26,Male,Divorced,Medicare,West
P008548,2003-07-10,Female,Single,Medicaid,West
P008549,1930-02-12,Female,Widowed,Self-Pay,West
P008550,1982-08-01,Female,Married,Other,Midwest
P008551,1964-04-24,Male,Married,Self-Pay,Midwest
P008552,1950-09-04,Female,Married,Medicare,Midwest
P008553,2007-04-19,Male,Single,Commercial,South
P008554,1962-10-12,Male,Widowed,Medicare,South
P008555,1997-03-11,Female,Single,Other,Northeast
P008556,1947-03-15,Female,Married,Medicare,Northeast
P008557,1942-01-03,Female,Widowed,Medicare Advantage,West
P008558,1975-02-25,Male,Married,Medicare,West
P008559,2003-01-15,Male,Single,Medicare,South
P008560,1940-05-07,Male,Married,Commercial,South
P008561,1946-07-20,Male,Widowed,Medicaid,South
P008562,1981-08-17,Male,Married,Commercial,West
P008563,1988-09-08,Male,Married,Medicaid,Midwest
P008564,1963-07-13,Female,Divorced,Medicaid,South
P008565,1981-04-04,Male,Married,Medicare,West
P008566,1981-10-06,Female,Married,Medicaid,West
P008567,1998-12-09,Male,Single,Medicare,Northeast
P008568,1953-07-05,Male,Divorced,Medicare Advantage,West
P008569,1972-03-07,Male,Widowed,Medicare,South
P008570,1986-06-10,Female,Widowed,Medicaid,South
P008571,1947-03-10,Female,Married,Commercial,South
P008572,2025-01-26,Female,Single,Medicare,Midwest
P008573,1930-10-17,Male,Married,Medicaid,South
P008574,2015-04-03,Female,Single,Commercial,Northeast
P008575,1970-06-23,Female,Married,Medicare Advantage,West
P008576,1975-04-13,Female,Divorced,Commercial,Midwest
P008577,2013-07-15,Female,Single,Self-Pay,Northeast
P008578,1966-12-07,Male,Single,Medicaid,South
P008579,1988-06-12,Male,Single,Medicare,South
P008580,2021-06-05,Female,Single,Medicare,South
P008581,1978-01-31,Male,Single,Medicare,South
P008582,1985-06-24,Male,Married,Commercial,South
P008583,1974-06-15,Male,Widowed,Self-Pay,West
P008584,1970-07-21,Female,Single,Medicare,West
P008585,1975-01-17,Female,Married,Commercial,West
P008586,1973-08-11,Male,Married,Medicaid,South
P008587,1971-11-26,Female,Divorced,Medicare,Midwest
P008588,1951-10-21,Male,Divorced,Other,Midwest
P008589,2014-07-06,Male,Single,Medicare,South
P008590,1968-08-01,Male,Divorced,Medicare,Midwest
P008591,1972-11-13,Male,Widowed,Medicaid,West
P008592,2024-07-15,Female,Single,Commercial,Midwest
P008593,1974-02-10,Male,Divorced,Commercial,Northeast
P008594,1957-04-13,Female,Single,Medicaid,Northeast
P008595,1958-07-17,Female,Married,Medicare,Midwest
P008596,1981-08-01,Male,Married,Medicaid,West
P008597,1989-11-10,Female,Married,Commercial,Midwest
P008598,1964-10-19,Female,Widowed,Medicaid,West
P008599,2026-03-13,Female,Single,Medicare Advantage,Midwest
P008600,1992-03-16,Female,Married,Commercial,West
P008601,1990-09-07,Female,Divorced,Commercial,Midwest
P008602,1949-04-04,Male,Married,Medicaid,South
P008603,1932-11-26,Female,Married,Medicaid,South
P008604,2013-07-23,Female,Single,Medicare,South
P008605,1981-02-02,Female,Married,Commercial,South
P008606,2008-07-14,Male,Single,Medicaid,West
P008607,1929-09-13,Female,Widowed,Commercial,South
P008608,1992-11-06,Female,Single,Medicaid,Northeast
P008609,1957-12-18,Male,Married,Medicare,Northeast
P008610,1994-11-09,Female,Single,Medicare,Northeast
P008611,1944-09-24,Female,Widowed,Medicaid,Midwest
P008612,1996-07-11,Male,Married,Medicaid,Midwest
P008613,1936-08-05,Female,Married,Commercial,South
P008614,1977-02-25,Male,Married,Medicaid,South
P008615,2002-02-03,Female,Single,Medicare,Midwest
P008616,1956-10-24,Male,Single,Medicaid,West
P008617,1950-02-10,Male,Married,Medicaid,Northeast
P008618,2018-06-08,Female,Single,Medicaid,West
P008619,1978-03-08,Male,Married,Medicaid,South
P008620,1946-04-14,Female,Single,Commercial,South
P008621,1929-08-01,Male,Widowed,Medicare,Midwest
P008622,1976-09-29,Male,Married,Commercial,West
P008623,1950-03-17,Male,Single,Medicare,Midwest
P008624,1978-02-14,Male,Divorced,Commercial,Northeast
P008625,2003-10-22,Female,Single,Commercial,South
P008626,1974-09-15,Male,Married,Commercial,West
P008627,1935-12-06,Female,Married,Commercial,Midwest
P008628,1946-03-18,Female,Single,Medicare Advantage,Northeast
P008629,1993-06-12,Female,Married,Commercial,South
P008630,1951-12-24,Male,Single,Medicaid,Northeast
P008631,1983-05-23,Male,Single,Medicare Advantage,South
P008632,1989-01-27,Male,Single,Medicare Advantage,South
P008633,1999-10-10,Male,Single,Commercial,Northeast
P008634,1959-08-26,Female,Widowed,Medicare,West
P008635,1993-08-15,Male,Married,Medicaid,Midwest
P008636,1931-11-08,Female,Widowed,Self-Pay,South
P008637,2006-10-07,Female,Divorced,Medicare,South
P008638,1938-03-18,Male,Widowed,Medicare,West
P008639,2019-11-10,Male,Single,Medicare,West
P008640,1960-01-16,Male,Married,Other,Northeast
P008641,1973-09-25,Male,Single,Commercial,Midwest
P008642,2016-08-20,Female,Single,Medicaid,Northeast
P008643,1974-12-18,Female,Married,Commercial,South
P008644,1970-04-26,Male,Divorced,Medicare,Midwest
P008645,1953-11-14,Female,Divorced,Medicare,Midwest
P008646,1961-08-16,Female,Divorced,Medicare,West
P008647,1954-09-23,Female,Widowed,Medicare,South
P008648,2011-10-04,Female,Single,Medicaid,South
P008649,1986-07-23,Female,Married,Medicaid,Midwest
P008650,1988-02-01,Male,Married,Self-Pay,West
P008651,1931-04-04,Female,Widowed,Commercial,Northeast
P008652,1940-06-28,Female,Married,Medicare,Midwest
P008653,1968-05-21,Female,Divorced,Medicare,South
P008654,1980-08-01,Male,Married,Medicare Advantage,West
P008655,1973-05-12,Female,Married,Medicaid,West
P008656,1948-05-20,Female,Widowed,Medicare Advantage,Midwest
P008657,1947-03-11,Female,Married,Self-Pay,South
P008658,1964-01-19,Female,Married,Medicare,West
P008659,1987-12-11,Male,Married,Medicare,West
P008660,1992-11-15,Male,Married,Medicare,Northeast
P008661,1997-02-27,Female,Single,Medicaid,West
P008662,1966-06-01,Male,Divorced,Medicare,South
P008663,1998-11-26,Male,Single,Commercial,South
P008664,1964-08-13,Male,Married,Self-Pay,South
P008665,1993-02-07,Male,Married,Medicaid,West
P008666,1950-07-27,Male,Married,Medicaid,West
P008667,1993-06-04,Female,Married,Commercial,Midwest
P008668,1977-04-09,Female,Single,Medicare,Midwest
P008669,1970-08-29,Female,Married,Commercial,West
P008670,1943-03-25,Male,Widowed,Medicare,South
P008671,2013-04-23,Male,Single,Other,South
P008672,1975-08-09,Female,Married,Commercial,Midwest
P008673,1957-08-29,Female,Widowed,Medicare Advantage,South
P008674,2022-11-16,Male,Single,Commercial,West
P008675,1967-10-04,Male,Married,Commercial,Midwest
P008676,1994-02-07,Female,Married,Medicare Advantage,South
P008677,1965-08-06,Female,Single,Other,Midwest
P008678,2014-03-25,Male,Single,Medicare,Northeast
P008679,1974-10-16,Male,Divorced,Medicare Advantage,West
P008680,1993-08-04,Female,Married,Medicaid,West
P008681,1974-10-29,Male,Married,Commercial,West
P008682,2020-07-13,Female,Single,Medicaid,Northeast
P008683,1958-12-06,Male,Married,Commercial,Northeast
P008684,1943-08-20,Female,Widowed,Medicaid,Northeast
P008685,1994-11-07,Male,Single,Medicaid,South
P008686,1987-10-18,Male,Married,Commercial,Midwest
P008687,1965-08-18,Female,Married,Medicare,Midwest
P008688,1943-01-09,Female,Widowed,Medicare,Midwest
P008689,1954-02-24,Female,Widowed,Commercial,West
P008690,1974-09-27,Male,Single,Self-Pay,South
P008691,1931-03-16,Male,Widowed,Commercial,Midwest
P008692,1967-10-30,Female,Married,Medicaid,South
P008693,1977-03-23,Female,Single,Medicare,West
P008694,1960-10-27,Male,Married,Medicaid,South
P008695,1969-04-08,Male,Widowed,Medicaid,South
P008696,1980-04-26,Male,Married,Medicare,South
P008697,1940-12-04,Female,Married,Commercial,Midwest
P008698,1939-12-04,Female,Married,Medicaid,South
P008699,2012-12-24,Male,Single,Medicaid,Northeast
P008700,1954-05-13,Female,Married,Medicaid,South
P008701,2015-05-09,Male,Single,Medicare,Northeast
P008702,2013-01-23,Male,Single,Commercial,West
P008703,1998-03-02,Female,Single,Medicaid,West
P008704,1974-09-24,Female,Married,Commercial,Northeast
P008705,1981-12-18,Female,Single,Medicare,Midwest
P008706,1955-04-27,Female,Widowed,Medicare,West
P008707,1989-08-03,Female,Divorced,Medicare,South
P008708,1940-01-29,Female,Divorced,Medicaid,Midwest
P008709,1979-07-02,Male,Single,Medicare Advantage,Northeast
P008710,1954-01-23,Male,Single,Commercial,Northeast
P008711,1972-07-09,Male,Single,Commercial,Midwest
P008712,1950-12-26,Female,Divorced,Medicare,South
P008713,1956-08-20,Female,Married,Other,Midwest
P008714,1963-02-19,Female,Married,Medicaid,South
P008715,1950-05-25,Male,Married,Commercial,Midwest
P008716,1974-01-26,Female,Married,Medicare,Northeast
P008717,1935-09-10,Male,Married,Commercial,South
P008718,2000-08-25,Male,Single,Other,Northeast
P008719,1960-07-03,Male,Married,Medicaid,South
P008720,1989-12-21,Female,Married,Commercial,West
P008721,1970-05-21,Male,Married,Medicare,Northeast
P008722,1990-05-17,Female,Married,Commercial,Northeast
P008723,1990-11-05,Female,Divorced,Medicare,Northeast
P008724,1992-06-11,Male,Single,Medicare,South
P008725,1967-02-12,Male,Single,Medicaid,West
P008726,1980-04-27,Male,Widowed,Medicare,Northeast
P008727,1994-07-26,Male,Married,Self-Pay,Northeast
P008728,1985-11-11,Female,Married,Medicare,South
P008729,2024-11-21,Female,Single,Medicare,Northeast
P008730,1947-06-21,Female,Married,Medicaid,South
P008731,1932-11-26,Female,Married,Medicare Advantage,Midwest
P008732,1952-07-27,Female,Single,Commercial,West
P008733,1945-11-16,Male,Widowed,Medicare,Northeast
P008734,1991-05-31,Male,Married,Commercial,West
P008735,1963-02-24,Female,Married,Medicare,Midwest
P008736,1987-08-05,Female,Single,Medicare,Midwest
P008737,1963-06-18,Male,Married,Self-Pay,West
P008738,1954-01-30,Female,Married,Medicare,South
P008739,1942-12-30,Male,Divorced,Commercial,South
P008740,1951-04-02,Male,Divorced,Medicare,South
P008741,1950-02-16,Female,Single,Medicare,West
P008742,1957-05-13,Male,Married,Medicare Advantage,South
P008743,2007-11-11,Male,Single,Medicaid,Northeast
P008744,1962-08-17,Male,Married,Commercial,West
P008745,2001-09-12,Female,Single,Medicare Advantage,West
P008746,2016-08-21,Female,Single,Commercial,West
P008747,1951-10-24,Female,Widowed,Commercial,South
P008748,1967-07-03,Female,Married,Medicare Advantage,West
P008749,1955-12-22,Female,Married,Medicare,Midwest
P008750,1991-01-18,Female,Single,Medicare,West
P008751,1968-12-06,Male,Divorced,Commercial,South
P008752,1975-05-31,Female,Married,Commercial,West
P008753,1945-12-02,Female,Divorced,Commercial,South
P008754,1991-06-29,Female,Divorced,Medicare Advantage,South
P008755,1999-08-13,Male,Single,Medicare,Northeast
P008756,1970-11-17,Female,Married,Medicare Advantage,Midwest
P008757,1936-05-05,Male,Divorced,Medicare,Midwest
P008758,1982-04-17,Male,Single,Medicare Advantage,South
P008759,1987-10-26,Male,Widowed,Self-Pay,Midwest
P008760,2023-03-12,Female,Single,Medicare,Northeast
P008761,1990-06-01,Female,Married,Medicare,West
P008762,2013-07-09,Female,Single,Commercial,Midwest
P008763,1958-03-14,Female,Married,Medicaid,West
P008764,1976-10-24,Male,Married,Medicare,South
P008765,1959-08-31,Female,Widowed,Commercial,Midwest
P008766,1992-03-21,Male,Married,Medicare,Northeast
P008767,1952-08-09,Male,Married,Medicare Advantage,South
P008768,1969-11-12,Male,Single,Commercial,Midwest
P008769,1994-04-10,Female,Single,Medicare,Northeast
P008770,1947-07-13,Male,Widowed,Medicare,Midwest
P008771,1966-05-10,Other,Married,Medicare,South
P008772,1985-04-12,Female,Single,Medicare,South
P008773,1980-10-04,Male,Single,Medicare,West
P008774,2000-06-24,Female,Single,Medicare,Northeast
P008775,2003-02-07,Male,Single,Medicare,South
P008776,1981-05-31,Male,Married,Commercial,South
P008777,1963-03-09,Male,Married,Medicare Advantage,Midwest
P008778,1949-11-18,Female,Divorced,Medicare Advantage,West
P008779,1946-08-05,Male,Married,Commercial,Northeast
P008780,1943-11-27,Male,Widowed,Medicare Advantage,South
P008781,2007-01-31,Female,Single,Medicaid,Midwest
P008782,1941-03-25,Male,Married,Commercial,South
P008783,2002-11-21,Female,Married,Medicaid,South
P008784,1958-06-05,Female,Married,Medicaid,West
P008785,2002-06-13,Female,Single,Commercial,South
P008786,1994-02-02,Female,Married,Commercial,Midwest
P008787,1976-12-10,Female,Single,Commercial,Midwest
P008788,1934-10-05,Female,Widowed,Other,South
P008789,1953-04-23,Male,Married,Commercial,South
P008790,1951-10-12,Female,Divorced,Medicaid,South
P008791,2006-01-28,Male,Single,Medicare Advantage,Northeast
P008792,2021-08-07,Female,Single,Self-Pay,South
P008793,1931-03-13,Female,Divorced,Medicare,West
P008794,1960-03-16,Male,Divorced,Medicaid,South
P008795,2005-08-12,Female,Single,Medicare Advantage,South
P008796,1931-11-09,Male,Single,Medicaid,South
P008797,2017-01-19,Female,Single,Medicare,West
P008798,1976-10-04,Male,Widowed,Commercial,Midwest
P008799,2020-07-12,Female,Single,Medicare Advantage,Midwest
P008800,2001-05-22,Male,Single,Commercial,Midwest
P008801,1986-01-08,Female,Single,Commercial,South
P008802,1941-08-26,Male,Widowed,Commercial,South
P008803,2010-03-26,Female,Single,Medicare,Midwest
P008804,1944-08-01,Female,Married,Other,West
P008805,2026-03-11,Male,Single,Medicare,South
P008806,2015-03-08,Female,Single,Medicare,Midwest
P008807,1982-02-02,Female,Married,Medicare Advantage,South
P008808,1954-05-20,Female,Widowed,Commercial,South
P008809,1933-08-22,Male,Widowed,Medicaid,West
P008810,1953-09-01,Male,Married,Commercial,Northeast
P008811,1949-12-17,Female,Married,Commercial,Northeast
P008812,1931-03-31,Female,Widowed,Commercial,West
P008813,1976-06-05,Female,Married,Medicare,Northeast
P008814,1998-02-07,Female,Single,Medicare Advantage,West
P008815,1970-03-04,Female,Divorced,Medicare,South
P008816,1963-10-28,Male,Married,Medicare,South
P008817,1983-09-01,Male,Single,Self-Pay,Midwest
P008818,1980-11-03,Male,Divorced,Medicaid,South
P008819,1976-01-15,Male,Married,Medicaid,Midwest
P008820,1954-09-01,Male,Widowed,Medicare,Northeast
P008821,1973-03-10,Male,Divorced,Medicare,South
P008822,1972-04-16,Female,Married,Medicaid,South
P008823,1979-08-27,Male,Single,Medicare,South
P008824,1967-05-04,Female,Single,Medicaid,South
P008825,1936-08-09,Male,Widowed,Medicare,South
P008826,1975-12-12,Male,Married,Medicaid,South
P008827,1958-10-27,Female,Married,Medicaid,Northeast
P008828,1945-05-10,Female,Widowed,Medicare Advantage,South
P008829,1969-07-19,Male,Married,Medicare,West
P008830,1960-08-19,Female,Married,Commercial,South
P008831,1977-09-20,Male,Divorced,Commercial,Northeast
P008832,2021-01-18,Female,Single,Medicare,West
P008833,1996-03-06,Female,Married,Medicare Advantage,South
P008834,1995-04-02,Male,Divorced,Medicare,South
P008835,1950-01-31,Male,Divorced,Commercial,Midwest
P008836,1944-01-27,Female,Widowed,Medicare,Northeast
P008837,1972-11-10,Male,Divorced,Medicaid,West
P008838,1963-10-11,Female,Single,Medicaid,West
P008839,2008-01-28,Female,Single,Medicare Advantage,Midwest
P008840,1954-03-17,Male,Married,Medicare,South
P008841,1970-11-09,Male,Married,Medicaid,Northeast
P008842,2004-01-15,Male,Single,Medicare,South
P008843,1950-07-26,Female,Married,Medicaid,West
P008844,2021-06-29,Female,Single,Medicare,South
P008845,2017-03-24,Female,Single,Commercial,South
P008846,1975-12-20,Male,Married,Commercial,Midwest
P008847,1938-12-05,Female,Married,Medicaid,South
P008848,1969-07-18,Female,Married,Medicare,Midwest
P008849,1980-06-22,Female,Single,Medicare,South
P008850,2004-04-21,Male,Single,Medicare,Northeast
P008851,2025-11-30,Female,Single,Medicare Advantage,West
P008852,1933-06-14,Female,Widowed,Commercial,Northeast
P008853,2006-05-19,Female,Single,Medicare,Northeast
P008854,1956-08-25,Female,Divorced,Medicare,South
P008855,1968-04-03,Male,Married,Medicare,South
P008856,1983-01-13,Male,Married,Commercial,Midwest
P008857,1935-09-12,Female,Widowed,Medicare,South
P008858,1951-03-03,Female,Widowed,Self-Pay,West
P008859,1982-01-01,Male,Single,Commercial,Northeast
P008860,2006-06-08,Male,Single,Medicaid,Northeast
P008861,2006-07-17,Female,Single,Commercial,South
P008862,1961-10-20,Male,Married,Commercial,Midwest
P008863,1953-09-19,Female,Married,Medicare,West
P008864,1950-12-23,Male,Married,Commercial,Midwest
P008865,1967-08-14,Female,Married,Medicare Advantage,Northeast
P008866,1984-09-24,Male,Single,Commercial,Midwest
P008867,1984-04-29,Female,Married,Commercial,South
P008868,1966-01-01,Male,Married,Medicare,West
P008869,1987-01-27,Male,Single,Commercial,Northeast
P008870,2008-06-26,Female,Single,Commercial,Midwest
P008871,2009-05-03,Male,Single,Medicaid,Midwest
P008872,1959-12-04,Female,Widowed,Commercial,West
P008873,1961-09-01,Male,Single,Medicare,Northeast
P008874,1984-09-23,Female,Married,Commercial,West
P008875,1957-08-23,Female,Married,Medicare Advantage,Midwest
P008876,1934-12-25,Female,Widowed,Commercial,West
P008877,1946-12-29,Female,Married,Medicaid,West
P008878,2015-03-19,Male,Single,Medicare,South
P008879,1966-07-11,Female,Single,Medicare Advantage,West
P008880,1947-06-14,Male,Married,Commercial,South
P008881,1960-05-19,Female,Married,Self-Pay,South
P008882,1976-10-03,Female,Married,Commercial,South
P008883,1956-02-09,Male,Widowed,Commercial,South
P008884,1993-08-16,Female,Divorced,Commercial,Northeast
P008885,1979-09-12,Female,Divorced,Self-Pay,Midwest
P008886,1951-08-29,Female,Married,Medicare,Northeast
P008887,1961-03-10,Female,Married,Commercial,West
P008888,1970-07-28,Male,Divorced,Commercial,Northeast
P008889,1960-08-02,Male,Married,Medicaid,Midwest
P008890,1957-09-04,Male,Married,Medicare,South
P008891,1973-01-05,Female,Married,Medicare Advantage,South
P008892,1981-05-27,Female,Divorced,Commercial,Midwest
P008893,2004-02-19,Male,Single,Medicare,Midwest
P008894,1942-09-25,Male,Widowed,Medicare Advantage,South
P008895,1946-05-14,Female,Married,Medicaid,West
P008896,1958-01-29,Male,Single,Medicaid,Midwest
P008897,1976-01-04,Female,Single,Commercial,West
P008898,2004-04-22,Female,Single,Medicaid,Midwest
P008899,1981-03-13,Female,Married,Medicare,Midwest
P008900,1939-05-05,Male,Divorced,Medicare,South
P008901,1957-09-26,Female,Married,Medicare Advantage,South
P008902,1951-10-19,Male,Married,Medicare,West
P008903,1981-02-04,Female,Married,Commercial,Midwest
P008904,1947-08-25,Female,Married,Medicare,Midwest
P008905,2009-01-31,Female,Single,Medicare,West
P008906,2018-11-06,Female,Single,Medicare,South
P008907,1973-11-22,Male,Divorced,Commercial,South
P008908,1961-08-18,Male,Married,Medicare,West
P008909,1963-05-19,Male,Married,Commercial,Northeast
P008910,1975-08-22,Male,Single,Medicare Advantage,South
P008911,1965-09-07,Male,Married,Other,West
P008912,1946-07-08,Female,Single,Medicare,West
P008913,2004-02-29,Female,Single,Medicaid,South
P008914,1943-08-10,Male,Widowed,Medicare Advantage,Northeast
P008915,2015-03-23,Male,Single,Medicare,South
P008916,1982-06-29,Male,Divorced,Medicare,Midwest
P008917,1944-06-27,Female,Married,Medicare Advantage,Northeast
P008918,1972-11-23,Male,Married,Self-Pay,Northeast
P008919,1954-05-19,Female,Married,Commercial,West
P008920,2011-07-18,Female,Single,Medicare,South
P008921,1988-11-10,Female,Married,Medicare,South
P008922,1968-11-30,Male,Married,Medicare,Northeast
P008923,2000-12-25,Female,Married,Medicare,South
P008924,1933-08-28,Female,Widowed,Commercial,Midwest
P008925,1956-09-09,Female,Married,Medicare,Midwest
P008926,1946-06-10,Female,Married,Medicaid,Midwest
P008927,2023-11-30,Male,Single,Medicare,South
P008928,1986-06-01,Female,Married,Medicare,South
P008929,1973-06-24,Female,Single,Commercial,West
P008930,2011-08-11,Female,Single,Self-Pay,Midwest
P008931,1958-04-02,Male,Married,Medicare Advantage,Northeast
P008932,1986-04-07,Female,Married,Medicare,West
P008933,1999-01-05,Female,Single,Commercial,West
P008934,1945-04-13,Female,Widowed,Medicare,Midwest
P008935,2007-09-28,Female,Single,Medicaid,South
P008936,1974-10-19,Female,Married,Commercial,Midwest
P008937,1990-03-06,Male,Single,Medicaid,West
P008938,1965-09-24,Female,Married,Commercial,Northeast
P008939,1930-03-11,Female,Widowed,Medicaid,Northeast
P008940,1972-10-11,Female,Married,Commercial,South
P008941,1992-03-02,Female,Married,Medicare,South
P008942,1971-04-23,Male,Divorced,Other,West
P008943,1953-07-03,Female,Single,Commercial,Midwest
P008944,1933-03-01,Female,Widowed,Medicare,South
P008945,1974-01-30,Male,Married,Commercial,Midwest
P008946,1987-10-14,Male,Single,Commercial,West
P008947,1975-01-14,Female,Married,Medicare,West
P008948,1988-01-09,Male,Married,Medicare,Northeast
P008949,1972-04-22,Female,Married,Medicare,South
P008950,1939-08-04,Male,Widowed,Medicare,Midwest
P008951,1970-08-31,Female,Married,Medicare,Northeast
P008952,1970-07-01,Female,Married,Medicaid,South
P008953,1985-02-06,Female,Divorced,Commercial,Northeast
P008954,1971-05-08,Female,Divorced,Commercial,Northeast
P008955,2004-03-04,Male,Married,Medicare,South
P008956,2019-11-21,Male,Single,Medicaid,South
P008957,1931-12-14,Female,Single,Medicaid,South
P008958,1990-02-28,Female,Divorced,Medicare Advantage,Midwest
P008959,1954-08-31,Male,Married,Commercial,Midwest
P008960,1972-08-28,Female,Single,Commercial,Midwest
P008961,1964-03-23,Male,Single,Commercial,South
P008962,1950-07-22,Male,Widowed,Commercial,South
P008963,2002-11-29,Male,Divorced,Commercial,Northeast
P008964,1967-08-31,Female,Married,Medicare,Northeast
P008965,1987-01-05,Male,Single,Medicare,Northeast
P008966,1957-03-23,Male,Married,Medicare,Northeast
P008967,1968-11-29,Female,Married,Self-Pay,South
P008968,2018-12-02,Female,Single,Medicare,Midwest
P008969,1954-08-05,Male,Divorced,Commercial,Northeast
P008970,2026-01-20,Male,Single,Commercial,West
P008971,1985-05-13,Female,Single,Commercial,Northeast
P008972,1964-02-19,Female,Divorced,Medicare,Midwest
P008973,2011-05-05,Female,Single,Commercial,Midwest
P008974,1970-04-12,Female,Single,Medicare,South
P008975,1944-03-26,Female,Married,Commercial,West
P008976,1949-09-14,Male,Married,Medicare,South
P008977,1973-04-24,Male,Married,Self-Pay,Midwest
P008978,1953-04-06,Female,Single,Medicare,Midwest
P008979,1948-05-10,Female,Married,Medicaid,South
P008980,1998-06-03,Male,Single,Medicare,Northeast
P008981,1986-12-02,Male,Single,Self-Pay,South
P008982,1965-09-09,Male,Married,Medicare,Midwest
P008983,1969-10-03,Other,Married,Medicaid,Midwest
P008984,1946-03-05,Female,Married,Medicare,South
P008985,1978-03-30,Female,Single,Commercial,Northeast
P008986,1950-03-20,Female,Married,Medicare,South
P008987,1969-08-22,Female,Married,Medicare,Midwest
P008988,1986-08-15,Male,Married,Commercial,Northeast
P008989,1954-12-11,Female,Married,Commercial,West
P008990,1945-06-30,Male,Divorced,Commercial,West
P008991,1948-01-30,Female,Married,Commercial,West
P008992,1940-02-13,Male,Married,Commercial,South
P008993,1985-06-25,Male,,Medicare Advantage,Northeast
P008994,1968-11-18,Female,Single,Medicare,South
P008995,1954-08-29,Male,Married,Medicare,Midwest
P008996,1980-03-18,Male,Married,Commercial,Midwest
P008997,1996-12-12,Male,Married,Medicare,Northeast
P008998,1939-09-26,Male,Single,Medicare,Midwest
P008999,2024-10-24,Female,Single,Commercial,South
P009000,1952-03-30,Male,Widowed,Commercial,South
P009001,1931-03-04,Female,Widowed,Commercial,South
P009002,1954-09-17,Male,Single,Medicare,South
P009003,2022-03-27,Female,Single,Medicaid,South
P009004,1953-12-26,Male,Widowed,Commercial,Midwest
P009005,1988-09-21,Female,Married,Medicare,Northeast
P009006,1947-08-13,Female,Married,Other,Northeast
P009007,1965-05-07,Female,Divorced,Commercial,Northeast
P009008,2010-09-03,Male,Single,Commercial,South
P009009,2004-11-10,Male,Married,Medicaid,Midwest
P009010,2025-07-03,Female,Single,Self-Pay,Midwest
P009011,1961-05-27,Female,Divorced,Medicaid,South
P009012,2022-10-15,Female,Single,Medicare,Northeast
P009013,1942-04-11,Male,Widowed,Medicare,Northeast
P009014,2015-06-25,Male,Single,Medicaid,Northeast
P009015,1953-01-24,Male,Married,Medicare,West
P009016,1978-02-13,Male,Married,Commercial,West
P009017,1999-08-13,Female,Single,Medicaid,South
P009018,2003-10-05,Female,Single,Medicare,South
P009019,1940-04-07,Female,Widowed,Medicare,Midwest
P009020,2008-04-30,Female,Single,Medicaid,West
P009021,1969-07-31,Female,Divorced,Medicaid,South
P009022,1972-12-18,Male,Married,Medicare Advantage,Midwest
P009023,1949-12-19,Male,Married,Other,South
P009024,1939-09-27,Female,Married,Other,Midwest
P009025,1948-03-04,Female,Married,Self-Pay,South
P009026,1958-06-05,Female,Widowed,Medicare,Northeast
P009027,1987-10-24,Male,Married,Medicare,South
P009028,2009-06-27,Female,Single,Medicare Advantage,South
P009029,1962-08-15,Female,Married,Medicare Advantage,South
P009030,2021-01-03,Male,Single,Medicare,South
P009031,1952-07-25,Male,Married,Medicare,West
P009032,1935-12-26,Female,Married,Commercial,South
P009033,2004-08-08,Female,Single,Self-Pay,Midwest
P009034,2007-10-16,Male,Single,Commercial,Northeast
P009035,2003-03-28,Female,Single,Commercial,West
P009036,1951-11-13,Male,Married,Medicare,South
P009037,1972-01-09,Male,Married,Medicare,Midwest
P009038,1989-03-13,Female,Single,Medicaid,South
P009039,1966-07-12,Male,Married,Commercial,West
P009040,1995-04-15,Female,Single,Self-Pay,South
P009041,1976-04-04,Male,Divorced,Medicaid,Northeast
P009042,1949-01-11,Male,Divorced,Other,West
P009043,2023-12-09,Female,Single,Medicare Advantage,Midwest
P009044,2002-10-08,Female,Single,Commercial,Midwest
P009045,1946-06-29,Male,Married,Medicaid,South
P009046,1991-10-15,Male,Married,Medicare,Northeast
P009047,1932-04-25,Female,Divorced,Medicare Advantage,South
P009048,1946-05-02,Female,Married,Medicare,Midwest
P009049,2008-06-17,Male,Single,Medicare,South
P009050,2002-12-07,Female,Single,Medicare,South
P009051,1943-11-30,Male,Married,Commercial,South
P009052,1964-05-06,Male,Married,Medicaid,South
P009053,1944-05-25,Female,Widowed,Medicaid,Midwest
P009054,1985-03-16,Female,Married,Self-Pay,West
P009055,1931-04-19,Female,Widowed,Medicare,South
P009056,1954-09-04,Male,Married,Medicare,West
P009057,1982-12-29,Female,Single,Commercial,West
P009058,1943-09-19,Male,Widowed,Medicare Advantage,Northeast
P009059,1974-09-13,Male,Married,Medicaid,South
P009060,1959-06-18,Female,Married,Commercial,West
P009061,1978-07-22,Female,Single,Self-Pay,Midwest
P009062,1945-05-05,Male,Married,Self-Pay,West
P009063,2025-11-17,Female,Single,Medicaid,Northeast
P009064,1960-01-12,Female,Single,Commercial,South
P009065,1963-03-28,Female,Single,Medicare Advantage,Northeast
P009066,1935-01-05,Female,Widowed,Medicare,South
P009067,1947-02-10,Female,Married,Commercial,Northeast
P009068,1999-05-25,Female,Single,Medicare,South
P009069,1970-06-08,Female,Married,Medicare,South
P009070,1955-04-19,Male,Divorced,Medicare,Midwest
P009071,1991-12-10,Male,Divorced,Commercial,South
P009072,1979-03-06,Female,Single,Medicare,South
P009073,1962-12-14,Male,Married,Medicare,Midwest
P009074,1945-06-28,Female,Widowed,Medicare,Northeast
P009075,1948-05-28,Female,Single,Commercial,South
P009076,1973-05-02,Female,Married,Commercial,Northeast
P009077,1965-11-29,Female,Married,Commercial,Midwest
P009078,1974-09-28,Male,Married,Medicaid,South
P009079,1959-11-27,Female,Married,Commercial,Midwest
P009080,1977-03-24,Male,Divorced,Medicare Advantage,West
P009081,1963-06-05,Male,Married,Commercial,Northeast
P009082,1955-11-01,Male,Single,Self-Pay,South
P009083,1943-01-06,Female,Married,Self-Pay,South
P009084,1971-07-17,Other,Married,Medicare,West
P009085,1962-02-07,Male,Married,Medicare,Northeast
P009086,1995-01-21,Female,Married,Commercial,West
P009087,2006-03-07,Female,Single,Commercial,Midwest
P009088,1984-01-30,Male,Divorced,Commercial,Northeast
P009089,1978-05-31,Female,Divorced,Medicaid,Northeast
P009090,1941-03-23,Male,Widowed,Medicaid,Northeast
P009091,1932-11-01,Female,Married,Medicaid,South
P009092,1997-06-03,Male,Married,Commercial,Northeast
P009093,1992-10-24,Male,Married,Medicare,Midwest
P009094,2002-09-15,Female,Single,Commercial,Midwest
P009095,1955-11-06,Male,Married,Medicare,South
P009096,1969-06-18,Female,Married,Commercial,Midwest
P009097,1997-08-03,Female,Single,Commercial,South
P009098,1995-08-10,Female,Single,Medicare,South
P009099,1981-09-13,Female,Married,Commercial,South
P009100,1967-06-10,Female,Divorced,Medicaid,South
P009101,1950-07-23,Male,Divorced,Medicare Advantage,South
P009102,1991-06-09,Male,Married,Commercial,Midwest
P009103,1965-09-11,Male,Married,Medicare,Midwest
P009104,1985-02-10,Female,Married,Medicare Advantage,West
P009105,1959-02-22,Male,Widowed,Medicare,Midwest
P009106,1977-07-05,Female,Single,Commercial,West
P009107,1966-04-08,Male,Married,Medicare,West
P009108,1971-12-14,Female,Married,Medicaid,Northeast
P009109,2018-11-24,Male,Single,Medicare,South
P009110,2005-07-01,Female,Single,Medicare,South
P009111,1946-05-02,Male,Married,Medicare,Northeast
P009112,1975-07-29,Male,Married,Medicare,Midwest
P009113,1953-03-17,Male,Widowed,Medicare Advantage,South
P009114,2002-05-06,Female,Single,Medicaid,Midwest
P009115,1934-01-24,Female,Widowed,Medicaid,Midwest
P009116,1943-09-17,Female,Widowed,Medicare,Midwest
P009117,2011-04-22,Female,Single,Commercial,South
P009118,1948-12-13,Female,Married,Commercial,South
P009119,1965-03-23,Female,Single,Commercial,South
P009120,2013-01-30,Male,Single,Commercial,West
P009121,1935-02-25,Female,Widowed,Medicare,Northeast
P009122,1967-06-23,Female,,Medicare,South
P009123,1940-06-25,Female,Married,Commercial,South
P009124,1992-11-22,Male,Single,Medicare,West
P009125,2004-01-29,Female,Single,Medicare,South
P009126,1939-07-16,Female,Widowed,Commercial,Midwest
P009127,1987-12-11,Male,Single,Commercial,West
P009128,1964-04-28,Male,Single,Medicare,South
P009129,1979-12-31,Female,Married,Medicare,Midwest
P009130,1958-07-02,Female,Widowed,Medicare,South
P009131,1947-04-03,Female,Widowed,Other,West
P009132,1968-08-21,Female,Widowed,Medicare,West
P009133,1967-01-31,Female,Married,Commercial,South
P009134,1966-12-07,Female,Married,Commercial,Midwest
P009135,2008-06-25,Male,Single,Commercial,Northeast
P009136,1963-03-31,Male,Married,Commercial,South
P009137,1974-03-03,Male,Divorced,Medicaid,West
P009138,1932-12-13,Female,Widowed,Commercial,South
P009139,2021-04-03,Male,,Medicare,South
P009140,1975-10-19,Male,Married,Medicare,Midwest
P009141,2022-04-29,Female,Single,Medicaid,South
P009142,1992-07-28,Female,Married,Medicare,West
P009143,1997-07-05,Female,Single,Medicare,Midwest
P009144,1949-04-26,Female,Married,Commercial,South
P009145,1981-11-04,Male,Single,Medicaid,South
P009146,1958-03-08,Male,Divorced,Commercial,Midwest
P009147,1954-02-24,Male,Married,Medicare,Northeast
P009148,1999-01-13,Male,Single,Commercial,South
P009149,1977-11-19,Female,Married,Medicare,South
P009150,1953-07-17,Male,Married,Medicare Advantage,Midwest
P009151,1984-03-15,Female,Married,Self-Pay,West
P009152,1992-07-02,Male,Married,Medicare Advantage,South
P009153,1998-03-05,Male,Single,Medicare,South
P009154,1974-11-20,Male,Married,Commercial,Northeast
P009155,1951-07-14,Female,Widowed,Commercial,Northeast
P009156,1956-08-23,Male,Widowed,Commercial,Midwest
P009157,2005-09-17,Female,Single,Commercial,South
P009158,1968-01-06,Male,Married,Medicare,Midwest
P009159,1947-09-15,Male,Widowed,Medicare,West
P009160,1958-08-12,Female,Married,Medicare Advantage,Northeast
P009161,1981-07-06,Female,Married,Commercial,South
P009162,1991-12-12,Female,Single,Medicare,South
P009163,1958-03-22,Female,Widowed,Medicaid,Northeast
P009164,1989-08-25,Male,Divorced,Medicare,South
P009165,1983-05-15,Male,Married,Medicare,West
P009166,1974-08-08,Male,Single,Medicaid,Northeast
P009167,1958-11-04,Male,Single,Medicare,West
P009168,1954-01-22,Male,Married,Commercial,West
P009169,1933-06-26,Female,Widowed,Commercial,Midwest
P009170,1946-11-16,Male,Widowed,Self-Pay,South
P009171,1972-10-05,Female,Divorced,Self-Pay,South
P009172,1988-10-08,Male,Married,Medicare,West
P009173,1961-05-31,Female,Married,Medicare Advantage,South
P009174,2009-09-07,Female,Single,Medicare,West
P009175,1983-05-02,Female,Single,Medicare,Midwest
P009176,1980-08-11,Male,Married,Self-Pay,Midwest
P009177,2024-09-11,Female,Single,Commercial,West
P009178,1947-09-08,Female,Married,Commercial,West
P009179,2002-12-10,Male,Single,Medicare,West
P009180,1968-11-09,Female,Married,Medicare Advantage,South
P009181,1962-11-04,Female,Widowed,Medicare,South
P009182,1974-06-10,Female,Single,Medicare Advantage,Northeast
P009183,1953-02-04,Female,Widowed,Medicare,Northeast
P009184,1976-06-17,Female,Married,Medicaid,South
P009185,1980-03-09,Female,Married,Medicaid,South
P009186,1947-11-19,Male,Single,Medicaid,Northeast
P009187,1983-11-10,Female,Married,Self-Pay,South
P009188,1995-12-08,Female,Married,Commercial,Northeast
P009189,2014-09-27,Male,Single,Commercial,Northeast
P009190,1977-05-02,Female,Married,Commercial,Northeast
P009191,1951-08-01,Female,Divorced,Medicare,South
P009192,1954-11-24,Female,Married,Self-Pay,Northeast
P009193,1980-10-03,Female,Divorced,Medicare,South
P009194,1952-09-09,Male,Married,Medicaid,West
P009195,1960-11-04,Male,Married,Medicaid,South
P009196,2006-07-16,Female,Single,Medicare,South
P009197,1998-08-03,Male,Single,Medicare,West
P009198,1985-12-07,Female,Married,Commercial,Midwest
P009199,2025-01-06,Female,Single,Medicaid,West
P009200,1935-12-01,Male,Widowed,Medicaid,South
P009201,2024-04-05,Male,Single,Medicaid,Northeast
P009202,1996-04-13,Male,Single,Medicare,Northeast
P009203,2006-12-13,Female,Single,Medicaid,Northeast
P009204,1973-12-21,Female,Single,Commercial,Northeast
P009205,1933-05-11,Male,Widowed,Medicaid,South
P009206,1977-01-07,Male,Married,Medicaid,Northeast
P009207,1954-10-13,Female,Married,Medicare Advantage,South
P009208,2001-11-23,Male,Single,Medicaid,Midwest
P009209,1972-01-21,Male,Widowed,Medicaid,South
P009210,2019-02-12,Female,Single,Medicare,South
P009211,1985-06-10,Female,Married,Medicare,South
P009212,1942-05-01,Male,Widowed,Medicaid,West
P009213,1936-12-14,Male,Widowed,Medicaid,Midwest
P009214,2001-05-06,Female,Single,Medicaid,West
P009215,2012-04-05,Male,Single,Commercial,South
P009216,1994-11-22,Male,Married,Medicare,Midwest
P009217,2010-02-11,Male,Single,Medicare,West
P009218,1966-01-06,Male,Married,Medicaid,South
P009219,1952-11-19,Female,Widowed,Medicare Advantage,Midwest
P009220,1943-02-02,Female,Widowed,Medicare Advantage,Midwest
P009221,1998-03-30,Male,Single,Medicare,South
P009222,2006-04-28,Male,Single,Medicare Advantage,South
P009223,1935-01-01,Female,Widowed,Medicaid,South
P009224,1962-11-25,Female,Married,Medicare,South
P009225,2020-07-01,Female,Single,Medicare,South
P009226,1985-04-25,Male,Married,Medicaid,Midwest
P009227,1987-05-06,Female,Married,Medicare,Midwest
P009228,1933-01-08,Female,Married,Commercial,West
P009229,2002-03-12,Female,Single,Medicare,South
P009230,1938-04-29,Male,Single,Medicare,Northeast
P009231,1934-11-12,Male,Single,Medicare,Midwest
P009232,1990-10-29,Male,Single,Commercial,South
P009233,1973-08-25,Female,Widowed,Self-Pay,Midwest
P009234,1999-10-02,Male,Married,Commercial,West
P009235,1981-09-14,Female,Single,Medicaid,West
P009236,2007-05-27,Male,Married,Commercial,West
P009237,1950-07-08,Female,Widowed,Medicare Advantage,Midwest
P009238,1958-03-03,Male,Divorced,Medicare,South
P009239,1952-03-25,Male,Married,Medicaid,Midwest
P009240,2005-10-22,Male,Single,Medicare,South
P009241,1985-12-17,Male,Single,Commercial,Northeast
P009242,1979-08-08,Female,Married,Commercial,Midwest
P009243,1963-06-23,Male,Single,Medicare Advantage,West
P009244,1979-08-22,Male,Divorced,Medicaid,South
P009245,1971-07-13,Female,Single,Medicare,Midwest
P009246,1956-09-12,Male,Married,Medicare,South
P009247,2024-07-16,Female,Single,Medicaid,South
P009248,1975-02-03,Female,Single,Commercial,Midwest
P009249,1949-03-16,Male,Married,Medicaid,South
P009250,1947-02-01,Male,Married,Commercial,West
P009251,1967-07-18,Male,Married,Medicare Advantage,Midwest
P009252,2003-11-03,Female,Single,Self-Pay,South
P009253,2003-08-31,Male,Single,Medicaid,South
P009254,1952-08-08,Female,Widowed,Medicare Advantage,Midwest
P009255,1968-08-08,Male,Married,Commercial,Midwest
P009256,1955-08-19,Male,Married,Medicare Advantage,South
P009257,1969-02-11,Male,Single,Medicaid,
P009258,1947-09-29,Male,Married,Medicare,South
P009259,1962-05-14,Male,Divorced,Medicare,South
P009260,1958-09-23,Female,Divorced,Commercial,Midwest
P009261,1969-01-25,Female,Widowed,Commercial,Northeast
P009262,1951-12-31,Female,Widowed,Medicare,West
P009263,1981-04-03,Male,Divorced,Medicare,South
P009264,1998-03-08,Female,Single,Medicare Advantage,Midwest
P009265,1989-09-24,Female,Married,Medicare Advantage,Midwest
P009266,1951-05-09,Female,Married,Medicare,West
P009267,2014-01-19,Female,Single,Medicare,Midwest
P009268,1955-11-14,Male,Widowed,Medicaid,Northeast
P009269,1999-09-22,Female,Divorced,Medicare Advantage,West
P009270,1970-08-17,Female,Married,Medicaid,Northeast
P009271,1972-04-28,Female,Divorced,Commercial,South
P009272,2021-03-30,Female,Single,Medicare,West
P009273,1932-12-19,Male,Single,Self-Pay,Northeast
P009274,1986-11-15,Female,Married,Medicaid,Northeast
P009275,1954-01-20,Male,Married,Commercial,West
P009276,1950-04-11,Male,Divorced,Commercial,Northeast
P009277,1963-03-04,Female,Married,Commercial,South
P009278,1934-07-08,Female,Married,Commercial,South
P009279,1933-11-28,Female,Married,Medicaid,Midwest
P009280,1955-09-23,Female,Married,Commercial,West
P009281,1947-11-06,Female,Widowed,Medicaid,Northeast
P009282,1944-12-21,Female,Widowed,Medicaid,Midwest
P009283,2005-05-05,Male,Married,Medicare,Northeast
P009284,1954-06-13,Female,Widowed,Medicare Advantage,South
P009285,1945-10-24,Female,Single,Medicaid,Northeast
P009286,1993-07-27,Female,Single,Commercial,South
P009287,1969-08-08,Female,Divorced,Medicare Advantage,South
P009288,1955-08-14,Female,Widowed,Medicaid,Northeast
P009289,1980-07-19,Female,Married,Commercial,Northeast
P009290,1983-01-20,Male,Single,Commercial,South
P009291,1986-02-08,Female,Married,Medicaid,West
P009292,1981-05-06,Male,Single,Commercial,Northeast
P009293,2006-02-21,Female,Single,Commercial,South
P009294,1958-01-28,Female,Widowed,Medicare,Northeast
P009295,1962-01-15,Female,Married,Commercial,Midwest
P009296,1967-02-27,Male,Widowed,Commercial,Northeast
P009297,2001-02-24,Female,Single,Medicare,Northeast
P009298,1980-02-29,Male,Married,Commercial,West
P009299,1929-08-25,Male,Married,Commercial,West
P009300,1986-11-05,Female,Single,Other,South
P009301,1988-09-23,Male,Married,Self-Pay,South
P009302,2003-05-03,Female,Single,Commercial,Midwest
P009303,2006-11-10,Female,Single,Medicaid,Northeast
P009304,1961-03-19,Female,Divorced,Commercial,Midwest
P009305,1953-09-07,Male,Widowed,Medicaid,South
P009306,1975-01-06,Female,Married,Medicare,West
P009307,1976-07-19,Male,Married,Medicare,South
P009308,1969-08-13,Female,Divorced,Self-Pay,South
P009309,1994-08-09,Male,Married,Commercial,West
P009310,1991-09-26,Female,Single,Medicaid,Midwest
P009311,2008-06-30,Male,Single,Medicare,West
P009312,1950-07-09,Male,Divorced,Medicare,South
P009313,1964-06-18,Female,Divorced,Medicare,West
P009314,1931-04-22,Male,Single,Medicare Advantage,South
P009315,1950-04-06,Male,Widowed,Commercial,South
P009316,1933-12-23,Male,Married,Medicare,West
P009317,1955-12-18,Female,Married,Medicare,
P009318,1945-12-15,Male,Married,Medicare,South
P009319,1971-12-28,Male,Married,Medicaid,Midwest
P009320,1956-09-11,Male,Married,Medicare Advantage,Midwest
P009321,1966-03-22,Male,Married,Commercial,South
P009322,1965-11-19,Female,Single,Medicare,Northeast
P009323,1978-03-11,Female,Single,Medicare,South
P009324,1975-04-04,Male,Married,Medicaid,West
P009325,1971-02-13,Male,Divorced,Commercial,Northeast
P009326,1961-06-23,Male,Widowed,Commercial,South
P009327,1946-04-17,Male,Married,Medicare,South
P009328,1945-07-01,Female,Widowed,Other,Midwest
P009329,1978-05-17,Male,Married,Self-Pay,West
P009330,1978-11-01,Male,Married,Commercial,West
P009331,2007-02-01,Female,Single,Medicaid,South
P009332,1964-08-30,Female,Single,Medicare,West
P009333,1940-09-04,Male,Widowed,Commercial,South
P009334,2008-05-20,Male,Single,Commercial,West
P009335,1982-10-05,Male,Single,Medicare,South
P009336,1935-09-22,Female,Married,Medicare,West
P009337,2002-04-02,Female,Single,Medicare Advantage,West
P009338,1946-06-04,Female,Married,Medicaid,South
P009339,1949-02-19,Female,Divorced,Other,West
P009340,1971-12-30,Female,Married,Medicare,West
P009341,1966-06-30,Female,Married,Medicare,Northeast
P009342,1950-05-28,Female,Married,Medicare,West
P009343,1958-03-27,Male,Widowed,Medicare,West
P009344,2020-01-16,Female,Single,Medicare Advantage,South
P009345,1967-10-16,Female,Married,Medicare Advantage,Midwest
P009346,2014-03-13,Female,Single,Medicare Advantage,Northeast
P009347,1930-11-09,Female,Widowed,Medicaid,West
P009348,2021-10-16,Male,Single,Medicare,West
P009349,1950-09-06,Female,Single,Other,South
P009350,1979-09-10,Male,Single,Medicare Advantage,Northeast
P009351,1949-02-06,Male,Married,Medicare,West
P009352,1959-09-21,Male,Married,Commercial,West
P009353,1936-05-17,Female,Married,Commercial,West
P009354,1972-01-16,Male,Married,Medicaid,South
P009355,1998-03-13,Male,Single,Medicaid,South
P009356,2005-12-17,Male,Single,Commercial,Midwest
P009357,1970-01-29,Male,Divorced,Medicare,Northeast
P009358,1967-01-31,Female,Divorced,Commercial,West
P009359,2001-03-17,Female,Single,Commercial,South
P009360,2019-06-22,Male,Single,Commercial,Midwest
P009361,1967-08-17,Male,Divorced,Medicare Advantage,West
P009362,1996-01-17,Female,Married,Medicare,Northeast
P009363,2016-12-10,Female,Single,Medicaid,Midwest
P009364,1996-11-07,Female,Married,Medicaid,South
P009365,1968-01-09,Female,Married,Medicare,Midwest
P009366,1986-09-06,Male,Married,Medicare,
P009367,1934-07-01,Male,Widowed,Medicaid,Midwest
P009368,1956-05-15,Male,Divorced,Medicare,Midwest
P009369,1965-11-08,Female,Married,Medicare,South
P009370,1955-12-04,Female,Widowed,Commercial,West
P009371,1953-11-10,Male,Single,Commercial,West
P009372,2025-01-17,Male,Single,Medicare,Midwest
P009373,1931-04-06,Female,Widowed,Medicare Advantage,Midwest
P009374,1937-06-04,Male,Divorced,Commercial,West
P009375,1936-09-27,Other,Married,Commercial,Northeast
P009376,1987-09-09,Male,Married,Self-Pay,South
P009377,1958-09-14,Female,Married,Medicaid,Northeast
P009378,2019-04-20,Male,Single,Medicare,Northeast
P009379,1977-04-01,Female,Single,Medicaid,Northeast
P009380,1975-02-21,Female,Married,Medicare,South
P009381,1990-02-06,Male,Married,Medicare,South
P009382,1998-11-29,Female,Married,Medicare,Midwest
P009383,1939-07-15,Male,Divorced,Medicare Advantage,Midwest
P009384,1960-04-13,Female,Divorced,Commercial,South
P009385,1970-05-02,Female,Married,Commercial,South
P009386,1942-02-09,Female,Widowed,Medicare,West
P009387,1963-03-22,Female,Divorced,Medicaid,Midwest
P009388,1983-07-10,Female,Married,Medicare Advantage,South
P009389,2003-11-08,Male,Married,Medicare,West
P009390,2008-10-15,Other,Single,Commercial,South
P009391,1953-09-07,Female,Married,Self-Pay,Northeast
P009392,1982-11-21,Male,Single,Medicare Advantage,South
P009393,1953-05-13,Female,Married,Commercial,Midwest
P009394,1992-11-03,Male,Single,Medicare,South
P009395,1943-02-18,Male,Widowed,Commercial,Midwest
P009396,1955-04-07,Female,Married,Commercial,Northeast
P009397,1957-04-12,Female,Married,Medicare,West
P009398,1975-07-02,Female,Single,Medicare,West
P009399,2007-09-28,Male,Single,Commercial,Northeast
P009400,2003-07-27,Male,Single,Medicare,Northeast
P009401,1935-02-05,Female,Widowed,Medicaid,West
P009402,2021-03-21,Female,Single,Self-Pay,South
P009403,1987-06-27,Male,Married,Medicare,West
P009404,1972-03-21,Female,Widowed,Commercial,South
P009405,1940-11-15,Female,Widowed,Commercial,Midwest
P009406,2012-10-01,Female,Single,Medicare Advantage,Midwest
P009407,1996-11-22,Male,Married,Self-Pay,Midwest
P009408,1952-04-07,Female,Married,Medicaid,West
P009409,1969-03-25,Male,Divorced,Commercial,South
P009410,1975-07-26,Female,Married,Medicaid,South
P009411,1962-11-04,Female,Married,Medicaid,Midwest
P009412,2025-11-14,Male,Single,Commercial,Northeast
P009413,1975-02-21,Female,Divorced,Medicare,Midwest
P009414,1965-04-28,Female,Single,Commercial,Midwest
P009415,1950-03-07,Female,Married,Self-Pay,South
P009416,1943-12-14,Female,Married,Medicare,Northeast
P009417,1944-09-02,Female,Divorced,Commercial,West
P009418,1957-12-18,Female,Married,Other,Northeast
P009419,1982-11-20,Male,Married,Medicare,Northeast
P009420,1929-05-30,Male,Widowed,Medicare,South
P009421,1956-03-29,Female,Married,Medicare Advantage,South
P009422,1932-02-25,Female,Married,Medicare,West
P009423,1968-04-03,Female,Widowed,Medicare,West
P009424,1967-01-13,Male,Widowed,Commercial,
P009425,1970-12-19,Male,Married,Self-Pay,Northeast
P009426,1970-08-11,Male,Married,Medicare,
P009427,2002-01-06,Male,Single,Medicare,Midwest
P009428,1984-06-16,Male,Single,Medicare Advantage,Northeast
P009429,2018-12-30,Male,Single,Self-Pay,South
P009430,1973-02-28,Female,Divorced,Medicaid,South
P009431,2014-08-30,Female,Single,Medicaid,Midwest
P009432,1961-08-04,Female,Divorced,Medicare Advantage,South
P009433,1981-03-21,Male,Single,Medicaid,South
P009434,1953-03-28,Male,Married,Medicare,South
P009435,1991-12-15,Female,Single,Commercial,West
P009436,1952-07-19,Female,Married,Medicare,West
P009437,1930-06-12,Female,Widowed,Commercial,Midwest
P009438,1960-08-29,Male,Married,Self-Pay,Northeast
P009439,1987-06-14,Male,Divorced,Medicare,Midwest
P009440,1973-06-23,Female,Divorced,Commercial,South
P009441,1982-10-30,Male,Married,Medicare,South
P009442,1954-08-29,Male,Married,Commercial,South
P009443,1994-06-02,Female,Single,Medicare,West
P009444,1987-09-28,Female,Single,Commercial,West
P009445,1991-08-19,Male,Single,Medicare,West
P009446,1999-11-29,Female,Single,Other,Northeast
P009447,2020-05-09,Male,Single,Self-Pay,Midwest
P009448,2024-02-27,Male,Single,Medicaid,South
P009449,1985-04-07,Female,Married,Medicare,West
P009450,1967-03-17,Female,Single,Commercial,South
P009451,1975-11-15,Male,,Medicaid,Midwest
P009452,2007-11-03,Male,Single,Commercial,South
P009453,1963-06-23,Male,Divorced,Medicare Advantage,South
P009454,1999-04-05,Male,Single,Medicaid,South
P009455,1959-10-29,Female,Married,Commercial,Midwest
P009456,1938-06-01,Male,Widowed,Commercial,Northeast
P009457,2007-05-07,Female,Single,Medicare,Northeast
P009458,1964-01-31,Male,Married,Self-Pay,West
P009459,1984-05-12,Male,Married,Commercial,Northeast
P009460,1939-05-10,Male,Married,Commercial,South
P009461,1976-03-31,Male,Married,Medicaid,South
P009462,1989-12-07,Female,Married,Medicare Advantage,Midwest
P009463,1950-05-16,Female,Divorced,Medicare,Midwest
P009464,1942-05-28,Male,Single,Medicare,West
P009465,1973-11-10,Male,Married,Commercial,South
P009466,1970-04-07,Male,Married,Commercial,West
P009467,1995-02-15,Female,Married,Medicare,South
P009468,1954-03-18,Female,Married,Medicare,Midwest
P009469,1997-04-02,Female,Married,Medicaid,South
P009470,1975-09-27,Female,Married,Medicare,Northeast
P009471,1967-11-09,Male,Married,Medicare Advantage,Northeast
P009472,1964-10-22,Male,Single,Medicare,South
P009473,2010-04-03,Male,Single,Medicare Advantage,Northeast
P009474,1975-05-03,Female,Married,Medicaid,Midwest
P009475,1983-01-07,Female,Single,Medicare,Northeast
P009476,1966-10-14,Female,Divorced,Commercial,West
P009477,1957-02-03,Female,Single,Medicaid,South
P009478,2017-06-03,Female,Single,Commercial,West
P009479,2014-04-25,Female,Single,Medicare,West
P009480,1957-01-21,Female,Widowed,Medicare Advantage,West
P009481,2014-04-06,Female,Single,Commercial,Midwest
P009482,1943-04-27,Female,Married,Medicare,South
P009483,1995-12-04,Female,Single,Medicare,South
P009484,1989-04-23,Female,Single,Medicare Advantage,Northeast
P009485,1989-12-10,Male,Divorced,Medicare,West
P009486,1948-06-05,Male,Widowed,Self-Pay,South
P009487,1941-02-13,Male,Divorced,Commercial,Northeast
P009488,1996-11-02,Female,Married,Medicare Advantage,West
P009489,1967-02-21,Female,Married,Other,West
P009490,1973-08-11,Male,Divorced,Commercial,South
P009491,1970-04-05,Female,Married,Medicare,West
P009492,2009-03-02,Male,Single,Medicare,South
P009493,1973-05-05,Female,Widowed,Commercial,Midwest
P009494,1942-06-15,Male,Married,Medicaid,Northeast
P009495,2005-05-23,Female,Single,Commercial,West
P009496,1980-01-04,Female,Married,Medicare,West
P009497,1978-05-17,Female,Married,Other,South
P009498,1974-02-26,Male,Single,Commercial,South
P009499,1992-02-25,Female,Divorced,Commercial,Northeast
P009500,1959-07-12,Female,Single,Self-Pay,West
P009501,1991-12-09,Male,Divorced,Medicaid,South
P009502,2025-09-11,Male,Single,Medicare Advantage,Midwest
P009503,1960-05-09,Female,Married,Medicare,West
P009504,1957-11-06,Female,Divorced,Medicaid,South
P009505,1996-05-21,Male,Married,Commercial,West
P009506,1979-08-16,Female,Married,Commercial,South
P009507,1977-08-16,Male,Married,Medicare Advantage,South
P009508,1993-12-12,Female,Married,Medicare,Midwest
P009509,1946-12-07,Male,Single,Medicare Advantage,South
P009510,1946-12-09,Male,Married,Commercial,West
P009511,1968-04-22,Female,Married,Medicare,Northeast
P009512,1985-05-30,Female,Single,Medicare,Midwest
P009513,1956-04-21,Male,Married,Medicare,West
P009514,1974-06-08,Female,Married,Medicare,Midwest
P009515,2006-08-07,Male,Single,Commercial,West
P009516,1975-07-28,Male,Married,Medicare,Midwest
P009517,1989-12-06,Male,Single,Medicaid,West
P009518,1992-05-22,Male,Single,Medicaid,West
P009519,1986-09-01,Female,Married,Medicaid,Northeast
P009520,1963-04-11,Male,Married,Self-Pay,South
P009521,1946-01-02,Male,Widowed,Medicare,South
P009522,1931-04-25,Male,Widowed,Medicaid,West
P009523,1971-03-10,Male,Divorced,Medicare,West
P009524,1963-12-22,Female,Married,Commercial,South
P009525,1957-09-14,Male,Widowed,Medicare,South
P009526,1954-03-07,Male,Married,Medicaid,South
P009527,1950-01-18,Female,Married,Other,South
P009528,1986-01-13,Female,Married,Medicaid,Midwest
P009529,2017-09-09,Female,Single,Medicaid,South
P009530,1978-12-27,Female,Single,Medicare Advantage,West
P009531,1952-11-25,Male,Married,Commercial,South
P009532,1989-09-27,Male,Married,Medicaid,West
P009533,1956-11-02,Male,Married,Medicaid,South
P009534,2003-04-05,Female,Single,Medicare,West
P009535,1937-07-21,Male,Widowed,Medicaid,South
P009536,2007-03-11,Female,Single,Medicare,South
P009537,1963-08-03,Female,Married,Commercial,West
P009538,1958-09-19,Female,Widowed,Medicare,Northeast
P009539,1998-09-03,Male,Single,Medicare,Midwest
P009540,1965-11-15,Female,Single,Medicare,South
P009541,2002-05-15,Female,Single,Self-Pay,Midwest
P009542,1965-05-18,Female,Widowed,Medicare,South
P009543,1947-11-30,Female,Widowed,Medicaid,West
P009544,1935-03-14,Female,Married,Commercial,Midwest
P009545,1974-03-01,Female,Married,Commercial,South
P009546,1983-10-08,Female,Single,Self-Pay,South
P009547,2021-04-24,Female,Single,Medicare,South
P009548,1981-04-03,Female,Married,Medicare Advantage,South
P009549,1961-11-22,Female,Married,Medicaid,Midwest
P009550,1963-07-05,Male,Married,Medicare Advantage,South
P009551,1954-01-22,Female,Divorced,Medicare Advantage,West
P009552,2019-04-25,Female,Single,Medicare,South
P009553,1999-04-12,Male,Single,Medicaid,Midwest
P009554,1977-07-24,Female,Married,Medicare,South
P009555,2021-07-22,Female,Single,Commercial,Midwest
P009556,1970-03-27,Male,Married,Medicare,South
P009557,1982-04-22,Male,Single,Medicaid,South
P009558,1934-08-23,Male,Married,Commercial,Northeast
P009559,2025-02-05,Male,Single,Medicare,West
P009560,1954-04-13,Male,Married,Commercial,South
P009561,1959-11-26,Male,Divorced,Medicaid,Northeast
P009562,2000-05-01,Female,Single,Medicaid,South
P009563,1956-12-15,Male,Married,Medicare,South
P009564,1946-03-04,Male,Divorced,Medicare,South
P009565,1962-05-18,Female,Married,Medicaid,Midwest
P009566,1952-04-12,Male,Married,Commercial,South
P009567,2020-07-12,Male,Single,Commercial,West
P009568,2016-07-25,Female,Single,Medicare Advantage,Northeast
P009569,1986-03-14,Male,Divorced,Medicare,South
P009570,1941-07-06,Female,Widowed,Medicare,Midwest
P009571,1943-11-28,Male,Divorced,Medicare Advantage,Northeast
P009572,2000-11-11,Male,Single,Commercial,South
P009573,1996-02-07,Female,Single,Medicare Advantage,Northeast
P009574,1957-12-14,Female,Married,Other,Northeast
P009575,2011-04-13,Male,Single,Commercial,West
P009576,1995-01-12,Female,Divorced,Medicare Advantage,Midwest
P009577,2008-07-25,Male,Single,Commercial,South
P009578,2000-01-08,Male,Single,Medicare,Northeast
P009579,1986-12-03,Female,Married,Medicare Advantage,Northeast
P009580,1935-11-14,Male,Widowed,Medicare,Northeast
P009581,1949-11-14,Male,Single,Medicare,Midwest
P009582,1947-11-21,Female,Married,Medicaid,Midwest
P009583,2005-03-13,Male,Single,Medicare Advantage,Northeast
P009584,1992-06-06,Male,Divorced,Medicare,South
P009585,2003-08-05,Male,Single,Medicare Advantage,South
P009586,2004-06-16,Female,Single,Medicare,Midwest
P009587,1970-02-02,Female,Married,Commercial,South
P009588,1953-06-15,Female,Married,Medicare,West
P009589,1990-07-12,Female,Single,Medicare,South
P009590,1952-11-14,Female,Married,Commercial,Midwest
P009591,1964-11-22,Female,Widowed,Other,West
P009592,1966-04-09,Male,Divorced,Medicaid,South
P009593,1939-01-10,Female,Widowed,Medicaid,West
P009594,1992-03-23,Female,Married,Medicare,South
P009595,2007-07-13,Female,Single,Medicare,Midwest
P009596,1983-09-21,Male,Married,Commercial,West
P009597,1988-01-28,Male,Married,Medicare,South
P009598,1987-01-07,Male,Married,Medicaid,South
P009599,1979-02-23,Female,Single,Medicaid,West
P009600,1995-06-06,Female,Married,Commercial,Northeast
P009601,1973-09-21,Female,Single,Medicaid,Northeast
P009602,2005-06-26,Female,Single,Medicare,Midwest
P009603,1969-06-12,Female,Divorced,Medicaid,Northeast
P009604,1996-06-18,Female,Married,Commercial,West
P009605,1986-06-13,Female,Married,Medicare Advantage,Northeast
P009606,1964-09-30,Male,Single,Commercial,South
P009607,1990-07-16,Female,Married,Other,South
P009608,1968-09-10,Female,Single,Medicare,Northeast
P009609,1955-08-14,Female,Divorced,Commercial,Midwest
P009610,1972-02-23,Male,Widowed,Commercial,West
P009611,1975-07-24,Female,Single,Commercial,Midwest
P009612,1972-03-26,Male,Married,Commercial,Northeast
P009613,1961-06-24,Male,Married,Medicare,South
P009614,1975-02-09,Male,Married,Medicaid,South
P009615,1954-04-16,Male,Divorced,Commercial,Midwest
P009616,1935-11-22,Male,Married,Commercial,Midwest
P009617,1972-02-22,Female,Divorced,Medicare,Midwest
P009618,1950-01-26,Female,Divorced,Commercial,South
P009619,2017-06-07,Female,Single,Commercial,South
P009620,1998-03-05,Male,Single,Medicaid,Northeast
P009621,1956-09-17,Male,Married,Medicaid,West
P009622,1965-10-12,Female,Divorced,Medicare,South
P009623,1969-03-19,Male,Married,Commercial,South
P009624,1967-11-14,Female,Married,Commercial,
P009625,2004-09-26,Female,Single,Medicare,Midwest
P009626,1979-02-22,Male,Single,Commercial,Northeast
P009627,1987-10-02,Female,Single,Commercial,West
P009628,2011-08-17,Male,Single,Medicare,West
P009629,1948-04-23,Female,Married,Medicaid,South
P009630,1986-09-03,Female,Widowed,Medicaid,South
P009631,1973-01-31,Male,Married,Medicare,West
P009632,2006-12-28,Female,Single,Medicare,West
P009633,1933-01-13,Male,Widowed,Self-Pay,South
P009634,1985-02-07,Male,Single,Commercial,South
P009635,1955-05-31,Male,Divorced,Commercial,Northeast
P009636,2021-06-28,Male,Single,Medicaid,South
P009637,1959-01-12,Female,Married,Medicare Advantage,Midwest
P009638,2002-02-22,Female,Married,Medicaid,Midwest
P009639,2015-07-29,Female,Single,Medicare,Northeast
P009640,1971-02-24,Male,Divorced,Medicaid,South
P009641,2010-12-01,Male,Single,Medicare,South
P009642,1983-07-08,Male,Married,Commercial,South
P009643,1946-12-29,Male,Widowed,Commercial,Northeast
P009644,1949-09-19,Male,Single,Self-Pay,Midwest
P009645,1959-07-20,Male,Married,Commercial,Midwest
P009646,1980-09-03,Female,Single,Medicaid,Midwest
P009647,1978-01-12,Female,Widowed,Medicare,South
P009648,1976-01-29,Female,Married,Medicare,West
P009649,2023-08-18,Male,Single,Commercial,Midwest
P009650,1957-01-01,Male,Single,Commercial,South
P009651,1963-09-30,Male,Married,Commercial,West
P009652,2017-01-29,Male,Single,Commercial,West
P009653,1965-12-07,Female,Married,Medicare,West
P009654,1966-11-11,Male,Married,Medicare Advantage,South
P009655,1984-01-05,Female,Married,Medicaid,Northeast
P009656,1962-05-03,Female,Single,Medicare,West
P009657,1967-11-22,Female,Widowed,Medicare,Midwest
P009658,1995-02-02,Male,Single,Medicare,South
P009659,1955-10-28,Female,Married,Commercial,Midwest
P009660,1943-05-30,Male,Single,Medicaid,Midwest
P009661,1972-07-19,Female,Divorced,Medicare,Northeast
P009662,1968-02-24,Male,Widowed,Commercial,Northeast
P009663,1951-07-07,Female,Single,Commercial,West
P009664,1995-02-12,Female,Married,Medicare,South
P009665,1960-06-11,Female,Single,Medicare,West
P009666,1968-12-29,Female,Married,Self-Pay,South
P009667,1974-11-09,Female,Single,Medicaid,South
P009668,1962-12-10,Female,Divorced,Medicaid,Midwest
P009669,1975-09-21,Male,Divorced,Medicaid,Northeast
P009670,1977-01-30,Male,Single,Medicare,South
P009671,1962-03-18,Female,Married,Commercial,Northeast
P009672,1981-02-04,Male,Married,Medicare,Northeast
P009673,2025-10-01,Male,Single,Medicare,West
P009674,1947-01-12,Male,Married,Commercial,Northeast
P009675,1976-09-16,Female,Married,Other,South
P009676,1986-03-19,Female,Married,Other,Northeast
P009677,1974-10-16,Male,Divorced,Commercial,Midwest
P009678,1949-10-20,Female,Married,Medicare,South
P009679,1969-10-30,Male,Single,Commercial,Midwest
P009680,2017-04-09,Female,Single,Commercial,South
P009681,1954-04-14,Male,Single,Medicare,Northeast
P009682,1970-04-04,Female,Married,Medicare,Northeast
P009683,1990-07-25,Male,Divorced,Medicare,Midwest
P009684,1990-01-31,Female,Married,Medicare,Midwest
P009685,1992-03-07,Female,Married,Commercial,West
P009686,2011-04-12,Female,Single,Medicaid,South
P009687,1966-05-07,Male,Widowed,Medicare Advantage,South
P009688,2018-12-09,Male,Single,Medicare,Northeast
P009689,1951-11-10,Female,Married,Medicare,Northeast
P009690,1973-01-26,Male,Married,Medicaid,Midwest
P009691,1960-02-18,Male,Married,Medicare Advantage,South
P009692,1959-05-13,Female,Married,Medicare Advantage,South
P009693,1987-04-18,Female,Married,Medicare,South
P009694,1957-03-14,Male,Divorced,Medicare,South
P009695,2006-09-21,Male,Single,Medicaid,West
P009696,1938-10-04,Male,Divorced,Medicare,South
P009697,2001-10-27,Female,Single,Medicare,West
P009698,1974-04-22,Female,Divorced,Medicare,South
P009699,1974-05-28,Male,Married,Medicare,South
P009700,1970-07-29,Female,Single,Commercial,South
P009701,1974-02-15,Female,Married,Medicare Advantage,Northeast
P009702,2013-03-31,Male,Single,Self-Pay,West
P009703,2004-07-17,Female,Single,Medicaid,Midwest
P009704,1972-04-13,Female,Married,Medicaid,Midwest
P009705,1975-08-24,Female,Single,Medicare,South
P009706,2001-11-20,Male,Single,Medicare,Midwest
P009707,1949-03-01,Male,Married,Medicare Advantage,South
P009708,1971-03-13,Female,Widowed,Medicare,Northeast
P009709,2025-12-25,Male,Single,Commercial,West
P009710,1978-11-04,Male,Married,Medicare Advantage,Midwest
P009711,1948-01-13,Male,Married,Medicare,South
P009712,1963-01-06,Female,Married,Commercial,West
P009713,1984-09-03,Female,Single,Medicaid,Midwest
P009714,1966-12-05,Male,Divorced,Commercial,South
P009715,1970-01-25,Female,Married,Commercial,Northeast
P009716,1954-02-07,Female,Divorced,Self-Pay,Midwest
P009717,1978-06-02,Female,Married,Other,West
P009718,1982-04-24,Female,Married,Medicare,Midwest
P009719,1956-10-11,Male,Married,Medicare Advantage,Midwest
P009720,1980-04-11,Female,Divorced,Self-Pay,West
P009721,2023-08-26,Female,Single,Commercial,South
P009722,2003-11-16,Male,Single,Medicare,West
P009723,1960-12-21,Male,Married,Commercial,South
P009724,1943-05-20,Female,Widowed,Other,Midwest
P009725,1995-03-22,Male,Married,Commercial,Midwest
P009726,1964-10-02,Female,Divorced,Commercial,West
P009727,2004-10-05,Female,Single,Medicare,Northeast
P009728,1962-06-20,Male,Widowed,Medicare,South
P009729,1944-09-29,Female,Married,Commercial,West
P009730,1963-04-05,Female,Single,Self-Pay,Midwest
P009731,2010-09-25,Male,Single,Medicare,Midwest
P009732,1987-09-18,Male,Married,Medicare,South
P009733,1944-03-17,Male,Married,Medicare,South
P009734,1953-10-29,Male,Divorced,Medicare,West
P009735,2015-04-03,Male,Single,Medicare,South
P009736,2003-01-04,Female,Single,Commercial,South
P009737,1966-08-29,Female,Single,Medicare,West
P009738,1931-09-17,Male,Divorced,Medicare,South
P009739,1958-10-19,Male,Divorced,Medicare Advantage,South
P009740,1996-03-04,Male,Single,Commercial,South
P009741,1969-10-01,Male,Divorced,Medicare,South
P009742,1977-02-03,Female,Married,Self-Pay,South
P009743,2020-10-31,Male,Single,Self-Pay,Midwest
P009744,2001-11-28,Other,Single,Other,Midwest
P009745,1961-07-08,Female,Married,Medicare,Midwest
P009746,2011-11-06,Female,Single,Medicare,Midwest
P009747,2012-06-17,Male,Single,Commercial,West
P009748,1962-12-02,Female,Divorced,Medicaid,Midwest
P009749,2011-09-22,Female,Single,Self-Pay,Midwest
P009750,1938-08-29,Female,Widowed,Medicaid,Midwest
P009751,1936-02-02,Male,Widowed,Commercial,Northeast
P009752,1988-09-12,Male,Married,Medicaid,South
P009753,1957-09-27,Female,Married,Medicare,South
P009754,1939-01-16,Male,Widowed,Medicare,Midwest
P009755,2000-04-12,Male,Single,Commercial,South
P009756,2002-02-14,Female,Single,Medicare,Northeast
P009757,2024-09-27,Female,Single,Medicaid,Northeast
P009758,1961-05-20,Male,Divorced,Medicaid,South
P009759,1983-03-28,Female,Single,Medicare,Northeast
P009760,2025-09-28,Male,Single,Commercial,Northeast
P009761,1991-03-04,Male,Married,Medicare,Midwest
P009762,1976-10-25,Female,Widowed,Medicare,Midwest
P009763,1947-04-25,Male,Single,Commercial,Midwest
P009764,1964-12-26,Female,Married,Medicaid,West
P009765,1959-01-08,Female,Widowed,Self-Pay,South
P009766,1960-07-30,Male,Married,Self-Pay,West
P009767,1996-03-03,Male,Single,Commercial,West
P009768,1961-06-25,Female,Single,Medicare Advantage,Midwest
P009769,1976-03-18,Female,Married,Medicaid,South
P009770,1952-09-02,Male,Married,Commercial,South
P009771,2004-12-12,Female,Married,Commercial,Northeast
P009772,1978-05-13,Male,Single,Self-Pay,Midwest
P009773,2016-08-21,Female,Single,Medicare,Northeast
P009774,2020-08-22,Female,Single,Self-Pay,Northeast
P009775,1995-04-28,Female,Married,Medicare Advantage,South
P009776,1991-08-04,Female,Married,Commercial,South
P009777,1955-03-28,Female,Widowed,Medicare,South
P009778,2007-03-21,Female,Single,Medicaid,Midwest
P009779,1970-05-21,Female,Married,Other,South
P009780,1974-03-01,Male,Married,Medicaid,West
P009781,1933-01-06,Female,Widowed,Commercial,South
P009782,1998-10-05,Male,Single,Medicare,South
P009783,1987-01-18,Female,Married,Commercial,South
P009784,1987-05-31,Female,Married,Commercial,South
P009785,1956-04-07,Male,Married,Medicare Advantage,Northeast
P009786,1982-08-17,Female,Married,Commercial,South
P009787,1937-09-27,Female,Married,Commercial,Northeast
P009788,1982-07-12,Male,Married,Medicare,South
P009789,2015-12-21,Female,Single,Medicare,South
P009790,2001-11-18,Female,Single,Medicaid,Midwest
P009791,1972-05-07,Male,Married,Medicare,Midwest
P009792,1981-02-24,Male,Married,Medicare,Midwest
P009793,1957-10-07,Male,Married,Commercial,South
P009794,2016-05-30,Female,Single,Medicare,South
P009795,1990-12-01,Female,Single,Medicaid,Northeast
P009796,1988-06-15,Male,Married,Commercial,Northeast
P009797,1998-12-24,Female,Married,Other,Midwest
P009798,1945-11-08,Female,Widowed,Medicaid,South
P009799,1959-06-01,Male,Widowed,Medicaid,South
P009800,1993-02-12,Male,Married,Medicare,South
P009801,1942-12-12,Female,Divorced,Commercial,Midwest
P009802,1977-05-09,Male,Single,Commercial,South
P009803,2004-01-15,Female,Single,Medicare,West
P009804,1973-05-26,Female,Married,Medicare Advantage,South
P009805,2003-05-16,Male,Single,Medicare,West
P009806,1960-01-09,Female,Single,Medicare,South
P009807,2019-06-28,Female,Single,Medicare Advantage,South
P009808,2008-11-29,Female,Single,Medicaid,Northeast
P009809,1948-08-06,Female,Married,Commercial,Midwest
P009810,1968-12-29,Female,Single,Medicaid,South
P009811,2019-11-30,Female,Single,Commercial,South
P009812,2004-10-27,Male,Single,Medicaid,West
P009813,1936-02-18,Male,Divorced,Self-Pay,Northeast
P009814,1960-09-30,Female,Divorced,Medicare,South
P009815,1981-01-02,Male,Single,Medicare,South
P009816,1966-05-01,Male,Married,Medicare,South
P009817,1989-12-13,Male,Single,Medicare,Midwest
P009818,2023-07-13,Male,Single,Commercial,South
P009819,1937-07-25,Male,Married,Medicare,South
P009820,1986-10-19,Female,Married,Medicare,Midwest
P009821,1966-10-02,Female,Married,Medicaid,Northeast
P009822,1946-08-19,Male,Widowed,Medicare Advantage,West
P009823,1954-04-21,Female,Married,Medicare,Midwest
P009824,1992-11-30,Female,Married,Medicare,Northeast
P009825,1964-10-14,Female,Married,Medicare,South
P009826,1952-12-08,Male,Married,Self-Pay,South
P009827,2008-07-21,Male,Single,Medicare,South
P009828,1962-04-13,Male,Widowed,Medicare,South
P009829,1979-05-05,Female,Married,Medicaid,South
P009830,1947-08-26,Male,Single,Medicare,South
P009831,1968-11-21,Female,Single,Medicaid,Midwest
P009832,1991-05-10,Female,Married,Commercial,Northeast
P009833,1938-09-28,Female,Married,Medicaid,West
P009834,1971-01-08,Female,Married,Medicaid,Northeast
P009835,1933-11-20,Female,Widowed,Medicaid,Northeast
P009836,1937-06-24,Female,Widowed,Commercial,West
P009837,1947-09-23,Female,Divorced,Medicare,Northeast
P009838,1969-05-22,Male,Married,Commercial,West
P009839,2016-03-27,Male,Single,Self-Pay,South
P009840,2002-05-21,Female,Married,Self-Pay,West
P009841,1993-01-04,Male,Married,Medicare,South
P009842,1947-09-04,Female,Married,Medicaid,South
P009843,1961-09-02,Female,Widowed,Medicare Advantage,South
P009844,2023-04-02,Female,Single,Commercial,West
P009845,1983-03-13,Male,Married,Medicaid,Northeast
P009846,1957-03-21,Female,Married,Commercial,West
P009847,1952-09-11,Male,Widowed,Medicare,
P009848,1961-09-12,Female,Married,Medicaid,Midwest
P009849,1979-07-23,Female,Divorced,Medicaid,Northeast
P009850,1959-12-16,Male,Married,Medicare Advantage,Midwest
P009851,1983-10-12,Male,Married,Medicare,Midwest
P009852,1968-09-30,Female,Married,Medicaid,Midwest
P009853,1966-10-10,Male,Widowed,Commercial,Northeast
P009854,1946-06-15,Male,Married,Medicare,Midwest
P009855,1958-12-30,Female,Widowed,Medicare,South
P009856,1942-03-23,Female,Widowed,Medicare,South
P009857,1995-06-03,Female,Married,Medicaid,Northeast
P009858,2003-05-13,Female,Single,Commercial,South
P009859,1987-09-26,Male,Married,Self-Pay,Midwest
P009860,2014-07-22,Female,Single,Medicare Advantage,South
P009861,1941-01-16,Female,Widowed,Medicare,Midwest
P009862,1976-12-10,Male,Married,Commercial,Midwest
P009863,1967-06-12,Female,Married,Medicare Advantage,South
P009864,1975-06-30,Female,Married,Medicare Advantage,West
P009865,2004-06-17,Female,Single,Commercial,South
P009866,1982-04-23,Female,Single,Medicare Advantage,South
P009867,1970-03-23,Male,Married,Commercial,Midwest
P009868,1966-08-14,Female,Single,Commercial,West
P009869,1960-07-13,Female,Married,Medicare,South
P009870,1965-06-06,Male,Married,Medicaid,South
P009871,1965-12-17,Male,Married,Other,Northeast
P009872,1958-03-08,Male,Married,Medicare,South
P009873,1974-10-01,Male,Divorced,Medicaid,West
P009874,1989-09-15,Female,Single,Medicare,Midwest
P009875,2026-01-31,Male,Single,Commercial,Northeast
P009876,2020-08-07,Male,Single,Commercial,South
P009877,1955-11-25,Female,Married,Commercial,South
P009878,1954-10-19,Female,Married,Medicare,South
P009879,1958-08-04,Male,Married,Medicare,Midwest
P009880,1963-10-16,Male,Married,Self-Pay,South
P009881,2008-04-14,Female,Single,Medicare,West
P009882,2005-06-26,Male,Married,Commercial,Midwest
P009883,2009-03-08,Male,Single,Medicare,South
P009884,1966-01-12,Female,Single,Medicare,South
P009885,1968-05-22,Female,Divorced,Commercial,Midwest
P009886,1984-01-16,Female,Married,Medicare Advantage,Northeast
P009887,2017-04-25,Male,Single,Medicaid,Northeast
P009888,2003-09-22,Male,Single,Commercial,South
P009889,1971-08-26,Male,Married,Medicaid,West
P009890,1989-07-28,Male,Widowed,Commercial,Midwest
P009891,2000-07-09,Female,Married,Commercial,South
P009892,1945-10-20,Male,Widowed,Medicare,Midwest
P009893,1989-02-05,Female,Married,Commercial,West
P009894,1999-12-17,Female,Single,Medicaid,Midwest
P009895,1965-11-20,Female,Married,Medicare,South
P009896,1986-09-16,Male,Single,Medicare,West
P009897,1953-06-28,Female,Single,Medicare Advantage,Northeast
P009898,1955-07-29,Male,,Medicaid,Midwest
P009899,1950-04-30,Male,Married,Medicare,West
P009900,1937-12-21,Female,Married,Commercial,South
P009901,1951-02-05,Female,Married,Commercial,West
P009902,1961-12-08,Male,Single,Medicaid,Northeast
P009903,1969-11-25,Female,Married,Commercial,South
P009904,1982-05-17,Male,Married,Medicare,West
P009905,1966-05-16,Female,Single,Commercial,Midwest
P009906,1968-04-01,Male,Married,Medicare,South
P009907,1997-06-06,Male,Single,Commercial,South
P009908,1987-05-22,Male,Married,Commercial,
P009909,1936-09-13,Female,Widowed,Other,South
P009910,2021-02-25,Male,Single,Commercial,Northeast
P009911,1996-03-26,Male,Single,Self-Pay,Midwest
P009912,1949-01-01,Female,Married,Medicare,Midwest
P009913,1981-03-18,Male,Single,Medicare Advantage,South
P009914,2011-08-03,Female,Single,Medicare,Midwest
P009915,1945-03-20,Male,Married,Medicare,South
P009916,2008-07-18,Male,Married,Medicare,Northeast
P009917,1955-01-12,Female,Married,Medicare Advantage,South
P009918,1956-12-19,Female,Married,Medicare,West
P009919,2020-07-24,Male,Single,Commercial,Northeast
P009920,1956-01-24,Male,Married,Commercial,Northeast
P009921,1995-08-23,Male,Single,Medicare Advantage,South
P009922,1956-10-22,Male,Married,Medicaid,South
P009923,1976-04-05,Female,Divorced,Medicare,South
P009924,1952-08-01,Female,Divorced,Medicare,Northeast
P009925,1982-03-02,Female,Married,Medicare,Midwest
P009926,1958-11-08,Female,Divorced,Medicaid,Midwest
P009927,1955-05-02,Female,,Commercial,Midwest
P009928,1959-08-12,Female,Widowed,Self-Pay,South
P009929,2007-11-02,Male,Divorced,Medicare,South
P009930,1966-06-20,Female,Single,Medicare,Midwest
P009931,2006-03-27,Female,Single,Commercial,South
P009932,1975-07-13,Male,Married,Medicare,South
P009933,1970-12-04,Male,Married,Medicare Advantage,Midwest
P009934,2021-01-05,Male,Single,Medicare Advantage,West
P009935,1952-10-26,Female,Widowed,Medicare,South
P009936,1954-12-31,Female,Divorced,Medicare,Northeast
P009937,2003-01-28,Female,Married,Medicare,South
P009938,2007-10-18,Male,Single,Medicare Advantage,West
P009939,1946-10-06,Male,Married,Commercial,South
P009940,1942-09-15,Male,Widowed,Medicare,Midwest
P009941,1947-04-01,Male,Widowed,Medicare Advantage,South
P009942,1935-09-19,Female,Married,Commercial,West
P009943,1959-12-30,Male,Married,Medicare,South
P009944,1992-08-28,Female,Married,Commercial,South
P009945,1978-04-20,Female,Divorced,Medicare Advantage,West
P009946,1990-09-06,Female,Single,Medicare,Midwest
P009947,2026-02-24,Male,Single,Medicare,West
P009948,1943-11-25,Female,Divorced,Commercial,Northeast
P009949,1972-01-06,Female,Divorced,Medicare,West
P009950,1997-09-15,Male,Single,Medicare,Midwest
P009951,1996-05-25,Female,Single,Medicare,South
P009952,1949-05-09,Male,Married,Medicaid,South
P009953,2017-05-04,Male,Single,Medicare Advantage,Northeast
P009954,2004-12-03,Male,Single,Medicare Advantage,Northeast
P009955,1987-09-25,Male,Single,Commercial,South
P009956,2001-03-14,Female,Single,Medicaid,South
P009957,1966-12-26,Male,Married,Medicare,Midwest
P009958,1957-06-21,Male,Married,Medicare,South
P009959,2002-01-11,Female,Single,Medicaid,South
P009960,1941-10-11,Male,Widowed,Medicare,Northeast
P009961,1956-08-02,Male,Married,Medicaid,West
P009962,1952-12-16,Male,Married,Commercial,South
P009963,1991-03-21,Female,Married,Medicaid,South
P009964,1965-07-02,Female,Married,Other,Midwest
P009965,1950-06-17,Female,Single,Medicaid,West
P009966,1960-07-01,Male,Married,Medicare,South
P009967,1971-08-19,Female,Married,Medicaid,West
P009968,1995-02-10,Male,Divorced,Self-Pay,West
P009969,1996-04-02,Female,Married,Commercial,Midwest
P009970,1964-01-02,Male,Divorced,Commercial,West
P009971,1985-03-03,Female,Married,Commercial,West
P009972,1947-07-01,Female,Married,Medicare Advantage,West
P009973,1962-01-22,Male,Single,Commercial,Northeast
P009974,1964-04-09,Female,Married,Medicaid,Midwest
P009975,2015-10-03,Female,Single,Other,Midwest
P009976,1973-02-15,Male,Divorced,Commercial,South
P009977,1932-01-23,Female,Divorced,Commercial,Midwest
P009978,1933-03-19,Male,Widowed,Medicaid,South
P009979,1951-12-31,Male,Divorced,Medicare,West
P009980,1980-06-14,Male,Single,Medicaid,South
P009981,2000-08-30,Male,Single,Medicaid,South
P009982,1959-04-11,Male,Married,Medicaid,West
P009983,1949-07-15,Female,Married,Medicare,Northeast
P009984,2015-01-23,Male,Single,Medicare,Midwest
P009985,1951-09-20,Male,Married,Medicaid,South
P009986,1958-02-14,Female,Married,Commercial,South
P009987,1986-05-21,Female,Divorced,Medicaid,Northeast
P009988,1954-07-15,Female,Married,Medicare,Northeast
P009989,1973-01-02,Female,Divorced,Medicare,South
P009990,1961-11-16,Male,Married,Medicare,Northeast
P009991,1953-10-27,Male,Single,Medicare,Northeast
P009992,1963-02-13,Female,Single,Medicare,Midwest
P009993,1934-12-24,Female,Widowed,Commercial,Midwest
P009994,1952-08-19,Female,Widowed,Medicare,Midwest
P009995,1964-06-18,Male,Married,Medicare,Midwest
P009996,1982-10-21,Female,Married,Commercial,Midwest
P009997,1977-12-18,Male,Married,Medicare,Northeast
P009998,2009-06-13,Male,Single,Commercial,West
P009999,1962-04-30,Female,Widowed,Commercial,Midwest
P010000,1957-01-11,Male,Married,Commercial,Midwest
P010001,1960-02-11,Male,Married,Medicare,West
P010002,2022-03-02,Male,Single,Medicare,Northeast
P010003,1997-11-25,Female,Married,Commercial,West
P010004,1950-09-30,Female,Married,Commercial,West
P010005,1996-06-30,Female,Single,Commercial,West
P010006,1975-04-21,Male,Married,Medicare,South
P010007,1937-01-25,Male,Widowed,Self-Pay,West
P010008,1973-09-20,Female,Single,Medicaid,West
P010009,1951-03-17,Female,Widowed,Medicaid,Midwest
P010010,1962-03-28,Male,Married,Medicare,Northeast
P010011,1940-08-04,Male,Married,Medicare Advantage,West
P010012,1992-04-16,Female,Single,Medicaid,Midwest
P010013,1946-04-11,Male,Married,Medicare Advantage,West
P010014,1968-03-07,Female,Married,Medicare,Midwest
P010015,1958-02-20,Male,Married,Commercial,Northeast
P010016,1952-03-27,Male,Divorced,Medicare,West
P010017,1984-09-03,Male,Married,Medicare,West
P010018,1935-06-30,Female,Widowed,Medicare,West
P010019,2011-01-29,Female,Single,Self-Pay,West
P010020,1956-09-02,Other,Widowed,Medicare Advantage,South
P010021,2019-10-19,Male,Single,Medicare,West
P010022,1949-10-25,Female,Married,Medicare,Northeast
P010023,1972-10-21,Female,Married,Medicare,Midwest
P010024,1979-04-29,Male,Single,Medicaid,South
P010025,2007-04-30,Male,Married,Medicaid,South
P010026,1974-11-26,Male,Married,Commercial,South
P010027,1955-08-20,Male,Married,Medicare,South
P010028,1979-09-06,Male,Married,Self-Pay,West
P010029,1968-05-30,Male,Divorced,Commercial,South
P010030,2025-11-19,Female,Single,Medicaid,South
P010031,1965-02-06,Male,Married,Medicare Advantage,Northeast
P010032,2011-06-16,Male,Single,Medicare,Midwest
P010033,1977-12-10,Female,Single,Medicare Advantage,South
P010034,1973-11-02,Female,Divorced,Medicare,South
P010035,1934-11-20,Female,Married,Medicaid,Midwest
P010036,1999-02-25,Female,Single,Self-Pay,Midwest
P010037,1932-02-28,Male,Widowed,Commercial,South
P010038,1976-07-22,Male,Single,Medicare Advantage,South
P010039,1963-08-10,Female,Married,Medicare Advantage,West
P010040,1996-03-03,Female,Married,Medicare,West
P010041,1969-10-17,Female,Married,Medicare,Northeast
P010042,1992-07-27,Male,Married,Medicare,South
P010043,1954-12-30,Female,Single,Self-Pay,South
P010044,1990-05-13,Female,Married,Commercial,South
P010045,1975-03-21,Female,Married,Medicare Advantage,South
P010046,1979-11-19,Female,Married,Self-Pay,Northeast
P010047,1952-07-16,Female,Widowed,Medicare Advantage,South
P010048,1957-08-19,Female,Married,Commercial,South
P010049,1961-04-02,Male,Married,Medicaid,West
P010050,2001-07-11,Female,Single,Medicare,Midwest
P010051,1952-07-20,Female,Divorced,Commercial,West
P010052,1959-04-06,Female,Divorced,Medicare Advantage,Midwest
P010053,1998-08-16,Female,Single,Medicare,West
P010054,1988-06-03,Male,Single,Self-Pay,Northeast
P010055,2008-10-23,Female,Married,Medicare,South
P010056,2006-05-13,Female,Single,Medicare,Midwest
P010057,2013-03-11,Female,Single,Medicare Advantage,South
P010058,1951-08-26,Female,Widowed,Medicare,Northeast
P010059,1968-04-15,Male,Married,Commercial,South
P010060,1978-05-01,Male,Married,Medicare,Northeast
P010061,1967-12-17,Male,Widowed,Commercial,Midwest
P010062,1989-07-02,Male,Married,Medicare,South
P010063,1993-12-27,Female,Married,Medicare,West
P010064,1969-05-18,Female,Divorced,Medicare,Midwest
P010065,1985-09-29,Female,Single,Medicare Advantage,South
P010066,1966-12-14,Male,Married,Medicare,Midwest
P010067,1953-03-01,Female,Married,Commercial,South
P010068,1981-10-07,Male,Widowed,Other,South
P010069,1943-09-18,Female,Married,Self-Pay,Northeast
P010070,1961-02-16,Female,Divorced,Medicaid,Northeast
P010071,1940-06-23,Male,Single,Commercial,South
P010072,1960-06-09,Female,Divorced,Medicaid,West
P010073,1974-10-27,Male,Single,Commercial,Midwest
P010074,1973-01-28,Male,Divorced,Medicare,South
P010075,1936-05-05,Female,Widowed,Commercial,South
P010076,1988-12-18,Female,Married,Commercial,Northeast
P010077,2022-11-12,Male,Single,Commercial,South
P010078,1945-04-25,Female,Married,Medicare,Midwest
P010079,2020-06-16,Female,Single,Commercial,West
P010080,1949-01-04,Male,Married,Commercial,West
P010081,1964-08-27,Female,Divorced,Commercial,West
P010082,2006-12-11,Female,Single,Medicare,Midwest
P010083,1931-12-06,Female,Widowed,Medicare,Northeast
P010084,2005-04-13,Male,Single,Commercial,Northeast
P010085,2012-06-18,Male,Single,Medicaid,South
P010086,1955-11-06,Female,Widowed,Medicaid,West
P010087,2002-04-08,Male,Single,Commercial,West
P010088,1987-03-15,Male,Married,Medicare Advantage,West
P010089,1962-12-05,Male,Single,Commercial,Midwest
P010090,1949-06-23,Male,Divorced,Medicare,South
P010091,1935-04-01,Female,Widowed,Commercial,West
P010092,1961-07-20,Male,Widowed,Medicare,West
P010093,1949-01-23,Male,Widowed,Medicare,Midwest
P010094,1959-11-11,Female,Married,Commercial,Midwest
P010095,1995-11-26,Male,Married,Medicare,West
P010096,2023-01-18,Male,Single,Medicaid,West
P010097,1960-03-15,Male,Widowed,Medicaid,Midwest
P010098,1948-03-19,Female,Widowed,Commercial,Midwest
P010099,1982-11-28,Female,Single,Self-Pay,Northeast
P010100,1991-04-22,Female,Married,Self-Pay,South
P010101,1957-12-23,Female,Divorced,Medicare Advantage,Northeast
P010102,1984-10-17,Male,Married,Medicare,Northeast
P010103,1990-11-15,Male,Single,Commercial,Midwest
P010104,1947-09-06,Male,Divorced,Commercial,South
P010105,1956-04-12,Female,Divorced,Commercial,Northeast
P010106,1955-11-05,Female,Married,Medicaid,West
P010107,1948-12-25,Male,Divorced,Medicare,Midwest
P010108,1973-07-06,Female,Married,Medicare Advantage,West
P010109,2009-11-26,Male,Single,Medicare,Northeast
P010110,1952-03-29,Male,Married,Medicaid,Midwest
P010111,1994-07-07,Male,Single,Medicare,Midwest
P010112,1981-08-21,Female,Married,Medicare,South
P010113,1936-01-25,Female,Widowed,Medicaid,Northeast
P010114,1973-12-17,Female,Married,Commercial,Northeast
P010115,2010-09-20,Female,Single,Medicare,Northeast
P010116,1999-05-25,Female,Single,Self-Pay,West
P010117,1961-12-06,Female,Married,Medicaid,West
P010118,1988-11-02,Male,Married,Commercial,Midwest
P010119,1984-04-12,Male,Married,Medicare,South
P010120,1947-04-04,Female,Married,Self-Pay,South
P010121,1948-01-17,Male,Divorced,Commercial,Northeast
P010122,1976-12-23,Male,Married,Medicare,South
P010123,1981-06-04,Female,Married,Medicare,Northeast
P010124,2024-04-16,Male,Single,Medicare,Northeast
P010125,1949-06-23,Female,Single,Self-Pay,South
P010126,2016-08-07,Female,Single,Medicaid,West
P010127,1983-03-14,Male,Married,Medicare,Northeast
P010128,1993-12-23,Male,Divorced,Medicaid,South
P010129,1992-06-19,Male,Single,Self-Pay,Northeast
P010130,1965-08-16,Male,Married,Medicare,Northeast
P010131,1974-06-21,Female,Single,Medicaid,South
P010132,1990-12-30,Female,Married,Medicaid,Midwest
P010133,1942-11-11,Male,Married,Commercial,South
P010134,1962-05-04,Male,Married,Medicare,Midwest
P010135,1953-04-21,Male,Single,Medicaid,West
P010136,2016-10-28,Female,Single,Commercial,South
P010137,2005-04-05,Male,Single,Medicare,Northeast
P010138,2008-04-18,Female,Single,Medicare,South
P010139,2013-09-04,Male,Single,Medicare,South
P010140,1963-09-01,Male,Divorced,Commercial,Midwest
P010141,1980-11-25,Female,Married,Medicaid,Northeast
P010142,1952-02-02,Female,Married,Medicaid,South
P010143,1991-07-10,Female,Married,Medicare,South
P010144,1967-06-14,Male,Divorced,Medicare,West
P010145,1979-11-02,Male,Single,Medicare,Midwest
P010146,1936-06-04,Female,Widowed,Self-Pay,West
P010147,1981-10-19,Male,Married,Commercial,South
P010148,1976-08-27,Male,Married,Commercial,West
P010149,1938-05-05,Female,Married,Medicare Advantage,South
P010150,2011-04-18,Male,Single,Medicare,Northeast
P010151,2023-07-09,Female,Single,Medicaid,West
P010152,2009-01-07,Male,Single,Medicaid,South
P010153,1976-05-08,Male,Married,Commercial,South
P010154,1988-01-13,Female,Married,Medicare,Northeast
P010155,1959-10-19,Male,Single,Medicare,Midwest
P010156,1990-04-12,Male,Married,Medicare,West
P010157,1968-03-07,Male,Married,Commercial,West
P010158,1980-04-28,Male,Divorced,Self-Pay,Midwest
P010159,1934-12-11,Female,Divorced,Medicare,South
P010160,1990-05-20,Female,Married,Medicaid,Midwest
P010161,1971-06-01,Male,Divorced,Commercial,South
P010162,1963-01-13,Female,Married,Commercial,Northeast
P010163,1972-01-27,Female,Divorced,Self-Pay,West
P010164,2010-02-16,Male,Single,Commercial,South
P010165,1973-04-02,Male,Divorced,Medicaid,South
P010166,1999-03-01,Female,Single,Medicare Advantage,Northeast
P010167,1956-06-09,Male,Divorced,Medicare,Northeast
P010168,2004-07-13,Male,Single,Commercial,Midwest
P010169,1946-01-25,Female,Married,Other,South
P010170,1961-03-16,Female,Single,Medicaid,South
P010171,1991-02-16,Female,Single,Commercial,Midwest
P010172,1982-02-09,Male,Single,Medicaid,South
P010173,1975-07-20,Female,Married,Self-Pay,Midwest
P010174,1950-02-23,Male,Single,Commercial,Northeast
P010175,1998-03-17,Female,Single,Medicare,Midwest
P010176,1972-06-07,Male,Married,Medicare,South
P010177,1970-10-06,Female,Single,Medicare Advantage,
P010178,1929-04-17,Male,Married,Medicare Advantage,West
P010179,2018-07-22,Male,Single,Commercial,Midwest
P010180,2003-02-24,Female,Single,Medicare,West
P010181,2007-06-14,Female,Single,Medicare,Northeast
P010182,2011-05-31,Male,Single,Commercial,South
P010183,1972-10-16,Female,Married,Medicaid,South
P010184,1982-08-31,Female,Single,Medicare,West
P010185,2003-03-29,Male,Single,Medicare,West
P010186,1973-04-30,Female,Married,Commercial,Midwest
P010187,1931-02-05,Female,Single,Commercial,South
P010188,1941-11-14,Female,Widowed,Medicaid,South
P010189,2021-10-10,Female,Single,Medicaid,West
P010190,1954-11-29,Male,Married,Commercial,South
P010191,2005-10-16,Female,Single,Commercial,Midwest
P010192,1980-11-24,Female,Married,Medicare,South
P010193,1969-04-17,Male,Married,Medicare Advantage,Northeast
P010194,1976-06-20,Female,Single,Medicare,West
P010195,1950-12-08,Female,Married,Medicare,South
P010196,1956-06-25,Female,Married,Commercial,West
P010197,1999-03-20,Male,Single,Commercial,Northeast
P010198,1985-01-23,Female,Widowed,Medicare Advantage,Midwest
P010199,1961-04-06,Female,Divorced,Medicaid,West
P010200,1959-02-25,Male,Divorced,Medicare,West
P010201,1951-12-07,Male,Married,Medicare Advantage,South
P010202,1997-03-30,Male,Single,Medicare,Northeast
P010203,1977-06-12,Male,Married,Commercial,West
P010204,1953-02-07,Female,Married,Other,West
P010205,1947-08-02,Male,Widowed,Self-Pay,South
P010206,1998-01-14,Female,Single,Commercial,West
P010207,2022-02-18,Male,Single,Medicare,South
P010208,1978-07-22,Male,Single,Medicare Advantage,Midwest
P010209,1951-05-24,Male,Divorced,Self-Pay,West
P010210,1941-08-21,Male,Widowed,Commercial,South
P010211,1937-04-02,Male,Divorced,Other,South
P010212,2006-01-05,Female,Single,Commercial,Midwest
P010213,1982-01-05,Male,Single,Medicare,Midwest
P010214,1978-03-28,Female,,Medicaid,West
P010215,1969-09-05,Female,Married,Medicaid,Midwest
P010216,2007-09-30,Male,Single,Medicare,Midwest
P010217,1942-06-22,Male,Widowed,Commercial,Midwest
P010218,1964-06-27,Male,Married,Commercial,South
P010219,1946-02-24,Male,Divorced,Self-Pay,Northeast
P010220,1947-02-17,Female,Married,Medicare,Midwest
P010221,2002-09-16,Female,Single,Medicare Advantage,South
P010222,1978-12-11,Female,Divorced,Medicare,West
P010223,1980-07-24,Male,Married,Medicare,South
P010224,1971-02-10,Other,Married,Medicare,Northeast
P010225,1958-04-26,Female,Married,Commercial,Midwest
P010226,1965-11-16,Female,Married,Medicaid,Midwest
P010227,1980-10-24,Male,Married,Medicare,West
P010228,1955-11-13,Female,Married,Medicare,South
P010229,2008-03-13,Female,Single,Commercial,Northeast
P010230,1982-07-12,Female,Married,Medicare,South
P010231,1950-06-08,Male,Married,Medicare Advantage,South
P010232,1996-05-22,Male,Single,Self-Pay,Northeast
P010233,1955-09-26,Male,Divorced,Medicare Advantage,Northeast
P010234,1959-05-11,Male,Widowed,Medicaid,South
P010235,1978-05-18,Male,Married,Commercial,South
P010236,1992-07-08,Female,Married,Medicare,Midwest
P010237,1972-03-12,Male,Widowed,Medicare,West
P010238,1947-01-18,Female,Married,Medicare,Midwest
P010239,1948-09-10,Female,Married,Commercial,South
P010240,1951-07-19,Male,Widowed,Medicare Advantage,South
P010241,1975-01-09,Male,Married,Medicare Advantage,Midwest
P010242,1951-07-04,Male,Divorced,Medicaid,West
P010243,1960-11-14,Female,Widowed,Commercial,South
P010244,1986-10-25,Male,Widowed,Medicaid,South
P010245,1990-10-07,Male,Married,Medicare,Midwest
P010246,1960-05-08,Male,Married,Commercial,Northeast
P010247,2005-09-05,Male,Single,Medicaid,South
P010248,1993-05-08,Male,Married,Medicaid,South
P010249,1986-08-15,Female,Single,Medicare,South
P010250,1997-01-13,Female,Single,Other,South
P010251,1960-12-04,Other,Married,Medicare,South
P010252,2005-01-27,Female,Married,Medicare,Midwest
P010253,1970-05-30,Male,Married,Commercial,Northeast
P010254,2021-03-05,Female,Single,Commercial,Midwest
P010255,2005-03-13,Male,Single,Medicaid,South
P010256,1990-07-11,Male,Divorced,Medicaid,South
P010257,1938-04-04,Female,Married,Commercial,South
P010258,2023-01-26,Male,Single,Self-Pay,West
P010259,1958-05-14,Female,Married,Medicare,South
P010260,1943-05-22,Male,Married,Commercial,West
P010261,1982-11-14,Female,Married,Medicaid,South
P010262,2014-07-30,Male,Single,Medicare,Midwest
P010263,1958-08-11,Female,Married,Medicaid,South
P010264,1993-07-15,Male,Married,Medicare Advantage,Midwest
P010265,1977-02-14,Female,Married,Medicare Advantage,West
P010266,1978-06-01,Male,Single,Medicaid,Midwest
P010267,1957-07-31,Male,Widowed,Medicare,Midwest
P010268,1998-04-02,Male,Single,Medicaid,Northeast
P010269,1961-06-20,Female,Married,Medicare,South
P010270,1940-04-24,Female,Married,Medicare,West
P010271,1974-09-01,Male,Single,Medicare,Midwest
P010272,1933-12-14,Male,Widowed,Commercial,South
P010273,1976-03-08,Male,Married,Medicare,West
P010274,1983-04-17,Male,Single,Medicare,Northeast
P010275,1958-11-06,Female,Divorced,Medicare,West
P010276,1989-02-14,Female,Married,Commercial,South
P010277,2010-01-29,Female,Single,Commercial,West
P010278,1964-01-28,Female,Married,Medicare Advantage,Northeast
P010279,1959-06-04,Male,Married,Medicare Advantage,South
P010280,1953-05-22,Female,Married,Medicare,South
P010281,1959-01-24,Male,Single,Self-Pay,South
P010282,1990-04-11,Female,Single,Medicare,South
P010283,1938-12-17,Male,Widowed,Medicare,West
P010284,2000-11-06,Female,Single,Medicaid,South
P010285,2013-03-01,Female,Single,Commercial,Midwest
P010286,1970-06-05,Male,Married,Medicaid,South
P010287,2008-06-24,Female,Single,Medicare,Northeast
P010288,1958-04-25,Female,Married,Commercial,Northeast
P010289,2001-01-28,Male,Single,Commercial,West
P010290,1943-11-11,Male,Widowed,Commercial,Northeast
P010291,1993-06-21,Female,Single,Medicare,Midwest
P010292,1973-08-26,Male,Divorced,Other,Northeast
P010293,1948-12-07,Female,Divorced,Medicaid,West
P010294,1969-07-18,Female,Single,Medicare,South
P010295,2001-05-26,Female,Single,Medicaid,Midwest
P010296,1981-09-09,Female,Married,Other,West
P010297,1973-03-17,Female,Single,Medicare,Midwest
P010298,1939-06-23,Male,Widowed,Self-Pay,South
P010299,1989-01-22,Male,Married,Self-Pay,South
P010300,2005-10-13,Male,Single,Commercial,South
P010301,1967-01-25,Female,Divorced,Medicare,South
P010302,1975-03-07,Male,Married,Medicare,Northeast
P010303,1992-10-15,Male,Married,Medicare Advantage,West
P010304,1954-09-15,Female,Married,Commercial,Midwest
P010305,1977-11-07,Female,Single,Medicare,South
P010306,2000-10-24,Male,Single,Medicaid,South
P010307,1956-07-25,Female,Single,Commercial,South
P010308,1972-04-20,Female,Single,Medicaid,South
P010309,1973-06-08,Male,Married,Commercial,South
P010310,2016-02-24,Female,Single,Medicare Advantage,Midwest
P010311,2023-09-07,Female,Single,Commercial,Northeast
P010312,1960-06-09,Female,Divorced,Medicare,Midwest
P010313,1977-05-07,Female,Married,Medicaid,West
P010314,1987-03-06,Male,Married,Medicare,West
P010315,1989-09-22,Female,Married,Medicaid,Northeast
P010316,1955-05-11,Male,Widowed,Other,West
P010317,1939-02-12,Male,Divorced,Medicare,Northeast
P010318,1972-07-12,Female,Divorced,Commercial,Northeast
P010319,1960-03-02,Female,Married,Commercial,Northeast
P010320,1959-02-27,Female,Married,Commercial,South
P010321,1943-09-07,Female,Widowed,Commercial,South
P010322,1978-03-16,Male,Married,Medicare Advantage,Midwest
P010323,1967-12-10,Female,Single,Medicare,West
P010324,1942-03-07,Female,Married,Other,Northeast
P010325,2009-03-06,Male,Single,Commercial,South
P010326,1984-03-12,Female,Divorced,Medicaid,South
P010327,1996-04-02,Female,Single,Medicare,South
P010328,1949-01-07,Male,Divorced,Commercial,South
P010329,1993-03-19,Male,Divorced,Commercial,South
P010330,1987-10-22,Male,Married,Medicare,West
P010331,1966-01-29,Female,Divorced,Medicaid,West
P010332,1960-06-22,Female,Divorced,Medicare,South
P010333,1981-12-10,Male,Married,Medicare,Midwest
P010334,1995-12-14,Female,Married,Other,Midwest
P010335,1932-05-09,Female,Married,Medicaid,West
P010336,1969-06-28,Male,Married,Commercial,Midwest
P010337,1963-11-27,Female,Married,Medicaid,Midwest
P010338,2012-08-24,Male,Single,Medicare,Midwest
P010339,1952-06-18,Female,Married,Medicaid,Midwest
P010340,1970-12-06,Female,Married,Medicare,West
P010341,2003-11-14,Female,Widowed,Commercial,West
P010342,1998-05-22,Male,Single,Medicare,Midwest
P010343,1954-12-22,Male,Married,Medicare Advantage,Midwest
P010344,1934-11-09,Male,Widowed,Medicaid,Midwest
P010345,1985-11-14,Female,Single,Commercial,Midwest
P010346,1961-11-02,Female,Single,Medicare,Midwest
P010347,1976-09-07,Female,Married,Medicaid,West
P010348,1964-01-28,Female,Single,Medicaid,West
P010349,2007-08-02,Male,Single,Medicare Advantage,Midwest
P010350,1954-10-19,Female,Divorced,Commercial,West
P010351,2011-05-28,Male,Single,Medicare,South
P010352,1986-05-25,Female,Married,Medicare Advantage,West
P010353,1967-01-03,Male,Married,Self-Pay,West
P010354,1990-12-15,Female,Single,Medicaid,South
P010355,1941-09-06,Female,Married,Medicare Advantage,Northeast
P010356,1980-10-15,Male,Married,Commercial,Northeast
P010357,1962-07-23,Female,Married,Medicare,Midwest
P010358,2008-12-30,Female,Married,Medicare,South
P010359,2016-07-24,Female,Single,Medicare,Midwest
P010360,1966-01-01,Male,Married,Medicare,West
P010361,1988-08-31,Female,Married,Medicare,Northeast
P010362,1991-06-24,Male,Married,Medicare,South
P010363,1956-07-26,Female,Married,Commercial,South
P010364,1948-06-21,Female,Married,Medicare,Northeast
P010365,1952-07-31,Male,Married,Medicaid,West
P010366,1973-04-22,Male,Married,Medicaid,South
P010367,1944-12-22,Female,Widowed,Commercial,West
P010368,1950-10-16,Male,Divorced,Medicare,South
P010369,1949-02-27,Male,Divorced,Medicare,South
P010370,1940-10-19,Male,Married,Commercial,South
P010371,2011-10-31,Female,Single,Commercial,South
P010372,1981-12-18,Male,Married,Commercial,Northeast
P010373,1950-04-08,Male,Married,Commercial,Midwest
P010374,1935-11-15,Male,Married,Medicare,Midwest
P010375,1968-09-10,Female,Married,Medicare,Northeast
P010376,2004-01-16,Male,Married,Medicare,Northeast
P010377,1975-09-01,Male,Married,Medicare,Midwest
P010378,1989-06-02,Female,Married,Commercial,South
P010379,1949-08-15,Male,Married,Medicare,West
P010380,1963-09-30,Male,Married,Medicare,West
P010381,1966-09-04,Male,Married,Self-Pay,West
P010382,1930-04-08,Male,Single,Medicare,Northeast
P010383,1938-07-19,Female,Widowed,Commercial,Northeast
P010384,1978-05-15,Male,Married,Medicare,Midwest
P010385,2018-06-02,Female,Single,Commercial,South
P010386,1958-02-23,Male,Married,Medicare,South
P010387,1959-11-17,Female,Married,Commercial,Midwest
P010388,1960-08-09,Female,Divorced,Medicaid,South
P010389,1938-12-26,Female,Married,Medicare Advantage,South
P010390,2007-06-04,Female,Single,Medicaid,Midwest
P010391,1961-04-09,Female,Married,Commercial,Midwest
P010392,1984-12-29,Female,Married,Medicare Advantage,Northeast
P010393,1963-03-02,Female,Divorced,Medicaid,South
P010394,2014-12-21,Female,Single,Medicare,Northeast
P010395,1962-12-04,Male,Married,Commercial,Midwest
P010396,1999-01-16,Male,Single,Commercial,Midwest
P010397,1954-08-27,Female,Married,Medicare,South
P010398,1942-03-16,Female,Widowed,Medicaid,Midwest
P010399,1964-01-11,Female,Divorced,Medicare,Midwest
P010400,1990-05-10,Male,Married,Medicare,Midwest
P010401,2011-04-14,Female,Single,Medicare,West
P010402,2021-07-18,Male,Single,Commercial,West
P010403,1951-09-18,Male,Divorced,Medicaid,Midwest
P010404,1974-04-22,Male,Married,Commercial,Midwest
P010405,1960-09-18,Female,Widowed,Self-Pay,Northeast
P010406,1989-06-10,Male,Married,Medicare,West
P010407,2007-09-14,Male,Single,Commercial,West
P010408,1975-02-06,Female,Single,Medicaid,South
P010409,2013-04-02,Female,Single,Medicare Advantage,Midwest
P010410,1971-12-05,Male,Married,Medicare Advantage,West
P010411,1947-02-12,Female,Widowed,Self-Pay,West
P010412,2024-07-05,Female,Single,Medicaid,South
P010413,1982-02-13,Male,Single,Medicare Advantage,Northeast
P010414,1984-12-02,Male,Widowed,Medicaid,Northeast
P010415,1952-09-12,Female,Married,Commercial,Midwest
P010416,1941-04-03,Male,Single,Medicare,West
P010417,1997-04-11,Female,Single,Medicare Advantage,Midwest
P010418,1960-03-05,Male,Married,Medicare,South
P010419,1974-01-22,Female,Married,Medicare,West
P010420,2008-07-21,Female,Single,Commercial,West
P010421,1967-01-20,Male,Married,Commercial,West
P010422,1986-08-31,Male,Married,Self-Pay,West
P010423,1933-03-02,Male,Married,Medicare,Midwest
P010424,1974-04-06,Female,Married,Medicare,Midwest
P010425,1961-01-26,Female,Married,Self-Pay,South
P010426,1950-04-18,Female,Married,Medicaid,South
P010427,2024-10-23,Male,Single,Medicare Advantage,West
P010428,1964-05-14,Male,Married,Medicare,Northeast
P010429,2014-04-19,Female,Single,Commercial,Midwest
P010430,2013-12-17,Female,Single,Commercial,Northeast
P010431,1957-01-13,Male,Married,Medicare,Midwest
P010432,1967-06-22,Male,Married,Medicare Advantage,Northeast
P010433,1986-12-05,Male,Single,Medicare,Northeast
P010434,1953-03-29,Male,Married,Medicaid,South
P010435,1976-07-02,Female,Married,Medicaid,West
P010436,1930-06-04,Male,Widowed,Commercial,South
P010437,2015-07-27,Male,Single,Medicaid,Midwest
P010438,1966-03-21,Female,Married,Medicaid,South
P010439,1984-10-06,Male,Divorced,Commercial,South
P010440,1934-04-28,Male,Married,Medicare Advantage,Midwest
P010441,1991-03-28,Female,Divorced,Commercial,Northeast
P010442,2014-11-01,Male,Single,Medicaid,South
P010443,1989-05-22,Female,Married,Medicare,Northeast
P010444,2001-06-12,Female,Single,Commercial,Midwest
P010445,1955-04-26,Female,Married,Commercial,South
P010446,1954-02-02,Female,Married,Medicare Advantage,Midwest
P010447,1954-09-05,Female,Married,Other,Midwest
P010448,2020-07-07,Male,Single,Medicaid,Midwest
P010449,1974-07-30,Male,Married,Medicaid,South
P010450,1941-08-02,Male,Married,Medicare,West
P010451,2001-11-06,Female,Single,Medicare,West
P010452,1950-02-06,Male,Widowed,Medicare,West
P010453,2007-10-06,Female,Single,Medicaid,West
P010454,1988-06-01,Female,Single,Commercial,Midwest
P010455,2005-12-16,Female,Single,Other,Midwest
P010456,1980-11-12,Male,Single,Medicare Advantage,South
P010457,1974-11-21,Female,Married,Other,Midwest
P010458,1982-05-15,Female,Single,Medicare,Northeast
P010459,1931-06-08,Male,Widowed,Other,South
P010460,2010-09-08,Female,Single,Medicare,Midwest
P010461,1986-02-27,Female,Married,Medicare,Midwest
P010462,1969-08-26,Female,Divorced,Commercial,West
P010463,1979-06-10,Female,Married,Medicare Advantage,West
P010464,1992-06-12,Female,Married,Medicare Advantage,South
P010465,1948-08-01,Male,Divorced,Self-Pay,Northeast
P010466,2003-01-18,Female,Single,Medicare Advantage,Midwest
P010467,2024-08-26,Female,Single,Medicare,Northeast
P010468,1977-04-04,Female,Single,Commercial,West
P010469,1962-04-10,Male,Single,Commercial,West
P010470,2005-11-25,Male,Single,Commercial,South
P010471,1968-09-08,Female,Widowed,Medicaid,South
P010472,1971-12-11,Female,Married,Commercial,West
P010473,1936-04-06,Male,Single,Commercial,Midwest
P010474,1939-06-27,Male,Widowed,Commercial,Midwest
P010475,1960-03-31,Male,Married,Commercial,Midwest
P010476,1967-09-25,Female,Married,Medicaid,Northeast
P010477,2024-03-08,Female,Single,Commercial,West
P010478,2014-04-24,Female,Single,Medicare,South
P010479,1968-12-24,Male,Married,Self-Pay,South
P010480,2003-10-23,Male,Single,Medicare,South
P010481,1977-03-18,Male,Single,Medicare,West
P010482,1962-08-03,Male,Married,Medicare,Midwest
P010483,1975-08-10,Female,Single,Medicaid,South
P010484,1989-04-03,Female,Married,Commercial,South
P010485,1984-08-01,Male,Married,Medicare,West
P010486,1990-04-21,Female,Single,Medicare,South
P010487,2007-01-21,Male,Single,Medicare,South
P010488,1959-05-11,Male,Divorced,Medicare,West
P010489,2000-06-21,Male,Married,Medicare,West
P010490,1955-10-16,Female,Married,Medicare,South
P010491,1985-10-16,Female,Married,Medicare,Northeast
P010492,1965-06-01,Male,Widowed,Medicare,South
P010493,1989-06-30,Female,Married,Commercial,West
P010494,2005-05-15,Female,Single,Commercial,West
P010495,1993-08-14,Female,Married,Commercial,South
P010496,2005-08-20,Male,Single,Medicare,South
P010497,1930-08-20,Female,Single,Medicare,Midwest
P010498,1985-11-10,Female,Married,Medicare,West
P010499,1954-04-23,Male,Single,Self-Pay,West
P010500,2003-09-06,Female,Single,Commercial,South
P010501,1972-03-11,Female,Widowed,Medicare,Northeast
P010502,2004-08-12,Female,Single,Other,West
P010503,1998-12-09,Female,Divorced,Medicare,West
P010504,2003-10-07,Male,Single,Medicare,West
P010505,1943-12-06,Male,Widowed,Medicare Advantage,South
P010506,2015-09-28,Female,Single,Commercial,South
P010507,1949-10-22,Male,Single,Medicare,South
P010508,1967-04-12,Female,Divorced,Other,South
P010509,1977-09-23,Male,Single,Medicare,West
P010510,1959-12-31,Female,Married,Self-Pay,West
P010511,1970-01-28,Male,Single,Medicare,South
P010512,2024-12-01,Male,Single,Commercial,Midwest
P010513,1975-01-28,Female,Divorced,Medicaid,South
P010514,2007-09-20,Male,Widowed,Medicaid,South
P010515,1955-04-26,Female,Divorced,Medicare,Midwest
P010516,1951-08-22,Male,Married,Self-Pay,South
P010517,1973-01-02,Male,Divorced,Medicare,West
P010518,2019-10-23,Male,Single,Commercial,Northeast
P010519,1981-03-11,Female,Married,Medicare,South
P010520,1960-06-13,Female,Widowed,Medicare,Northeast
P010521,1941-07-02,Female,Widowed,Medicare,West
P010522,1969-05-19,Female,Single,Medicare,Midwest
P010523,2004-10-04,Male,Single,Medicare Advantage,West
P010524,1955-04-16,Male,Married,Medicare,West
P010525,1963-09-13,Male,Divorced,Commercial,Northeast
P010526,1951-04-12,Male,Widowed,Medicaid,Northeast
P010527,1973-09-04,Female,Widowed,Commercial,Midwest
P010528,1998-07-27,Other,Single,Medicare,South
P010529,2024-01-06,Female,Single,Self-Pay,South
P010530,1953-11-21,Male,Married,Self-Pay,Midwest
P010531,1963-12-17,Male,Married,Medicare Advantage,West
P010532,1947-07-27,Female,Married,Medicare,South
P010533,1967-12-25,Female,Divorced,Medicare,South
P010534,1994-04-08,Female,Married,Medicare,Midwest
P010535,1943-10-21,Male,Widowed,Medicaid,West
P010536,1933-02-27,Female,Widowed,Medicare Advantage,South
P010537,1982-03-31,Female,Married,Commercial,West
P010538,1999-09-20,Male,Single,Commercial,Midwest
P010539,1965-10-25,Male,Single,Medicare,West
P010540,1947-02-21,Female,Widowed,Self-Pay,South
P010541,1971-04-17,Female,Divorced,Medicare,South
P010542,1956-09-07,Male,Divorced,Medicare,Midwest
P010543,2006-03-19,Male,Married,Medicare Advantage,West
P010544,1954-01-21,Male,Married,Medicaid,Northeast
P010545,1971-05-02,Male,Divorced,Medicare,South
P010546,2007-04-08,Male,Single,Medicare,Northeast
P010547,1988-12-25,Male,Married,Commercial,South
P010548,1996-06-22,Female,Single,Commercial,South
P010549,1956-07-03,Female,Widowed,Commercial,Northeast
P010550,1985-06-12,Female,Single,Medicaid,South
P010551,1968-08-02,Female,Married,Medicare,South
P010552,1951-01-29,Female,Married,Medicare,Northeast
P010553,1959-08-21,Male,Married,Medicare,Midwest
P010554,1960-04-12,Female,Widowed,Commercial,Northeast
P010555,1968-10-28,Female,Married,Medicare Advantage,South
P010556,1983-09-04,Male,Single,Medicare,South
P010557,1964-05-09,Other,Single,Other,Midwest
P010558,1963-09-09,Female,Married,Medicare,West
P010559,2009-08-10,Female,Single,Commercial,South
P010560,1974-09-02,Female,Married,Commercial,West
P010561,2005-03-17,Male,Single,Medicaid,South
P010562,1947-06-29,Female,Divorced,Medicaid,Northeast
P010563,2003-03-18,Female,Married,Medicare,West
P010564,1953-03-25,Male,Divorced,Medicaid,Midwest
P010565,1955-07-10,Male,Married,Medicare Advantage,West
P010566,1978-09-21,Female,Single,Commercial,West
P010567,1932-10-30,Male,Widowed,Medicaid,Midwest
P010568,1955-08-13,Female,Married,Other,South
P010569,1972-07-29,Male,Married,Medicare,Midwest
P010570,1978-10-24,Female,Married,Commercial,West
P010571,1933-09-20,Male,Married,Medicaid,South
P010572,1969-03-03,Male,Divorced,Commercial,West
P010573,1946-10-13,Female,Married,Medicaid,South
P010574,1943-03-14,Male,Divorced,Medicaid,South
P010575,1968-10-21,Male,Divorced,Medicaid,West
P010576,1989-08-22,Female,Single,Medicaid,Northeast
P010577,1960-11-05,Female,Divorced,Medicare,West
P010578,1956-02-09,Male,Married,Commercial,Midwest
P010579,1946-11-13,Female,Married,Commercial,West
P010580,2003-04-25,Female,Married,Commercial,South
P010581,1975-11-27,Male,,Commercial,West
P010582,2012-12-15,Female,Single,Commercial,South
P010583,1985-07-15,Female,Divorced,Medicare,Midwest
P010584,1959-07-09,Male,Married,Commercial,Northeast
P010585,1975-09-16,Female,Married,Medicare Advantage,Midwest
P010586,1957-07-01,Female,Widowed,Commercial,Midwest
P010587,1961-09-17,Male,Divorced,Medicaid,West
P010588,2020-03-24,Female,Single,Medicaid,West
P010589,1972-08-08,Female,Married,Medicare,South
P010590,1940-04-27,Female,Married,Medicare,Midwest
P010591,1966-09-24,Female,Married,Commercial,Northeast
P010592,2020-12-27,Female,Single,Medicare,West
P010593,1965-10-08,Male,Single,Medicaid,South
P010594,1971-03-22,Male,Married,Commercial,West
P010595,1953-11-25,Female,Married,Commercial,West
P010596,1969-04-07,Female,Married,Medicare,South
P010597,1947-12-10,Female,Married,Medicare,Midwest
P010598,1969-05-26,Female,Married,Commercial,Midwest
P010599,2005-05-12,Female,Single,Medicaid,South
P010600,1955-01-05,Male,Divorced,Commercial,South
P010601,1975-10-02,Male,Married,Commercial,Midwest
P010602,2017-06-14,Female,Single,Medicaid,South
P010603,1973-10-10,Female,Married,Self-Pay,South
P010604,1968-02-14,Female,Married,Commercial,Northeast
P010605,1978-06-17,Female,Single,Medicaid,South
P010606,1971-07-06,Female,Married,Commercial,Midwest
P010607,1974-07-09,Female,Married,Commercial,Midwest
P010608,1947-07-28,Male,Married,Medicare,Midwest
P010609,1962-11-04,Male,Divorced,Commercial,South
P010610,1982-09-24,Male,Married,Medicare,South
P010611,1942-10-06,Male,Widowed,Medicare,South
P010612,1942-07-31,Male,Widowed,Self-Pay,South
P010613,1981-11-27,Female,Married,Medicare,South
P010614,1954-01-27,Female,Married,Medicaid,Midwest
P010615,1962-10-21,Male,Divorced,Self-Pay,Northeast
P010616,1944-08-10,Male,Widowed,Medicaid,Northeast
P010617,1960-07-09,Male,Divorced,Medicare,West
P010618,1966-10-25,Other,Married,Medicare Advantage,South
P010619,1951-01-20,Male,Single,Commercial,Northeast
P010620,1948-07-30,Female,Married,Medicare,South
P010621,1964-03-26,Female,Married,Medicare,South
P010622,1970-05-20,Female,Single,Medicaid,Northeast
P010623,1942-10-09,Male,Widowed,Medicaid,Midwest
P010624,2025-01-20,Female,Single,Medicare,Northeast
P010625,1967-08-16,Female,Single,Medicare,Midwest
P010626,2000-02-19,Male,Single,Medicare,West
P010627,2008-04-05,Female,Single,Medicare Advantage,Midwest
P010628,1930-01-24,Female,Single,Self-Pay,West
P010629,1957-08-05,Male,Divorced,Commercial,South
P010630,1982-01-17,Female,Widowed,Commercial,West
P010631,1976-09-03,Male,Single,Commercial,Northeast
P010632,1973-01-04,Male,Divorced,Medicaid,Northeast
P010633,2011-06-08,Female,Single,Medicare,Northeast
P010634,1953-07-12,Female,Married,Medicare,Northeast
P010635,2000-04-24,Male,Married,Self-Pay,West
P010636,1982-09-17,Female,Single,Medicare Advantage,West
P010637,2021-08-10,Female,Single,Medicare,South
P010638,1967-09-27,Male,Divorced,Medicare,Northeast
P010639,1984-03-12,Female,Single,Medicare,Northeast
P010640,1989-04-19,Male,Divorced,Commercial,South
P010641,1961-03-12,Male,Married,Medicaid,West
P010642,1947-03-12,Male,Married,Medicare,West
P010643,1952-10-02,Male,Married,Medicare,Northeast
P010644,1932-03-11,Female,Married,Commercial,Midwest
P010645,1997-08-18,Male,Single,Medicare,Midwest
P010646,1986-09-09,Female,Single,Commercial,South
P010647,1938-02-16,Male,Widowed,Medicare Advantage,Northeast
P010648,2007-05-06,Male,,Commercial,Northeast
P010649,2019-07-12,Female,Single,Self-Pay,Midwest
P010650,1976-09-29,Male,Divorced,Commercial,Northeast
P010651,1981-09-03,Male,Single,Medicaid,West
P010652,1943-01-06,Female,Single,Medicaid,Northeast
P010653,1966-01-20,Female,Married,Medicare,South
P010654,1940-04-30,Female,Divorced,Medicare,West
P010655,2018-05-08,Female,Single,Medicare,Midwest
P010656,1965-12-26,Male,Married,Medicare,Northeast
P010657,1950-05-30,Male,Married,Medicare,Northeast
P010658,1942-02-09,Female,Married,Commercial,Northeast
P010659,1931-02-13,Male,Single,Commercial,West
P010660,1975-12-12,Male,Married,Medicaid,South
P010661,2003-05-11,Female,Single,Commercial,South
P010662,1960-04-07,Female,Single,Medicare Advantage,South
P010663,2002-11-01,Male,Single,Medicare,Northeast
P010664,1968-03-18,Male,Married,Medicare Advantage,Northeast
P010665,1987-09-29,Female,Married,Commercial,South
P010666,1970-08-12,Male,Married,Medicaid,South
P010667,1979-12-21,Male,Married,Commercial,West
P010668,2026-11-18,Female,Single,Medicaid,South
P010669,1995-12-02,Male,Married,Medicare,South
P010670,1970-04-03,Female,Divorced,Self-Pay,Midwest
P010671,1993-01-04,Male,Married,Medicare,South
P010672,1954-01-18,Female,Married,Commercial,Northeast
P010673,1929-10-06,Female,Widowed,Self-Pay,Northeast
P010674,1977-10-30,Female,Married,Medicare,Northeast
P010675,1945-04-03,Female,Married,Commercial,South
P010676,1967-01-07,Female,Single,Commercial,South
P010677,1980-01-05,Male,Married,Medicare,Midwest
P010678,2005-04-12,Male,Single,Medicare Advantage,Northeast
P010679,1930-09-14,Female,Married,Medicare Advantage,West
P010680,1948-03-04,Female,Married,Medicaid,South
P010681,1976-11-25,Female,Married,Commercial,South
P010682,1974-06-04,Male,Divorced,Commercial,Midwest
P010683,1973-07-02,Female,Widowed,Medicare,South
P010684,1973-11-29,Male,Married,Medicare Advantage,South
P010685,1949-11-07,Male,Married,Commercial,
P010686,1962-07-25,Female,Married,Commercial,Northeast
P010687,1939-05-07,Female,Widowed,Commercial,South
P010688,2000-12-03,Female,Single,Medicaid,Midwest
P010689,1969-09-13,Female,Divorced,Medicaid,South
P010690,1975-09-21,Male,Married,Commercial,Midwest
P010691,1981-08-04,Female,Married,Medicare,South
P010692,2008-09-02,Female,Single,Medicare Advantage,West
P010693,1969-07-11,Male,Married,Medicare,West
P010694,2000-09-13,Male,Single,Self-Pay,Midwest
P010695,1959-08-07,Male,Married,Commercial,South
P010696,1969-07-02,Female,Single,Commercial,Northeast
P010697,2010-10-25,Male,Single,Commercial,West
P010698,1950-12-30,Male,Married,Medicare,South
P010699,2011-10-21,Female,Single,Medicaid,West
P010700,1965-07-14,Male,Divorced,Medicare,Northeast
P010701,1946-08-18,Female,Divorced,Medicaid,Northeast
P010702,1948-02-06,Male,Married,Self-Pay,Midwest
P010703,1973-03-08,Female,Divorced,Self-Pay,Northeast
P010704,2024-05-26,Female,Single,Medicare Advantage,South
P010705,1953-05-12,Male,Divorced,Medicaid,South
P010706,2006-01-20,Female,Married,Commercial,Northeast
P010707,1979-02-24,Male,Married,Medicare,South
P010708,1954-01-16,Male,Widowed,Commercial,South
P010709,1973-03-07,Male,Widowed,Commercial,West
P010710,1964-09-25,Male,Divorced,Commercial,Northeast
P010711,1982-11-23,Female,Single,Medicaid,Midwest
P010712,1961-11-12,Male,Married,Medicare,West
P010713,1943-02-08,Female,Widowed,Self-Pay,Northeast
P010714,1943-01-12,Male,Widowed,Medicare,Midwest
P010715,1952-07-07,Male,Single,Medicare,South
P010716,1981-12-10,Female,Married,Commercial,Midwest
P010717,1965-10-07,Male,Married,Commercial,Midwest
P010718,1953-12-16,Male,Married,Commercial,South
P010719,1973-12-23,Male,Divorced,Commercial,South
P010720,1998-11-29,Female,Married,Commercial,South
P010721,1976-01-31,Female,Widowed,Commercial,Midwest
P010722,1965-08-20,Female,Married,Medicare,South
P010723,1967-10-01,Female,Married,Commercial,South
P010724,1981-02-16,Male,Single,Commercial,South
P010725,1944-09-05,Male,Widowed,Commercial,Northeast
P010726,2005-11-08,Male,Single,Medicare,Midwest
P010727,2022-12-30,Female,Single,Medicare,Midwest
P010728,1961-06-24,Female,Married,Medicare,South
P010729,1975-01-03,Female,Divorced,Medicare Advantage,South
P010730,1952-03-02,Male,Married,Medicaid,South
P010731,2000-05-28,Female,Single,Self-Pay,
P010732,1972-07-21,Male,Married,Medicare,Midwest
P010733,1972-11-09,Female,Married,Commercial,South
P010734,1948-04-10,Male,Widowed,Medicare,South
P010735,1954-06-22,Female,Divorced,Medicaid,Midwest
P010736,1994-01-09,Male,Married,Medicaid,South
P010737,1940-06-24,Male,Widowed,Self-Pay,West
P010738,1952-03-13,Female,Married,Medicare,Midwest
P010739,1944-08-18,Male,Divorced,Medicare Advantage,Northeast
P010740,1987-06-10,Male,Married,Medicare Advantage,West
P010741,1957-10-18,Male,Married,Medicaid,South
P010742,1990-04-07,Male,Single,Medicare,South
P010743,1931-08-15,Male,Widowed,Medicare Advantage,
P010744,1945-01-25,Male,Married,Commercial,South
P010745,2020-11-06,Female,Single,Medicare,Midwest
P010746,1994-07-15,Male,Married,Medicaid,Midwest
P010747,1994-04-23,Female,Single,Commercial,Midwest
P010748,1954-09-05,Female,Married,Medicaid,South
P010749,1972-04-12,Male,Married,Medicaid,South
P010750,1947-12-05,Female,Married,Medicare Advantage,Northeast
P010751,1972-07-31,Female,Married,Medicare,South
P010752,1961-11-13,Female,Married,Self-Pay,Northeast
P010753,1971-10-28,Female,Divorced,Medicare,West
P010754,1955-03-14,Male,Married,Self-Pay,Midwest
P010755,1965-11-28,Male,Single,Medicare,Northeast
P010756,1989-09-14,Female,Married,Medicare,South
P010757,2006-05-01,Female,Single,Medicare,South
P010758,1933-10-28,Female,Widowed,Medicaid,Midwest
P010759,1985-07-10,Male,Single,Medicaid,West
P010760,1932-08-29,Female,Widowed,Commercial,West
P010761,1952-05-14,Male,Married,Medicare,West
P010762,1957-05-09,Male,Single,Commercial,Midwest
P010763,1964-01-09,Female,Single,Medicare,Northeast
P010764,1950-01-15,Female,Widowed,Commercial,West
P010765,1991-01-03,Female,Married,Medicare,West
P010766,1992-02-23,Female,Married,Commercial,South
P010767,1961-10-28,Male,Widowed,Medicare,Midwest
P010768,1973-09-23,Male,Married,Commercial,Midwest
P010769,1950-10-15,Male,Married,Commercial,Midwest
P010770,2018-10-23,Male,Single,Commercial,West
P010771,2025-01-10,Female,Single,Commercial,South
P010772,1988-02-18,Male,Single,Medicare,South
P010773,1940-06-11,Female,Married,Medicaid,South
P010774,2022-07-26,Male,Single,Commercial,West
P010775,1984-02-18,Male,Married,Medicaid,Midwest
P010776,1994-08-02,Female,Married,Medicare,South
P010777,1932-02-13,Male,Married,Medicare Advantage,Northeast
P010778,1962-03-26,Female,Married,Medicaid,South
P010779,1975-07-27,Female,Divorced,Medicare,South
P010780,2015-11-27,Female,Single,Commercial,Northeast
P010781,1960-04-20,Male,Married,Self-Pay,West
P010782,1959-12-19,Male,Widowed,Medicare,Northeast
P010783,1964-09-19,Female,Single,Commercial,South
P010784,1999-05-24,Female,Single,Medicare,South
P010785,1948-05-02,Male,Single,Medicaid,South
P010786,1981-09-01,Male,Married,Medicare,South
P010787,1940-10-15,Male,Widowed,Medicare,Midwest
P010788,1958-02-16,Female,Single,Commercial,Midwest
P010789,1959-03-17,Male,Married,Medicare,South
P010790,1975-12-15,Male,Single,Medicaid,South
P010791,1974-09-09,Male,Single,Commercial,South
P010792,2007-08-12,Female,Single,Medicare,West
P010793,2023-01-15,Male,Single,Commercial,Northeast
P010794,1977-10-28,Female,Single,Self-Pay,South
P010795,2003-06-02,Male,Single,Commercial,Northeast
P010796,1997-09-16,Male,Single,Medicaid,West
P010797,2005-08-30,Female,Single,Medicare,South
P010798,1963-04-18,Female,Single,Medicaid,Midwest
P010799,1970-09-01,Male,Married,Medicare,South
P010800,1982-07-13,Male,Divorced,Commercial,Midwest
P010801,1947-09-05,Female,Married,Self-Pay,South
P010802,1958-10-01,Male,Single,Medicare,West
P010803,1931-10-02,Male,Widowed,Self-Pay,Midwest
P010804,1980-01-28,Female,Single,Commercial,Midwest
P010805,1973-06-15,Female,Married,Self-Pay,Northeast
P010806,1940-12-07,Male,Married,Medicare,Midwest
P010807,1977-11-30,Female,Divorced,Medicare,Midwest
P010808,1947-11-14,Male,Married,Other,Midwest
P010809,1970-06-05,Male,Married,Medicare,West
P010810,1983-09-29,Male,Married,Medicaid,West
P010811,1975-09-17,Female,Married,Medicaid,West
P010812,1944-10-06,Male,Single,Medicare,West
P010813,1977-10-24,Male,Married,Medicare,South
P010814,1985-09-26,Male,Married,Medicare,South
P010815,2004-11-10,Male,Single,Commercial,Midwest
P010816,1950-08-17,Male,Married,Medicare,Midwest
P010817,1940-09-19,Female,Married,Medicaid,West
P010818,1968-01-17,Female,Divorced,Medicaid,Northeast
P010819,1994-10-02,Female,Married,Medicaid,West
P010820,1979-08-07,Female,Married,Medicare,South
P010821,1939-11-01,Male,Married,Commercial,South
P010822,2022-10-19,Male,Single,Medicare,Midwest
P010823,1977-03-11,Female,Single,Medicare Advantage,South
P010824,1951-02-23,Male,Divorced,Medicaid,Midwest
P010825,1959-02-08,Female,Married,Self-Pay,South
P010826,2004-03-09,Male,Single,Commercial,Midwest
P010827,1969-08-09,Female,Married,Medicare,Midwest
P010828,1974-07-06,Male,Married,Medicare,Northeast
P010829,2021-10-28,Female,Single,Other,Midwest
P010830,1959-04-21,Female,Married,Medicare,Northeast
P010831,1973-06-20,Female,Divorced,Commercial,South
P010832,1948-09-03,Male,Married,Medicaid,West
P010833,1981-11-24,Male,Married,Self-Pay,Midwest
P010834,1997-09-30,Female,Single,Other,South
P010835,1971-09-09,Female,Married,Commercial,Northeast
P010836,1971-04-08,Female,Single,Medicare Advantage,Northeast
P010837,1939-09-10,Female,Married,Self-Pay,West
P010838,1938-03-29,Male,Married,Self-Pay,South
P010839,1970-05-30,Female,Divorced,Medicaid,Northeast
P010840,1979-03-28,Male,Widowed,Commercial,South
P010841,2018-02-14,Male,Single,Medicare,South
P010842,1967-10-11,Male,Married,Medicare Advantage,West
P010843,2017-11-14,Female,Single,Commercial,South
P010844,1954-10-21,Female,Married,Medicare,Northeast
P010845,2012-01-16,Female,Single,Medicare,South
P010846,1968-03-09,Male,Divorced,Commercial,Northeast
P010847,1979-06-26,Female,Married,Commercial,Northeast
P010848,1955-12-30,Female,Married,Medicaid,Midwest
P010849,2013-04-15,Male,Single,Commercial,South
P010850,1986-01-23,Female,Married,Medicare Advantage,Northeast
P010851,1980-02-20,Female,Married,Commercial,West
P010852,1967-02-27,Female,Married,Commercial,South
P010853,1939-04-08,Male,Married,Medicare,Midwest
P010854,1988-05-18,Male,Single,Medicare,Midwest
P010855,1977-04-08,Male,Single,Medicare Advantage,West
P010856,2025-03-04,Male,Single,Medicare,South
P010857,1951-11-18,Male,Married,Self-Pay,West
P010858,1996-11-05,Male,Single,Medicare Advantage,South
P010859,1945-11-29,Male,Married,Medicaid,Northeast
P010860,1951-06-14,Female,Married,Commercial,Midwest
P010861,1954-03-27,Female,Divorced,Commercial,Midwest
P010862,2004-08-21,Female,Single,Medicare,South
P010863,1940-03-30,Male,Widowed,Medicare,Northeast
P010864,1929-08-07,Male,Married,Commercial,South
P010865,1936-09-20,Male,Widowed,Medicaid,South
P010866,1963-10-14,Male,Married,Medicaid,South
P010867,1966-07-16,Female,Single,Medicaid,West
P010868,1936-12-06,Male,Divorced,Commercial,Northeast
P010869,1945-07-06,Male,Married,Commercial,South
P010870,1974-11-10,Male,Married,Medicare,Midwest
P010871,2008-02-17,Male,Single,Medicare,South
P010872,1969-01-24,Female,Divorced,Medicare,South
P010873,1985-09-12,Female,Married,Commercial,Midwest
P010874,2005-11-12,Female,Single,Commercial,West
P010875,1959-07-07,Male,Widowed,Medicare Advantage,Northeast
P010876,1939-12-30,Female,Widowed,Medicaid,Midwest
P010877,1937-03-27,Male,Widowed,Medicare,South
P010878,1961-08-25,Male,Single,Medicaid,Northeast
P010879,1956-09-08,Female,Widowed,Medicaid,West
P010880,2000-04-27,Female,Married,Medicare Advantage,South
P010881,1974-02-01,Male,Married,Medicaid,South
P010882,1971-05-07,Male,Divorced,Medicare,West
P010883,1969-11-17,Male,Divorced,Medicare,Northeast
P010884,1972-01-14,Female,Widowed,Medicaid,Northeast
P010885,2002-11-30,Male,Married,Medicare,Midwest
P010886,1940-08-23,Male,Widowed,Medicare,Northeast
P010887,1986-06-28,Male,Single,Commercial,Midwest
P010888,2020-01-02,Female,Single,Medicaid,South
P010889,1942-01-21,Female,Married,Medicare,South
P010890,1953-03-01,Male,Divorced,Medicare,South
P010891,2022-02-27,Male,Single,Commercial,South
P010892,1934-06-21,Male,Married,Medicare Advantage,Northeast
P010893,1958-08-09,Female,Married,Medicare,South
P010894,2002-10-10,Female,Single,Commercial,Midwest
P010895,1943-01-15,Male,Widowed,Medicaid,Midwest
P010896,1959-05-29,Male,Widowed,Medicaid,Northeast
P010897,1968-09-18,Male,Married,Medicare,Northeast
P010898,1948-04-14,Male,Married,Commercial,Northeast
P010899,1943-11-27,Male,Divorced,Medicare Advantage,Midwest
P010900,1967-01-06,Female,Divorced,Medicare,West
P010901,2005-05-27,Female,Married,Medicare Advantage,West
P010902,1983-09-08,Male,Single,Medicare,Midwest
P010903,1963-12-17,Male,Single,Medicare Advantage,South
P010904,1971-10-23,Male,Married,Self-Pay,West
P010905,1935-04-20,Male,Widowed,Commercial,West
P010906,1990-09-26,Female,Single,Medicaid,Midwest
P010907,1939-10-24,Female,Married,Medicare,South
P010908,1976-10-13,Male,Married,Commercial,Northeast
P010909,1968-03-02,Female,Divorced,Commercial,South
P010910,1992-08-02,Female,Married,Medicare,South
P010911,1977-04-14,Female,Married,Medicare,Midwest
P010912,1994-02-11,Female,Married,Medicaid,South
P010913,1946-01-04,Female,Married,Medicare,South
P010914,2010-09-04,Male,Single,Commercial,West
P010915,1947-05-15,Male,Married,Medicaid,South
P010916,1967-08-09,Male,Married,Medicare,South
P010917,2026-12-08,Female,Single,Medicaid,South
P010918,1936-04-05,Male,Widowed,Self-Pay,West
P010919,1970-08-01,Female,Single,Medicare,South
P010920,1986-09-04,Male,Single,Commercial,Midwest
P010921,1959-02-09,Female,Married,Medicare Advantage,South
P010922,2006-03-30,Male,Single,Medicare,South
P010923,1949-09-23,Male,Married,Commercial,South
P010924,1950-11-23,Female,Widowed,Self-Pay,Northeast
P010925,1950-04-25,Female,Married,Medicare Advantage,West
P010926,1965-09-13,Male,Single,Medicaid,Midwest
P010927,1955-02-11,Male,Married,Medicare,South
P010928,1977-08-22,Female,Married,Medicare,Midwest
P010929,1962-04-27,Female,Divorced,Medicare,
P010930,2023-05-12,Female,Single,Medicare,South
P010931,2018-03-16,Male,Single,Medicare Advantage,South
P010932,2018-07-24,Male,Single,Self-Pay,West
P010933,1954-04-03,Female,Married,Medicare Advantage,Midwest
P010934,1938-10-24,Male,Widowed,Commercial,South
P010935,1961-08-23,Male,Married,Medicare,South
P010936,2005-06-08,Female,Single,Commercial,Northeast
P010937,1939-04-23,Female,Widowed,Medicaid,Northeast
P010938,1976-03-04,Male,Married,Commercial,West
P010939,2006-12-16,Male,Single,Medicare Advantage,Midwest
P010940,1981-11-21,Female,Married,Medicare,Midwest
P010941,1976-06-14,Male,Married,Medicare,Northeast
P010942,1960-10-23,Female,Married,Medicare Advantage,South
P010943,1975-04-03,Male,Married,Other,Northeast
P010944,1943-11-11,Male,Married,Medicare,West
P010945,1930-02-14,Male,Widowed,Medicaid,South
P010946,2018-09-05,Female,Single,Medicare,South
P010947,1958-04-22,Male,Married,Medicaid,West
P010948,1948-10-05,Female,Married,Commercial,Midwest
P010949,2015-05-24,Male,Single,Medicare,South
P010950,1931-06-13,Male,Divorced,Commercial,Midwest
P010951,1970-02-04,Male,Married,Medicare Advantage,South
P010952,1973-10-08,Female,Married,Commercial,South
P010953,1978-08-01,Female,Married,Commercial,West
P010954,1930-10-09,Female,Widowed,Medicare,West
P010955,1994-05-24,Male,Single,Medicare,Northeast
P010956,1951-11-20,Male,Single,Commercial,Northeast
P010957,1930-02-05,Male,Widowed,Medicare,South
P010958,1959-08-24,Male,Widowed,Medicare,Midwest
P010959,1989-06-19,Male,Divorced,Medicare,South
P010960,1975-04-28,Female,Married,Medicare,South
P010961,1948-09-18,Female,Single,Medicare,South
P010962,2010-07-05,Male,Single,Medicare,Midwest
P010963,1965-05-07,Female,Widowed,Medicare,West
P010964,1974-08-19,Male,Married,Commercial,Northeast
P010965,1989-08-31,Female,Single,Medicare,South
P010966,2000-06-15,Female,Single,Self-Pay,South
P010967,1948-01-05,Male,Married,Medicare,Midwest
P010968,1992-03-18,Male,Married,Medicaid,Midwest
P010969,1946-02-07,Male,Married,Commercial,South
P010970,1979-02-13,Male,Single,Medicaid,South
P010971,1971-11-16,Female,Single,Commercial,Midwest
P010972,1949-04-02,Male,,Commercial,West
P010973,2008-02-27,Male,Single,Medicare Advantage,West
P010974,1956-03-16,Female,Married,Medicare,Northeast
P010975,1992-09-04,Female,Married,Medicare Advantage,West
P010976,1937-02-01,Male,Widowed,Commercial,Midwest
P010977,1978-08-13,Female,Widowed,Medicare,West
P010978,1980-02-06,Female,Single,Medicaid,South
P010979,1943-08-31,Female,Widowed,Medicare Advantage,Midwest
P010980,1971-09-25,Female,Married,Medicaid,Midwest
P010981,1983-12-21,Male,Single,Commercial,Northeast
P010982,1941-07-25,Female,Single,Medicare,West
P010983,2010-01-30,Female,Single,Medicare Advantage,Midwest
P010984,1938-10-25,Female,Widowed,Commercial,Northeast
P010985,1962-12-05,Male,Single,Self-Pay,West
P010986,1966-09-17,Male,Single,Medicare,South
P010987,1952-05-16,Female,Married,Other,West
P010988,1998-01-05,Female,Single,Medicaid,West
P010989,1956-04-23,Male,Married,Medicare,South
P010990,2002-06-30,Male,Single,Medicaid,Northeast
P010991,1933-10-08,Male,Widowed,Commercial,Midwest
P010992,2004-07-10,Male,Single,Commercial,Midwest
P010993,1960-09-01,Female,Widowed,Medicaid,South
P010994,1985-06-15,Female,Married,Medicare,South
P010995,2017-12-20,Female,Single,Commercial,Northeast
P010996,1995-08-05,Female,Single,Commercial,Northeast
P010997,2009-01-30,Female,,Commercial,Midwest
P010998,1944-10-19,Male,Married,Commercial,West
P010999,1996-07-25,Female,Single,Commercial,South
P011000,1940-10-09,Male,Widowed,Self-Pay,West
P011001,1983-12-11,Female,Single,Commercial,South
P011002,1972-08-10,Male,Divorced,Medicare,South
P011003,1957-07-26,Female,Married,Commercial,West
P011004,1971-04-17,Female,Married,Medicaid,Midwest
P011005,1991-01-11,Female,Single,Medicare,South
P011006,1987-11-13,Male,Divorced,Medicare,Northeast
P011007,1983-04-07,Female,Single,Medicaid,West
P011008,2021-08-10,Female,Single,Medicaid,Northeast
P011009,2003-09-28,Female,Single,Commercial,Midwest
P011010,1972-10-09,Female,Divorced,Other,South
P011011,1962-12-28,Male,Divorced,Other,South
P011012,1969-09-09,Male,Divorced,Self-Pay,Northeast
P011013,1990-06-07,Female,Married,Self-Pay,Northeast
P011014,1983-08-11,Female,Single,Self-Pay,Northeast
P011015,1962-03-01,Male,Married,Medicare,Midwest
P011016,1953-04-11,Female,Widowed,Medicare,South
P011017,1932-06-06,Female,Widowed,Medicaid,South
P011018,1944-09-18,Female,Married,Commercial,Northeast
P011019,1999-06-25,Male,Single,Other,Midwest
P011020,1949-04-10,Male,Widowed,Medicare,West
P011021,1931-12-09,Female,Married,Self-Pay,South
P011022,1960-09-04,Male,Single,Medicaid,South
P011023,1957-10-13,Male,Married,Commercial,South
P011024,1941-09-21,Male,Single,Commercial,South
P011025,1976-12-19,Female,Divorced,Medicare,Midwest
P011026,1959-02-14,Female,Single,Medicare Advantage,South
P011027,1951-03-08,Female,Single,Commercial,Midwest
P011028,1947-04-23,Male,Married,Medicaid,West
P011029,1955-09-22,Male,Married,Medicare Advantage,West
P011030,1962-03-05,Male,Married,Commercial,Midwest
P011031,1980-09-06,Female,Married,Medicare,South
P011032,1987-04-25,Female,Single,Commercial,South
P011033,1977-06-12,Male,Married,Medicare,Northeast
P011034,1987-02-28,Male,Married,Commercial,West
P011035,2001-11-14,Male,Single,Other,South
P011036,1990-08-08,Male,Married,Medicare,South
P011037,1951-09-10,Female,Married,Commercial,South
P011038,1964-03-11,Female,Divorced,Medicare,Midwest
P011039,2018-02-20,Female,Single,Commercial,South
P011040,1975-04-29,Male,Married,Self-Pay,West
P011041,1973-11-18,Male,Married,Medicare,South
P011042,1994-05-10,Male,Single,Commercial,West
P011043,1960-04-22,Male,Married,Medicare,Northeast
P011044,1988-12-10,Male,Married,Commercial,Northeast
P011045,1961-09-20,Female,Married,Commercial,Midwest
P011046,1981-10-04,Male,Married,Medicaid,South
P011047,2000-08-06,Male,Single,Medicare,West
P011048,1989-05-24,Female,Divorced,Medicare Advantage,South
P011049,1994-08-27,Female,Married,Commercial,West
P011050,1958-04-27,Male,Married,Commercial,Northeast
P011051,1961-05-31,Female,Widowed,Commercial,South
P011052,1946-12-06,Female,Married,Medicare,Northeast
P011053,1948-06-10,Male,Divorced,Medicare Advantage,South
P011054,1974-05-21,Male,Single,Medicaid,South
P011055,1985-06-16,Female,Married,Medicare,Northeast
P011056,1957-09-06,Male,Married,Commercial,Northeast
P011057,1976-10-21,Male,Married,Medicaid,Northeast
P011058,2007-06-14,Male,Single,Medicare Advantage,Midwest
P011059,1960-05-16,Female,Married,Commercial,West
P011060,1938-05-16,Male,Married,Medicare,West
P011061,1950-08-11,Male,Widowed,Medicare,
P011062,1990-05-16,Female,Married,Commercial,South
P011063,1988-01-03,Female,Married,Medicare,West
P011064,1979-09-16,Female,Married,Commercial,South
P011065,1975-12-11,Male,Married,Medicare,South
P011066,1941-05-16,Male,Widowed,Commercial,Midwest
P011067,1949-03-05,Male,Married,Medicare,Midwest
P011068,1987-06-16,Female,Married,Medicaid,Northeast
P011069,1970-12-30,Male,Divorced,Medicaid,South
P011070,1930-11-02,Female,Widowed,Medicare Advantage,Northeast
P011071,1932-08-09,Female,Widowed,Medicare,Northeast
P011072,1987-10-15,Male,Married,Self-Pay,South
P011073,1992-01-27,Female,Single,Medicare Advantage,South
P011074,1964-10-20,Male,Divorced,Medicaid,Midwest
P011075,1933-11-14,Female,Married,Commercial,West
P011076,2020-01-06,Female,Single,Medicaid,Midwest
P011077,1954-01-04,Female,Married,Medicare,Midwest
P011078,2003-05-23,Male,Single,Medicare,West
P011079,1986-06-13,Female,Married,Medicare Advantage,Northeast
P011080,1982-11-12,Male,Divorced,Medicaid,Northeast
P011081,1946-03-02,Male,Widowed,Commercial,South
P011082,2023-10-17,Female,Single,Medicaid,West
P011083,1993-03-15,Male,Single,Self-Pay,West
P011084,1983-09-12,Female,Married,Medicare,South
P011085,1988-11-23,Female,Married,Medicare,Northeast
P011086,1982-04-26,Male,Divorced,Medicare,Northeast
P011087,1944-04-28,Female,Divorced,Medicare,West
P011088,2022-05-29,Male,Single,Medicare,South
P011089,1943-10-15,Male,Widowed,Medicare,Northeast
P011090,1947-05-09,Female,Married,Medicare,West
P011091,1989-08-08,Female,Divorced,Medicare,Northeast
P011092,2013-05-18,Female,Single,Medicare,Northeast
P011093,1970-03-25,Male,Married,Medicaid,Midwest
P011094,1933-05-18,Female,Widowed,Commercial,West
P011095,1976-11-17,Male,Married,Medicare Advantage,Midwest
P011096,1951-08-23,Male,Single,Medicare,South
P011097,1985-10-17,Male,Married,Other,West
P011098,1947-11-23,Male,Married,Medicare,Midwest
P011099,1953-06-02,Female,Married,Medicare,South
P011100,1999-08-03,Female,Single,Medicare Advantage,South
P011101,2003-01-22,Male,Single,Commercial,Northeast
P011102,1973-11-11,Female,Married,Medicare Advantage,South
P011103,2026-01-25,Male,Single,Medicaid,South
P011104,1977-03-08,Male,Married,Commercial,South
P011105,1982-01-20,Male,Single,Commercial,South
P011106,2002-12-01,Male,Single,Commercial,South
P011107,1956-08-03,Male,Single,Medicaid,Midwest
P011108,1975-12-06,Female,Widowed,Self-Pay,Midwest
P011109,1950-10-18,Male,Divorced,Commercial,South
P011110,1929-04-26,Female,Married,Medicare,South
P011111,1998-02-06,Female,Single,Commercial,West
P011112,1971-01-21,Female,Single,Commercial,West
P011113,2009-11-29,Male,Single,Medicare,South
P011114,1983-09-19,Male,Married,Medicare,South
P011115,1966-11-07,Male,Married,Self-Pay,South
P011116,1949-06-18,Male,Divorced,Medicare Advantage,Northeast
P011117,1991-10-20,Male,Married,Medicare,Midwest
P011118,1993-09-07,Male,Married,Medicare,South
P011119,1996-06-23,Male,Single,Medicare,Northeast
P011120,1981-03-21,Female,Married,Medicaid,South
P011121,2004-07-04,Female,Single,Other,South
P011122,1962-11-23,Male,Widowed,Commercial,West
P011123,1986-04-30,Male,Single,Other,Northeast
P011124,1951-02-24,Male,Married,Medicare,West
P011125,1962-09-23,Female,Divorced,Medicare,Northeast
P011126,1942-03-04,Female,Widowed,Other,Midwest
P011127,1929-10-05,Male,Married,Commercial,South
P011128,1953-01-31,Male,Widowed,Medicare,Midwest
P011129,1996-02-02,Male,Single,Medicare,Northeast
P011130,1960-06-19,Female,Widowed,Other,South
P011131,1980-11-26,Female,Single,Medicare,Northeast
P011132,1977-09-05,Female,Married,Medicare,Northeast
P011133,1947-05-27,Female,Married,Commercial,South
P011134,1970-07-17,Female,Divorced,Medicare,West
P011135,1999-08-24,Male,Single,Commercial,Midwest
P011136,2011-08-18,Male,Single,Commercial,Northeast
P011137,1971-04-13,Female,Divorced,Medicare,South
P011138,1931-04-19,Female,Widowed,Other,West
P011139,1988-02-13,Male,Single,Medicare,West
P011140,1946-11-21,Male,Married,Medicaid,Midwest
P011141,1986-06-20,Female,Married,Medicare,South
P011142,1948-05-14,Male,Single,Commercial,West
P011143,1951-12-18,Male,Widowed,Commercial,South
P011144,2008-09-04,Male,Single,Medicaid,South
P011145,1963-07-25,Female,,Medicaid,South
P011146,1951-05-11,Male,Married,Commercial,South
P011147,1950-09-21,Male,Married,Medicaid,West
P011148,1978-12-30,Female,Married,Self-Pay,Northeast
P011149,1950-04-30,Male,Divorced,Commercial,West
P011150,1977-05-24,Female,Married,Medicare,South
P011151,2014-03-31,Female,Single,Medicare,South
P011152,1986-05-04,Male,Single,Medicaid,Northeast
P011153,1954-04-15,Male,Married,Commercial,Northeast
P011154,1948-03-01,Male,Widowed,Self-Pay,Northeast
P011155,1954-10-10,Female,Married,Medicaid,Midwest
P011156,1963-06-10,Female,Married,Commercial,West
P011157,1941-03-15,Male,Single,Medicare Advantage,South
P011158,1933-08-20,Female,Widowed,Commercial,West
P011159,1969-07-04,Male,Married,Medicaid,South
P011160,1960-01-03,Male,Divorced,Commercial,West
P011161,1952-01-09,Male,Married,Medicare,Northeast
P011162,1956-03-28,Male,Widowed,Medicare Advantage,South
P011163,1931-03-12,Female,Married,Medicare,South
P011164,1994-02-22,Male,Married,Medicaid,South
P011165,1971-10-19,Female,Married,Medicare,South
P011166,2022-12-18,Female,Single,Medicaid,Northeast
P011167,1930-04-18,Male,Widowed,Commercial,West
P011168,2012-05-01,Male,Single,Medicare,South
P011169,1952-02-05,Female,Divorced,Medicaid,South
P011170,2000-07-14,Female,Single,Medicare Advantage,Midwest
P011171,1955-06-17,Female,Married,Medicare,Midwest
P011172,1955-04-06,Female,Divorced,Other,Midwest
P011173,2001-03-17,Female,Single,Commercial,South
P011174,1969-08-13,Male,Single,Commercial,West
P011175,2009-12-30,Male,Single,Commercial,Midwest
P011176,1985-11-01,Male,Married,Commercial,Northeast
P011177,2006-05-26,Male,Single,Medicare,West
P011178,1973-06-21,Female,Divorced,Medicare,Midwest
P011179,1956-06-13,Male,Divorced,Commercial,South
P011180,1968-05-29,Female,Widowed,Medicare,South
P011181,1986-12-02,Male,Married,Self-Pay,South
P011182,2002-08-01,Male,Single,Commercial,Midwest
P011183,1980-02-20,Male,Married,Commercial,South
P011184,1979-04-09,Female,Single,Medicaid,Northeast
P011185,1951-10-06,Male,Married,Medicare Advantage,Northeast
P011186,1953-03-19,Female,Widowed,Commercial,South
P011187,1974-11-27,Male,Divorced,Commercial,South
P011188,1953-10-16,Male,Married,Medicare,Northeast
P011189,1953-12-03,Male,Married,Medicare Advantage,West
P011190,1952-10-08,Female,Married,Medicare,South
P011191,1946-12-04,Female,Married,Medicare,Midwest
P011192,1953-04-03,Male,Married,Commercial,Northeast
P011193,1983-03-05,Male,Married,Commercial,South
P011194,2017-01-05,Male,Single,Medicare Advantage,Midwest
P011195,1936-10-16,Female,Widowed,Medicare Advantage,
P011196,1988-12-22,Female,Married,Commercial,South
P011197,1934-01-08,Male,Single,Commercial,Northeast
P011198,1937-11-22,Female,Married,Medicare,South
P011199,1965-09-27,Male,Single,Medicare,Northeast
P011200,1979-12-11,Male,Single,Medicaid,Midwest
P011201,1989-02-14,Male,Married,Medicare Advantage,South
P011202,1980-07-29,Male,Married,Medicare,West
P011203,1985-02-13,Male,Married,Commercial,Midwest
P011204,1970-02-24,Male,Single,Self-Pay,Midwest
P011205,1962-03-16,Female,Married,Medicare,South
P011206,2022-05-11,Female,Single,Commercial,Northeast
P011207,1933-06-29,Female,Divorced,Commercial,
P011208,1978-03-10,Male,Single,Commercial,Northeast
P011209,1948-08-24,Male,Married,Medicare Advantage,South
P011210,1992-09-27,Female,Married,Medicaid,Midwest
P011211,1995-10-09,Female,Divorced,Medicaid,South
P011212,1960-06-28,Male,Married,Commercial,West
P011213,1935-07-13,Female,Single,Medicaid,South
P011214,1994-12-04,Male,Divorced,Commercial,Midwest
P011215,1968-07-17,Male,Married,Medicare,West
P011216,1964-11-01,Female,Married,Commercial,Northeast
P011217,1980-11-20,Male,Single,Medicare,South
P011218,1977-02-04,Female,Married,Medicaid,West
P011219,1947-07-26,Female,Single,Medicare,Midwest
P011220,1973-09-18,Female,Married,Self-Pay,West
P011221,2005-03-27,Male,Single,Medicare Advantage,South
P011222,1993-07-24,Male,Married,Medicare,West
P011223,2022-12-29,Female,Single,Self-Pay,West
P011224,2011-02-04,Male,Single,Commercial,South
P011225,1950-06-23,Male,Married,Commercial,South
P011226,1974-07-03,Female,Divorced,Medicare,Midwest
P011227,1979-08-28,Female,Married,Commercial,West
P011228,1976-03-16,Male,Married,Self-Pay,South
P011229,1963-01-10,Female,Married,Medicaid,South
P011230,1952-12-12,Female,Married,Medicare,South
P011231,1938-06-15,Male,Divorced,Medicare,Midwest
P011232,1987-08-18,Male,Widowed,Commercial,West
P011233,1932-09-11,Male,Married,Medicare,South
P011234,1980-08-26,Female,Single,Self-Pay,South
P011235,1943-06-07,Male,Widowed,Commercial,South
P011236,1936-07-18,Male,Married,Self-Pay,West
P011237,1970-05-25,Male,Married,Medicaid,West
P011238,1989-09-28,Female,Married,Commercial,West
P011239,1976-06-24,Male,Widowed,Self-Pay,Northeast
P011240,1936-12-09,Female,Divorced,Medicare,South
P011241,1966-08-10,Female,Married,Commercial,West
P011242,1960-12-18,Female,Married,Medicare,West
P011243,1980-03-17,Female,Single,Medicare,Midwest
P011244,1999-06-30,Male,Single,Medicare,South
P011245,1934-05-05,Male,Widowed,Commercial,Midwest
P011246,1970-06-25,Male,Divorced,Medicare Advantage,Midwest
P011247,1971-02-15,Female,Divorced,Commercial,South
P011248,1977-09-10,Female,Married,Self-Pay,South
P011249,1978-02-24,Male,Single,Medicare,Northeast
P011250,1957-04-25,Male,Married,Medicare,West
P011251,1962-10-14,Female,Divorced,Medicare,Midwest
P011252,1983-10-13,Male,Single,Commercial,South
P011253,1937-04-06,Male,Married,Commercial,South
P011254,2001-06-08,Female,Single,Medicare,West
P011255,2009-08-28,Female,Single,Medicare Advantage,South
P011256,1956-10-29,Male,Married,Medicare,South
P011257,1993-02-22,Male,Divorced,Medicare,Northeast
P011258,1938-03-01,Female,Widowed,Commercial,South
P011259,1953-04-01,Male,Married,Medicaid,Northeast
P011260,1976-03-07,Female,Married,Commercial,Midwest
P011261,1931-10-04,Female,Married,Medicare,Midwest
P011262,1964-07-13,Male,Divorced,Medicaid,Northeast
P011263,1998-07-05,Male,Married,Medicare,West
P011264,2002-05-13,Female,Single,Medicaid,West
P011265,1995-04-17,Female,Divorced,Medicare,West
P011266,1979-03-27,Female,Married,Self-Pay,Midwest
P011267,1960-03-03,Female,Married,Medicare,Northeast
P011268,1948-08-07,Male,Widowed,Medicare,Northeast
P011269,1974-05-10,Male,Single,Commercial,Midwest
P011270,2019-09-11,Female,Single,Other,Northeast
P011271,2013-02-08,Female,Single,Medicare,South
P011272,2007-12-28,Female,Single,Commercial,South
P011273,1974-07-19,Female,Married,Self-Pay,South
P011274,1948-07-05,Male,Divorced,Medicaid,Midwest
P011275,2011-12-12,Female,Single,Commercial,Midwest
P011276,1947-08-12,Female,Married,Medicare,South
P011277,1954-01-19,Female,Married,Other,Midwest
P011278,1961-11-14,Female,Married,Medicare,Northeast
P011279,1952-10-24,Male,Married,Commercial,West
P011280,1944-07-26,Male,Married,Medicare,West
P011281,1964-12-15,Female,Widowed,Medicare,Northeast
P011282,1985-02-18,Male,Married,Medicare Advantage,West
P011283,1973-06-15,Male,Single,Medicare Advantage,South
P011284,2004-05-26,Female,Married,Medicare Advantage,South
P011285,1963-12-07,Male,Married,Commercial,
P011286,1952-06-30,Female,Married,Commercial,South
P011287,1962-08-20,Female,Married,Medicare Advantage,Northeast
P011288,1977-02-18,Female,Married,Other,Midwest
P011289,1951-07-26,Female,Divorced,Medicaid,West
P011290,1963-04-29,Female,Married,Commercial,South
P011291,1961-11-02,Male,Married,Commercial,West
P011292,1959-01-11,Male,Single,Commercial,Midwest
P011293,1960-06-30,Female,Married,Medicare,South
P011294,2002-02-28,Female,Married,Commercial,South
P011295,1996-10-18,Female,Single,Medicare,South
P011296,2023-01-24,Male,Single,Commercial,West
P011297,1939-03-23,Female,Single,Medicare,West
P011298,1980-05-07,Male,Single,Medicare,West
P011299,2026-10-02,Female,Single,Medicare,Midwest
P011300,1969-07-26,Female,Divorced,Medicare,South
P011301,2014-07-14,Male,Single,Medicare,Northeast
P011302,2018-07-28,Male,Single,Commercial,South
P011303,1984-11-29,Male,Widowed,Medicare,West
P011304,1952-02-22,Male,Single,Medicare,South
P011305,1965-09-18,Male,Married,Medicaid,South
P011306,1988-11-30,Female,Single,Commercial,Northeast
P011307,2014-11-10,Female,Single,Commercial,South
P011308,1947-06-09,Female,Married,Medicare,South
P011309,1996-05-25,Male,Single,Medicare,South
P011310,1943-05-31,Male,Divorced,Medicare,Northeast
P011311,2001-09-20,Female,Single,Commercial,South
P011312,2000-02-24,Female,Single,Medicaid,West
P011313,1982-06-25,Male,Married,Medicaid,West
P011314,1972-04-17,Female,Married,Medicare,Midwest
P011315,1990-06-21,Female,Married,Commercial,Northeast
P011316,1988-10-22,Male,Married,Medicaid,West
P011317,1968-01-25,Female,Married,Medicare,Midwest
P011318,1962-01-04,Female,Married,Medicare,South
P011319,2001-09-16,Female,Single,Medicaid,Midwest
P011320,1933-07-31,Female,Widowed,Commercial,Midwest
P011321,1957-09-08,Male,Widowed,Self-Pay,West
P011322,1969-03-03,Female,Married,Other,Northeast
P011323,1968-07-03,Male,Divorced,Commercial,South
P011324,1970-09-23,Female,Married,Commercial,South
P011325,1995-10-25,Female,Married,Medicare,Midwest
P011326,1967-11-26,Female,Married,Medicare,Midwest
P011327,1968-10-06,Male,Married,Medicare Advantage,South
P011328,1975-04-04,Female,Divorced,Medicare,Midwest
P011329,1952-03-28,Male,Single,Medicaid,South
P011330,1938-03-16,Male,Widowed,Other,West
P011331,1967-09-16,Female,Divorced,Self-Pay,Northeast
P011332,1933-09-10,Male,Single,Medicare,West
P011333,1985-02-15,Female,Married,Medicaid,South
P011334,2024-09-30,Other,Single,Medicare,South
P011335,1988-05-22,Female,Married,Medicare Advantage,South
P011336,1975-11-20,Female,Single,Commercial,Northeast
P011337,1942-11-08,Female,Widowed,Commercial,South
P011338,1931-07-29,Male,Single,Commercial,West
P011339,1976-03-26,Male,Divorced,Medicare,West
P011340,1955-03-20,Male,Married,Medicare,Midwest
P011341,2004-08-28,Male,Single,Commercial,South
P011342,1971-12-27,Female,Married,Commercial,Midwest
P011343,1982-02-06,Female,Married,Self-Pay,South
P011344,1961-06-18,Male,Divorced,Medicaid,Midwest
P011345,2022-09-12,Male,Single,Commercial,Midwest
P011346,2005-01-19,Female,Single,Medicare,South
P011347,2001-02-24,Female,Single,Medicaid,Midwest
P011348,2006-05-24,Male,Widowed,Commercial,Midwest
P011349,1938-06-17,Female,Widowed,Medicaid,Midwest
P011350,1961-01-13,Female,Married,Medicaid,South
P011351,1983-02-27,Male,Married,Self-Pay,South
P011352,1952-03-29,Male,Divorced,Medicaid,West
P011353,2017-05-19,Male,Single,Other,Midwest
P011354,2005-04-07,Male,Single,Medicare,Northeast
P011355,1977-12-01,Male,Divorced,Medicaid,West
P011356,1966-02-14,Female,Single,Medicare,West
P011357,2019-05-20,Male,Single,Medicare,West
P011358,1991-06-22,Male,Divorced,Medicare,South
P011359,1930-10-02,Male,Married,Other,South
P011360,2010-07-08,Female,Single,Medicare,West
P011361,1939-02-13,Female,Widowed,Medicaid,Northeast
P011362,1984-01-04,Female,Married,Medicare,West
P011363,1958-06-25,Female,Widowed,Medicare,South
P011364,1957-08-18,Male,Divorced,Medicaid,South
P011365,1986-07-06,Female,Married,Medicare,Midwest
P011366,1978-02-22,Female,Single,Medicare,Midwest
P011367,1958-06-26,Female,Widowed,Medicare,West
P011368,1952-01-27,Female,Married,Commercial,Midwest
P011369,1978-11-16,Male,Married,Medicare,South
P011370,1990-04-11,Male,Married,Medicare Advantage,Midwest
P011371,1982-06-16,Female,Married,Commercial,West
P011372,1970-12-16,Male,Single,Self-Pay,Midwest
P011373,2006-09-15,Female,Single,Medicare,Northeast
P011374,1991-04-24,Male,,Self-Pay,West
P011375,1960-07-03,Male,Married,Medicare Advantage,South
P011376,1970-08-27,Male,Married,Medicare,West
P011377,1971-02-01,Female,Married,Medicare,Northeast
P011378,2020-10-13,Male,Single,Medicare,West
P011379,1975-08-13,Male,Married,Medicaid,South
P011380,1944-06-01,Female,Widowed,Medicare,South
P011381,2003-02-01,Female,Single,Medicare,Northeast
P011382,1962-08-08,Female,Married,Medicare,South
P011383,2005-10-11,Male,Single,Medicaid,South
P011384,2024-12-21,Female,Single,Medicaid,South
P011385,1973-07-01,Male,Married,Medicare,Northeast
P011386,1976-04-25,Male,Married,Medicare,West
P011387,2000-05-09,Female,Single,Medicare,South
P011388,1988-11-11,Female,Single,Medicaid,West
P011389,2001-07-24,Female,Single,Medicare,South
P011390,1960-07-27,Female,Widowed,Medicare,West
P011391,1982-09-12,Male,Single,Commercial,West
P011392,2011-09-11,Male,Single,Commercial,South
P011393,1965-10-07,Female,Married,Self-Pay,South
P011394,1999-09-18,Male,Single,Commercial,Midwest
P011395,1980-07-23,Female,Married,Commercial,South
P011396,1963-08-21,Male,Divorced,Medicare,West
P011397,1952-04-11,Female,Divorced,Medicare,South
P011398,1973-05-26,Male,Widowed,Other,West
P011399,2003-06-17,Female,Single,Commercial,West
P011400,1963-12-10,Male,Married,Medicaid,Midwest
P011401,1969-04-11,Male,Widowed,Medicare,West
P011402,1979-05-19,Male,Married,Commercial,South
P011403,1956-02-24,Male,Divorced,Medicare Advantage,South
P011404,1971-11-23,Female,Divorced,Medicaid,South
P011405,1952-10-08,Female,Divorced,Medicare,South
P011406,2020-12-04,Male,Single,Commercial,Midwest
P011407,1999-09-30,Female,Widowed,Medicare Advantage,Midwest
P011408,2014-03-12,Male,Single,Medicaid,South
P011409,1990-11-14,Male,Married,Medicare,Northeast
P011410,1951-08-23,Male,Married,Medicaid,Northeast
P011411,1962-03-04,Female,Married,Medicare,Midwest
P011412,1934-01-21,Female,Widowed,Medicare Advantage,South
P011413,1986-06-11,Female,Single,Medicare,Northeast
P011414,1948-06-28,Female,Divorced,Medicare,Midwest
P011415,1997-11-04,Female,Single,Medicaid,Midwest
P011416,1955-09-25,Male,Single,Commercial,West
P011417,1959-01-26,Male,Divorced,Commercial,West
P011418,1930-05-20,Female,Widowed,Medicaid,South
P011419,2011-03-13,Female,Single,Medicaid,Midwest
P011420,1966-03-31,Male,Married,Medicaid,Northeast
P011421,1975-03-11,Male,Married,Medicare,West
P011422,2004-01-12,Female,Single,Commercial,Northeast
P011423,1999-01-21,Female,Single,Medicare,South
P011424,1973-01-12,Male,Married,Medicaid,South
P011425,1969-05-24,Female,Single,Medicare,Midwest
P011426,1973-02-08,Female,Married,Medicaid,South
P011427,1974-09-05,Female,Married,Medicaid,West
P011428,1948-08-17,Male,Married,Other,Midwest
P011429,1954-06-19,Male,Married,Other,South
P011430,1964-05-11,Male,Divorced,Medicare,Midwest
P011431,2006-07-08,Female,Married,Medicare,Midwest
P011432,2018-05-19,Male,Single,Commercial,South
P011433,1960-08-15,Male,Single,Medicare,Northeast
P011434,1953-10-21,Male,Married,Medicaid,West
P011435,1959-03-07,Male,Divorced,Medicare,South
P011436,1974-07-29,Male,Married,Medicare,Midwest
P011437,1979-03-13,Male,Single,Medicare,West
P011438,1967-02-19,Male,Divorced,Commercial,Northeast
P011439,1982-03-13,Male,Married,Medicare,South
P011440,1945-06-23,Male,Divorced,Medicare,Midwest
P011441,2022-04-21,Female,Single,Commercial,South
P011442,1948-07-25,Female,Divorced,Commercial,Northeast
P011443,2025-09-11,Male,Single,Commercial,South
P011444,1993-01-20,Female,Divorced,Commercial,West
P011445,1930-04-09,Female,Married,Medicare Advantage,Midwest
P011446,2003-07-19,Female,Single,Other,South
P011447,1949-06-25,Female,Married,Medicaid,Midwest
P011448,1939-09-14,Male,Divorced,Commercial,Northeast
P011449,1954-08-31,Male,Married,Medicaid,West
P011450,2011-04-16,Male,Single,Medicaid,South
P011451,2013-12-14,Female,Single,Commercial,Midwest
P011452,1969-06-28,Male,Married,Medicaid,Northeast
P011453,1984-11-25,Female,Married,Medicare,South
P011454,1988-11-09,Male,Married,Medicaid,South
P011455,2020-07-22,Male,Single,Medicare Advantage,South
P011456,1964-12-20,Female,Married,Self-Pay,South
P011457,2012-11-20,Female,Single,Medicare,South
P011458,1987-06-18,Female,Married,Medicare Advantage,West
P011459,1999-01-02,Female,Single,Medicare Advantage,South
P011460,1986-09-05,Male,Married,Medicare,South
P011461,1964-09-24,Male,Married,Commercial,Northeast
P011462,1997-04-23,Male,Married,Commercial,West
P011463,1947-08-13,Male,Divorced,Self-Pay,Midwest
P011464,1947-12-05,Male,Married,Medicare,Midwest
P011465,1961-01-19,Female,Single,Medicaid,West
P011466,1938-03-31,Female,Widowed,Medicaid,Northeast
P011467,2024-09-26,Female,Single,Medicaid,Northeast
P011468,1951-12-01,Male,Widowed,Medicaid,Midwest
P011469,2002-11-14,Female,Married,Medicare,Midwest
P011470,1981-09-19,Female,Married,Medicare,Midwest
P011471,1948-01-07,Female,Single,Medicare,South
P011472,1984-03-27,Male,Divorced,Commercial,South
P011473,1975-09-09,Male,Widowed,Medicare,West
P011474,1973-05-22,Female,Divorced,Medicare,West
P011475,2004-07-05,Female,Single,Medicaid,Midwest
P011476,2024-12-15,Female,Single,Medicare Advantage,South
P011477,1973-11-04,Female,Divorced,Medicare,West
P011478,1941-01-28,Male,Widowed,Medicare Advantage,South
P011479,1979-07-21,Male,Married,Commercial,West
P011480,1971-07-23,Male,Divorced,Medicaid,South
P011481,2020-09-18,Female,Single,Medicare Advantage,Midwest
P011482,2003-10-30,Female,Single,Self-Pay,South
P011483,1965-11-02,Male,Divorced,Self-Pay,South
P011484,1974-11-06,Female,Single,Commercial,South
P011485,1964-04-24,Male,Married,Medicaid,Midwest
P011486,1947-02-14,Male,Married,Self-Pay,South
P011487,1959-07-05,Female,Married,Commercial,South
P011488,1941-03-10,Female,Married,Commercial,West
P011489,1955-03-15,Male,Married,Medicare,West
P011490,1937-12-22,Female,Married,Medicaid,South
P011491,1955-04-30,Female,Divorced,Commercial,Northeast
P011492,1944-09-10,Female,Widowed,Medicare,Northeast
P011493,1947-04-07,Female,Divorced,Commercial,South
P011494,1956-11-15,Female,Divorced,Medicare,South
P011495,1970-03-19,Male,Divorced,Commercial,Northeast
P011496,1996-08-01,Female,Single,Medicare,West
P011497,1984-08-11,Male,Single,Medicare,West
P011498,1950-08-20,Female,Single,Medicaid,South
P011499,1956-01-23,Male,Married,Medicaid,Northeast
P011500,1930-02-12,Male,Widowed,Medicare,Midwest
P011501,1947-07-13,Female,Married,Commercial,Northeast
P011502,2013-03-26,Female,Single,Medicaid,Northeast
P011503,1991-04-19,Female,Married,Commercial,Northeast
P011504,1947-12-12,Male,Married,Medicaid,South
P011505,1968-05-05,Female,Single,Medicaid,Northeast
P011506,1976-09-30,Female,Married,Medicare Advantage,South
P011507,1960-10-08,Male,Married,Medicare,West
P011508,2016-01-21,Female,Single,Commercial,Midwest
P011509,1971-02-02,Male,Widowed,Medicaid,South
P011510,1973-04-19,Male,Divorced,Medicare,Northeast
P011511,1955-06-09,Male,Divorced,Commercial,South
P011512,1993-05-15,Female,Single,Self-Pay,West
P011513,1959-04-06,Female,Married,Medicare Advantage,Northeast
P011514,1948-10-20,Male,Married,Medicare,West
P011515,1991-06-09,Female,Married,Commercial,Midwest
P011516,2013-07-08,Male,Single,Medicaid,Midwest
P011517,1958-11-15,Female,Single,Medicare,South
P011518,1948-11-07,Male,Married,Medicare,Northeast
P011519,1999-04-30,Male,Single,Medicaid,Midwest
P011520,2016-05-17,Male,Single,Commercial,West
P011521,1971-08-26,Male,Married,Medicare Advantage,South
P011522,1958-09-04,Male,Married,Medicaid,South
P011523,1998-11-15,Male,Single,Commercial,West
P011524,1990-03-26,Female,Single,Medicare,South
P011525,1977-05-16,Male,Married,Medicare Advantage,Midwest
P011526,1944-01-23,Male,Single,Commercial,South
P011527,2015-05-31,Male,Single,Commercial,South
P011528,1995-06-12,Female,Divorced,Commercial,South
P011529,1957-11-14,Male,Widowed,Medicaid,South
P011530,1980-11-24,Female,Divorced,Medicaid,West
P011531,1968-11-12,Female,Married,Medicare,South
P011532,1954-09-29,Male,Single,Commercial,South
P011533,2013-03-30,Female,Single,Medicare,West
P011534,2002-05-04,Other,Single,Medicare Advantage,Midwest
P011535,1975-03-08,Male,Divorced,Medicare Advantage,West
P011536,1935-07-23,Male,Widowed,Medicare Advantage,West
P011537,1990-04-19,Male,Single,Medicaid,Midwest
P011538,1996-04-19,Male,Married,Commercial,West
P011539,1966-12-16,Female,Married,Medicare Advantage,Northeast
P011540,1954-02-27,Male,Married,Medicare,South
P011541,1947-01-04,Female,Single,Commercial,South
P011542,1983-11-20,Female,Married,Commercial,Northeast
P011543,1960-03-27,Male,Married,Medicare,South
P011544,1992-05-15,Female,Single,Medicare,Northeast
P011545,2025-04-29,Female,Single,Other,Midwest
P011546,1969-07-19,Female,Married,Medicare Advantage,Midwest
P011547,1962-04-24,Male,Married,Self-Pay,Northeast
P011548,1977-01-22,Male,Married,Commercial,Northeast
P011549,1960-08-01,Male,Divorced,Medicaid,South
P011550,1983-09-09,Female,Single,Medicaid,Midwest
P011551,2015-06-11,Female,Single,Medicaid,Midwest
P011552,1955-09-17,Male,Married,Medicaid,South
P011553,1965-05-16,Male,Married,Medicare,South
P011554,2011-06-20,Male,Single,Medicare,South
P011555,2025-05-15,Female,Single,Commercial,West
P011556,1979-08-06,Male,Widowed,Medicaid,Northeast
P011557,1988-02-07,Female,Married,Commercial,West
P011558,1959-04-15,Male,Married,Medicaid,South
P011559,1964-08-14,Female,Married,Commercial,Midwest
P011560,1963-11-30,Female,Married,Medicare,West
P011561,1983-04-13,Female,Married,Self-Pay,South
P011562,1965-11-21,Female,Married,Commercial,Midwest
P011563,2023-07-05,Female,Single,Medicaid,Midwest
P011564,2001-02-26,Female,Single,Medicare,Midwest
P011565,2008-12-02,Male,Single,Medicaid,South
P011566,1933-09-05,Male,Married,Commercial,South
P011567,1949-03-06,Male,Divorced,Medicare,South
P011568,1948-09-22,Female,Married,Medicaid,Northeast
P011569,1947-08-17,Male,Married,Medicare,South
P011570,1950-05-28,Male,Married,Medicaid,South
P011571,2008-08-28,Male,Single,Commercial,South
P011572,1956-07-01,Male,Married,Medicaid,West
P011573,1949-12-03,Male,Married,Commercial,Northeast
P011574,1996-07-05,Female,Married,Medicare,Midwest
P011575,1979-04-01,Female,Married,Medicare Advantage,Northeast
P011576,1979-05-24,Male,Married,Medicare Advantage,West
P011577,2025-07-27,Male,Single,Medicare,Northeast
P011578,2021-11-11,Male,Single,Commercial,West
P011579,1961-12-22,Male,Married,Commercial,Midwest
P011580,1979-02-06,Male,Single,Medicare Advantage,Northeast
P011581,1991-05-18,Male,Married,Medicaid,West
P011582,1950-12-18,Female,Married,Self-Pay,West
P011583,2004-04-10,Female,Single,Commercial,West
P011584,1956-08-23,Female,Married,Commercial,South
P011585,1973-05-08,Male,Married,Medicare Advantage,West
P011586,1956-07-01,Male,Widowed,Commercial,Northeast
P011587,1995-09-25,Male,Married,Medicare,South
P011588,1953-08-16,Female,Married,Medicare Advantage,Northeast
P011589,1988-12-08,Female,Single,Commercial,South
P011590,1991-12-19,Male,Married,Commercial,South
P011591,2002-12-02,Male,Single,Commercial,South
P011592,1946-11-16,Male,Widowed,Medicare,West
P011593,1981-10-24,Female,Divorced,Medicare,South
P011594,1974-03-26,Female,Married,Commercial,Midwest
P011595,1959-07-10,Male,Married,Medicaid,West
P011596,1963-10-21,Male,Married,Commercial,South
P011597,1972-06-23,Male,Married,Medicare,South
P011598,2020-09-02,Female,Single,Medicare Advantage,West
P011599,1950-07-07,Male,Widowed,Medicare,Midwest
P011600,1944-03-24,Male,Married,Medicaid,Northeast
P011601,1931-05-21,Male,Single,Medicaid,South
P011602,1977-01-30,Male,Married,Medicaid,Northeast
P011603,1997-06-17,Male,Married,Medicaid,South
P011604,1971-09-20,Female,Married,Medicaid,Midwest
P011605,1940-05-29,Male,Single,Medicare Advantage,West
P011606,1939-10-11,Female,Widowed,Medicaid,South
P011607,1999-08-30,Male,Single,Medicaid,South
P011608,1965-01-26,Male,Married,Medicaid,West
P011609,1995-05-30,Male,Single,Commercial,South
P011610,1951-10-14,Female,Widowed,Medicare,West
P011611,2023-11-17,Male,Single,Commercial,South
P011612,1996-01-28,Other,Married,Medicare,Northeast
P011613,1929-01-21,Female,Widowed,Medicaid,Midwest
P011614,1949-12-31,Male,Married,Medicare,West
P011615,1935-04-09,Male,Widowed,Medicare,South
P011616,1978-01-28,Female,Widowed,Commercial,West
P011617,2015-02-26,Male,Single,Medicare Advantage,South
P011618,1961-10-15,Male,Married,Medicare,South
P011619,1978-10-05,Male,Married,Commercial,Midwest
P011620,1994-04-10,Male,Married,Medicare,Northeast
P011621,1966-07-19,Female,Married,Medicare Advantage,South
P011622,1961-06-20,Female,Divorced,Commercial,West
P011623,1960-08-02,Female,Divorced,Commercial,South
P011624,1974-02-07,Male,Married,Medicare,Midwest
P011625,1932-09-03,Female,Single,Medicaid,Northeast
P011626,2001-11-07,Female,Single,Medicare,West
P011627,1973-04-29,Male,Married,Self-Pay,Northeast
P011628,2001-10-06,Male,Single,Medicare Advantage,West
P011629,1973-12-07,Male,Married,Medicare,Northeast
P011630,1957-10-29,Male,Widowed,Medicare,Northeast
P011631,1997-08-02,Female,Single,Medicare Advantage,West
P011632,1957-11-24,Female,Widowed,Commercial,South
P011633,1975-11-09,Male,Divorced,Medicare,West
P011634,1997-08-20,Female,Single,Medicare,South
P011635,1979-12-29,Female,Divorced,Commercial,Northeast
P011636,1955-01-19,Female,Married,Medicaid,South
P011637,1955-06-05,Female,Married,Medicare,Midwest
P011638,1964-02-16,Male,Married,Medicare,Midwest
P011639,1973-05-21,Male,Divorced,Commercial,West
P011640,2005-10-11,Male,Single,Other,Northeast
P011641,1934-04-30,Male,Widowed,Medicare,Northeast
P011642,1939-01-05,Female,Widowed,Commercial,Northeast
P011643,1962-09-28,Female,Married,Medicaid,South
P011644,1946-05-16,Female,Divorced,Medicaid,South
P011645,2001-10-05,Male,Single,Commercial,Midwest
P011646,1974-09-19,Male,Married,Commercial,South
P011647,1989-08-10,Male,Single,Medicare,South
P011648,2020-06-27,Male,Single,Medicare,Northeast
P011649,1975-05-16,Male,Married,Commercial,West
P011650,1953-08-07,Female,Married,Medicare,Midwest
P011651,1988-06-27,Male,Married,Medicare,Midwest
P011652,2019-03-23,Female,Single,Self-Pay,West
P011653,1986-11-14,Male,Single,Commercial,West
P011654,1965-02-28,Female,Married,Medicare,Midwest
P011655,2005-04-10,Female,Single,Medicare,Northeast
P011656,1955-03-03,Male,Married,Medicaid,South
P011657,1966-11-18,Female,Married,Medicare,Northeast
P011658,1974-04-22,Female,Single,Medicare,Northeast
P011659,2017-12-08,Female,Single,Commercial,West
P011660,1935-05-13,Male,Married,Commercial,South
P011661,1964-05-18,Female,Married,Medicare,Northeast
P011662,2007-08-09,Female,Single,Medicare,Northeast
P011663,1993-07-25,Female,Single,Other,South
P011664,1967-07-10,Male,Married,Commercial,South
P011665,2003-02-02,Female,Single,Medicaid,South
P011666,1950-05-30,Male,Widowed,Other,South
P011667,1947-11-24,Female,Divorced,Commercial,West
P011668,1945-05-22,Male,Divorced,Commercial,Midwest
P011669,1971-03-26,Male,Divorced,Medicare,West
P011670,2011-08-04,Female,Single,Commercial,West
P011671,1955-11-25,Female,Married,Medicare,Midwest
P011672,1974-11-15,Male,Married,Medicaid,West
P011673,1954-11-28,Female,Married,Medicaid,Midwest
P011674,1959-11-10,Female,Divorced,Commercial,West
P011675,1995-06-09,Male,Married,Medicare Advantage,South
P011676,1982-05-20,Female,Single,Medicare Advantage,South
P011677,1993-11-30,Male,Married,Self-Pay,South
P011678,2015-07-17,Female,Single,Commercial,South
P011679,2024-12-12,Male,Single,Medicare,Midwest
P011680,2009-01-19,Female,Single,Commercial,Northeast
P011681,1965-04-20,Female,Divorced,Commercial,West
P011682,1954-04-02,Male,Married,Medicaid,Midwest
P011683,1981-08-06,Female,Single,Medicaid,West
P011684,1947-09-20,Male,Divorced,Medicaid,South
P011685,1936-09-22,Male,Widowed,Medicaid,Northeast
P011686,2009-04-15,Male,Single,Medicaid,Midwest
P011687,1966-03-26,Male,Married,Medicare Advantage,Midwest
P011688,1969-11-14,Male,Married,Commercial,South
P011689,1962-12-09,Male,Married,Medicare,South
P011690,1962-11-21,Female,Married,Medicare,South
P011691,1967-12-08,Female,Married,Medicare,West
P011692,1934-08-31,Male,Married,Medicaid,South
P011693,2024-11-27,Male,Single,Medicaid,West
P011694,1991-04-04,Male,Single,Commercial,Northeast
P011695,1962-05-25,Female,Widowed,Commercial,Midwest
P011696,1943-04-27,Female,Widowed,Medicare,South
P011697,1997-06-13,Male,Single,Self-Pay,West
P011698,1970-05-18,Female,Single,Commercial,South
P011699,1939-06-18,Female,Married,Medicare,South
P011700,1976-09-25,Male,Married,Medicaid,West
P011701,1938-05-18,Female,Widowed,Commercial,Midwest
P011702,1944-03-28,Male,Divorced,Medicare,Midwest
P011703,1974-03-29,Female,Married,Commercial,South
P011704,1972-06-01,Female,Divorced,Commercial,Northeast
P011705,1970-01-20,Female,Married,Commercial,South
P011706,1947-09-15,Male,Divorced,Medicare Advantage,Midwest
P011707,1984-06-02,Female,Single,Medicare,Northeast
P011708,1984-11-18,Male,Married,Commercial,South
P011709,1959-07-17,Female,Divorced,Self-Pay,West
P011710,1964-04-17,Male,Married,Medicare Advantage,South
P011711,1997-05-06,Male,Single,Medicare Advantage,South
P011712,2012-03-14,Male,Single,Self-Pay,West
P011713,2017-06-23,Male,Single,Commercial,West
P011714,1965-08-03,Male,Divorced,Medicaid,Midwest
P011715,1988-04-22,Male,Married,Medicare,West
P011716,2018-02-05,Male,Single,Commercial,Midwest
P011717,1948-05-22,Female,Widowed,Medicaid,Northeast
P011718,1982-01-05,Female,Divorced,Medicaid,Midwest
P011719,1966-07-30,Female,Single,Commercial,West
P011720,1983-04-19,Female,Married,Medicare,Northeast
P011721,1985-08-01,Male,Married,Commercial,South
P011722,2002-08-11,Male,Single,Medicaid,Midwest
P011723,1959-10-28,Male,Married,Medicare Advantage,Midwest
P011724,1989-02-20,Female,Married,Commercial,West
P011725,1977-10-19,Female,Married,Medicare,Northeast
P011726,1947-06-21,Female,Single,Commercial,South
P011727,1963-12-29,Female,Single,Medicare Advantage,West
P011728,2001-03-10,Male,Single,Commercial,West
P011729,1984-04-20,Male,Married,Commercial,West
P011730,2004-08-25,Male,Single,Commercial,South
P011731,1950-08-27,Female,Widowed,Commercial,Midwest
P011732,2019-01-17,Other,Single,Medicare,Midwest
P011733,1984-09-26,Female,Single,Commercial,South
P011734,1956-12-02,Female,Married,Medicare,South
P011735,1960-11-06,Female,Single,Self-Pay,Midwest
P011736,1986-05-19,Female,Married,Medicaid,South
P011737,1951-02-20,Male,Married,Commercial,Midwest
P011738,1993-03-28,Female,Married,Self-Pay,West
P011739,2000-09-19,Female,Single,Medicare,Northeast
P011740,1943-10-13,Male,Widowed,Commercial,Midwest
P011741,1956-09-20,Female,Single,Commercial,West
P011742,1937-07-21,Male,Divorced,Commercial,Midwest
P011743,1946-09-15,Female,Widowed,Other,West
P011744,1967-04-29,Male,Married,Medicaid,West
P011745,1968-09-24,Male,Single,Medicare Advantage,West
P011746,1957-08-21,Female,Single,Commercial,South
P011747,1965-12-02,Female,Widowed,Medicare,South
P011748,2002-04-11,Female,Single,Medicaid,South
P011749,1974-08-13,Female,Divorced,Commercial,South
P011750,1947-10-23,Female,Divorced,Commercial,Midwest
P011751,1972-05-21,Female,Married,Medicare Advantage,West
P011752,1996-03-17,Female,Single,Medicare,South
P011753,1976-01-27,Female,Married,Self-Pay,Midwest
P011754,1992-05-31,Male,Single,Commercial,West
P011755,2015-01-25,Male,Single,Commercial,South
P011756,2012-01-08,Female,Single,Medicaid,South
P011757,1987-01-12,Female,Single,Medicare Advantage,South
P011758,1968-04-03,Female,Married,Medicare,West
P011759,1987-08-09,Female,Single,Medicaid,Midwest
P011760,1991-05-02,Female,Divorced,Commercial,Midwest
P011761,1932-12-02,Female,Widowed,Medicare,West
P011762,2019-05-29,Female,Single,Medicare,South
P011763,1969-05-30,Male,Married,Commercial,Northeast
P011764,1990-07-23,Male,Single,Medicare,South
P011765,1947-12-01,Male,Divorced,Medicaid,South
P011766,1964-10-21,Female,Single,Medicare,South
P011767,2010-09-08,Female,Single,Medicare,Northeast
P011768,1972-09-27,Female,Married,Commercial,South
P011769,2016-09-25,Female,Single,Commercial,South
P011770,1969-08-19,Female,Divorced,Commercial,Northeast
P011771,2023-05-05,Male,Single,Commercial,Northeast
P011772,2004-09-18,Male,Single,Commercial,West
P011773,1947-12-24,Female,Divorced,Medicaid,Midwest
P011774,1985-10-09,Female,Married,Medicaid,Northeast
P011775,1972-04-11,Male,Married,Other,Midwest
P011776,1970-04-11,Male,Divorced,Other,Midwest
P011777,1956-10-03,Female,Married,Commercial,Northeast
P011778,1975-08-18,Male,Widowed,Self-Pay,Midwest
P011779,2021-07-08,Male,Single,Commercial,South
P011780,1946-03-07,Male,Single,Medicare Advantage,West
P011781,2021-10-14,Female,Single,Medicare Advantage,South
P011782,1981-02-28,Female,Married,Commercial,South
P011783,1941-10-01,Female,Married,Medicaid,West
P011784,1965-04-21,Female,Married,Medicare,Northeast
P011785,1980-04-04,Male,Single,Medicare Advantage,West
P011786,1953-08-15,Female,Married,Medicare,Midwest
P011787,1978-06-07,Male,Married,Commercial,West
P011788,1948-12-09,Male,Married,Medicare,South
P011789,2010-09-24,Female,Single,Medicare,West
P011790,1988-03-29,Male,Single,Other,South
P011791,1971-05-12,Female,Married,Medicaid,South
P011792,1938-09-06,Male,Widowed,Commercial,Northeast
P011793,1971-12-30,Male,Single,Medicare Advantage,West
P011794,1959-05-01,Female,Divorced,Medicaid,South
P011795,1996-03-21,Female,Married,Medicare,Midwest
P011796,1974-10-18,Female,Widowed,Medicare,Northeast
P011797,2012-07-18,Female,Single,Medicare,West
P011798,2011-01-09,Female,Single,Commercial,Northeast
P011799,1959-11-30,Male,Widowed,Medicaid,South
P011800,1967-03-05,Female,Married,Medicare,West
P011801,1968-01-15,Female,Widowed,Medicare,Midwest
P011802,1946-01-03,Female,Widowed,Commercial,Northeast
P011803,1950-11-05,Female,Widowed,Self-Pay,Northeast
P011804,1968-05-13,Female,Married,Medicare Advantage,Midwest
P011805,2005-09-04,Male,Single,Medicare,West
P011806,1957-06-29,Male,Married,Medicare,West
P011807,1977-02-03,Female,Single,Commercial,South
P011808,1930-11-04,Male,Widowed,Medicare,West
P011809,1956-09-25,Female,Married,Medicaid,South
P011810,2004-06-27,Female,Single,Medicare Advantage,West
P011811,1979-10-17,Female,Single,Medicaid,West
P011812,1954-07-02,Female,Divorced,Commercial,South
P011813,1988-12-20,Male,Divorced,Medicare,South
P011814,2014-04-04,Male,Single,Medicare,Midwest
P011815,1988-01-26,Female,Married,Medicare,Midwest
P011816,1999-02-16,Male,Single,Medicaid,West
P011817,2024-10-25,Female,Single,Commercial,Midwest
P011818,1978-01-28,Female,Married,Commercial,Northeast
P011819,1949-08-03,Male,Married,Medicaid,South
P011820,1964-01-19,Male,Divorced,Commercial,Midwest
P011821,1973-08-08,Male,Single,Commercial,Midwest
P011822,1938-09-30,Male,Widowed,Medicare Advantage,South
P011823,1983-11-06,Male,Married,Commercial,South
P011824,1937-08-11,Female,Widowed,Medicaid,Midwest
P011825,1969-03-25,Female,Married,Medicare,Northeast
P011826,2023-11-27,Male,Single,Medicaid,South
P011827,1965-11-02,Female,Single,Medicare,South
P011828,1952-03-21,Female,Married,Self-Pay,West
P011829,1948-04-25,Female,Married,Medicare,Midwest
P011830,1961-01-11,Male,Divorced,Self-Pay,West
P011831,1930-04-23,Female,Widowed,Commercial,West
P011832,2001-07-06,Male,Single,Medicare,Midwest
P011833,1998-01-06,Male,Single,Medicaid,Midwest
P011834,1968-01-15,Female,Divorced,Medicare Advantage,Midwest
P011835,1962-07-14,Male,Married,Commercial,West
P011836,1969-10-13,Female,Single,Medicare Advantage,South
P011837,1941-10-14,Male,Married,Medicaid,South
P011838,1948-10-04,Female,Married,Self-Pay,Northeast
P011839,1932-03-10,Male,Married,Medicare,West
P011840,1953-10-24,Female,Married,Medicaid,Midwest
P011841,2010-09-22,Male,Single,Medicaid,West
P011842,1948-12-01,Male,Divorced,Other,South
P011843,1962-11-09,Male,Married,Medicaid,Midwest
P011844,1970-11-05,Female,Married,Commercial,West
P011845,1974-12-05,Female,Divorced,Other,South
P011846,1987-08-06,Male,Married,Medicare,Northeast
P011847,1994-02-23,Female,Married,Medicare Advantage,Northeast
P011848,2007-01-14,Female,Single,Medicare,Midwest
P011849,1957-01-22,Female,Married,Medicaid,Northeast
P011850,1959-12-02,Female,Widowed,Medicaid,Northeast
P011851,1966-01-06,Female,Married,Commercial,Midwest
P011852,1947-11-02,Female,Married,Medicare Advantage,South
P011853,2003-11-27,Male,Single,Commercial,Midwest
P011854,1985-07-08,Female,Single,Medicaid,South
P011855,1999-11-24,Female,Single,Medicare,West
P011856,1994-07-02,Female,Married,Self-Pay,South
P011857,1971-12-01,Male,Married,Commercial,Northeast
P011858,1950-06-13,Male,Married,Commercial,West
P011859,1990-04-11,Female,Single,Medicare,South
P011860,1955-03-14,Female,Married,Commercial,Midwest
P011861,1948-03-09,Female,Divorced,Medicaid,South
P011862,1945-01-31,Female,Widowed,Medicaid,Midwest
P011863,2000-08-24,Female,Single,Medicaid,Northeast
P011864,2003-12-25,Male,Married,Commercial,South
P011865,1964-04-11,Female,Single,Commercial,West
P011866,1990-04-09,Female,Single,Medicare,West
P011867,1972-11-13,Male,Married,Medicaid,West
P011868,2000-08-12,Female,Single,Medicaid,South
P011869,1957-03-26,Male,Divorced,Medicaid,West
P011870,1989-06-08,Male,Married,Self-Pay,South
P011871,2003-12-13,Female,Single,Medicare,South
P011872,1960-04-07,Male,Divorced,Commercial,Midwest
P011873,2018-02-14,Male,Single,Medicare,West
P011874,1947-07-26,Female,Divorced,Medicare Advantage,
P011875,2013-02-10,Female,Single,Self-Pay,South
P011876,1962-08-21,Female,Single,Medicare,Midwest
P011877,1929-01-19,Female,Widowed,Medicare,West
P011878,1964-05-19,Female,Married,Medicare Advantage,West
P011879,1943-07-25,Male,Widowed,Medicare,West
P011880,1948-09-06,Male,Married,Commercial,South
P011881,1957-12-14,Female,Married,Medicaid,West
P011882,1948-04-26,Male,Married,Commercial,Midwest
P011883,1940-02-06,Male,Widowed,Commercial,Midwest
P011884,1946-07-07,Male,Married,Commercial,Midwest
P011885,1955-04-28,Female,Widowed,Medicare Advantage,South
P011886,1978-08-19,Female,Single,Medicare Advantage,South
P011887,1954-09-20,Male,Widowed,Medicare,Midwest
P011888,1946-04-04,Male,Divorced,Medicare,South
P011889,1973-08-20,Male,Widowed,Medicare,Northeast
P011890,1976-10-16,Male,Divorced,Medicare,South
P011891,1965-07-06,Female,Married,Self-Pay,Northeast
P011892,1966-12-10,Male,Married,Commercial,Midwest
P011893,1960-09-21,Female,Widowed,Medicare Advantage,South
P011894,2024-04-01,Male,Single,Medicare,South
P011895,1969-08-08,Male,Divorced,Medicare Advantage,South
P011896,1968-01-19,Female,Married,Medicare,Northeast
P011897,1948-09-13,Male,Widowed,Medicare,West
P011898,1997-03-16,Female,Single,Medicaid,Midwest
P011899,1983-10-07,Female,Married,Commercial,Northeast
P011900,1973-09-17,Male,Married,Other,South
P011901,1985-11-20,Female,Married,Commercial,West
P011902,1970-08-28,Male,Married,Medicare Advantage,
P011903,2022-05-07,Female,Single,Medicare Advantage,Northeast
P011904,1973-09-21,Male,Single,Commercial,South
P011905,1947-10-09,Female,Married,Commercial,West
P011906,1957-09-28,Female,Divorced,Self-Pay,West
P011907,1951-09-01,Male,Married,Medicaid,Northeast
P011908,1962-08-02,Female,Married,Medicare,Northeast
P011909,1929-04-15,Male,Widowed,Medicaid,South
P011910,1961-07-11,Female,Married,Medicare,South
P011911,1975-09-11,Male,Widowed,Medicare Advantage,Midwest
P011912,2007-11-06,Male,Married,Medicare Advantage,Midwest
P011913,1952-09-24,Female,Married,Medicaid,Midwest
P011914,1984-10-14,Female,Single,Medicare,South
P011915,1953-07-12,Male,Married,Medicare,South
P011916,1997-01-31,Female,Single,Medicare,Midwest
P011917,1999-08-31,Male,Single,Medicare,South
P011918,1959-04-27,Male,Widowed,Medicare,West
P011919,2009-07-27,Female,Single,Commercial,Midwest
P011920,1985-06-06,Male,Single,Medicare,Northeast
P011921,1957-02-23,Male,Married,Medicare,South
P011922,1970-09-02,Female,Divorced,Medicare Advantage,Northeast
P011923,1965-01-10,Female,Single,Medicare,Midwest
P011924,1972-02-14,Female,Widowed,Medicaid,South
P011925,1944-01-10,Female,Divorced,Medicare Advantage,Northeast
P011926,1982-12-13,Male,Married,Medicaid,Midwest
P011927,1930-12-20,Female,Married,Medicare Advantage,Northeast
P011928,1990-02-18,Female,Single,Medicare,South
P011929,1958-08-24,Female,Married,Commercial,Northeast
P011930,1998-04-28,Male,Single,Commercial,Midwest
P011931,1966-11-15,Male,Divorced,Medicare,Northeast
P011932,1961-05-14,Female,Married,Commercial,South
P011933,1994-12-18,Female,Married,Medicare Advantage,South
P011934,1976-08-30,Male,Divorced,Commercial,West
P011935,2024-08-19,Male,Single,Medicaid,Midwest
P011936,1971-12-31,Male,Single,Commercial,South
P011937,1992-06-19,Male,Married,Commercial,South
P011938,1951-07-25,Female,Widowed,Medicare Advantage,West
P011939,1965-04-06,Male,Married,Medicare,South
P011940,1986-08-28,Female,Married,Medicaid,West
P011941,2017-08-25,Male,Single,Medicare,Northeast
P011942,1981-12-06,Male,Single,Commercial,South
P011943,2016-03-17,Female,Single,Medicaid,South
P011944,1931-07-17,Female,Widowed,Medicare,South
P011945,1999-12-21,Male,Single,Medicare,Midwest
P011946,1954-08-11,Female,Widowed,Medicare,Northeast
P011947,1986-05-05,Female,Married,Medicare Advantage,South
P011948,1975-06-02,Female,Divorced,Medicaid,Northeast
P011949,1985-11-02,Female,Married,Medicaid,Northeast
P011950,1946-03-31,Male,Married,Commercial,Midwest
P011951,1969-05-05,Male,Divorced,Commercial,Midwest
P011952,1975-02-04,Male,Married,Medicaid,Midwest
P011953,1972-10-28,Female,Married,Self-Pay,South
P011954,1953-05-13,Female,Married,Commercial,Midwest
P011955,1999-10-05,Female,Single,Other,Midwest
P011956,1944-02-26,Female,Widowed,Medicare,Midwest
P011957,1953-10-28,Male,Divorced,Medicaid,South
P011958,1962-08-11,Male,Married,Medicare,Northeast
P011959,1991-08-17,Male,Married,Medicaid,South
P011960,1991-02-06,Female,Married,Commercial,Midwest
P011961,1949-05-11,Male,Widowed,Commercial,
P011962,2020-01-18,Male,Single,Medicare,Northeast
P011963,1991-07-03,Male,Single,Medicare Advantage,West
P011964,1969-12-20,Female,Married,Medicaid,West
P011965,2012-02-17,Female,Single,Medicare,South
P011966,1970-03-16,Male,Married,Medicaid,West
P011967,1990-11-18,Female,Divorced,Self-Pay,South
P011968,1982-02-19,Male,Married,Medicaid,Midwest
P011969,1951-01-02,Male,Married,Medicare Advantage,Midwest
P011970,1961-05-05,Female,Single,Medicare,West
P011971,1986-01-31,Male,Married,Medicaid,Northeast
P011972,2007-12-10,Female,Married,Medicaid,Midwest
P011973,1984-10-29,Female,Married,Commercial,Midwest
P011974,1966-05-31,Male,Single,Commercial,South
P011975,1985-04-25,Female,Single,Commercial,South
P011976,1965-07-28,Female,Single,Medicare,South
P011977,1947-10-28,Male,Widowed,Medicare,Midwest
P011978,1973-08-02,Female,Divorced,Other,West
P011979,2025-09-13,Male,Single,Medicaid,Northeast
P011980,2015-07-13,Female,Single,Commercial,South
P011981,2004-02-07,Female,Married,Medicaid,Midwest
P011982,2014-09-16,Female,Single,Medicare,South
P011983,2005-12-31,Male,Single,Commercial,South
P011984,1980-06-05,Male,Married,Commercial,West
P011985,1988-05-31,Male,Single,Commercial,South
P011986,1989-02-28,Male,Married,Commercial,Midwest
P011987,1948-12-21,Female,Widowed,Medicaid,Midwest
P011988,1989-01-10,Male,Married,Medicare,South
P011989,2005-03-17,Male,Single,Commercial,Midwest
P011990,1986-01-08,Female,Married,Medicaid,South
P011991,2018-07-25,Female,Single,Medicare,Midwest
P011992,1946-05-21,Male,Widowed,Commercial,West
P011993,1976-10-21,Male,Married,Medicare,South
P011994,1999-12-01,Male,Married,Medicare,Midwest
P011995,1992-09-01,Male,Married,Commercial,South
P011996,2022-09-29,Female,Single,Commercial,Midwest
P011997,2003-04-28,Male,Single,Medicaid,Northeast
P011998,1973-05-18,Male,Widowed,Medicaid,West
P011999,1952-06-13,Male,Married,Medicare Advantage,West
P012000,1981-07-02,Female,Married,Medicare,South
P012001,1996-09-07,Female,Married,Commercial,South
P012002,1947-03-11,Male,Divorced,Self-Pay,Northeast
P012003,1945-02-28,Female,Widowed,Medicaid,Midwest
P012004,1971-12-16,Male,Widowed,Medicare Advantage,Midwest
P012005,1966-12-06,Male,Married,Medicaid,West
P012006,2016-01-26,Male,Single,Medicare Advantage,Midwest
P012007,1984-07-13,Female,Married,Commercial,West
P012008,1971-10-09,Female,Married,Commercial,West
P012009,1980-05-16,Female,Married,Self-Pay,Northeast
P012010,1932-06-03,Male,Married,Medicaid,Midwest
P012011,1996-09-10,Female,Married,Medicaid,South
P012012,1972-02-26,Female,Married,Commercial,South
P012013,1964-08-15,Male,Widowed,Other,South
P012014,1972-01-10,Male,Divorced,Commercial,South
P012015,1983-12-18,Male,Married,Medicare,Northeast
P012016,1962-06-17,Male,Divorced,Commercial,Midwest
P012017,1947-02-12,Male,Married,Commercial,Midwest
P012018,2012-11-27,Male,Single,Commercial,Midwest
P012019,1985-11-03,Male,Married,Medicare Advantage,South
P012020,2024-11-02,Male,Single,Commercial,South
P012021,1940-03-10,Male,Widowed,Commercial,West
P012022,1948-10-01,Female,Widowed,Medicare,Northeast
P012023,1993-05-26,Female,Single,Commercial,South
P012024,2002-05-21,Female,Widowed,Medicare,
P012025,1963-07-02,Female,Divorced,Medicaid,South
P012026,1941-08-23,Male,Married,Medicare,South
P012027,1988-08-04,Female,Married,Commercial,South
P012028,1931-10-23,Male,Widowed,Medicare,Northeast
P012029,1959-12-02,Female,Widowed,Commercial,South
P012030,1999-04-01,Female,Single,Self-Pay,West
P012031,2011-02-19,Male,Single,Medicare,South
P012032,1961-06-29,Male,Married,Other,South
P012033,1978-01-09,Female,Married,Commercial,West
P012034,1968-04-18,Male,Married,Commercial,West
P012035,1965-03-09,Female,Married,Medicare,Northeast
P012036,1938-01-19,Female,Single,Commercial,South
P012037,1957-08-16,Male,Widowed,Self-Pay,Northeast
P012038,2004-08-12,Male,Single,Medicare,West
P012039,1963-12-29,Female,Married,Medicare,Midwest
P012040,2011-04-10,Male,Single,Self-Pay,Midwest
P012041,1987-06-16,Male,Married,Medicare,Midwest
P012042,1951-10-06,Male,Married,Medicare,Northeast
P012043,1982-07-30,Male,Single,Commercial,Midwest
P012044,2020-05-05,Female,Single,Medicare Advantage,South
P012045,1960-11-24,Male,Married,Commercial,Midwest
P012046,1949-01-29,Female,Married,Medicare,South
P012047,1963-05-20,Female,Divorced,Self-Pay,Midwest
P012048,1959-11-18,Female,Widowed,Commercial,Midwest
P012049,1964-07-28,Male,Married,Medicare,Northeast
P012050,1995-07-13,Female,Married,Medicare,Northeast
P012051,1946-02-16,Female,Married,Commercial,Midwest
P012052,1953-02-13,Female,Widowed,Commercial,Northeast
P012053,1995-05-10,Female,Single,Medicaid,West
P012054,1961-08-09,Female,Married,Other,West
P012055,1995-05-03,Male,Married,Medicare,West
P012056,2022-09-15,Male,Single,Commercial,South
P012057,1983-04-14,Female,Married,Medicaid,South
P012058,1988-12-29,Female,Married,Medicare,South
P012059,1948-07-24,Female,Married,Commercial,West
P012060,1948-04-14,Male,Single,Medicare Advantage,Northeast
P012061,1977-08-04,Female,Divorced,Medicare,Northeast
P012062,1969-05-23,Female,Married,Medicare,South
P012063,1996-11-07,Female,Married,Commercial,Midwest
P012064,1956-11-16,Male,Married,Self-Pay,South
P012065,2011-09-06,Female,Single,Commercial,Midwest
P012066,1968-11-14,Male,Married,Other,West
P012067,1968-04-26,Female,Married,Medicaid,South
P012068,1958-09-18,Male,Widowed,Commercial,Northeast
P012069,1987-07-24,Female,Married,Medicare,South
P012070,2018-06-04,Male,Single,Commercial,South
P012071,2012-02-18,Female,Single,Medicare,South
P012072,1990-10-27,Female,Married,Commercial,Midwest
P012073,1937-01-13,Female,Married,Commercial,Northeast
P012074,1987-09-18,Male,Married,Medicare Advantage,Northeast
P012075,1952-01-09,Male,Divorced,Commercial,Midwest
P012076,2002-12-20,Female,Divorced,Medicaid,West
P012077,2019-03-23,Male,Single,Medicaid,South
P012078,1941-08-17,Female,Married,Medicaid,West
P012079,1936-04-28,Female,Widowed,Commercial,Midwest
P012080,1947-11-29,Male,Married,Medicare,South
P012081,1970-01-02,Male,Single,Medicare Advantage,South
P012082,1967-07-27,Female,Married,Medicare Advantage,South
P012083,1981-05-05,Male,Divorced,Medicaid,Midwest
P012084,1984-03-08,Male,Married,Self-Pay,South
P012085,1969-05-15,Male,Divorced,Medicare,Midwest
P012086,2007-11-13,Male,Single,Medicare,Midwest
P012087,1987-07-17,Female,Married,Medicare,South
P012088,2003-10-14,Male,Single,Medicare,South
P012089,2024-09-17,Male,Single,Commercial,Midwest
P012090,1964-11-21,Female,Married,Commercial,Midwest
P012091,1973-08-04,Female,Married,Commercial,Midwest
P012092,1972-09-01,Male,Married,Medicaid,South
P012093,1950-06-03,Male,Widowed,Commercial,South
P012094,1947-11-11,Female,Divorced,Medicaid,Midwest
P012095,1999-10-17,Male,Single,Commercial,Midwest
P012096,2002-05-06,Male,Single,Medicare Advantage,Midwest
P012097,1973-11-11,Male,Single,Medicare,Northeast
P012098,1985-07-13,Female,Single,Commercial,West
P012099,1943-03-21,Male,Married,Medicare,South
P012100,2018-08-23,Male,Single,Self-Pay,South
P012101,1968-02-03,Male,Married,Medicare,West
P012102,2014-05-07,Female,Single,Medicare,Midwest
P012103,1946-02-20,Female,Single,Medicare,South
P012104,1973-03-31,Male,Widowed,Medicare,West
P012105,1983-05-08,Female,Married,Medicare,South
P012106,1960-12-15,Female,Married,Medicare Advantage,West
P012107,1990-01-12,Female,Single,Commercial,Northeast
P012108,1972-07-21,Female,Married,Medicare,South
P012109,2002-01-17,Female,Single,Medicare Advantage,Northeast
P012110,1966-12-18,Male,Married,Medicare,Midwest
P012111,1961-10-28,Female,Single,Medicare,West
P012112,1952-02-23,Male,Widowed,Commercial,South
P012113,1967-09-10,Female,Married,Self-Pay,Midwest
P012114,2001-10-14,Female,Single,Commercial,South
P012115,1947-06-12,Female,Married,Medicaid,Northeast
P012116,1968-02-06,Male,Married,Medicare,Midwest
P012117,1952-07-15,Female,Married,Commercial,South
P012118,1958-02-03,Male,Married,Medicare,South
P012119,2014-12-08,Male,Single,Commercial,South
P012120,1980-10-16,Male,Married,Self-Pay,Northeast
P012121,2022-05-25,Male,Single,Medicare,Midwest
P012122,2000-04-18,Male,Single,Self-Pay,South
P012123,1938-08-10,Male,Widowed,Commercial,West
P012124,1990-03-30,Male,Single,Commercial,West
P012125,1960-05-19,Female,Married,Medicare Advantage,South
P012126,2022-01-12,Female,Single,Medicare,Midwest
P012127,1978-04-20,Male,Married,Commercial,Northeast
P012128,1974-07-02,Male,Single,Medicare,South
P012129,2020-06-05,Female,Single,Self-Pay,Midwest
P012130,2024-05-13,Female,Single,Self-Pay,Midwest
P012131,1985-05-03,Male,Married,Commercial,West
P012132,1983-06-16,Male,Divorced,Medicare,South
P012133,1962-09-05,Female,Married,Medicare,South
P012134,1965-04-17,Female,Married,Medicare,West
P012135,1949-04-28,Male,Widowed,Medicaid,West
P012136,1988-05-27,Female,Married,Medicaid,Midwest
P012137,2009-12-13,Female,Single,Commercial,West
P012138,1931-09-20,Female,Widowed,Medicaid,South
P012139,1960-08-04,Female,Married,Medicare,Midwest
P012140,2005-05-19,Male,Single,Medicare,South
P012141,1952-07-14,Male,Divorced,Commercial,South
P012142,1964-03-27,Male,Single,Medicare,Midwest
P012143,2008-07-04,Female,Single,Commercial,Northeast
P012144,2021-05-13,Female,Single,Medicare,Northeast
P012145,1955-05-09,Female,Married,Medicaid,South
P012146,2003-04-04,Female,Single,Medicare,South
P012147,1975-06-12,Male,Single,Medicare Advantage,Northeast
P012148,1991-11-20,Female,Single,Medicare,Midwest
P012149,1955-06-12,Male,Married,Commercial,South
P012150,1959-01-10,Female,Divorced,Medicaid,South
P012151,1937-11-05,Male,Widowed,Medicare Advantage,South
P012152,1948-01-22,Male,Married,Commercial,South
P012153,2000-04-06,Male,Single,Medicare,Midwest
P012154,1935-04-04,Male,Widowed,Commercial,Midwest
P012155,1968-09-07,Female,Divorced,Medicare,Midwest
P012156,1944-03-24,Male,Single,Medicaid,Northeast
P012157,1975-03-06,Female,Divorced,Medicare Advantage,Northeast
P012158,1972-05-02,Male,Married,Commercial,South
P012159,1965-06-04,Female,Married,Medicaid,West
P012160,1937-08-28,Female,Married,Self-Pay,West
P012161,1955-06-09,Male,Single,Commercial,Northeast
P012162,1988-04-23,Female,Married,Self-Pay,Northeast
P012163,1985-07-04,Female,Married,Medicaid,South
P012164,1955-04-20,Female,Widowed,Medicare,South
P012165,1966-08-26,Female,Married,Medicare,South
P012166,1981-05-06,Female,Divorced,Commercial,Midwest
P012167,1943-10-27,Female,Married,Self-Pay,South
P012168,1968-10-14,Female,Married,Medicare,Northeast
P012169,1931-04-24,Male,Widowed,Medicaid,Northeast
P012170,1992-03-13,Male,Single,Commercial,Northeast
P012171,1966-09-06,Male,Married,Medicare,South
P012172,1984-05-04,Female,Single,Medicare,Northeast
P012173,1946-08-07,Female,Single,Medicaid,
P012174,2005-04-24,Female,Single,Medicare,South
P012175,2008-10-14,Female,Single,Commercial,West
P012176,1978-04-28,Male,Married,Commercial,West
P012177,1988-11-26,Male,Married,Medicaid,Northeast
P012178,1985-03-13,Other,Single,Commercial,West
P012179,1954-06-14,Female,Divorced,Medicaid,West
P012180,1931-06-13,Female,Widowed,Medicare,South
P012181,1956-07-15,Male,Widowed,Commercial,South
P012182,1956-10-24,Female,Married,Self-Pay,Midwest
P012183,2019-03-09,Other,Single,Commercial,South
P012184,1955-05-06,Female,Single,Medicare,Midwest
P012185,1969-09-09,Female,Single,Medicaid,South
P012186,1993-02-01,Female,Divorced,Other,Northeast
P012187,2015-05-31,Male,Single,Commercial,Northeast
P012188,1950-10-31,Female,Single,Medicare Advantage,Northeast
P012189,1960-07-26,Male,Widowed,Medicare Advantage,Midwest
P012190,1985-12-17,Male,Single,Medicare,West
P012191,1940-07-18,Female,Widowed,Commercial,West
P012192,1969-11-16,Male,Married,Medicaid,South
P012193,1979-04-19,Male,Married,Medicare,South
P012194,1977-08-19,Male,Single,Medicare Advantage,South
P012195,1985-09-15,Male,Married,Medicare Advantage,Northeast
P012196,2023-12-17,Female,Single,Medicaid,West
P012197,2023-08-14,Male,Single,Commercial,Midwest
P012198,2010-09-26,Female,Single,Commercial,West
P012199,1973-06-04,Male,Married,Medicare,West
P012200,1954-12-23,Male,Single,Commercial,South
P012201,1941-02-15,Female,Widowed,Commercial,South
P012202,1964-04-20,Male,Divorced,Medicare,South
P012203,1959-08-12,Male,Married,Commercial,West
P012204,1951-12-03,Male,Married,Commercial,West
P012205,1940-10-10,Male,Married,Commercial,South
P012206,1956-04-14,Female,Married,Medicaid,South
P012207,2003-03-30,Male,Single,Commercial,South
P012208,1971-02-01,Female,Widowed,Commercial,West
P012209,2024-10-13,Male,Single,Commercial,South
P012210,1989-08-03,Male,Single,Medicare,South
P012211,1973-10-06,Female,Married,Medicaid,South
P012212,1972-03-03,Male,Married,Medicare,West
P012213,1965-04-05,Female,Married,Medicare,South
P012214,1975-01-21,Female,Widowed,Medicaid,South
P012215,1989-02-09,Female,Divorced,Other,South
P012216,1967-05-04,Female,Married,Commercial,Northeast
P012217,1960-09-03,Male,Married,Medicare,South
P012218,1965-03-13,Male,Married,Medicaid,South
P012219,1976-03-22,Female,Married,Medicare,West
P012220,1978-12-20,Male,Married,Medicare,South
P012221,2012-04-05,Female,Single,Medicare,South
P012222,1935-04-22,Male,Widowed,Medicare,South
P012223,1948-04-17,Female,Married,Medicaid,South
P012224,1971-10-14,Female,Married,Medicaid,South
P012225,1990-03-31,Female,Married,Medicare,South
P012226,2017-02-20,Male,Single,Commercial,West
P012227,1949-06-19,Female,Widowed,Medicare,Northeast
P012228,1951-06-17,Female,Single,Commercial,South
P012229,1980-10-20,Female,Single,Medicare Advantage,South
P012230,1999-06-15,Male,Single,Medicare Advantage,West
P012231,1946-07-21,Female,Divorced,Commercial,West
P012232,1992-11-09,Male,Married,Medicare,West
P012233,1958-03-05,Female,Married,Medicaid,West
P012234,1947-06-17,Male,Divorced,Medicare,South
P012235,1967-10-25,Female,Divorced,Medicaid,West
P012236,1978-02-10,Female,Married,Commercial,South
P012237,2020-06-26,Female,Single,Medicaid,Northeast
P012238,1936-03-05,Female,Married,Self-Pay,Midwest
P012239,1939-07-12,Female,Married,Medicare,South
P012240,1993-05-25,Female,Single,Medicare,Northeast
P012241,1948-12-29,Male,Married,Medicaid,Midwest
P012242,1983-12-04,Male,Single,Medicare,Midwest
P012243,1967-01-09,Male,Single,Medicare,South
P012244,1956-01-05,Male,Divorced,Commercial,South
P012245,1963-02-13,Male,Single,Medicare,Northeast
P012246,1968-03-11,Male,Married,Medicare,Midwest
P012247,1959-08-20,Male,Married,Medicare,South
P012248,2021-11-26,Male,Single,Medicaid,Midwest
P012249,1981-12-24,Male,Married,Medicare,South
P012250,1945-11-12,Male,Widowed,Medicaid,Northeast
P012251,1947-06-16,Female,Married,Self-Pay,
P012252,1955-12-16,Female,Divorced,Medicaid,South
P012253,1980-09-14,Male,Divorced,Medicare,West
P012254,1962-03-24,Female,Married,Medicare,Northeast
P012255,1941-02-24,Female,Married,Medicare Advantage,West
P012256,1964-11-17,Male,Married,Medicare Advantage,Northeast
P012257,2001-10-02,Male,Single,Medicare Advantage,Midwest
P012258,1981-10-07,Male,Single,Medicare,South
P012259,1948-01-03,Male,Married,Medicaid,South
P012260,1955-04-26,Female,Married,Medicare,Midwest
P012261,2003-04-08,Male,Single,Medicare,Midwest
P012262,2007-09-30,Female,Single,Medicare,Northeast
P012263,2006-12-19,Female,Single,Medicaid,South
P012264,1935-11-04,Male,Widowed,Commercial,Midwest
P012265,1988-09-30,Female,Married,Medicaid,South
P012266,1983-12-25,Female,Single,Medicare,Midwest
P012267,1972-01-20,Male,Divorced,Medicare,Midwest
P012268,1946-08-04,Female,Married,Medicare,West
P012269,1957-04-13,Male,Married,Medicare,Northeast
P012270,1974-09-08,Female,Divorced,Self-Pay,Northeast
P012271,2020-09-20,Male,Single,Medicare,Northeast
P012272,2019-05-30,Female,Single,Self-Pay,West
P012273,1951-08-11,Male,Married,Medicare,South
P012274,1969-05-07,Male,Single,Medicare Advantage,West
P012275,2023-04-03,Female,Single,Medicare,South
P012276,1963-11-17,Male,Widowed,Medicare,South
P012277,1975-04-14,Female,Married,Commercial,Northeast
P012278,1969-11-26,Male,Single,Medicare,Northeast
P012279,2006-11-23,Female,Single,Medicare,West
P012280,1957-05-09,Female,Married,Commercial,Northeast
P012281,1959-02-02,Female,Married,Medicaid,West
P012282,1940-04-12,Female,Widowed,Commercial,Midwest
P012283,1992-08-26,Female,Single,Commercial,Northeast
P012284,2014-12-22,Female,Single,Medicare,Midwest
P012285,2001-11-23,Male,Single,Medicare,West
P012286,1977-05-24,Female,Married,Medicare,South
P012287,2000-12-11,Male,Single,Commercial,West
P012288,2004-08-19,Male,Single,Commercial,South
P012289,2021-09-09,Male,Single,Medicare,South
P012290,1954-12-15,Male,Widowed,Medicare,Midwest
P012291,1985-06-12,Male,Married,Medicaid,West
P012292,1953-06-05,Male,Widowed,Medicare,South
P012293,1960-02-14,Male,Married,Medicare,Northeast
P012294,1995-08-22,Male,Widowed,Commercial,South
P012295,2024-05-26,Male,Single,Medicaid,Northeast
P012296,2007-11-10,Female,Single,Medicaid,Midwest
P012297,1943-08-30,Female,Single,Medicare,South
P012298,1955-07-30,Male,Married,Commercial,South
P012299,1961-12-27,Female,Widowed,Medicaid,South
P012300,1939-01-20,Female,Single,Medicaid,West
P012301,1938-07-27,Female,Widowed,Medicaid,Midwest
P012302,1971-01-30,Female,Married,Medicare,West
P012303,1964-03-01,Female,Single,Commercial,Northeast
P012304,2003-02-11,Male,Single,Medicare,South
P012305,1984-12-18,Male,Married,Medicare,South
P012306,2023-07-21,Male,Single,Commercial,West
P012307,1943-03-08,Female,Widowed,Medicare Advantage,Northeast
P012308,1956-11-28,Female,Widowed,Medicaid,South
P012309,2014-12-04,Female,Single,Commercial,South
P012310,1980-06-05,Male,Single,Medicare,Midwest
P012311,1993-08-26,Male,Married,Medicare Advantage,West
P012312,1981-04-22,Female,Married,Commercial,Northeast
P012313,1963-09-03,Male,Single,Commercial,South
P012314,1966-12-29,Male,Married,Commercial,Midwest
P012315,1970-03-25,Female,Married,Commercial,South
P012316,2001-02-28,Female,Single,Medicaid,South
P012317,1958-06-08,Male,Married,Medicare Advantage,West
P012318,1990-09-15,Male,Married,Medicare,Northeast
P012319,2015-11-02,Male,Single,Medicare Advantage,Midwest
P012320,1969-04-17,Female,Married,Commercial,Northeast
P012321,1988-03-25,Female,Married,Medicare,West
P012322,2007-01-01,Female,Single,Medicare,Northeast
P012323,1991-11-12,Female,Married,Medicaid,Midwest
P012324,1987-05-01,Male,Married,Medicare,Northeast
P012325,2001-11-19,Other,Single,Other,Northeast
P012326,2001-09-15,Female,Single,Self-Pay,Midwest
P012327,2007-05-19,Male,Single,Medicare,West
P012328,1953-01-09,Male,Single,Medicare,West
P012329,1942-07-20,Female,Widowed,Commercial,Northeast
P012330,2022-02-12,Male,Single,Medicare,South
P012331,2011-03-20,Male,Single,Commercial,Midwest
P012332,1953-12-02,Female,Married,Commercial,Midwest
P012333,1934-05-24,Female,Married,Medicare,Midwest
P012334,2000-09-02,Female,Single,Medicare,Midwest
P012335,1982-01-24,Male,Married,Medicaid,West
P012336,1959-01-19,Male,Divorced,Medicare,South
P012337,1987-03-12,Male,Married,Medicare,Midwest
P012338,2022-10-24,Female,Single,Commercial,Midwest
P012339,1980-05-26,Male,Divorced,Medicaid,West
P012340,1957-01-22,Female,Married,Medicare Advantage,Midwest
P012341,1958-08-05,Female,Married,Medicare Advantage,Midwest
P012342,1963-05-27,Female,Married,Medicaid,South
P012343,1994-09-20,Female,Married,Medicare,South
P012344,2016-09-18,Female,Single,Medicare,Northeast
P012345,1982-01-22,Female,Single,Medicare,West
P012346,1950-11-05,Male,Widowed,Medicare,South
P012347,1964-01-21,Female,Divorced,Medicaid,Northeast
P012348,1967-01-28,Male,Married,Commercial,South
P012349,1981-05-19,Male,Single,Medicare,South
P012350,1981-05-15,Male,Single,Medicare,Midwest
P012351,1990-11-23,Male,Divorced,Commercial,South
P012352,1946-12-19,Female,Married,Medicaid,Northeast
P012353,1973-12-21,Male,Divorced,Self-Pay,Northeast
P012354,1973-06-07,Male,Married,Medicaid,West
P012355,1985-03-02,Female,Single,Medicare,South
P012356,1944-02-29,Male,Widowed,Other,Northeast
P012357,1985-06-04,Female,Divorced,Commercial,Midwest
P012358,1988-03-04,Male,,Medicare,West
P012359,1980-08-02,Female,Married,Commercial,South
P012360,1940-03-18,Male,Widowed,Medicaid,South
P012361,1999-05-15,Male,Single,Commercial,Northeast
P012362,1954-10-04,Female,Widowed,Medicare Advantage,Northeast
P012363,1986-09-25,Male,Widowed,Medicare,Northeast
P012364,1950-12-22,Female,Married,Medicaid,Midwest
P012365,1999-05-09,Male,Single,Commercial,South
P012366,1963-10-08,Female,Married,Other,Northeast
P012367,1991-05-11,Female,Married,Medicare,South
P012368,1999-09-11,Female,Married,Medicare,Midwest
P012369,1991-02-09,Female,Married,Medicare,West
P012370,1949-03-29,Female,Single,Medicaid,South
P012371,1955-01-02,Male,Divorced,Medicare,Midwest
P012372,1958-08-10,Male,Divorced,Medicaid,Midwest
P012373,1990-12-22,Female,Single,Self-Pay,West
P012374,1943-04-17,Female,Married,Medicare,Midwest
P012375,1965-05-01,Female,Married,Commercial,Northeast
P012376,1942-03-13,Male,Married,Medicare,West
P012377,1931-05-10,Female,Widowed,Medicare Advantage,Northeast
P012378,1947-09-22,Male,Divorced,Commercial,Northeast
P012379,1952-06-15,Female,Divorced,Medicaid,Midwest
P012380,1934-01-22,Male,Divorced,Commercial,West
P012381,1956-08-06,Male,Single,Medicare Advantage,South
P012382,2016-10-29,Female,Single,Medicare Advantage,Midwest
P012383,1988-12-11,Female,Married,Commercial,Midwest
P012384,2015-01-04,Female,Single,Other,South
P012385,1974-05-03,Female,Married,Commercial,Northeast
P012386,1953-07-26,Female,Married,Commercial,Northeast
P012387,2007-10-17,Female,Single,Medicare Advantage,South
P012388,2024-06-09,Female,Single,Commercial,Midwest
P012389,1949-11-11,Male,Married,Medicare,Northeast
P012390,1961-10-17,Male,Divorced,Medicare,Midwest
P012391,1946-02-13,Male,Widowed,Medicare,South
P012392,1930-02-02,Male,Widowed,Medicare,Midwest
P012393,1961-02-07,Female,Married,Medicare,West
P012394,1959-07-23,Male,Married,Medicare,Northeast
P012395,2006-10-31,Female,Single,Commercial,West
P012396,1981-06-28,Female,Married,Medicaid,South
P012397,1951-03-09,Male,Married,Medicare,South
P012398,2008-02-07,Female,Single,Medicare,Northeast
P012399,1929-03-09,Female,Divorced,Commercial,South
P012400,2021-04-21,Male,Single,Commercial,South
P012401,1989-09-06,Other,Married,Commercial,South
P012402,1953-11-11,Male,Single,Medicare,Midwest
P012403,1944-03-23,Male,Divorced,Commercial,West
P012404,2011-04-06,Female,Single,Medicare,Midwest
P012405,2004-01-19,Male,Single,Medicaid,West
P012406,2020-10-08,Male,Single,Medicare,Northeast
P012407,2004-08-19,Female,Single,Medicaid,West
P012408,1948-04-10,Male,Single,Commercial,Midwest
P012409,1988-04-06,Male,Single,Commercial,Northeast
P012410,2001-08-06,Female,Single,Medicaid,South
P012411,1993-06-25,Male,Single,Commercial,South
P012412,1995-05-08,Male,Married,Medicare,South
P012413,1991-01-25,Female,Married,Medicare,West
P012414,1972-07-18,Male,Divorced,Commercial,Northeast
P012415,1964-07-02,Female,Divorced,Medicaid,South
P012416,1970-10-20,Female,Married,Commercial,Northeast
P012417,2007-11-23,Female,Single,Commercial,West
P012418,2017-07-02,Male,Single,Medicare,West
P012419,1974-08-25,Male,Divorced,Medicare,West
P012420,1938-09-13,Female,Married,Medicaid,South
P012421,1960-04-27,Male,Married,Medicare,Midwest
P012422,2000-05-26,Female,Single,Medicare,West
P012423,1953-09-11,Female,Married,Medicaid,Midwest
P012424,1961-11-15,Other,Divorced,Medicaid,South
P012425,1947-07-05,Male,Married,Medicare,Midwest
P012426,1981-10-10,Female,Single,Medicare,Midwest
P012427,1965-10-02,Male,Single,Medicare,South
P012428,1968-06-04,Female,Married,Commercial,Northeast
P012429,1959-10-08,Male,Single,Medicaid,West
P012430,1979-07-14,Female,Divorced,Commercial,West
P012431,1940-12-28,Female,Widowed,Other,Midwest
P012432,2004-06-17,Male,,Commercial,Midwest
P012433,1957-09-17,Male,Single,Self-Pay,Midwest
P012434,2001-09-10,Male,Single,Medicare Advantage,West
P012435,1953-09-22,Female,Married,Commercial,South
P012436,1930-02-06,Male,Widowed,Medicare,Northeast
P012437,1993-08-14,Female,Single,Medicare,West
P012438,1981-06-14,Female,Married,Commercial,Northeast
P012439,1975-04-12,Male,Married,Medicare Advantage,South
P012440,1958-07-08,Female,Married,Self-Pay,Midwest
P012441,1952-07-03,Female,Married,Other,Midwest
P012442,2013-08-15,Female,Single,Medicare,West
P012443,1999-08-14,Female,Single,Medicaid,Northeast
P012444,1977-04-18,Female,Married,Medicaid,West
P012445,2019-05-31,Male,Single,Medicare,Midwest
P012446,1984-06-25,Male,Married,Medicare,Northeast
P012447,1993-08-23,Male,Single,Medicare,Northeast
P012448,1964-12-16,Male,Married,Medicaid,Midwest
P012449,1998-01-26,Male,Single,Medicare,Northeast
P012450,1984-05-26,Female,Married,Medicare,Midwest
P012451,1996-09-26,Female,Married,Medicare,West
P012452,1986-10-17,Female,Married,Medicaid,South
P012453,1988-04-21,Male,Married,Medicare Advantage,South
P012454,1992-09-17,Female,Married,Medicaid,Northeast
P012455,1994-01-03,Female,Married,Medicare,South
P012456,1967-10-25,Female,Married,Medicare Advantage,South
P012457,1984-05-11,Male,Married,Medicare Advantage,South
P012458,2004-01-10,Female,Single,Other,West
P012459,1991-04-17,Female,Married,Commercial,Midwest
P012460,1998-04-01,Female,Single,Medicare,South
P012461,1959-05-12,Male,Married,Medicaid,West
P012462,1972-11-05,Male,Widowed,Commercial,Midwest
P012463,1974-10-18,Male,Married,Medicare Advantage,Midwest
P012464,1949-02-09,Female,Married,Medicare,West
P012465,1974-10-10,Female,Single,Commercial,Northeast
P012466,1957-06-21,Male,Single,Commercial,South
P012467,2022-12-22,Male,Single,Commercial,West
P012468,1972-01-10,Female,Divorced,Commercial,West
P012469,1986-01-29,Female,Married,Commercial,Midwest
P012470,1938-12-26,Female,Widowed,Self-Pay,South
P012471,1990-07-25,Male,Single,Commercial,Northeast
P012472,1933-09-06,Female,Married,Self-Pay,Midwest
P012473,2010-08-11,Female,Single,Commercial,South
P012474,1998-08-02,Male,Single,Medicaid,Midwest
P012475,1953-07-22,Female,Divorced,Medicare,South
P012476,1969-11-28,Female,Married,Medicare Advantage,Midwest
P012477,1938-06-13,Female,Widowed,Commercial,West
P012478,1950-03-15,Other,Married,Commercial,Northeast
P012479,1972-12-21,Male,Married,Medicare,West
P012480,1936-05-18,Female,Married,Commercial,South
P012481,2013-09-03,Female,Single,Commercial,West
P012482,2023-11-27,Female,Single,Medicare,Northeast
P012483,1977-04-03,Female,Married,Medicare,Northeast
P012484,2000-08-16,Male,Single,Medicare,South
P012485,1938-02-28,Female,Married,Medicare,Northeast
P012486,1950-11-28,Male,Widowed,Commercial,South
P012487,1980-06-11,Male,Divorced,Medicare Advantage,West
P012488,1970-04-07,Other,Divorced,Commercial,West
P012489,1946-02-02,Male,Married,Medicare,West
P012490,2006-12-22,Male,Married,Commercial,South
P012491,1954-07-09,Female,Widowed,Medicaid,West
P012492,2018-09-20,Female,Single,Medicare,Midwest
P012493,1974-01-15,Female,Single,Commercial,West
P012494,2014-09-26,Male,Single,Medicare,South
P012495,1962-08-03,Male,Married,Medicare Advantage,Midwest
P012496,1988-12-19,Male,Single,Medicare,West
P012497,1974-08-18,Female,Single,Commercial,Midwest
P012498,1948-07-22,Female,Married,Commercial,South
P012499,1944-05-17,Male,Single,Self-Pay,South
P012500,1949-06-28,Female,Married,Commercial,Midwest
P012501,1931-11-27,Female,Widowed,Medicare,South
P012502,1963-11-17,Male,Married,Commercial,Midwest
P012503,1986-12-23,Female,Married,Medicare,Midwest
P012504,2004-08-08,Female,Single,Medicare Advantage,South
P012505,1960-06-28,Male,Married,Medicaid,Northeast
P012506,1966-09-01,Female,Widowed,Commercial,West
P012507,1947-02-04,Female,Single,Other,South
P012508,1989-09-05,Male,Married,Medicare Advantage,Midwest
P012509,1952-08-08,Female,Married,Medicaid,Midwest
P012510,2016-02-25,Female,Single,Medicaid,West
P012511,2000-04-30,Male,Single,Commercial,South
P012512,1981-08-07,Female,Married,Medicare,Northeast
P012513,2007-04-09,Male,Single,Medicare,South
P012514,1952-08-01,Female,Single,Medicare,South
P012515,2019-03-02,Male,Single,Medicare Advantage,West
P012516,2018-02-26,Male,Single,Medicare,Midwest
P012517,1947-09-14,Other,Married,Commercial,West
P012518,1961-10-18,Female,Single,Commercial,South
P012519,1951-06-27,Female,Married,Medicaid,West
P012520,1961-01-03,Male,Married,Medicare,South
P012521,1972-04-04,Female,Divorced,Medicare,West
P012522,1965-06-24,Female,Married,Medicare,West
P012523,2003-11-28,Female,Single,Medicare Advantage,Northeast
P012524,2005-07-28,Female,Married,Commercial,South
P012525,1985-05-27,Male,Divorced,Commercial,West
P012526,1964-04-05,Female,Married,Other,West
P012527,1983-12-15,Female,Single,Medicare Advantage,West
P012528,1984-09-24,Female,Single,Medicare,Midwest
P012529,1992-05-09,Female,Divorced,Medicaid,South
P012530,1955-01-24,Female,Divorced,Medicaid,South
P012531,1936-05-04,Female,Widowed,Medicare,Northeast
P012532,1972-07-20,Female,Married,Medicare,West
P012533,2000-08-19,Other,Single,Medicare,West
P012534,1968-02-08,Female,Divorced,Medicare,West
P012535,1950-11-18,Male,Married,Medicare,Northeast
P012536,1979-07-16,Female,Married,Medicare,South
P012537,1948-03-16,Male,,Medicare Advantage,Midwest
P012538,1981-03-13,Female,Married,Medicare,South
P012539,1958-03-14,Female,Married,Medicare,Northeast
P012540,2001-01-16,Male,Single,Commercial,South
P012541,1978-07-05,Male,Single,Commercial,Northeast
P012542,1937-06-05,Male,Single,Medicaid,South
P012543,1960-08-30,Female,Married,Medicare Advantage,West
P012544,1985-08-04,Male,Single,Medicare,Northeast
P012545,1969-01-10,Female,Married,Medicare Advantage,West
P012546,1965-06-27,Female,Divorced,Medicare,West
P012547,2013-08-20,Male,Single,Medicare,South
P012548,1955-11-25,Male,Married,Medicare,South
P012549,1977-01-03,Female,Married,Medicare,Midwest
P012550,1999-01-06,Male,Single,Medicare,West
P012551,1995-09-15,Female,Divorced,Commercial,Northeast
P012552,1953-09-21,Male,Married,Medicaid,Midwest
P012553,1986-03-10,Male,Married,Medicare,Midwest
P012554,1929-01-30,Male,Married,Medicaid,Midwest
P012555,1965-09-17,Female,Married,Medicaid,South
P012556,1970-07-18,Male,Divorced,Medicare,Midwest
P012557,2018-08-20,Male,Single,Medicare Advantage,South
P012558,1958-09-19,Female,Married,Medicare,West
P012559,1968-04-19,Male,Married,Commercial,West
P012560,1970-07-16,Female,,Medicare,Northeast
P012561,1964-01-24,Female,Married,Medicare,Midwest
P012562,2003-05-26,Male,Single,Medicare,Northeast
P012563,1935-07-20,Male,Widowed,Commercial,West
P012564,1968-08-30,Female,Married,Commercial,Northeast
P012565,1948-02-16,Female,Married,Medicare Advantage,Northeast
P012566,1945-11-06,Female,Married,Medicare,South
P012567,1953-05-26,Female,Single,Medicare,Midwest
P012568,2002-12-29,Male,Single,Commercial,West
P012569,1983-12-18,Male,Married,Commercial,West
P012570,1987-08-26,Male,Married,Medicare,South
P012571,1966-08-11,Female,Married,Commercial,Northeast
P012572,2004-12-08,Male,Single,Self-Pay,Midwest
P012573,1936-10-04,Female,Married,Medicare Advantage,South
P012574,2007-08-08,Male,Single,Commercial,West
P012575,1986-05-14,Male,Married,Other,South
P012576,1985-01-27,Female,Married,Commercial,Midwest
P012577,1937-01-01,Male,Divorced,Commercial,South
P012578,2016-03-21,Female,Single,Medicare,South
P012579,1949-12-02,Male,Married,Medicare,West
P012580,1953-11-01,Male,Married,Medicare,West
P012581,1975-05-01,Female,Married,Medicare,South
P012582,1942-07-02,Female,Divorced,Medicare,Midwest
P012583,1972-02-10,Male,Married,Commercial,Northeast
P012584,1964-10-12,Male,Married,Commercial,Midwest
P012585,1957-04-02,Female,Married,Commercial,West
P012586,1965-05-04,Female,Married,Self-Pay,South
P012587,1997-07-15,Female,Single,Medicare,Northeast
P012588,1953-08-26,Female,Single,Medicare Advantage,Midwest
P012589,1993-09-03,Female,Single,Commercial,West
P012590,1947-10-20,Female,Married,Commercial,South
P012591,1967-12-24,Female,Married,Medicare,Midwest
P012592,1995-04-13,Female,Single,Medicare,West
P012593,1935-06-26,Female,Married,Medicare,Midwest
P012594,1931-06-13,Male,Widowed,Medicare,West
P012595,1966-08-11,Male,Married,Commercial,West
P012596,2007-05-28,Female,Single,Medicaid,South
P012597,1956-12-14,Female,Married,Medicare,Midwest
P012598,2009-06-27,Male,Single,Medicare,South
P012599,1977-09-04,Female,Divorced,Medicare Advantage,South
P012600,1983-07-23,Male,Divorced,Medicare Advantage,Midwest
P012601,1938-09-14,Female,Married,Medicare,South
P012602,1935-06-24,Female,Widowed,Medicare,West
P012603,1993-10-09,Female,Divorced,Commercial,Midwest
P012604,1961-01-29,Female,Widowed,Medicare,Midwest
P012605,1980-08-27,Male,Married,Medicare Advantage,Midwest
P012606,2011-07-06,Male,Single,Commercial,South
P012607,1967-09-22,Female,,Commercial,South
P012608,2009-09-04,Female,Single,Commercial,South
P012609,1961-06-01,Male,Married,Medicare Advantage,South
P012610,1985-04-29,Male,Single,Medicare,South
P012611,1957-01-28,Female,Married,Medicaid,West
P012612,1961-09-22,Female,Widowed,Other,Midwest
P012613,2001-10-28,Male,Single,Medicare,West
P012614,1947-12-20,Male,Married,Self-Pay,Midwest
P012615,1970-09-21,Female,Divorced,Self-Pay,Midwest
P012616,1995-05-25,Female,Single,Commercial,South
P012617,1965-01-16,Female,Widowed,Medicare Advantage,South
P012618,2006-10-26,Female,Single,Medicare,Midwest
P012619,2017-02-22,Female,Single,Medicaid,West
P012620,1945-01-22,Male,Married,Medicaid,Northeast
P012621,1933-12-24,Female,Widowed,Medicare Advantage,West
P012622,1990-12-28,Male,Married,Medicaid,West
P012623,1996-02-03,Male,Single,Medicare Advantage,Midwest
P012624,1953-10-28,Female,Married,Medicare,South
P012625,1944-05-26,Male,Widowed,Medicare,South
P012626,1982-04-20,Male,Married,Medicare,Midwest
P012627,1976-02-10,Male,Single,Medicaid,South
P012628,1988-05-05,Female,Married,Self-Pay,Midwest
P012629,1973-01-23,Male,Single,Medicare,South
P012630,1989-07-26,Female,Single,Commercial,Midwest
P012631,1957-01-08,Male,Married,Medicaid,South
P012632,1969-11-19,Female,Single,Medicaid,South
P012633,2006-02-06,Female,Single,Medicaid,Northeast
P012634,1962-10-06,Female,Single,Commercial,South
P012635,1944-02-02,Male,Married,Commercial,Northeast
P012636,1940-06-06,Male,Married,Medicaid,South
P012637,2019-05-19,Female,Single,Medicare,South
P012638,1931-06-06,Female,Married,Medicare,South
P012639,1998-03-15,Female,Single,Medicare,West
P012640,2025-10-04,Female,Single,Self-Pay,South
P012641,2018-10-06,Male,Single,Medicare,Northeast
P012642,1968-02-05,Female,Married,Other,Midwest
P012643,1983-11-30,Male,Divorced,Medicare,Northeast
P012644,1953-03-02,Male,Married,Medicare,West
P012645,2016-05-22,Male,Single,Medicare Advantage,Northeast
P012646,1958-11-06,Female,Divorced,Medicare,West
P012647,1958-10-03,Male,Married,Commercial,Midwest
P012648,1950-08-18,Male,Married,Medicare,South
P012649,1977-07-27,Male,Married,Medicare,West
P012650,1969-02-05,Male,Single,Commercial,Northeast
P012651,1980-05-05,Male,Married,Medicare Advantage,Northeast
P012652,1981-06-08,Female,Married,Medicaid,South
P012653,1977-03-22,Male,Married,Medicare,South
P012654,1954-01-18,Female,Married,Medicare,South
P012655,1987-01-03,Male,Single,Medicare,South
P012656,1962-01-22,Female,Married,Medicare Advantage,South
P012657,2017-03-27,Female,Single,Medicare,West
P012658,1959-06-14,Female,Married,Medicare,Midwest
P012659,1952-09-22,Female,Married,Self-Pay,West
P012660,1930-06-06,Female,Widowed,Medicare Advantage,South
P012661,2026-04-27,Male,Single,Other,West
P012662,1976-07-05,Female,Married,Medicare,Northeast
P012663,1974-05-12,Female,Married,Commercial,Northeast
P012664,2017-09-26,Female,Single,Medicare,South
P012665,2023-03-11,Male,Single,Medicare Advantage,Northeast
P012666,2004-10-26,Male,Single,Medicare,West
P012667,1960-01-25,Male,Married,Commercial,South
P012668,2020-07-18,Male,Single,Medicaid,Midwest
P012669,1974-12-17,Female,Divorced,Medicare,South
P012670,1952-11-14,Female,Married,Other,West
P012671,1952-05-25,Female,Married,Medicare,Midwest
P012672,1971-10-19,Male,Divorced,Self-Pay,West
P012673,1979-02-16,Female,Divorced,Medicare Advantage,Midwest
P012674,2001-10-03,Male,Single,Medicare,South
P012675,1959-02-25,Male,Married,Self-Pay,South
P012676,2006-01-03,Male,Single,Medicare Advantage,West
P012677,1987-06-04,Female,Married,Medicare,Northeast
P012678,1946-08-25,Male,Widowed,Commercial,West
P012679,1945-12-21,Male,Divorced,Medicaid,Northeast
P012680,2010-03-30,Female,Single,Commercial,West
P012681,2004-11-03,Female,Single,Self-Pay,West
P012682,1981-11-29,Female,Divorced,Medicaid,Midwest
P012683,1939-04-16,Male,Widowed,Medicare,West
P012684,1958-10-05,Female,Married,Self-Pay,West
P012685,2019-05-05,Male,,Medicare,West
P012686,1945-06-12,Male,Married,Medicaid,South
P012687,1946-09-27,Female,Married,Medicare,Northeast
P012688,1933-05-12,Female,Widowed,Commercial,South
P012689,1964-06-23,Female,Married,Commercial,Northeast
P012690,1974-02-15,Female,Married,Medicare,West
P012691,1986-09-01,Male,Widowed,Medicare,Northeast
P012692,1961-05-14,Female,Married,Medicaid,Midwest
P012693,2005-10-03,Male,Single,Commercial,South
P012694,1952-10-30,Female,Single,Commercial,South
P012695,1960-08-27,Male,Single,Medicaid,Midwest
P012696,1962-05-13,Male,Married,Commercial,Midwest
P012697,1955-10-19,Other,Married,Medicare,West
P012698,1946-09-23,Male,Single,Commercial,West
P012699,1995-12-06,Male,Single,Commercial,Midwest
P012700,1971-09-17,Female,Married,Medicare,Midwest
P012701,1981-08-31,Female,Married,Commercial,West
P012702,2008-01-26,Male,Single,Medicare,South
P012703,1944-08-16,Female,Widowed,Self-Pay,Northeast
P012704,1965-09-13,Female,Single,Commercial,South
P012705,1935-10-18,Female,Single,Medicare,West
P012706,1951-08-29,Female,Married,Medicare Advantage,South
P012707,2026-09-08,Male,Single,Medicaid,South
P012708,1994-06-25,Male,Single,Other,South
P012709,2005-05-03,Female,Single,Medicare,South
P012710,1960-03-09,Male,Divorced,Commercial,South
P012711,1945-09-03,Male,Married,Medicaid,South
P012712,1980-07-19,Female,Married,Medicaid,Midwest
P012713,2019-10-12,Female,Single,Commercial,West
P012714,1943-03-16,Female,Married,Medicare,Northeast
P012715,2006-07-10,Female,Single,Medicaid,West
P012716,1994-01-21,Female,Single,Medicare Advantage,Northeast
P012717,1969-03-24,Male,Single,Medicare Advantage,Northeast
P012718,1949-03-05,Male,Married,Medicaid,South
P012719,1947-01-27,Female,Single,Self-Pay,South
P012720,1977-06-08,Female,Married,Self-Pay,Northeast
P012721,2005-10-30,Female,Single,Medicaid,West
P012722,1964-07-15,Male,Married,Commercial,Northeast
P012723,1963-08-16,Male,Divorced,Commercial,West
P012724,1985-06-02,Male,Married,Medicare,Northeast
P012725,1970-09-09,Male,Divorced,Medicare,West
P012726,1957-07-18,Male,Married,Medicare,Northeast
P012727,2014-08-09,Female,Single,Other,South
P012728,1970-12-05,Male,Married,Medicare,South
P012729,1973-08-07,Female,Married,Commercial,South
P012730,2020-01-15,Female,Single,Commercial,Northeast
P012731,2000-07-29,Male,Single,Medicare Advantage,West
P012732,1970-11-28,Male,Married,Medicare,South
P012733,2019-06-10,Female,Single,Commercial,Midwest
P012734,1973-04-22,Male,Married,Commercial,West
P012735,1943-08-11,Male,Married,Commercial,Midwest
P012736,1984-10-28,Female,Married,Commercial,South
P012737,1963-12-08,Female,Married,Commercial,Midwest
P012738,1955-03-30,Male,Divorced,Medicaid,West
P012739,1961-11-20,Female,Married,Self-Pay,
P012740,1983-04-18,Female,Married,Commercial,Northeast
P012741,1969-04-09,Male,Married,Commercial,West
P012742,1949-08-20,Female,Widowed,Self-Pay,South
P012743,1959-11-07,Male,Married,Medicare,West
P012744,1932-08-30,Male,Married,Medicare,
P012745,1973-04-20,Male,Divorced,Medicare Advantage,West
P012746,1965-09-28,Female,Married,Medicare Advantage,South
P012747,1983-05-25,Male,Married,Commercial,South
P012748,1961-08-02,Male,Married,Medicare Advantage,Northeast
P012749,2007-05-29,Male,Single,Commercial,West
P012750,1984-09-24,Male,Married,Commercial,Northeast
P012751,1959-08-18,Male,Married,Medicare,South
P012752,1981-04-20,Male,Single,Medicare,South
P012753,1986-01-13,Female,Married,Medicare,Midwest
P012754,1990-04-02,Male,Married,Commercial,South
P012755,1978-01-25,Male,Married,Commercial,Midwest
P012756,1962-08-01,Female,Married,Medicare Advantage,South
P012757,1978-10-03,Male,Divorced,Commercial,Midwest
P012758,2016-03-28,Female,Single,Medicare,Midwest
P012759,1960-10-19,Male,Married,Medicaid,West
P012760,2025-05-18,Male,Single,Medicare,West
P012761,1993-10-16,Female,Married,Medicare,South
P012762,1945-07-20,Female,Widowed,Commercial,South
P012763,1973-09-06,Male,Single,Medicare,Midwest
P012764,1951-11-16,Male,Single,Medicare,Northeast
P012765,1980-03-20,Male,Single,Medicare,West
P012766,2000-01-10,Female,Single,Commercial,South
P012767,1961-05-16,Male,Married,Other,South
P012768,1942-03-10,Female,Married,Self-Pay,Midwest
P012769,1956-12-19,Male,Married,Commercial,West
P012770,1957-07-25,Female,Married,Medicare Advantage,Midwest
P012771,2018-02-19,Female,Single,Medicaid,South
P012772,1969-01-26,Female,Married,Commercial,South
P012773,1962-06-17,Male,Single,Medicare,South
P012774,1991-05-29,Female,Married,Medicare,Northeast
P012775,1952-11-28,Male,Married,Medicaid,South
P012776,1936-05-25,Male,Widowed,Medicare Advantage,Northeast
P012777,2023-04-10,Male,Single,Commercial,Midwest
P012778,1966-04-25,Female,Divorced,Medicare,Midwest
P012779,1950-11-19,Male,Married,Commercial,Midwest
P012780,1990-04-15,Male,Married,Commercial,West
P012781,1962-07-25,Female,Married,Commercial,West
P012782,1981-11-06,Male,Married,Medicare,Midwest
P012783,1987-11-14,Female,Married,Other,West
P012784,1996-05-02,Male,Single,Medicare,Midwest
P012785,1999-11-08,Female,Single,Medicaid,South
P012786,1950-11-09,Female,Married,Medicare Advantage,West
P012787,1951-03-17,Male,Married,Commercial,West
P012788,1973-12-21,Male,Married,Medicaid,South
P012789,1985-06-14,Female,Divorced,Commercial,South
P012790,1995-07-15,Male,Married,Medicare Advantage,West
P012791,2008-11-10,Male,Single,Commercial,Midwest
P012792,1936-12-28,Male,Married,Commercial,West
P012793,1979-07-31,Female,Single,Commercial,Midwest
P012794,1945-02-15,Female,Single,Medicare,South
P012795,1954-08-31,Male,Single,Medicaid,South
P012796,1991-05-24,Female,Single,Medicaid,South
P012797,1999-04-06,Female,Single,Self-Pay,Midwest
P012798,1977-03-13,Female,Single,Medicaid,Midwest
P012799,2018-09-04,Male,Single,Medicare,South
P012800,1974-08-02,Male,Married,Medicare,West
P012801,2002-10-22,Male,Single,Medicare,Northeast
P012802,1958-06-14,Male,Married,Medicaid,Midwest
P012803,1967-07-09,Male,Married,Commercial,Northeast
P012804,1994-10-11,Male,Married,Commercial,West
P012805,1933-03-05,Female,Married,Medicare,Midwest
P012806,2006-10-15,Male,Single,Commercial,South
P012807,1995-02-05,Male,Married,Medicare,West
P012808,1975-06-11,Male,Divorced,Commercial,South
P012809,2023-06-20,Male,Single,Commercial,South
P012810,1937-10-16,Male,Married,Medicaid,West
P012811,1954-08-30,Female,Widowed,Commercial,Midwest
P012812,1955-03-16,Male,Married,Medicare,South
P012813,1950-06-12,Female,Married,Medicaid,West
P012814,1973-09-11,Male,Married,Medicare Advantage,Northeast
P012815,1968-02-25,Male,Married,Medicaid,Northeast
P012816,1977-04-08,Female,Widowed,Self-Pay,Northeast
P012817,1956-12-12,Male,Married,Medicare,West
P012818,1947-08-29,Male,Married,Medicare,West
P012819,1929-01-11,Female,Married,Medicare,Northeast
P012820,1943-12-17,Female,Married,Medicare,Northeast
P012821,1953-06-02,Male,Married,Medicare,West
P012822,1978-09-07,Female,Married,Medicare Advantage,South
P012823,1971-05-27,Female,Divorced,Commercial,South
P012824,1983-11-28,Female,Married,Commercial,South
P012825,1991-11-23,Female,Single,Medicare Advantage,Midwest
P012826,1979-01-03,Female,Married,Medicare,South
P012827,1992-12-11,Male,Married,Medicare,South
P012828,2002-12-25,Female,Single,Medicaid,South
P012829,1997-05-24,Female,Single,Medicare,West
P012830,1996-12-20,Male,Married,Commercial,Northeast
P012831,1993-01-27,Female,Single,Medicare,West
P012832,1954-09-03,Male,Married,Medicaid,Midwest
P012833,1946-07-21,Male,Divorced,Medicare,West
P012834,1997-06-27,Female,Single,Commercial,West
P012835,1967-12-29,Female,Single,Medicare,South
P012836,2020-05-20,Male,Single,Medicare,Northeast
P012837,1942-08-15,Male,Widowed,Medicaid,South
P012838,1963-06-17,Female,Married,Commercial,West
P012839,1958-09-29,Female,Single,Medicaid,South
P012840,2011-10-22,Female,Single,Medicare,West
P012841,1965-08-26,Female,Married,Medicaid,West
P012842,2025-03-14,Female,Single,Medicaid,Midwest
P012843,1991-06-06,Female,Married,Commercial,West
P012844,1960-05-15,Male,Widowed,Commercial,
P012845,1981-10-20,Female,Married,Medicare,
P012846,2011-03-08,Male,Single,Medicaid,Midwest
P012847,1993-08-23,Female,Married,Medicare Advantage,West
P012848,1981-04-23,Female,Married,Medicaid,Midwest
P012849,1953-12-22,Male,Married,Medicare Advantage,Midwest
P012850,1977-06-22,Female,Married,Medicaid,Midwest
P012851,1952-06-02,Male,Married,Commercial,Northeast
P012852,1960-04-11,Female,Widowed,Medicaid,Midwest
P012853,2022-07-02,Female,Single,Medicare,Northeast
P012854,1967-03-12,Female,Married,Medicaid,South
P012855,1943-05-16,Female,Widowed,Medicare,West
P012856,1964-07-13,Female,Divorced,Medicaid,South
P012857,1978-10-07,Female,Married,Medicaid,West
P012858,1967-05-02,Male,Widowed,Medicaid,West
P012859,1968-09-21,Male,Divorced,Medicaid,Midwest
P012860,1975-05-20,Female,Married,Medicaid,West
P012861,1961-08-23,Male,Married,Medicare Advantage,South
P012862,1940-01-08,Female,Widowed,Medicare Advantage,Northeast
P012863,1995-03-04,Female,Married,Medicare Advantage,West
P012864,1955-11-21,Male,Divorced,Commercial,West
P012865,1942-03-15,Male,Single,Commercial,West
P012866,2007-11-26,Female,Single,Medicare,Northeast
P012867,1962-02-27,Male,Divorced,Medicare,West
P012868,2019-11-17,Female,Single,Commercial,South
P012869,1968-06-17,Male,Married,Self-Pay,South
P012870,1988-07-17,Female,Single,Medicare,South
P012871,1998-03-22,Female,Widowed,Medicaid,Northeast
P012872,1960-11-03,Male,Married,Medicaid,West
P012873,1944-12-11,Male,Widowed,Medicare,South
P012874,1992-03-11,Female,Married,Commercial,West
P012875,1956-02-09,Female,Married,Medicare,Northeast
P012876,1931-09-02,Female,Married,Commercial,Midwest
P012877,1969-07-04,Male,Married,Commercial,Midwest
P012878,1994-04-10,Male,Divorced,Medicare Advantage,West
P012879,2000-02-03,Male,Single,Medicare,South
P012880,2008-07-31,Male,Single,Medicare Advantage,South
P012881,1962-06-18,Male,Married,Commercial,West
P012882,2018-12-13,Male,Single,Medicare,West
P012883,1969-11-01,Male,Divorced,Commercial,West
P012884,1973-06-18,Male,Married,Commercial,Midwest
P012885,1951-04-11,Female,Married,Commercial,West
P012886,1992-02-12,Male,Married,Medicaid,Northeast
P012887,1975-10-24,Female,Married,Medicare,Midwest
P012888,1969-04-19,Female,Married,Medicare,South
P012889,1974-05-16,Male,Married,Medicare,Northeast
P012890,2008-12-10,Male,Single,Commercial,South
P012891,2007-08-20,Male,Single,Medicaid,West
P012892,2026-07-09,Female,Single,Medicare,South
P012893,1966-12-30,Female,Married,Commercial,West
P012894,1964-11-14,Female,Married,Medicare,South
P012895,1989-04-10,Male,Single,Medicare,South
P012896,1952-12-28,Male,Married,Medicare,South
P012897,1944-07-25,Female,Married,Medicare Advantage,West
P012898,2018-06-14,Male,Single,Medicaid,South
P012899,1942-07-13,Female,Widowed,Medicaid,West
P012900,1950-06-24,Female,Married,Medicare,West
P012901,1979-03-24,Male,Married,Commercial,West
P012902,2003-02-20,Male,Single,Commercial,South
P012903,1995-09-08,Female,Divorced,Medicare,South
P012904,1959-11-10,Male,Single,Commercial,Midwest
P012905,1982-11-05,Male,Married,Medicare,West
P012906,2006-04-03,Female,Single,Commercial,South
P012907,1949-02-05,Female,Married,Medicaid,Midwest
P012908,1949-09-03,Male,Married,Medicare Advantage,Midwest
P012909,1986-03-16,Female,Married,Medicare,Midwest
P012910,1966-01-17,Female,Married,Commercial,South
P012911,1973-07-20,Male,Divorced,Medicare,South
P012912,1993-07-19,Female,Married,Self-Pay,South
P012913,1939-06-26,Male,Married,Other,Northeast
P012914,1961-04-15,Male,Married,Self-Pay,South
P012915,1965-01-20,Female,Married,Medicaid,West
P012916,1974-09-17,Female,Married,Medicare,South
P012917,2006-05-31,Female,Single,Commercial,South
P012918,1965-01-23,Male,Married,Commercial,Northeast
P012919,1960-03-25,Male,Divorced,Medicaid,Midwest
P012920,1960-06-24,Female,Married,Medicaid,West
P012921,1969-07-09,Female,Widowed,Medicare,South
P012922,1943-04-20,Male,Widowed,Medicare Advantage,West
P012923,1974-07-11,Female,Married,Medicare,West
P012924,1966-03-04,Female,Married,Commercial,Midwest
P012925,1950-10-16,Female,Widowed,Medicare,South
P012926,2000-01-15,Female,Single,Medicaid,South
P012927,1993-05-30,Male,Married,Commercial,Northeast
P012928,1936-06-24,Female,Widowed,Medicaid,Midwest
P012929,1948-05-03,Male,Married,Medicare,South
P012930,1967-03-26,Male,Single,Medicare,Northeast
P012931,1963-06-03,Male,Married,Self-Pay,South
P012932,2000-12-04,Female,Married,Medicare,Northeast
P012933,1990-07-08,Male,Married,Medicare,South
P012934,1950-05-25,Female,Married,Medicare,Midwest
P012935,1986-11-04,Female,Married,Medicare,West
P012936,1997-03-17,Male,Married,Medicaid,West
P012937,1975-03-30,Female,Married,Commercial,South
P012938,1997-04-21,Male,Single,Medicare,Midwest
P012939,1968-12-14,Male,Divorced,Medicare Advantage,Midwest
P012940,1961-05-15,Female,Married,Medicare Advantage,West
P012941,1965-04-14,Female,Divorced,Medicare,West
P012942,2023-04-26,Female,Single,Commercial,Midwest
P012943,2009-12-12,Male,Single,Medicare,Midwest
P012944,1950-03-05,Female,Widowed,Commercial,South
P012945,1959-08-19,Female,Divorced,Medicare Advantage,South
P012946,2005-11-24,Female,Single,Medicare,South
P012947,1932-11-04,Male,Widowed,Medicaid,Midwest
P012948,1952-11-05,Female,Married,Medicaid,South
P012949,1963-01-15,Male,Divorced,Commercial,South
P012950,2000-07-22,Male,Single,Medicare,South
P012951,1963-04-03,Female,Divorced,Other,Northeast
P012952,1955-01-15,Female,Widowed,Commercial,Midwest
P012953,1966-05-11,Other,Divorced,Commercial,Northeast
P012954,2021-07-06,Male,Single,Medicaid,Midwest
P012955,2018-05-15,Female,Single,Medicare,West
P012956,1959-09-04,Female,Married,Medicare,Midwest
P012957,1961-07-02,Male,Divorced,Medicaid,South
P012958,2012-03-06,Female,Single,Medicare,Northeast
P012959,1985-07-22,Female,Widowed,Medicare,Northeast
P012960,1985-07-15,Male,Married,Medicaid,South
P012961,1960-06-11,Male,Married,Medicaid,Midwest
P012962,2001-01-14,Female,Single,Medicare,West
P012963,1983-12-29,Male,Divorced,Medicare,West
P012964,1957-09-04,Female,Single,Medicare,West
P012965,2008-12-04,Other,Single,Commercial,Northeast
P012966,1965-07-19,Male,Married,Commercial,South
P012967,1962-03-16,Male,Divorced,Medicare,South
P012968,1957-08-30,Male,Married,Self-Pay,South
P012969,1954-09-22,Female,Widowed,Medicare,Northeast
P012970,1963-12-02,Male,Married,Medicaid,South
P012971,2001-01-18,Female,Single,Medicaid,West
P012972,1965-05-29,Female,Married,Commercial,South
P012973,1990-04-06,Female,Married,Medicare,Midwest
P012974,1978-11-07,Male,Single,Commercial,West
P012975,1980-05-03,Female,Married,Commercial,West
P012976,1991-06-15,Female,Married,Medicaid,Northeast
P012977,2006-05-16,Female,Single,Medicaid,Midwest
P012978,1991-11-04,Male,Married,Commercial,Northeast
P012979,1981-12-21,Male,Married,Medicaid,West
P012980,1968-06-11,Male,Married,Medicare Advantage,South
P012981,1932-02-15,Female,Widowed,Medicare,Midwest
P012982,1950-03-05,Female,Widowed,Commercial,Northeast
P012983,1975-05-12,Male,Married,Medicaid,Northeast
P012984,1980-07-20,Male,Divorced,Medicare,South
P012985,1966-07-09,Male,Married,Medicare,Northeast
P012986,1966-12-07,Male,Divorced,Commercial,Midwest
P012987,1966-12-28,Female,Single,Medicaid,Midwest
P012988,1996-01-16,Male,Single,Medicare,South
P012989,1953-06-23,Male,Married,Medicare,South
P012990,1960-03-22,Other,Single,Commercial,Northeast
P012991,1954-02-22,Female,Divorced,Medicare Advantage,West
P012992,1957-06-15,Male,Divorced,Medicare Advantage,South
P012993,1946-04-28,Female,Divorced,Commercial,Northeast
P012994,2007-04-09,Male,Single,Other,West
P012995,2001-03-10,Male,Single,Commercial,Northeast
P012996,2004-01-26,Male,Single,Medicaid,West
P012997,1945-01-12,Female,Widowed,Medicaid,South
P012998,1963-03-08,Male,Married,Medicare,South
P012999,1988-08-31,Female,Married,Medicaid,Northeast
P013000,1934-04-29,Female,Widowed,Medicare,South
P013001,1997-10-19,Male,Single,Medicaid,Midwest
P013002,1934-02-26,Female,Widowed,Medicare,South
P013003,1966-06-10,Female,Single,Medicaid,Northeast
P013004,2008-11-02,Male,Single,Commercial,West
P013005,1964-06-18,Female,Single,Medicare,South
P013006,1962-09-19,Female,Married,Commercial,West
P013007,1965-01-08,Female,Married,Medicare Advantage,Northeast
P013008,1965-07-31,Female,Married,Commercial,South
P013009,1953-04-26,Male,Single,Medicare,West
P013010,2001-04-29,Male,Single,Medicare Advantage,Midwest
P013011,1988-09-29,Female,Married,Medicare Advantage,South
P013012,2018-08-03,Male,Single,Commercial,South
P013013,1998-10-16,Male,Single,Medicare,West
P013014,1955-04-11,Male,Divorced,Medicare,Northeast
P013015,1971-11-19,Male,Married,Medicare Advantage,South
P013016,2018-12-06,Female,Single,Medicare,Midwest
P013017,1987-02-10,Female,Single,Medicare,Midwest
P013018,1952-11-27,Male,Married,Commercial,Midwest
P013019,1936-09-01,Female,Widowed,Medicaid,South
P013020,1948-04-18,Male,Divorced,Commercial,West
P013021,1946-01-06,Female,Married,Medicare,South
P013022,2022-06-01,Male,Single,Commercial,Northeast
P013023,2022-12-02,Male,Single,Medicare Advantage,West
P013024,1944-10-28,Female,Widowed,Medicare,Northeast
P013025,1981-10-31,Female,Divorced,Self-Pay,Northeast
P013026,1945-12-08,Female,Married,Medicare,West
P013027,2005-10-29,Male,Single,Medicaid,South
P013028,1954-01-07,Female,Divorced,Medicaid,West
P013029,1975-03-29,Female,Married,Medicare Advantage,West
P013030,2017-06-22,Female,Single,Commercial,South
P013031,1958-04-30,Male,Widowed,Medicare,Northeast
P013032,2000-10-14,Female,Married,Medicaid,West
P013033,1977-03-05,Female,Single,Commercial,South
P013034,1937-12-13,Other,Married,Commercial,Midwest
P013035,1973-10-18,Female,Married,Commercial,South
P013036,1966-05-18,Male,Divorced,Medicare,South
P013037,1989-09-07,Male,Married,Medicare,West
P013038,1999-12-25,Female,Single,Medicaid,Northeast
P013039,1967-02-09,Male,Married,Medicare,West
P013040,1972-10-24,Male,Married,Commercial,Northeast
P013041,1995-05-12,Female,Single,Medicare Advantage,Midwest
P013042,2015-08-02,Male,Single,Medicare,West
P013043,1966-07-28,Male,Married,Medicaid,West
P013044,1979-03-15,Female,Married,Medicaid,West
P013045,1979-05-28,Male,Single,Medicare,South
P013046,1952-01-17,Male,Married,Medicare,South
P013047,1956-04-17,Female,Married,Commercial,West
P013048,2022-03-20,Female,Single,Self-Pay,Northeast
P013049,2009-09-30,Male,Single,Medicare,South
P013050,1969-11-05,Male,Married,Medicare,Northeast
P013051,1946-04-13,Male,Married,Medicare Advantage,West
P013052,2003-12-01,Male,Single,Other,South
P013053,1992-05-03,Male,Single,Medicare Advantage,West
P013054,2011-10-19,Male,Single,Medicaid,West
P013055,1989-06-04,Female,Married,Medicare Advantage,Northeast
P013056,1963-08-05,Female,Single,Commercial,South
P013057,1940-11-10,Female,Single,Medicare,West
P013058,2005-10-29,Male,Single,Medicaid,West
P013059,1976-12-15,Female,Divorced,Commercial,Northeast
P013060,1997-11-21,Male,Single,Medicare,West
P013061,1953-10-05,Female,Married,Medicaid,Northeast
P013062,1952-03-14,Male,Married,Commercial,South
P013063,1996-07-29,Female,Single,Commercial,Midwest
P013064,1964-02-14,Male,Divorced,Self-Pay,South
P013065,2022-09-10,Male,Single,Self-Pay,South
P013066,2023-07-27,Male,Single,Medicare,Midwest
P013067,1952-01-09,Female,,Medicaid,West
P013068,1952-07-22,Male,Married,Medicare,Midwest
P013069,1939-11-07,Female,Married,Self-Pay,South
P013070,1970-12-21,Male,Married,Medicare Advantage,Midwest
P013071,2023-09-28,Female,Single,Self-Pay,
P013072,1968-10-16,Female,Divorced,Commercial,Midwest
P013073,2010-06-03,Female,Single,Medicare,South
P013074,2002-08-20,Female,Married,Commercial,South
P013075,1956-01-17,Female,Divorced,Medicare,Northeast
P013076,1957-07-14,Female,Married,Medicaid,Midwest
P013077,1955-04-06,Female,Divorced,Commercial,Northeast
P013078,1936-05-20,Female,Single,Medicare Advantage,West
P013079,1996-02-20,Female,Married,Medicare,South
P013080,1948-02-24,Female,Divorced,Medicare,South
P013081,1961-08-23,Female,Divorced,Medicare,West
P013082,1973-02-10,Male,Married,Medicaid,West
P013083,2006-11-10,Female,Single,Commercial,South
P013084,1980-08-06,Male,Single,Self-Pay,West
P013085,1998-05-29,Female,Single,Other,South
P013086,1980-02-19,Male,Single,Medicare,West
P013087,1991-03-13,Female,Single,Medicare,Northeast
P013088,1932-08-16,Male,Widowed,Medicare,South
P013089,2020-02-29,Female,Single,Medicaid,South
P013090,1992-12-16,Female,Single,Medicare,South
P013091,2019-06-08,Female,Single,Medicare,Northeast
P013092,1985-11-01,Female,Married,Other,West
P013093,1970-03-15,Female,Divorced,Self-Pay,Northeast
P013094,2025-04-22,Male,Single,Medicaid,West
P013095,2020-03-22,Female,Single,Medicare,South
P013096,1976-06-05,Male,Single,Medicare,West
P013097,1975-11-10,Female,Married,Medicaid,Midwest
P013098,1938-08-20,Female,Widowed,Medicare,South
P013099,2001-12-09,Male,Single,Medicare,Northeast
P013100,1952-11-15,Male,Widowed,Commercial,South
P013101,2014-01-13,Male,Single,Self-Pay,South
P013102,1962-11-10,Male,Single,Medicare,Midwest
P013103,2004-09-27,Female,Single,Medicare,South
P013104,1993-01-09,Female,Single,Commercial,
P013105,1946-03-07,Male,Married,Medicare,Midwest
P013106,1978-01-30,Female,Divorced,Medicare,Northeast
P013107,2019-11-22,Male,Single,Commercial,Midwest
P013108,1976-10-13,Female,Divorced,Medicaid,Midwest
P013109,1971-09-01,Male,Single,Medicaid,Northeast
P013110,1940-03-30,Male,Widowed,Medicare,West
P013111,1967-07-23,Male,Single,Medicaid,Midwest
P013112,1999-04-08,Male,Single,Self-Pay,South
P013113,1955-06-18,Female,Widowed,Medicaid,Northeast
P013114,1964-06-09,Female,Single,Medicaid,South
P013115,2008-12-27,Male,Married,Medicare Advantage,Northeast
P013116,1989-02-11,Male,Widowed,Commercial,South
P013117,1949-09-08,Female,Married,Commercial,Northeast
P013118,1935-03-21,Male,Divorced,Medicare Advantage,South
P013119,1962-07-02,Male,Married,Medicare Advantage,West
P013120,2008-09-16,Female,Single,Medicare,Northeast
P013121,2014-08-06,Male,Single,Medicaid,South
P013122,1949-12-13,Male,Married,Medicare,South
P013123,1974-05-26,Female,Single,Commercial,South
P013124,1970-07-26,Female,Single,Medicaid,West
P013125,1947-04-15,Male,Married,Medicare,West
P013126,1948-06-19,Female,Widowed,Medicare Advantage,West
P013127,1966-11-24,Female,Married,Medicare Advantage,South
P013128,1934-05-07,Female,Divorced,Commercial,West
P013129,1960-03-10,Male,Married,Medicare,Midwest
P013130,1931-03-18,Male,Widowed,Medicaid,Midwest
P013131,2008-12-29,Male,Single,Commercial,South
P013132,2021-11-11,Female,Single,Medicaid,West
P013133,1932-07-17,Female,Widowed,Medicare,South
P013134,2001-10-07,Female,Single,Medicare Advantage,West
P013135,1962-08-21,Male,Married,Medicare,South
P013136,1984-11-28,Female,Married,Medicare Advantage,West
P013137,1988-06-01,Male,Married,Medicaid,Midwest
P013138,1935-08-04,Male,Married,Medicare Advantage,West
P013139,1958-07-31,Female,Married,Medicaid,South
P013140,1988-07-20,Male,Married,Commercial,Northeast
P013141,1953-01-05,Female,Married,Medicare Advantage,South
P013142,2005-02-02,Female,Single,Commercial,West
P013143,1968-06-14,Male,Divorced,Medicare,South
P013144,1967-08-28,Male,Divorced,Medicare,West
P013145,1997-07-24,Male,Single,Medicaid,West
P013146,1937-11-26,Female,Widowed,Commercial,Northeast
P013147,1979-01-22,Female,Married,Self-Pay,South
P013148,1995-09-01,Male,Married,Medicaid,South
P013149,1960-12-16,Male,Divorced,Medicare Advantage,Northeast
P013150,1957-06-04,Female,Divorced,Commercial,Midwest
P013151,2002-07-16,Female,Single,Commercial,Northeast
P013152,1949-04-23,Male,Married,Commercial,West
P013153,1967-04-05,Female,Married,Medicaid,West
P013154,2006-03-01,Male,Single,Commercial,West
P013155,1984-04-06,Female,Married,Commercial,West
P013156,1974-07-04,Male,Married,Commercial,Midwest
P013157,1989-01-28,Female,Single,Commercial,South
P013158,1970-04-03,Female,Married,Medicare,Northeast
P013159,2015-03-14,Female,Single,Medicare,Midwest
P013160,1952-04-15,Female,Married,Self-Pay,South
P013161,2011-08-31,Female,Single,Medicare,Northeast
P013162,1990-12-08,Female,Single,Medicaid,South
P013163,1963-03-15,Male,Divorced,Medicare,South
P013164,1957-10-11,Male,Single,Commercial,South
P013165,1946-10-02,Male,Widowed,Medicare,Midwest
P013166,1986-01-03,Male,Married,Commercial,South
P013167,2025-04-13,Male,Single,Medicare,Midwest
P013168,1937-02-17,Male,Married,Medicare Advantage,Northeast
P013169,1996-01-29,Male,Married,Commercial,South
P013170,1956-11-13,Male,Married,Medicaid,Northeast
P013171,2023-12-06,Female,Single,Medicaid,South
P013172,1966-07-17,Male,Married,Medicaid,West
P013173,1983-06-17,Male,Divorced,Medicaid,Midwest
P013174,2025-01-04,Female,Single,Medicare,Northeast
P013175,1974-10-23,Male,Married,Commercial,West
P013176,1970-03-05,Male,Widowed,Medicare Advantage,South
P013177,2010-11-29,Female,Single,Commercial,Northeast
P013178,2015-03-22,Female,Single,Commercial,West
P013179,2020-08-02,Female,Single,Medicare,West
P013180,1954-02-04,Female,Married,Medicaid,South
P013181,1947-12-09,Male,Single,Commercial,Northeast
P013182,2000-12-20,Male,Divorced,Commercial,West
P013183,1954-04-20,Female,Widowed,Medicare,West
P013184,1964-08-02,Female,Widowed,Medicare,
P013185,1983-01-03,Male,Single,Other,Northeast
P013186,1946-03-26,Female,Single,Medicare,
P013187,1960-03-09,Female,Married,Commercial,West
P013188,2016-01-21,Male,Single,Medicaid,West
P013189,1975-11-21,Male,Married,Commercial,Northeast
P013190,1943-02-15,Female,Married,Commercial,Midwest
P013191,1970-10-06,Female,Married,Other,South
P013192,1961-02-20,Male,Married,Commercial,South
P013193,2018-09-04,Female,Single,Medicare,Northeast
P013194,1930-01-01,Female,Widowed,Medicare,Northeast
P013195,1973-11-20,Male,Single,Commercial,Midwest
P013196,2023-04-10,Male,Single,Medicaid,South
P013197,1952-04-15,Female,Married,Medicare Advantage,South
P013198,1986-10-15,Male,Single,Commercial,South
P013199,1990-09-15,Male,Married,Commercial,South
P013200,1973-10-17,Female,Married,Medicare,South
P013201,2002-04-07,Female,Single,Self-Pay,West
P013202,1943-04-27,Female,Married,Medicare Advantage,Midwest
P013203,1994-12-24,Male,Single,Medicaid,South
P013204,1935-12-27,Male,Married,Medicare,South
P013205,1985-09-02,Male,Married,Medicare Advantage,West
P013206,2000-07-29,Male,Single,Medicaid,Midwest
P013207,1953-12-24,Female,Married,Medicare,Northeast
P013208,1976-05-19,Male,Divorced,Commercial,South
P013209,1993-03-17,Female,Divorced,Medicaid,South
P013210,1956-01-28,Male,Married,Medicare,South
P013211,2004-08-12,Female,Single,Medicare Advantage,West
P013212,1947-12-29,Female,Married,Medicaid,Midwest
P013213,1942-08-26,Female,Married,Commercial,South
P013214,1981-11-20,Female,Single,Medicare,South
P013215,1930-08-02,Male,Divorced,Medicare,Northeast
P013216,2008-07-20,Male,Single,Medicare,West
P013217,2003-03-18,Male,Single,Medicare,South
P013218,1967-04-06,Female,Married,Commercial,West
P013219,1955-07-08,Male,Single,Medicaid,Northeast
P013220,2014-09-15,Female,Single,Medicaid,South
P013221,1953-06-13,Male,Widowed,Medicaid,Midwest
P013222,1994-11-28,Male,,Medicare,Midwest
P013223,1969-07-22,Female,Divorced,Medicare Advantage,Midwest
P013224,1966-02-27,Male,Single,Medicaid,Midwest
P013225,2006-04-30,Female,Single,Medicare,South
P013226,1996-10-27,Female,Single,Medicare,Midwest
P013227,1982-09-03,Male,Married,Medicare,West
P013228,1998-02-21,Female,Single,Medicaid,West
P013229,1968-12-10,Female,Widowed,Medicare,Midwest
P013230,2011-01-01,Female,Single,Medicare,South
P013231,1973-02-10,Male,Single,Medicare,West
P013232,1990-07-14,Female,Divorced,Medicaid,Midwest
P013233,1993-07-09,Male,Single,Self-Pay,South
P013234,1945-02-28,Male,Widowed,Medicaid,Northeast
P013235,1990-03-16,Male,Single,Medicare,Midwest
P013236,1982-07-28,Female,Divorced,Medicare,West
P013237,1934-04-09,Female,Married,Commercial,Midwest
P013238,1966-10-16,Male,Divorced,Medicare Advantage,Northeast
P013239,1940-04-07,Male,Divorced,Medicare,Midwest
P013240,2013-04-18,Female,Single,Other,South
P013241,1929-05-14,Male,Married,Self-Pay,South
P013242,1972-11-26,Male,Single,Commercial,South
P013243,1980-01-27,Male,Married,Self-Pay,West
P013244,1972-01-14,Female,Married,Medicare,South
P013245,2005-01-01,Female,Single,Commercial,South
P013246,1954-08-06,Male,Married,Commercial,South
P013247,2007-07-23,Male,Single,Medicare,West
P013248,1958-02-03,Female,Divorced,Medicare,South
P013249,1997-08-08,Female,Married,Medicare Advantage,Midwest
P013250,1939-11-11,Male,Married,Medicaid,Northeast
P013251,1994-12-19,Female,Single,Medicare,Midwest
P013252,1949-06-12,Female,Widowed,Commercial,South
P013253,2017-01-17,Male,Single,Commercial,Midwest
P013254,1985-01-07,Female,Married,Commercial,Northeast
P013255,1970-05-08,Male,Widowed,Commercial,Northeast
P013256,1972-10-07,Female,Divorced,Medicare,West
P013257,2018-04-25,Female,Single,Other,South
P013258,2019-09-01,Female,Single,Medicare,South
P013259,2020-03-26,Male,Single,Medicare,West
P013260,1962-06-02,Male,Married,Self-Pay,Northeast
P013261,1974-12-07,Male,Single,Commercial,West
P013262,2007-01-11,Female,Single,Medicare Advantage,West
P013263,1970-09-08,Female,Divorced,Medicare,Northeast
P013264,2021-10-17,Male,Single,Medicaid,West
P013265,1941-06-20,Female,Widowed,Medicare,West
P013266,1984-11-28,Male,Married,Commercial,South
P013267,1950-08-29,Male,Married,Medicare Advantage,Midwest
P013268,1956-09-17,Male,Divorced,Medicare,South
P013269,2003-11-14,Female,Single,Medicaid,South
P013270,2012-01-29,Male,Single,Other,South
P013271,1978-11-21,Male,Married,Medicare,South
P013272,1984-03-26,Female,Married,Medicare,South
P013273,1956-03-06,Male,Divorced,Other,South
P013274,1972-04-25,Female,Divorced,Medicaid,West
P013275,2007-11-11,Female,Single,Commercial,South
P013276,1940-05-24,Male,Widowed,Medicaid,South
P013277,1959-10-01,Female,Married,Commercial,Northeast
P013278,1955-05-25,Female,Single,Medicare,South
P013279,1949-08-02,Female,Married,Medicare,South
P013280,1972-05-22,Female,Single,Medicare,South
P013281,2018-05-09,Male,Single,Medicaid,South
P013282,1978-01-11,Male,Single,Medicaid,South
P013283,1995-05-03,Male,Married,Medicaid,Northeast
P013284,1957-05-20,Male,Divorced,Commercial,Northeast
P013285,1995-03-29,Male,Married,Medicaid,West
P013286,1941-04-17,Female,Married,Commercial,Midwest
P013287,2012-09-02,Female,Single,Medicaid,South
P013288,1930-08-17,Male,Single,Commercial,South
P013289,1999-07-31,Female,Single,Commercial,Midwest
P013290,1963-11-11,Female,Divorced,Medicare,South
P013291,1949-05-31,Female,Divorced,Medicare,South
P013292,1955-02-06,Male,Married,Medicare,Northeast
P013293,1949-01-30,Female,Married,Medicaid,West
P013294,1959-06-24,Male,Divorced,Commercial,South
P013295,1986-09-30,Male,Married,Other,Northeast
P013296,1948-12-04,Female,Divorced,Medicare,Midwest
P013297,1984-06-22,Female,Single,Commercial,Midwest
P013298,1937-10-10,Female,Widowed,Medicare,South
P013299,1959-10-29,Male,Married,Medicare,West
P013300,1968-03-10,Male,Married,Other,West
P013301,1974-04-27,Male,Married,Self-Pay,Midwest
P013302,2024-03-21,Female,Single,Medicaid,Midwest
P013303,1998-09-11,Male,Single,Self-Pay,South
P013304,1969-11-13,Female,Married,Medicare,Midwest
P013305,1940-05-26,Female,Widowed,Commercial,West
P013306,1968-04-04,Male,Married,Commercial,Northeast
P013307,1957-04-12,Male,Married,Medicaid,West
P013308,2013-02-16,Female,Single,Medicaid,South
P013309,1932-03-24,Female,Widowed,Commercial,South
P013310,1950-03-02,Male,Divorced,Medicaid,Midwest
P013311,1992-05-21,Female,Widowed,Commercial,West
P013312,1965-02-03,Male,Divorced,Medicare,South
P013313,1930-12-31,Female,Divorced,Medicaid,Midwest
P013314,1948-01-25,Female,Divorced,Medicare Advantage,Northeast
P013315,1938-07-14,Male,Single,Medicare,Midwest
P013316,1983-12-08,Male,Single,Commercial,West
P013317,1967-08-01,Female,Married,Medicare,Midwest
P013318,1982-11-18,Male,Single,Commercial,South
P013319,1985-06-30,Male,Married,Commercial,South
P013320,1950-07-24,Female,Married,Medicare Advantage,Midwest
P013321,2006-12-03,Male,Single,Commercial,South
P013322,1986-09-05,Female,Single,Medicaid,West
P013323,2001-12-31,Male,Single,Medicare,South
P013324,1952-12-20,Female,Married,Medicaid,Midwest
P013325,2019-05-23,Male,Single,Self-Pay,West
P013326,2004-11-16,Male,Married,Medicare,South
P013327,1957-10-03,Female,Divorced,Medicaid,South
P013328,1959-05-06,Male,Widowed,Commercial,West
P013329,1963-07-05,Female,Divorced,Self-Pay,South
P013330,1929-09-03,Female,Married,Medicare,West
P013331,1961-10-12,Female,Married,Medicare,West
P013332,1940-12-28,Male,Widowed,Commercial,Northeast
P013333,1974-12-19,Male,Divorced,Medicare,Northeast
P013334,1984-07-13,Male,Married,Self-Pay,South
P013335,2002-04-18,Male,Divorced,Self-Pay,South
P013336,1953-02-12,Female,Widowed,Medicaid,South
P013337,1968-01-04,Female,Married,Medicare,Northeast
P013338,2009-10-07,Female,Single,Medicaid,Northeast
P013339,1998-04-16,Male,Single,Medicare,Northeast
P013340,2010-10-01,Male,Single,Medicare,
P013341,1975-07-23,Male,Married,Medicare,Midwest
P013342,1991-07-18,Female,Married,Medicare Advantage,West
P013343,1958-11-10,Male,Married,Medicaid,West
P013344,1980-10-09,Female,Married,Medicaid,Midwest
P013345,1951-08-17,Male,Divorced,Other,South
P013346,1955-12-22,Female,Widowed,Medicare,Midwest
P013347,1953-12-13,Female,Single,Self-Pay,West
P013348,2024-06-03,Male,,Commercial,West
P013349,2018-11-16,Male,Single,Commercial,Midwest
P013350,1995-03-22,Female,Married,Commercial,South
P013351,1975-05-07,Female,Divorced,Medicare,Midwest
P013352,1969-11-14,Female,Divorced,Medicare Advantage,Northeast
P013353,1975-10-08,Male,Divorced,Commercial,West
P013354,1953-10-27,Female,Widowed,Commercial,South
P013355,1956-09-09,Male,Married,Medicaid,South
P013356,1965-10-09,Male,Married,Medicare,South
P013357,1990-11-15,Male,Married,Medicare Advantage,South
P013358,1946-07-07,Male,Married,Medicare Advantage,Midwest
P013359,1972-01-16,Male,Single,Commercial,Northeast
P013360,1955-11-27,Female,Widowed,Medicare,West
P013361,1985-12-15,Female,Married,Medicare,South
P013362,1960-04-26,Male,Single,Medicare,South
P013363,1974-12-25,Female,Widowed,Commercial,South
P013364,1959-07-14,Male,Divorced,Medicare Advantage,West
P013365,1977-09-06,Female,Married,Medicare,West
P013366,1976-07-14,Male,Married,Medicare,Northeast
P013367,1973-01-15,Male,Married,Commercial,South
P013368,1996-08-02,Female,Married,Commercial,West
P013369,1946-08-31,Female,Single,Commercial,South
P013370,1954-06-04,Male,Single,Medicare,South
P013371,2004-06-19,Female,Single,Medicaid,Northeast
P013372,1931-01-02,Male,Married,Medicaid,Northeast
P013373,1985-05-09,Female,Divorced,Medicaid,South
P013374,1956-05-01,Male,Married,Commercial,South
P013375,1980-03-24,Female,Single,Medicare Advantage,West
P013376,2012-07-11,Female,Single,Medicaid,Midwest
P013377,2025-07-28,Female,Single,Medicare Advantage,South
P013378,2002-08-10,Male,Single,Medicare,Northeast
P013379,1951-05-15,Male,Widowed,Medicare,South
P013380,1978-03-10,Male,Single,Medicaid,Midwest
P013381,1944-02-19,Female,Widowed,Medicare,West
P013382,1958-07-16,Male,Married,Medicaid,South
P013383,1953-03-09,Female,Single,Commercial,Midwest
P013384,1968-05-19,Female,Single,Self-Pay,West
P013385,1981-10-30,Female,Married,Medicare,South
P013386,1954-09-28,Male,Married,Medicare Advantage,West
P013387,1930-03-25,Female,Widowed,Commercial,South
P013388,1985-03-20,Male,Single,Medicare Advantage,Midwest
P013389,1983-09-17,Male,Married,Commercial,Northeast
P013390,1998-12-12,Female,Single,Medicare,West
P013391,1979-04-13,Female,Married,Commercial,West
P013392,2010-01-04,Male,Single,Commercial,Northeast
P013393,1964-05-30,Male,Married,Medicare Advantage,West
P013394,1958-10-01,Female,Married,Medicaid,South
P013395,1929-05-13,Female,Widowed,Commercial,Midwest
P013396,1973-05-29,Male,Married,Medicaid,South
P013397,1959-06-07,Male,Married,Medicare,South
P013398,2002-03-22,Female,Single,Medicare,West
P013399,1963-03-14,Female,Married,Self-Pay,South
P013400,1952-01-17,Male,Married,Commercial,South
P013401,1969-11-02,Male,Single,Commercial,South
P013402,1976-10-13,Male,Single,Medicaid,South
P013403,1953-02-25,Male,Married,Commercial,Midwest
P013404,1973-08-08,Female,Married,Medicare,South
P013405,1935-05-09,Other,Married,Medicare,South
P013406,2006-04-26,Male,Single,Medicare,South
P013407,1977-06-26,Male,Married,Medicare,West
P013408,1964-12-08,Male,Single,Medicare,South
P013409,1999-08-18,Male,Single,Commercial,South
P013410,1959-01-22,Male,Widowed,Medicare,Midwest
P013411,1987-04-01,Male,Single,Medicaid,Northeast
P013412,1997-05-13,Female,Single,Medicare,South
P013413,1973-05-17,Female,Married,Medicare,South
P013414,1992-07-20,Female,Single,Commercial,West
P013415,2004-02-04,Female,Single,Medicaid,South
P013416,2005-01-12,Female,Single,Medicaid,Midwest
P013417,1942-10-25,Male,Widowed,Medicare,Midwest
P013418,1949-03-21,Female,Married,Medicaid,South
P013419,1955-07-31,Female,Married,Medicare,South
P013420,1997-01-23,Male,Married,Medicare Advantage,South
P013421,2000-09-02,Male,Single,Commercial,Midwest
P013422,1948-08-16,Female,Married,Commercial,South
P013423,1978-03-31,Male,Married,Medicare,Northeast
P013424,2012-06-24,Male,Single,Medicaid,South
P013425,1947-07-16,Male,Divorced,Medicaid,Midwest
P013426,2024-05-10,Female,Single,Medicare,West
P013427,1968-03-28,Female,Married,Self-Pay,West
P013428,1956-03-07,Male,Single,Medicare Advantage,South
P013429,1986-12-11,Male,Married,Medicare,Northeast
P013430,1965-10-30,Male,Married,Medicaid,West
P013431,1956-04-05,Male,Married,Medicaid,South
P013432,1936-07-16,Male,Married,Medicare,West
P013433,2019-04-03,Female,Single,Medicaid,South
P013434,1954-04-21,Female,Single,Medicare,South
P013435,1973-06-28,Female,Married,Commercial,West
P013436,1965-09-09,Female,Married,Medicare Advantage,Midwest
P013437,1985-09-26,Female,Single,Medicare,South
P013438,1972-09-11,Female,Single,Medicare,South
P013439,1958-07-15,Male,Married,Commercial,South
P013440,2006-02-20,Male,Divorced,Commercial,South
P013441,1965-12-30,Female,Single,Commercial,West
P013442,1967-08-26,Female,Married,Commercial,South
P013443,1949-08-07,Male,Married,Commercial,South
P013444,1988-05-28,Female,Married,Medicare,Midwest
P013445,1937-10-14,Female,Widowed,Commercial,
P013446,1954-11-28,Male,Married,Other,South
P013447,1930-04-01,Male,Married,Medicare,West
P013448,1982-09-30,Female,Married,Medicare,South
P013449,1974-07-15,Male,Married,Commercial,Northeast
P013450,2017-01-11,Male,Single,Medicaid,West
P013451,2005-08-22,Male,Single,Commercial,Northeast
P013452,1959-07-05,Male,Widowed,Medicare,South
P013453,1984-12-16,Male,Single,Commercial,West
P013454,1955-03-27,Male,Divorced,Medicare,South
P013455,1993-11-30,Male,Married,Commercial,Midwest
P013456,1946-11-02,Female,Divorced,Medicaid,South
P013457,1960-09-05,Female,Married,Medicare,West
P013458,1932-05-08,Male,Widowed,Commercial,West
P013459,1954-01-12,Female,Divorced,Medicare Advantage,Northeast
P013460,1982-07-13,Female,Single,Medicare,Midwest
P013461,2014-12-17,Male,Single,Medicare,South
P013462,1976-10-22,Female,Married,Medicaid,Midwest
P013463,2020-09-17,Male,Single,Commercial,West
P013464,1991-09-03,Male,Single,Medicare,South
P013465,1943-04-28,Female,Married,Medicare Advantage,West
P013466,1950-06-04,Female,Married,Medicare,Midwest
P013467,1965-02-21,Male,Married,Medicaid,South
P013468,1954-01-19,Female,Widowed,Medicare,South
P013469,2003-12-24,Male,Single,Commercial,West
P013470,1963-10-24,Male,Married,Commercial,South
P013471,1961-12-27,Male,Divorced,Medicare,Midwest
P013472,2024-03-11,Male,Single,Commercial,South
P013473,1951-09-26,Female,Married,Commercial,South
P013474,2017-12-18,Male,Single,Medicare,Northeast
P013475,1960-04-16,Female,Married,Medicaid,South
P013476,1932-09-22,Male,Married,Commercial,West
P013477,1970-09-07,Female,Widowed,Medicaid,West
P013478,2002-10-29,Female,Single,Commercial,Northeast
P013479,1955-11-12,Male,Divorced,Medicare,Midwest
P013480,1953-06-03,Female,Married,Medicare Advantage,Northeast
P013481,2007-12-16,Female,Married,Medicare,Northeast
P013482,1933-02-02,Male,Married,Commercial,South
P013483,1948-11-09,Male,Married,Medicare,South
P013484,1992-05-26,Female,Married,Medicare,Northeast
P013485,1979-12-18,Male,Married,Medicaid,Midwest
P013486,1977-05-05,Male,Divorced,Medicaid,West
P013487,1969-12-12,Female,Married,Commercial,West
P013488,2003-08-01,Male,Single,Commercial,South
P013489,1982-04-24,Male,Married,Medicaid,South
P013490,1978-05-21,Male,Married,Medicare Advantage,Midwest
P013491,1996-04-19,Male,Single,Commercial,Midwest
P013492,1936-06-13,Female,Widowed,Commercial,South
P013493,2001-08-21,Male,Single,Medicare,South
P013494,1968-08-27,Female,Married,Medicare,South
P013495,1931-12-14,Male,Single,Commercial,Northeast
P013496,1962-06-28,Female,Married,Medicaid,West
P013497,1949-02-24,Male,Married,Medicare,West
P013498,1967-06-25,Male,Married,Medicare Advantage,South
P013499,1942-02-12,Female,Married,Medicare,West
P013500,1971-06-22,Male,Widowed,Medicare,Midwest
P013501,1984-03-15,Male,Married,Medicaid,Northeast
P013502,1966-06-09,Male,Married,Medicaid,South
P013503,1996-05-26,Female,Single,Commercial,South
P013504,2025-01-10,Female,Single,Medicaid,South
P013505,1985-01-12,Female,Single,Medicare,Northeast
P013506,1932-03-26,Male,Married,Medicare Advantage,West
P013507,1932-05-28,Male,Widowed,Commercial,South
P013508,1979-11-27,Male,Married,Self-Pay,South
P013509,1957-08-21,Female,Married,Medicare Advantage,South
P013510,1998-01-19,Female,Single,Medicare Advantage,South
P013511,1953-06-15,Male,Married,Medicare Advantage,South
P013512,1981-06-20,Male,Single,Self-Pay,Midwest
P013513,1961-04-16,Female,Married,Medicaid,Midwest
P013514,2018-08-26,Male,Single,Commercial,Northeast
P013515,1951-12-28,Female,Widowed,Self-Pay,South
P013516,1962-10-04,Male,Married,Medicare,South
P013517,1957-05-12,Female,Married,Medicare Advantage,Midwest
P013518,1961-01-07,Male,Divorced,Medicare,Northeast
P013519,1990-02-07,Female,Married,Commercial,South
P013520,1969-02-07,Male,Single,Medicare,West
P013521,2021-01-05,Female,Single,Commercial,South
P013522,1988-03-18,Female,Married,Medicare,Midwest
P013523,1995-02-11,Female,Married,Medicare,South
P013524,1970-06-30,Male,Married,Medicaid,Midwest
P013525,2003-12-08,Female,Single,Medicaid,Northeast
P013526,2022-05-16,Male,Single,Medicare,West
P013527,2004-11-06,Female,Single,Commercial,South
P013528,1986-08-23,Female,Single,Other,West
P013529,1997-01-07,Female,Single,Medicare,South
P013530,1974-07-21,Female,Married,Medicare,West
P013531,1966-07-08,Female,Single,Commercial,Midwest
P013532,1990-10-19,Male,Married,Other,South
P013533,1958-01-12,Female,Widowed,Commercial,Midwest
P013534,1985-01-17,Female,Married,Commercial,Midwest
P013535,2026-02-12,Female,Single,Medicaid,West
P013536,1952-09-25,Female,Widowed,Medicare,South
P013537,2014-05-12,Female,Single,Commercial,South
P013538,1976-10-23,Male,Single,Commercial,South
P013539,1965-12-07,Female,Married,Medicare,Northeast
P013540,2011-04-05,Male,Single,Medicare,Northeast
P013541,1984-12-27,Female,Single,Commercial,South
P013542,1964-02-29,Female,Married,Medicaid,South
P013543,1996-02-24,Male,Single,Self-Pay,South
P013544,2004-09-30,Male,Single,Commercial,Midwest
P013545,1971-10-30,Male,Single,Medicare,South
P013546,2000-12-27,Female,Single,Self-Pay,Midwest
P013547,1982-02-14,Female,Divorced,Commercial,South
P013548,2010-11-09,Female,Single,Medicare,South
P013549,1947-06-25,Female,Married,Commercial,Midwest
P013550,1999-01-26,Male,Single,Medicare,South
P013551,2005-09-13,Female,Single,Medicare,Midwest
P013552,1973-11-04,Female,Married,Medicaid,West
P013553,2007-12-07,Female,Single,Medicare Advantage,South
P013554,2011-07-25,Female,Single,Medicare,Northeast
P013555,1970-03-21,Female,Married,Medicare,West
P013556,1955-02-25,Male,Married,Commercial,South
P013557,1956-02-26,Female,Divorced,Medicaid,South
P013558,1973-11-21,Female,Married,Medicare,South
P013559,1973-12-19,Female,Single,Commercial,Midwest
P013560,1961-07-17,Female,Divorced,Medicare,Midwest
P013561,2009-06-28,Male,Single,Medicare,Midwest
P013562,1976-05-26,Female,Married,Medicare,South
P013563,1970-05-08,Male,Married,Medicaid,Midwest
P013564,1938-08-16,Male,Married,Other,South
P013565,1994-08-17,Male,Widowed,Commercial,West
P013566,1954-09-10,Male,Married,Medicare,South
P013567,1969-07-15,Female,Married,Medicare Advantage,Northeast
P013568,1949-07-01,Male,Single,Commercial,West
P013569,1953-03-17,Male,Married,Medicaid,Northeast
P013570,1973-02-18,Female,Married,Commercial,South
P013571,1930-12-18,Male,Widowed,Medicare,South
P013572,1959-11-06,Male,Widowed,Self-Pay,West
P013573,1952-01-27,Male,Married,Medicare Advantage,West
P013574,1963-05-27,Female,Single,Other,South
P013575,1982-03-07,Male,Married,Commercial,West
P013576,1966-05-01,Male,Married,Medicare,West
P013577,1945-06-28,Female,Widowed,Commercial,Northeast
P013578,1936-03-27,Male,Widowed,Medicare Advantage,West
P013579,1953-10-22,Other,Single,Commercial,South
P013580,1975-03-17,Male,Divorced,Self-Pay,Northeast
P013581,2022-10-23,Male,Single,Medicare,Midwest
P013582,1981-08-26,Male,Married,Commercial,Northeast
P013583,2025-02-05,Female,Single,Medicare,Northeast
P013584,2013-10-13,Male,Single,Medicaid,West
P013585,2002-02-15,Male,Single,Commercial,
P013586,2004-10-13,Female,Single,Commercial,South
P013587,1941-11-20,Female,Married,Commercial,South
P013588,1990-06-19,Male,Married,Medicare,South
P013589,1943-11-05,Female,Married,Commercial,Midwest
P013590,1950-07-03,Female,Divorced,Medicaid,Midwest
P013591,1977-03-23,Male,Single,Medicaid,West
P013592,2024-12-06,Female,Single,Medicare,South
P013593,1963-01-25,Female,Married,Other,South
P013594,1981-03-09,Female,Married,Medicare,South
P013595,1963-01-21,Male,Single,Commercial,Northeast
P013596,2025-09-15,Male,Single,Medicare,Midwest
P013597,2018-04-16,Female,Single,Commercial,South
P013598,1940-09-16,Female,Widowed,Medicare Advantage,Midwest
P013599,1993-01-18,Female,Single,Self-Pay,South
P013600,2004-10-04,Female,Single,Medicaid,Northeast
P013601,1934-12-14,Female,Married,Medicaid,Midwest
P013602,1934-06-15,Male,Widowed,Medicare,West
P013603,1997-07-09,Male,Single,Medicare,South
P013604,1973-09-27,Female,Married,Commercial,West
P013605,1929-02-27,Female,Married,Medicare,South
P013606,1988-06-10,Male,Single,Commercial,Midwest
P013607,1959-09-06,Male,Single,Commercial,Midwest
P013608,1977-07-14,Female,Single,Commercial,Midwest
P013609,1975-07-12,Female,Married,Medicare,Midwest
P013610,1965-11-01,Female,Married,Medicare,South
P013611,1974-08-18,Male,Divorced,Commercial,South
P013612,1933-01-04,Male,Married,Commercial,South
P013613,1961-02-23,Female,Married,Medicaid,South
P013614,2021-12-03,Male,Single,Medicare Advantage,Northeast
P013615,1944-03-12,Male,Widowed,Medicare,Northeast
P013616,1999-09-26,Male,Single,Self-Pay,South
P013617,1975-03-13,Female,Widowed,Medicare,South
P013618,1965-05-26,Male,Married,Medicaid,West
P013619,1972-12-09,Female,Single,Commercial,West
P013620,1979-07-10,Female,Married,Commercial,West
P013621,1950-04-10,Male,Married,Self-Pay,South
P013622,1966-07-31,Female,Married,Commercial,South
P013623,1959-11-20,Male,Divorced,Commercial,South
P013624,1963-08-26,Male,Married,Commercial,South
P013625,2011-03-17,Female,Single,Medicare,West
P013626,1986-08-10,Female,Married,Commercial,Northeast
P013627,1960-04-30,Female,Married,Medicare,Midwest
P013628,1959-07-15,Male,Married,Commercial,West
P013629,2020-12-15,Male,Single,Commercial,South
P013630,2014-04-09,Male,Single,Medicare,South
P013631,1941-06-19,Male,Widowed,Commercial,Midwest
P013632,1952-04-30,Male,Married,Commercial,Midwest
P013633,1959-09-15,Female,Married,Medicare,South
P013634,1939-07-26,Female,Widowed,Medicare,South
P013635,1999-07-16,Male,Single,Commercial,Midwest
P013636,1963-08-13,Male,Married,Medicare,Northeast
P013637,2026-01-13,Male,Single,Medicare,Northeast
P013638,1990-08-06,Female,Single,Medicare Advantage,South
P013639,1949-06-16,Female,Married,Medicaid,Midwest
P013640,1953-09-14,Male,Married,Commercial,West
P013641,1956-11-05,Female,Widowed,Medicare,Northeast
P013642,1981-10-18,Female,Divorced,Commercial,Northeast
P013643,1990-06-02,Female,Married,Medicaid,South
P013644,1977-07-02,Female,Married,Medicare,South
P013645,2008-01-09,Male,Single,Self-Pay,South
P013646,1998-06-20,Male,Single,Commercial,Midwest
P013647,1957-02-03,Female,Married,Medicaid,Northeast
P013648,1967-08-09,Male,Single,Commercial,Midwest
P013649,1955-09-03,Male,Single,Commercial,West
P013650,2026-01-19,Female,Single,Medicaid,Midwest
P013651,1954-01-13,Male,Married,Medicare,
P013652,1955-01-17,Female,Married,Medicare Advantage,West
P013653,1943-04-23,Male,Widowed,Commercial,South
P013654,2010-03-16,Female,Single,Medicare Advantage,Midwest
P013655,1940-11-26,Male,Married,Commercial,West
P013656,1983-07-23,Female,Single,Self-Pay,South
P013657,1962-09-18,Female,Single,Medicare,Midwest
P013658,1970-08-13,Female,Divorced,Commercial,West
P013659,1988-11-03,Male,Married,Medicare,Midwest
P013660,1974-04-12,Male,Single,Self-Pay,West
P013661,1959-09-14,Male,Married,Self-Pay,West
P013662,1981-06-11,Male,Single,Commercial,South
P013663,1935-01-19,Male,Divorced,Medicaid,Northeast
P013664,1989-11-20,Male,Divorced,Commercial,West
P013665,2000-05-20,Female,Single,Medicare,Northeast
P013666,1972-05-12,Male,Widowed,Medicare Advantage,Midwest
P013667,1929-08-16,Female,Single,Medicare,Midwest
P013668,1964-05-30,Female,Divorced,Medicaid,Northeast
P013669,1980-02-19,Female,Single,Commercial,Northeast
P013670,1988-03-11,Female,Married,Medicare Advantage,South
P013671,1998-04-18,Female,Single,Medicare,Northeast
P013672,1987-09-01,Male,Divorced,Self-Pay,Northeast
P013673,2002-10-11,Female,Married,Medicare Advantage,South
P013674,1991-09-12,Male,Married,Medicaid,West
P013675,2017-07-13,Female,Single,Medicaid,South
P013676,1981-12-27,Male,Married,Medicare,Northeast
P013677,1991-10-14,Male,Married,Medicaid,Midwest
P013678,1961-10-05,Female,Widowed,Commercial,Midwest
P013679,1964-12-09,Male,Married,Medicaid,South
P013680,1935-10-19,Female,Widowed,Medicare,Midwest
P013681,1975-01-22,Male,Single,Self-Pay,West
P013682,1930-12-23,Female,Widowed,Commercial,South
P013683,1953-06-05,Male,Married,Medicare,West
P013684,1955-12-05,Female,Divorced,Commercial,West
P013685,1994-05-13,Male,Single,Medicare Advantage,Midwest
P013686,1931-12-31,Male,Widowed,Commercial,South
P013687,1936-05-28,Male,Married,Commercial,South
P013688,1944-12-27,Male,Married,Medicare Advantage,Midwest
P013689,2012-04-07,Male,Single,Medicare,West
P013690,1960-07-24,Male,Widowed,Medicare,West
P013691,1966-06-30,Female,Married,Medicare,Midwest
P013692,1954-08-13,Female,Widowed,Commercial,South
P013693,1937-04-03,Male,Widowed,Medicare,West
P013694,1975-01-06,Male,Widowed,Commercial,South
P013695,1998-11-15,Female,Single,Medicare,West
P013696,2022-11-05,Female,Single,Medicare Advantage,South
P013697,1948-06-13,Male,Married,Commercial,South
P013698,2007-11-25,Male,Single,Medicare,Northeast
P013699,1937-08-26,Male,Divorced,Other,Midwest
P013700,2005-07-05,Female,Single,Commercial,South
P013701,1998-09-05,Female,Single,Commercial,South
P013702,1967-09-11,Male,Single,Medicare,South
P013703,1977-02-26,Female,Married,Medicaid,Northeast
P013704,2006-04-04,Female,Single,Medicare,West
P013705,1979-04-26,Female,Married,Medicare,Midwest
P013706,1961-10-22,Male,Single,Self-Pay,Midwest
P013707,1960-01-27,Male,Married,Self-Pay,South
P013708,1984-12-11,Male,Divorced,Commercial,Midwest
P013709,1975-11-23,Female,Divorced,Medicaid,Midwest
P013710,2000-10-03,Female,Married,Medicare,Midwest
P013711,1981-12-09,Male,Married,Medicare,West
P013712,1945-06-08,Female,Widowed,Medicaid,West
P013713,1966-07-25,Female,Married,Commercial,Northeast
P013714,1947-01-06,Male,Divorced,Self-Pay,South
P013715,2001-10-20,Male,Married,Medicaid,West
P013716,1968-05-09,Male,Single,Commercial,West
P013717,1940-01-24,Female,Widowed,Medicare Advantage,West
P013718,2003-04-19,Female,Single,Medicaid,South
P013719,1975-04-04,Female,Married,Medicare,West
P013720,1975-11-05,Female,Single,Medicare,Midwest
P013721,1939-06-05,Female,Widowed,Medicaid,Northeast
P013722,1977-01-23,Female,Single,Medicare,Northeast
P013723,1960-07-22,Female,Widowed,Medicaid,Midwest
P013724,1986-09-14,Male,Divorced,Commercial,Midwest
P013725,1961-10-26,Male,Single,Commercial,Midwest
P013726,1985-05-13,Female,Married,Medicaid,Northeast
P013727,2004-05-22,Female,Single,Medicare,South
P013728,1967-04-22,Male,Widowed,Medicare,South
P013729,2002-08-08,Female,Single,Commercial,South
P013730,1941-12-05,Female,Single,Medicare Advantage,South
P013731,1982-04-27,Female,Married,Medicare,Midwest
P013732,1931-01-09,Female,Married,Medicare,South
P013733,1955-03-18,Female,Widowed,Commercial,Northeast
P013734,2018-08-10,Female,Single,Medicaid,Midwest
P013735,1974-05-15,Male,Married,Commercial,West
P013736,1969-08-21,Male,Divorced,Commercial,Northeast
P013737,1956-05-29,Female,Single,Medicare,West
P013738,2017-05-12,Female,Single,Medicare,Northeast
P013739,1942-08-02,Female,Married,Commercial,Midwest
P013740,1956-11-19,Female,Single,Medicaid,Midwest
P013741,1972-02-21,Female,Married,Medicaid,Northeast
P013742,1981-12-06,Female,Single,Commercial,Northeast
P013743,1992-02-18,Female,Single,Medicare,West
P013744,1951-09-19,Female,Married,Medicare,Northeast
P013745,2008-10-28,Male,Single,Medicaid,South
P013746,1955-07-14,Male,Married,Medicare,Midwest
P013747,1931-04-03,Male,Married,Commercial,South
P013748,2006-11-17,Female,Single,Commercial,South
P013749,1987-02-08,Female,Married,Commercial,West
P013750,1992-10-29,Female,Single,Self-Pay,South
P013751,1942-10-31,Male,Married,Medicaid,South
P013752,1976-09-13,Male,Married,Commercial,Midwest
P013753,1960-05-13,Female,Married,Medicaid,Northeast
P013754,2026-02-12,Female,Single,Medicare Advantage,West
P013755,1951-01-30,Female,Married,Self-Pay,South
P013756,1950-01-20,Female,Married,Medicare,West
P013757,1960-03-20,Female,Divorced,Commercial,West
P013758,1978-10-13,Male,Single,Medicare Advantage,Northeast
P013759,1978-05-25,Male,Married,Medicare Advantage,South
P013760,1991-12-24,Male,Single,Medicaid,West
P013761,1959-05-13,Male,Divorced,Commercial,South
P013762,1982-05-25,Female,Divorced,Medicare Advantage,Midwest
P013763,1984-09-28,Female,Married,Medicare,Midwest
P013764,1982-07-12,Female,Married,Medicare,South
P013765,1958-09-08,Male,Divorced,Medicaid,South
P013766,1968-04-08,Female,Married,Medicare,Northeast
P013767,1957-05-12,Male,Married,Medicaid,Midwest
P013768,1951-08-02,Male,Divorced,Commercial,Midwest
P013769,1975-02-22,Female,Married,Commercial,
P013770,2012-06-26,Male,Single,Medicare,Midwest
P013771,1931-01-25,Male,Married,Commercial,Midwest
P013772,1949-05-20,Female,Married,Medicaid,Midwest
P013773,1968-11-12,Male,Divorced,Medicare,South
P013774,1947-03-18,Male,Married,Medicaid,Midwest
P013775,1950-02-25,Male,Single,Commercial,West
P013776,1967-12-17,Female,Single,Commercial,Midwest
P013777,1937-04-11,Male,Married,Medicare,Northeast
P013778,1992-01-05,Male,Married,Medicare,South
P013779,1934-08-08,Female,Widowed,Medicare Advantage,Midwest
P013780,1967-10-12,Female,Married,Self-Pay,South
P013781,1996-03-27,Male,Married,Medicare,West
P013782,1941-12-14,Male,Widowed,Self-Pay,Midwest
P013783,1941-11-04,Male,Widowed,Medicaid,South
P013784,2016-03-31,Female,Single,Commercial,Midwest
P013785,1945-01-31,Male,Widowed,Commercial,West
P013786,1960-03-01,Male,Married,Commercial,Midwest
P013787,1963-10-17,Female,Single,Medicaid,Midwest
P013788,1964-01-05,Male,Married,Medicare,South
P013789,1933-07-19,Male,Widowed,Medicare,Northeast
P013790,1947-08-18,Male,Married,Medicare,Northeast
P013791,1958-08-20,Female,Divorced,Commercial,South
P013792,2009-11-07,Female,Single,Medicare,Midwest
P013793,2024-04-20,Female,Single,Medicaid,West
P013794,1973-10-31,Male,Divorced,Medicaid,South
P013795,1996-07-08,Female,Married,Medicaid,Midwest
P013796,1993-03-23,Female,Married,Commercial,Northeast
P013797,1966-08-06,Female,Divorced,Commercial,South
P013798,1980-08-12,Female,Single,Medicare,West
P013799,1945-07-18,Male,Single,Medicare,Northeast
P013800,1932-01-17,Female,Single,Medicaid,South
P013801,1965-03-24,Female,Married,Medicare,West
P013802,1986-03-31,Female,Married,Commercial,South
P013803,1949-04-21,Male,Married,Medicare,Northeast
P013804,2016-11-09,Male,Single,Medicaid,South
P013805,1955-04-16,Male,Single,Commercial,South
P013806,1956-03-07,Female,Married,Commercial,South
P013807,1943-11-07,Male,Married,Commercial,West
P013808,1963-11-14,Male,Married,Medicaid,South
P013809,1975-04-11,Male,Married,Medicaid,Midwest
P013810,1981-04-09,Male,Single,Medicare Advantage,South
P013811,1983-09-06,Female,Married,Self-Pay,Northeast
P013812,1975-02-03,Female,Married,Medicare,South
P013813,1971-06-28,Male,Widowed,Medicare,South
P013814,2024-10-06,Female,Single,Medicare,Midwest
P013815,1989-05-01,Female,Single,Medicaid,Midwest
P013816,1999-04-04,Male,Single,Medicaid,South
P013817,1974-08-04,Female,Divorced,Medicare Advantage,South
P013818,2018-07-05,Female,Single,Self-Pay,Midwest
P013819,1965-05-30,Female,Single,Commercial,South
P013820,1948-01-10,Male,Widowed,Medicare Advantage,South
P013821,2006-12-27,Female,Single,Medicare,West
P013822,1933-04-24,Male,Married,Medicare,South
P013823,1966-01-28,Male,Married,Medicaid,Midwest
P013824,1947-06-10,Male,Married,Medicaid,South
P013825,1984-06-24,Female,Divorced,Medicare,West
P013826,1954-05-23,Male,Married,Medicare,Midwest
P013827,1957-05-07,Male,Divorced,Commercial,West
P013828,1997-01-10,Male,Single,Medicare Advantage,Midwest
P013829,1959-06-23,Male,Married,Medicare Advantage,South
P013830,2006-08-23,Female,Single,Commercial,Midwest
P013831,1955-03-27,Female,Divorced,Medicare,Midwest
P013832,1963-12-12,Male,Divorced,Medicare,Northeast
P013833,1964-04-19,Female,Married,Medicare,Midwest
P013834,1962-05-02,Female,Married,Other,Midwest
P013835,1976-03-10,Female,Married,Medicaid,Northeast
P013836,2017-06-10,Male,Single,Medicare,
P013837,1947-03-17,Female,Married,Medicare,Midwest
P013838,1967-05-19,Female,Single,Medicaid,West
P013839,1949-10-25,Male,Married,Medicare,Northeast
P013840,1959-09-01,Female,Married,Medicaid,West
P013841,1942-02-12,Female,Widowed,Commercial,South
P013842,1975-05-06,Female,Single,Commercial,West
P013843,1948-02-05,Male,Single,Commercial,West
P013844,1953-09-17,Female,Divorced,Medicaid,South
P013845,1983-12-27,Female,Married,Medicare,Northeast
P013846,1992-04-26,Male,Divorced,Medicare Advantage,Midwest
P013847,1994-03-06,Female,Single,Medicaid,West
P013848,1964-06-30,Female,Divorced,Medicare,South
P013849,2004-10-24,Male,Widowed,Medicare,South
P013850,2023-12-01,Female,Single,Medicare Advantage,South
P013851,2005-07-17,Male,Married,Commercial,Northeast
P013852,1948-02-06,Female,Married,Medicare,West
P013853,2023-07-09,Female,Single,Medicaid,Northeast
P013854,1985-12-12,Female,Married,Commercial,West
P013855,1938-02-20,Female,Widowed,Medicare Advantage,Northeast
P013856,1958-01-31,Male,Single,Medicare,South
P013857,1952-01-22,Female,Married,Medicaid,Midwest
P013858,1961-12-22,Male,Married,Other,West
P013859,1965-10-04,Male,Married,Medicare,Midwest
P013860,1951-03-21,Female,Married,Medicare,West
P013861,1963-11-21,Male,Single,Self-Pay,Northeast
P013862,1968-05-26,Male,Single,Medicaid,Northeast
P013863,1976-07-16,Male,Single,Commercial,South
P013864,1982-04-17,Male,Single,Commercial,Midwest
P013865,1944-08-25,Male,Widowed,Medicare Advantage,South
P013866,2004-07-29,Male,Single,Medicaid,South
P013867,1975-03-29,Female,Single,Medicare,Midwest
P013868,1965-11-02,Male,Married,Commercial,Midwest
P013869,1949-02-08,Female,Married,Medicare,West
P013870,1952-04-25,Male,Widowed,Medicare,South
P013871,1951-04-25,Female,Married,Commercial,West
P013872,1992-12-07,Male,Single,Commercial,West
P013873,1999-01-17,Male,Single,Other,Midwest
P013874,1971-10-03,Male,Divorced,Commercial,Midwest
P013875,1962-10-21,Male,Single,Commercial,West
P013876,2000-06-07,Male,Single,Commercial,West
P013877,1939-12-18,Female,Married,Medicare,West
P013878,1969-02-01,Male,Married,Medicare,South
P013879,1955-06-18,Female,Divorced,Commercial,Midwest
P013880,1971-12-03,Female,Married,Other,Midwest
P013881,1947-06-28,Female,Married,Medicaid,South
P013882,2008-08-20,Female,Single,Medicare Advantage,
P013883,1963-05-23,Female,Married,Medicaid,South
P013884,1952-10-15,Female,Widowed,Medicare,South
P013885,1954-08-14,Female,Married,Medicare,Northeast
P013886,1956-08-17,Male,Married,Medicare Advantage,Northeast
P013887,2007-07-05,Female,Single,Medicaid,Midwest
P013888,1998-10-28,Male,Single,Medicare Advantage,West
P013889,1955-12-18,Male,Married,Medicaid,West
P013890,1970-06-10,Male,Married,Commercial,South
P013891,2003-01-26,Female,Single,Commercial,Northeast
P013892,1984-08-30,Male,Divorced,Commercial,West
P013893,1985-08-26,Female,Single,Commercial,Midwest
P013894,1985-03-13,Male,Married,Medicare,South
P013895,2013-03-18,Female,Single,Medicare Advantage,Northeast
P013896,1955-03-01,Male,Divorced,Medicaid,South
P013897,1936-12-07,Female,Married,Medicaid,South
P013898,1989-08-14,Male,Divorced,Commercial,Midwest
P013899,1974-03-02,Female,Divorced,Medicare Advantage,Midwest
P013900,1954-04-28,Female,Single,Medicaid,
P013901,2002-03-02,Male,Single,Medicare Advantage,South
P013902,1930-01-19,Male,Widowed,Self-Pay,West
P013903,1972-05-31,Female,Married,Medicare Advantage,South
P013904,1969-05-12,Female,Married,Self-Pay,Midwest
P013905,1999-01-28,Female,Married,Medicare,West
P013906,2000-02-14,Male,Single,Medicare,Midwest
P013907,1983-10-14,Male,Divorced,Other,South
P013908,1971-05-22,Male,Married,Medicare,South
P013909,1966-04-02,Male,Married,Commercial,West
P013910,1996-02-08,Male,Single,Commercial,Midwest
P013911,2024-10-08,Male,Single,Other,Northeast
P013912,1967-03-14,Female,Married,Medicare,Midwest
P013913,1984-09-06,Male,Single,Commercial,Midwest
P013914,2008-12-13,Male,Single,Commercial,Northeast
P013915,1957-06-05,Female,Widowed,Self-Pay,Midwest
P013916,2015-03-10,Female,Single,Medicare,Midwest
P013917,2001-01-08,Female,Single,Self-Pay,Midwest
P013918,1968-10-20,Male,Married,Medicare,Northeast
P013919,1947-01-02,Female,Single,Medicaid,South
P013920,1986-05-05,Female,Divorced,Medicare,South
P013921,1957-02-19,Male,Widowed,Medicare,South
P013922,1994-01-23,Male,Married,Medicare,Midwest
P013923,2005-05-27,Male,Single,Commercial,West
P013924,1962-04-11,Male,Married,Medicare,Northeast
P013925,2009-10-05,Male,Single,Commercial,West
P013926,1980-01-15,Other,Married,Medicaid,South
P013927,2022-04-28,Other,Single,Commercial,South
P013928,1959-10-20,Male,Married,Self-Pay,South
P013929,1951-03-07,Male,Single,Medicare Advantage,South
P013930,1951-07-10,Female,Married,Medicare Advantage,West
P013931,1967-09-04,Female,Single,Medicare Advantage,South
P013932,1948-03-25,Female,Widowed,Medicaid,South
P013933,1970-03-20,Male,Married,Medicare,South
P013934,2000-07-16,Female,Single,Medicare,South
P013935,1949-12-06,Female,Divorced,Commercial,Midwest
P013936,1950-10-08,Female,Married,Medicaid,Northeast
P013937,1930-09-22,Female,Married,Commercial,Midwest
P013938,1946-07-08,Female,Married,Commercial,Midwest
P013939,1995-03-21,Female,Divorced,Medicare Advantage,Northeast
P013940,2013-06-22,Female,Single,Commercial,South
P013941,2007-04-29,Female,Single,Medicare,Midwest
P013942,1941-01-13,Female,Married,Self-Pay,Midwest
P013943,1989-07-18,Male,Married,Other,South
P013944,1973-03-08,Female,Married,Commercial,South
P013945,1989-08-31,Female,Married,Medicaid,South
P013946,2004-02-06,Female,Single,Commercial,South
P013947,1971-06-24,Male,Single,Self-Pay,South
P013948,1989-02-20,Female,Single,Commercial,Midwest
P013949,1996-08-07,Male,Married,Medicaid,Northeast
P013950,1967-12-08,Female,Divorced,Medicare,South
P013951,1993-06-04,Female,Married,Medicaid,Midwest
P013952,1965-04-29,Female,Divorced,Medicare,Midwest
P013953,1990-12-08,Female,Divorced,Commercial,South
P013954,1946-12-26,Male,Widowed,Commercial,Northeast
P013955,1981-01-20,Female,Divorced,Medicare,Midwest
P013956,1979-03-04,Female,Divorced,Self-Pay,Midwest
P013957,1930-10-16,Male,Widowed,Medicare Advantage,Midwest
P013958,1970-03-31,Male,Married,Medicare Advantage,South
P013959,1982-04-06,Female,Divorced,Medicare,Midwest
P013960,1947-10-07,Male,Married,Medicare Advantage,West
P013961,1978-11-30,Male,Single,Commercial,Midwest
P013962,1958-11-25,Female,Married,Medicare,South
P013963,1950-12-04,Male,Widowed,Medicare,South
P013964,1978-04-19,Male,Married,Medicaid,Northeast
P013965,1979-01-29,Female,Married,Medicaid,South
P013966,1973-08-22,Male,Married,Medicare Advantage,South
P013967,1968-12-12,Female,Single,Commercial,South
P013968,1988-04-11,Female,Single,Other,South
P013969,1950-06-16,Female,Married,Medicare Advantage,South
P013970,2023-02-08,Female,Single,Self-Pay,West
P013971,1947-08-11,Female,Married,Medicare,West
P013972,1990-10-07,Female,Single,Medicare,Northeast
P013973,1947-08-27,Male,Divorced,Medicare,West
P013974,2009-03-20,Female,Single,Medicare,South
P013975,1954-01-06,Female,Divorced,Medicare,South
P013976,1967-11-29,Female,Single,Medicare,Northeast
P013977,2026-06-01,Male,Single,Medicare Advantage,West
P013978,2014-08-04,Female,Single,Medicare Advantage,South
P013979,1931-01-01,Male,Widowed,Commercial,South
P013980,2003-10-04,Female,Married,Commercial,Northeast
P013981,1951-08-19,Female,Divorced,Medicaid,South
P013982,1968-09-16,Male,Married,Commercial,Midwest
P013983,1970-08-19,Female,Married,Medicare,Northeast
P013984,1942-10-16,Female,Widowed,Commercial,West
P013985,1931-05-02,Male,Married,Commercial,South
P013986,1968-01-06,Male,Widowed,Medicare,West
P013987,1947-06-19,Female,Single,Commercial,South
P013988,1964-11-03,Male,Married,Medicaid,Midwest
P013989,1999-04-04,Female,Single,Medicare,Midwest
P013990,1989-01-08,Male,Divorced,Medicaid,South
P013991,1979-03-31,Female,Married,Commercial,South
P013992,2005-07-28,Female,Single,Commercial,West
P013993,1963-05-04,Male,Single,Medicare Advantage,Midwest
P013994,1958-01-13,Male,Married,Commercial,Midwest
P013995,2020-07-30,Female,Single,Medicare Advantage,Midwest
P013996,1999-10-21,Male,Single,Medicaid,South
P013997,1943-11-21,Male,Widowed,Commercial,South
P013998,2017-07-10,Male,Single,Commercial,South
P013999,1997-08-23,Female,Single,Medicare,South
P014000,1992-11-03,Male,Single,Medicaid,South
P014001,1979-04-22,Male,Married,Medicare,West
P014002,1960-04-03,Male,Married,Medicaid,West
P014003,1936-11-03,Male,Widowed,Commercial,West
P014004,2002-05-30,Female,Single,Medicare,West
P014005,1977-10-15,Female,Married,Commercial,
P014006,1954-01-24,Female,Married,Self-Pay,South
P014007,1974-12-14,Male,Married,Medicare,South
P014008,1953-05-31,Male,Married,Medicare Advantage,Midwest
P014009,1950-05-05,Female,Widowed,Medicare,Northeast
P014010,1943-03-28,Female,Widowed,Medicare,South
P014011,1997-03-03,Male,Single,Medicare Advantage,Northeast
P014012,1957-05-26,Female,Married,Self-Pay,South
P014013,1975-11-29,Female,Divorced,Medicaid,Northeast
P014014,1984-09-12,Male,Married,Medicare,West
P014015,1978-01-03,Female,Married,Medicare Advantage,Midwest
P014016,1955-08-06,Male,Single,Commercial,South
P014017,1963-05-16,Female,Divorced,Commercial,Midwest
P014018,1989-06-20,Male,Married,Medicare,Northeast
P014019,1957-08-05,Female,Married,Medicare,Midwest
P014020,1977-05-09,Female,Married,Medicaid,South
P014021,1944-09-26,Female,Widowed,Commercial,West
P014022,1982-05-16,Female,Married,Commercial,Northeast
P014023,1948-08-23,Female,Married,Commercial,South
P014024,1974-04-19,Female,Married,Commercial,Northeast
P014025,1953-01-11,Male,Single,Medicare Advantage,South
P014026,1952-04-28,Female,Widowed,Medicaid,West
P014027,1963-11-24,Male,Married,Medicare,West
P014028,1936-07-26,Male,Married,Medicaid,South
P014029,1958-09-29,Female,Married,Commercial,West
P014030,2011-02-17,Male,Single,Medicare,South
P014031,1963-04-01,Male,Single,Medicare,South
P014032,2023-03-28,Male,Single,Medicare,West
P014033,1941-08-23,Female,Married,Medicare,West
P014034,1954-01-13,Male,Single,Commercial,Midwest
P014035,1999-04-03,Male,Married,Commercial,South
P014036,1934-04-06,Female,Widowed,Commercial,South
P014037,1947-10-24,Female,Married,Medicare,Midwest
P014038,1975-07-06,Female,Married,Commercial,West
P014039,1932-11-01,Male,Widowed,Medicare Advantage,Midwest
P014040,2015-10-24,Male,Single,Medicare,South
P014041,1971-02-01,Male,Single,Medicaid,Northeast
P014042,1938-10-25,Female,Married,Medicare Advantage,Midwest
P014043,1967-11-16,Female,Married,Medicaid,West
P014044,1944-10-14,Female,Widowed,Self-Pay,Midwest
P014045,1985-12-31,Male,Single,Medicare,West
P014046,1964-10-31,Female,Single,Medicare,Midwest
P014047,1933-04-28,Female,Single,Medicare,South
P014048,1959-09-16,Male,Married,Medicaid,West
P014049,1989-09-08,Female,Divorced,Commercial,Midwest
P014050,1961-10-29,Female,Married,Medicare,Midwest
P014051,1975-08-21,Female,Married,Commercial,South
P014052,1989-02-19,Other,Widowed,Medicare,Northeast
P014053,1983-03-13,Female,Married,Medicare,Midwest
P014054,1973-12-02,Male,Divorced,Commercial,Midwest
P014055,1956-04-17,Male,Single,Self-Pay,West
P014056,1958-08-21,Female,Married,Medicaid,South
P014057,2005-11-01,Male,Single,Medicare,Northeast
P014058,2014-11-02,Female,Single,Medicare,West
P014059,1970-08-19,Male,Married,Medicaid,South
P014060,1951-10-03,Female,Married,Medicare,Northeast
P014061,1965-03-08,Female,Married,Medicare,Midwest
P014062,1987-03-19,Female,Widowed,Commercial,Midwest
P014063,1941-10-24,Female,Widowed,Medicaid,Midwest
P014064,1954-09-24,Female,Widowed,Medicare,South
P014065,1984-10-25,Female,Married,Medicaid,West
P014066,2013-11-15,Male,Single,Medicaid,West
P014067,1987-11-05,Male,Married,Medicare,Midwest
P014068,1961-06-19,Female,Married,Medicare,Northeast
P014069,2018-12-16,Female,Single,Medicaid,South
P014070,2008-05-27,Male,Single,Self-Pay,South
P014071,1933-04-06,Male,Married,Medicaid,South
P014072,1958-12-29,Male,Widowed,Commercial,Northeast
P014073,1941-06-16,Female,Married,Medicare,South
P014074,1961-03-10,Male,Married,Self-Pay,Midwest
P014075,1985-01-12,Male,Married,Commercial,Northeast
P014076,2005-03-16,Male,Single,Medicare,West
P014077,1992-01-07,Female,Single,Other,West
P014078,2000-05-01,Female,Single,Medicaid,Northeast
P014079,1955-09-05,Male,Married,Medicare,West
P014080,1967-04-12,Female,Married,Medicare,West
P014081,1988-11-27,Male,Married,Commercial,South
P014082,2023-03-31,Female,Single,Medicare,Midwest
P014083,1997-01-08,Male,Single,Medicare Advantage,South
P014084,1952-04-29,Female,Married,Medicare,West
P014085,1949-06-08,Male,Divorced,Medicare,South
P014086,1993-01-03,Male,Married,Medicaid,Northeast
P014087,1997-04-24,Female,Single,Medicare,West
P014088,1958-04-16,Female,,Medicare,Midwest
P014089,1948-09-01,Male,Divorced,Medicaid,Midwest
P014090,1993-09-26,Male,Single,Medicare,South
P014091,1965-12-17,Female,Single,Medicare,West
P014092,1988-07-25,Female,Married,Medicare,South
P014093,1972-04-14,Male,Married,Commercial,Midwest
P014094,1942-06-12,Male,Single,Commercial,West
P014095,2009-02-16,Male,Single,Medicare Advantage,West
P014096,1933-04-02,Female,Married,Commercial,West
P014097,1938-02-05,Female,Widowed,Medicare,Northeast
P014098,1999-10-17,Female,Single,Medicare,Midwest
P014099,1930-02-14,Female,Married,Medicare Advantage,South
P014100,1948-05-26,Female,Married,Medicare,West
P014101,1956-03-24,Other,Widowed,Commercial,South
P014102,1930-05-26,Female,Widowed,Commercial,Northeast
P014103,1988-03-17,Male,Married,Medicare,West
P014104,1942-02-24,Female,Married,Commercial,South
P014105,2004-04-23,Female,Married,Medicare,Northeast
P014106,1974-03-20,Female,Single,Medicare,
P014107,1958-06-07,Male,Married,Medicare,Northeast
P014108,1966-05-04,Male,Single,Medicaid,South
P014109,1957-10-09,Female,Divorced,Self-Pay,West
P014110,1949-08-03,Female,Widowed,Self-Pay,Northeast
P014111,1935-09-25,Male,Widowed,Medicaid,West
P014112,1949-07-26,Female,Married,Medicare,Northeast
P014113,1950-04-14,Male,Married,Commercial,South
P014114,1955-03-17,Female,Married,Commercial,South
P014115,1965-02-28,Female,Single,Medicare,Midwest
P014116,1947-10-23,Female,Married,Medicare,Northeast
P014117,2007-09-22,Female,Single,Self-Pay,South
P014118,2011-05-01,Female,Single,Medicare,West
P014119,1965-01-25,Male,Divorced,Medicare,West
P014120,1941-01-12,Male,Widowed,Commercial,Midwest
P014121,1950-04-16,Male,Divorced,Commercial,Northeast
P014122,1981-02-05,Male,Married,Commercial,West
P014123,1951-06-04,Female,Married,Medicaid,Midwest
P014124,1934-08-11,Female,Widowed,Self-Pay,West
P014125,1968-04-25,Female,Single,Commercial,South
P014126,1974-04-12,Female,Divorced,Medicare,West
P014127,1971-06-20,Male,Divorced,Medicaid,West
P014128,1968-08-21,Female,Single,Commercial,Midwest
P014129,2025-09-04,Male,Single,Medicare,West
P014130,1954-07-29,Male,Divorced,Medicare,West
P014131,1953-09-06,Female,Married,Medicare,South
P014132,1992-07-21,Male,Married,Medicare,West
P014133,1943-12-24,Male,Married,Medicare,West
P014134,1940-11-17,Male,Widowed,Medicare,Midwest
P014135,1930-11-13,Female,Widowed,Medicare,West
P014136,1975-06-21,Male,Widowed,Commercial,South
P014137,1961-10-11,Male,Married,Commercial,Northeast
P014138,1972-10-23,Female,Married,Medicare,South
P014139,1975-02-06,Female,Married,Commercial,Midwest
P014140,2020-04-04,Female,Single,Commercial,South
P014141,2014-03-28,Male,Single,Medicare,Midwest
P014142,1982-01-23,Male,Married,Medicare,South
P014143,1963-11-29,Female,Married,Medicaid,Midwest
P014144,1963-10-22,Female,Married,Medicare,South
P014145,1953-06-22,Female,Married,Medicare,Midwest
P014146,1942-03-11,Male,Married,Medicare,Northeast
P014147,2004-07-14,Male,Single,Medicare,Northeast
P014148,1942-07-26,Female,Married,Commercial,West
P014149,2026-10-24,Female,Single,Medicaid,Midwest
P014150,1954-07-18,Female,Married,Medicare,West
P014151,1996-11-06,Female,Married,Commercial,Midwest
P014152,1957-03-09,Male,Single,Medicare,South
P014153,1974-10-14,Male,Widowed,Medicare Advantage,Midwest
P014154,1977-01-06,Male,Single,Medicaid,South
P014155,1954-01-18,Female,Married,Medicare,West
P014156,1985-11-16,Male,Married,Self-Pay,West
P014157,1987-11-24,Female,Divorced,Medicare,South
P014158,1946-09-22,Male,Single,Commercial,Midwest
P014159,2019-12-08,Male,Single,Medicare,Midwest
P014160,1975-03-16,Female,Married,Medicaid,South
P014161,1980-01-21,Female,Married,Commercial,Northeast
P014162,1957-07-04,Male,Married,Medicare,West
P014163,1949-01-19,Male,Married,Medicare,South
P014164,2002-07-16,Female,Single,Commercial,Northeast
P014165,2015-02-23,Male,Single,Medicaid,South
P014166,1974-06-04,Female,Divorced,Commercial,South
P014167,1978-05-12,Female,Married,Medicare Advantage,Midwest
P014168,1984-01-29,Female,Single,Commercial,South
P014169,1968-03-31,Female,Married,Medicare Advantage,Midwest
P014170,1976-07-13,Male,Married,Commercial,Midwest
P014171,1985-02-14,Male,Married,Commercial,Midwest
P014172,1958-06-26,Male,Married,Commercial,Midwest
P014173,1998-12-16,Female,Single,Medicare,South
P014174,1958-07-29,Male,Married,Commercial,Northeast
P014175,2007-04-18,Female,Divorced,Medicare,South
P014176,1960-08-19,Female,Married,Commercial,South
P014177,2002-11-06,Female,Married,Medicaid,West
P014178,1930-05-28,Male,Married,Medicaid,South
P014179,2019-11-15,Male,Single,Medicare Advantage,South
P014180,2018-12-13,Female,Single,Medicaid,West
P014181,1995-10-21,Male,Married,Self-Pay,South
P014182,1958-05-19,Male,Married,Medicare,West
P014183,1989-12-25,Female,Married,Medicare,Midwest
P014184,1993-12-04,Female,Single,Medicare Advantage,South
P014185,2009-10-19,Male,Single,Medicaid,West
P014186,2001-04-19,Male,Single,Commercial,West
P014187,1985-07-31,Male,Single,Self-Pay,West
P014188,1989-05-06,Male,Single,Medicare,West
P014189,1931-08-24,Male,Widowed,Medicaid,Midwest
P014190,1937-12-21,Male,Widowed,Commercial,South
P014191,1976-10-20,Male,Single,Medicaid,West
P014192,1956-11-30,Male,Single,Medicare Advantage,Midwest
P014193,1961-09-28,Male,Divorced,Medicare Advantage,West
P014194,1934-08-01,Male,Widowed,Medicaid,West
P014195,2010-06-11,Male,Single,Medicare,South
P014196,1972-12-15,Male,Divorced,Medicaid,West
P014197,1965-10-03,Female,Married,Commercial,West
P014198,1987-10-29,Female,Married,Medicare,West
P014199,1938-06-08,Female,Widowed,Medicaid,West
P014200,1994-08-06,Male,Married,Medicaid,South
P014201,1959-05-23,Female,Divorced,Commercial,Northeast
P014202,1968-02-11,Male,Widowed,Medicare,Northeast
P014203,1992-09-20,Female,Married,Medicaid,West
P014204,1987-01-18,Female,Single,Medicare,Northeast
P014205,1956-09-07,Male,Married,Self-Pay,Midwest
P014206,1975-12-05,Male,Married,Medicaid,South
P014207,1965-06-09,Male,Married,Other,West
P014208,1950-02-27,Female,Single,Medicaid,Midwest
P014209,1956-06-22,Female,Widowed,Commercial,Northeast
P014210,1969-10-27,Male,Married,Medicare,Midwest
P014211,1959-10-26,Female,Widowed,Medicare Advantage,South
P014212,1956-06-10,Male,Married,Medicaid,Midwest
P014213,1974-01-22,Male,Widowed,Commercial,South
P014214,1977-11-01,Female,Single,Commercial,Midwest
P014215,1962-06-29,Male,Married,Medicare,Midwest
P014216,2007-10-05,Female,Single,Medicaid,South
P014217,1963-10-24,Male,Married,Medicare,West
P014218,2024-03-15,Female,Single,Medicaid,Northeast
P014219,1966-09-11,Female,Divorced,Medicare,West
P014220,2010-08-01,Male,Single,Medicare,Midwest
P014221,1973-09-15,Female,Married,Commercial,South
P014222,1949-02-06,Male,Divorced,Commercial,Northeast
P014223,1977-05-02,Female,Married,Medicaid,Northeast
P014224,2010-05-19,Male,Single,Medicare,West
P014225,1934-05-28,Female,Widowed,Medicare,South
P014226,1971-02-26,Female,Divorced,Commercial,West
P014227,1955-01-27,Female,Divorced,Medicare,Northeast
P014228,2009-05-16,Male,Single,Medicare,West
P014229,1993-04-26,Female,Married,Commercial,Northeast
P014230,2003-02-05,Female,Single,Self-Pay,South
P014231,1986-02-24,Male,Single,Medicare,West
P014232,2023-06-13,Female,,Medicare,West
P014233,1943-01-23,Female,Widowed,Self-Pay,
P014234,1980-02-25,Female,Married,Medicare,Midwest
P014235,2003-08-24,Female,Single,Medicare,Northeast
P014236,1961-09-26,Female,Divorced,Medicare,Midwest
P014237,1956-02-05,Male,Married,Medicaid,West
P014238,1992-11-19,Male,Married,Medicaid,West
P014239,1955-02-08,Female,Divorced,Medicare,Northeast
P014240,1993-04-23,Male,Married,Medicaid,West
P014241,1963-04-30,Male,Divorced,Commercial,South
P014242,1950-11-12,Female,Married,Medicaid,West
P014243,1932-07-03,Male,Widowed,Medicare,South
P014244,2012-11-12,Female,Single,Medicaid,Northeast
P014245,1931-08-13,Female,Married,Medicaid,Midwest
P014246,1948-04-20,Male,Married,Other,South
P014247,2012-06-21,Male,Single,Commercial,South
P014248,2026-06-24,Female,Single,Medicaid,South
P014249,2003-01-05,Female,Single,Medicaid,South
P014250,1968-09-29,Male,Married,Medicaid,West
P014251,1950-05-09,Female,Married,Commercial,South
P014252,1978-02-22,Male,Married,Medicare,South
P014253,1967-08-25,Male,Married,Other,West
P014254,1957-03-05,Female,Widowed,Medicare,West
P014255,2007-05-22,Female,Single,Commercial,Northeast
P014256,1972-03-03,Male,Divorced,Commercial,South
P014257,2015-09-20,Male,Single,Commercial,West
P014258,1972-02-11,Female,Divorced,Commercial,Midwest
P014259,1968-02-18,Female,Married,Medicaid,West
P014260,1951-04-22,Other,Married,Medicaid,South
P014261,1975-12-29,Male,Divorced,Medicare,Northeast
P014262,1986-12-31,Male,Married,Medicaid,South
P014263,1987-03-04,Female,Married,Commercial,Northeast
P014264,2010-11-19,Male,Single,Medicaid,West
P014265,2002-07-21,Female,Single,Medicare Advantage,Midwest
P014266,1953-10-18,Male,Married,Medicaid,Midwest
P014267,1982-04-16,Female,Married,Medicare,Northeast
P014268,2015-01-15,Male,Single,Medicaid,Midwest
P014269,2006-07-15,Female,Single,Medicare,Northeast
P014270,1933-08-06,Female,Married,Medicare,Midwest
P014271,1949-12-22,Female,Widowed,Self-Pay,South
P014272,1976-06-17,Male,Single,Commercial,West
P014273,1940-01-26,Male,Married,Commercial,South
P014274,1990-06-17,Female,Divorced,Other,Midwest
P014275,2026-05-26,Female,Single,Commercial,South
P014276,1971-11-23,Female,Married,Medicare,South
P014277,1962-04-18,Female,Married,Commercial,West
P014278,1974-07-10,Male,Married,Medicaid,Midwest
P014279,1981-02-14,Female,Single,Medicaid,South
P014280,1947-06-05,Male,Married,Medicare Advantage,Midwest
P014281,1966-08-03,Female,Married,Commercial,Northeast
P014282,1994-02-02,Male,Married,Medicaid,South
P014283,2020-09-08,Female,Single,Commercial,Midwest
P014284,2001-12-12,Female,Single,Medicaid,Midwest
P014285,1951-09-13,Male,Married,Other,West
P014286,1962-10-14,Female,Married,Medicare,Northeast
P014287,1964-05-27,Female,Widowed,Medicaid,Northeast
P014288,2008-10-16,Female,Single,Medicaid,Northeast
P014289,1973-10-09,Female,Divorced,Medicare,West
P014290,1988-10-24,Male,Married,Medicare,South
P014291,1987-06-15,Male,Single,Commercial,West
P014292,1987-07-12,Female,Single,Medicare,South
P014293,1967-01-09,Female,Married,Medicaid,Northeast
P014294,1937-11-11,Male,Married,Commercial,Northeast
P014295,1976-10-21,Male,Married,Commercial,Northeast
P014296,1953-05-18,Female,Married,Self-Pay,West
P014297,1987-12-04,Female,Divorced,Commercial,Northeast
P014298,1948-10-18,Male,Widowed,Medicare,West
P014299,1974-02-04,Female,Divorced,Medicare,Midwest
P014300,1946-09-28,Male,Divorced,Medicare,Midwest
P014301,1932-09-05,Female,Widowed,Medicare,Midwest
P014302,1966-02-23,Female,Married,Medicare,South
P014303,2000-05-08,Female,Single,Commercial,South
P014304,1984-07-01,Male,Married,Medicaid,West
P014305,1949-07-12,Male,Married,Medicare,Northeast
P014306,2014-02-04,Female,Single,Other,West
P014307,1998-03-28,Male,Single,Medicaid,West
P014308,2015-09-13,Female,Single,Commercial,South
P014309,1956-04-15,Female,Divorced,Medicaid,Northeast
P014310,1972-09-26,Male,Divorced,Commercial,West
P014311,1943-06-27,Female,Married,Self-Pay,West
P014312,1951-09-23,Female,Widowed,Medicare,South
P014313,1946-03-17,Male,Married,Commercial,South
P014314,1948-07-15,Female,Married,Medicare,Northeast
P014315,1940-09-09,Female,Widowed,Medicare,South
P014316,1991-02-12,Female,Single,Medicare,Northeast
P014317,2019-09-08,Female,Single,Commercial,Northeast
P014318,1989-01-12,Female,Married,Medicare,Midwest
P014319,1953-12-09,Male,Married,Medicare,South
P014320,1958-12-26,Male,Widowed,Commercial,South
P014321,1961-10-29,Female,Married,Commercial,Northeast
P014322,1963-11-28,Female,Divorced,Medicaid,Midwest
P014323,1953-03-03,Female,Divorced,Medicare,South
P014324,1960-06-11,Male,Divorced,Commercial,West
P014325,1974-11-07,Female,Divorced,Medicaid,
P014326,1955-12-04,Male,Married,Medicare,Midwest
P014327,1970-04-28,Female,Divorced,Medicaid,West
P014328,1938-02-24,Female,Married,Commercial,West
P014329,1988-11-06,Female,Divorced,Commercial,South
P014330,1971-02-10,Female,Single,Medicaid,Midwest
P014331,1970-02-14,Female,Widowed,Medicaid,West
P014332,1975-06-07,Female,Married,Medicare,South
P014333,1986-12-04,Female,Married,Commercial,Midwest
P014334,1951-02-28,Male,Married,Medicare,Midwest
P014335,1969-12-25,Male,Married,Medicare,Midwest
P014336,1950-01-09,Female,Married,Self-Pay,Northeast
P014337,1998-06-23,Female,Single,Medicare,West
P014338,2017-03-05,Female,Single,Medicare,West
P014339,1968-03-21,Male,Married,Medicare,West
P014340,1953-12-03,Male,Single,Medicare,Midwest
P014341,1931-11-18,Female,Widowed,Medicare,Midwest
P014342,1998-09-26,Female,Single,Medicare Advantage,West
P014343,1975-09-04,Male,Single,Commercial,South
P014344,1966-01-08,Male,Married,Medicare,South
P014345,1951-09-01,Male,Single,Medicaid,South
P014346,1948-10-23,Female,Widowed,Commercial,Midwest
P014347,1948-02-26,Female,Married,Commercial,Northeast
P014348,1965-05-14,Male,Married,Medicaid,Midwest
P014349,1971-11-12,Male,Divorced,Commercial,South
P014350,2017-01-06,Male,Single,Medicare,Midwest
P014351,1986-04-29,Female,Married,Medicare,South
P014352,1976-07-09,Female,Divorced,Medicare,Midwest
P014353,1954-01-26,Male,Married,Commercial,Northeast
P014354,2023-04-26,Female,Single,Medicare,South
P014355,1982-04-02,Female,Married,Commercial,West
P014356,1995-07-24,Female,Single,Commercial,Midwest
P014357,2001-06-23,Female,Single,Medicare,West
P014358,1998-04-24,Male,Single,Medicare,South
P014359,1984-02-18,Male,Widowed,Commercial,West
P014360,2023-07-16,Male,Single,Medicare,South
P014361,2005-02-22,Female,Single,Medicare,Northeast
P014362,1954-08-15,Female,Single,Commercial,West
P014363,1960-11-23,Male,Married,Commercial,West
P014364,1962-12-08,Male,Married,Medicare,West
P014365,1983-10-29,Female,Married,Medicare,West
P014366,1989-11-03,Male,Married,Other,West
P014367,1949-06-30,Female,Divorced,Commercial,Midwest
P014368,1994-02-19,Male,Single,Self-Pay,West
P014369,2007-04-20,Male,Single,Commercial,Midwest
P014370,1979-10-21,Female,Single,Medicare,Midwest
P014371,1976-11-22,Female,Widowed,Commercial,West
P014372,1953-06-01,Male,Widowed,Medicare,Midwest
P014373,1973-04-23,Male,Married,Commercial,Northeast
P014374,1975-11-18,Male,Married,Self-Pay,South
P014375,1948-03-22,Male,Married,Medicaid,South
P014376,2003-04-20,Male,Single,Commercial,West
P014377,2024-02-15,Female,Single,Commercial,West
P014378,2005-04-26,Female,Married,Medicaid,Northeast
P014379,1967-06-11,Male,Married,Medicare,South
P014380,1940-12-13,Male,Widowed,Self-Pay,Northeast
P014381,1952-07-12,Female,Married,Commercial,West
P014382,1964-03-07,Male,Single,Medicare,West
P014383,1985-06-27,Female,Married,Medicare,South
P014384,1976-06-11,Female,Divorced,Medicare,South
P014385,1992-10-29,Male,Divorced,Medicare Advantage,Northeast
P014386,2011-06-02,Female,Single,Commercial,Northeast
P014387,1974-07-09,Male,Married,Commercial,Northeast
P014388,1971-10-17,Male,Married,Medicare,South
P014389,1983-03-17,Female,Married,Medicare Advantage,Midwest
P014390,2011-07-20,Female,Single,Medicare,Midwest
P014391,1998-02-28,Female,Married,Medicare,South
P014392,2002-07-23,Male,Single,Medicare Advantage,West
P014393,1935-02-10,Female,Divorced,Medicaid,Northeast
P014394,1992-05-02,Male,Married,Commercial,West
P014395,1950-10-02,Female,Widowed,Medicaid,South
P014396,1991-10-15,Female,Married,Medicaid,Midwest
P014397,2012-09-25,Male,Single,Medicaid,West
P014398,1930-09-10,Male,Widowed,Medicare,Midwest
P014399,1981-02-11,Female,Married,Medicare,West
P014400,1978-01-03,Male,Married,Medicaid,Midwest
P014401,2003-07-17,Male,Single,Medicaid,Midwest
P014402,1965-01-07,Female,Divorced,Medicare,South
P014403,1990-11-20,Female,Married,Commercial,South
P014404,1941-01-26,Male,Married,Medicare,Midwest
P014405,1983-09-07,Male,Single,Commercial,South
P014406,1987-02-14,Female,Divorced,Medicaid,West
P014407,1954-06-08,Female,Divorced,Commercial,West
P014408,1967-06-04,Male,Married,Medicare Advantage,South
P014409,1983-09-07,Female,Divorced,Medicare Advantage,Midwest
P014410,1990-10-02,Male,Married,Medicaid,Northeast
P014411,1975-08-19,Male,Married,Commercial,South
P014412,1931-02-08,Male,Widowed,Commercial,West
P014413,1989-07-20,Male,Married,Medicare Advantage,South
P014414,1937-04-24,Male,Widowed,Medicare,Northeast
P014415,1952-11-22,Female,Married,Medicare,West
P014416,1954-06-07,Female,Single,Medicare,South
P014417,1974-02-26,Male,Married,Medicare,Midwest
P014418,1955-08-22,Female,Widowed,Medicare,Midwest
P014419,1948-05-13,Male,Married,Other,South
P014420,2009-12-13,Female,Single,Medicare,South
P014421,2012-12-26,Male,Single,Commercial,South
P014422,1961-03-27,Male,Married,Commercial,South
P014423,1978-01-23,Female,Married,Medicare,South
P014424,1951-07-06,Male,Married,Medicaid,Midwest
P014425,1942-02-10,Female,Widowed,Commercial,South
P014426,1997-02-25,Male,Single,Medicare,South
P014427,1982-09-20,Male,Single,Medicare Advantage,West
P014428,1990-08-09,Female,Single,Commercial,South
P014429,1942-03-13,Female,Widowed,Medicaid,Northeast
P014430,1948-12-26,Female,Married,Commercial,Midwest
P014431,1954-03-21,Male,Widowed,Medicare,West
P014432,1947-01-30,Female,Divorced,Medicare Advantage,West
P014433,1974-03-28,Female,Married,Medicare,Northeast
P014434,1952-05-06,Male,Widowed,Medicare,South
P014435,1962-08-08,Female,Married,Medicare Advantage,West
P014436,2002-11-18,Male,Married,Commercial,West
P014437,1947-07-03,Female,Married,Medicare,South
P014438,1931-07-18,Female,Married,Self-Pay,South
P014439,1949-10-22,Male,Widowed,Medicare,Northeast
P014440,1969-08-17,Female,Married,Medicare,South
P014441,1978-08-12,Female,Single,Medicare,South
P014442,1974-06-04,Female,Divorced,Medicaid,Northeast
P014443,1977-10-18,Male,Widowed,Commercial,South
P014444,1956-09-23,Male,Divorced,Commercial,South
P014445,1967-01-17,Female,Married,Medicare,South
P014446,2009-03-05,Male,Single,Other,Northeast
P014447,1936-02-06,Male,Widowed,Commercial,South
P014448,1994-12-25,Male,Single,Medicaid,West
P014449,1952-08-24,Male,Divorced,Commercial,West
P014450,2010-05-30,Male,Single,Commercial,Northeast
P014451,1964-04-15,Female,Divorced,Commercial,South
P014452,2012-08-12,Female,Single,Medicare Advantage,South
P014453,1956-09-28,Male,Widowed,Commercial,South
P014454,1995-12-13,Male,,Medicaid,South
P014455,1958-03-31,Female,Married,Medicare Advantage,Northeast
P014456,2018-03-10,Female,Single,Other,Northeast
P014457,1953-05-18,Male,Married,Medicare,South
P014458,1979-10-08,Male,Married,Medicare Advantage,West
P014459,1938-06-20,Female,Widowed,Self-Pay,West
P014460,1952-06-15,Female,Married,Commercial,Northeast
P014461,1979-09-11,Male,Married,Medicare,West
P014462,1968-05-04,Female,Married,Medicare,South
P014463,1936-09-05,Female,Married,Commercial,West
P014464,1958-01-09,Male,Married,Medicare Advantage,West
P014465,1956-11-13,Female,Single,Medicare,Midwest
P014466,1965-06-30,Female,Married,Medicare,West
P014467,1962-03-16,Male,Married,Commercial,Midwest
P014468,1954-06-26,Male,Widowed,Medicaid,Midwest
P014469,1964-03-26,Male,Divorced,Medicare Advantage,Northeast
P014470,1999-05-27,Female,Married,Medicare,Midwest
P014471,1983-07-01,Female,Single,Medicare,Northeast
P014472,2001-09-05,Male,Single,Commercial,West
P014473,1962-08-01,Male,Divorced,Commercial,West
P014474,1956-12-21,Female,Married,Medicare Advantage,South
P014475,1955-08-26,Male,Married,Medicaid,Northeast
P014476,1975-10-08,Male,Widowed,Medicare,South
P014477,2017-06-25,Female,Single,Medicaid,South
P014478,1941-05-25,Female,Widowed,Medicare,West
P014479,1945-08-20,Male,Married,Medicare,South
P014480,1979-05-31,Female,Married,Medicare,West
P014481,1974-05-10,Female,Married,Self-Pay,West
P014482,1957-04-01,Female,Married,Medicare,Midwest
P014483,1967-01-05,Female,Divorced,Self-Pay,West
P014484,1960-02-29,Male,Divorced,Commercial,West
P014485,2015-01-09,Male,Single,Medicaid,South
P014486,1965-02-16,Male,Married,Medicaid,South
P014487,1969-09-07,Female,Married,Self-Pay,South
P014488,1945-12-10,Male,Widowed,Medicare,Northeast
P014489,2003-08-28,Male,Single,Commercial,South
P014490,1961-04-25,Female,Married,Medicaid,South
P014491,2009-09-06,Female,Single,Other,West
P014492,1999-01-12,Male,Single,Medicaid,South
P014493,1952-05-14,Male,Married,Self-Pay,Northeast
P014494,2003-04-30,Male,Single,Medicare Advantage,South
P014495,1962-03-26,Male,Married,Medicaid,South
P014496,1955-05-03,Female,Married,Commercial,Midwest
P014497,2003-08-29,Male,Single,Medicare Advantage,Midwest
P014498,1952-02-05,Male,Married,Medicaid,South
P014499,1958-05-14,Male,Widowed,Medicare,South
P014500,1956-05-06,Female,Divorced,Self-Pay,South
P014501,1953-05-29,Male,Married,Other,South
P014502,2017-05-06,Male,Single,Medicaid,Midwest
P014503,1947-02-22,Female,Married,Commercial,West
P014504,1997-07-15,Female,Single,Medicare Advantage,West
P014505,2011-10-04,Male,Single,Medicare,Midwest
P014506,1998-08-30,Female,Married,Commercial,Northeast
P014507,1996-06-21,Male,Married,Medicare,South
P014508,1963-05-11,Male,Divorced,Medicare Advantage,Midwest
P014509,1930-04-18,Male,Single,Commercial,Northeast
P014510,1956-07-19,Female,Married,Medicaid,South
P014511,1963-05-23,Male,Single,Medicare,South
P014512,1960-07-28,Female,Married,Medicare,Midwest
P014513,1975-11-18,Female,Divorced,Commercial,South
P014514,1964-03-20,Female,Married,Commercial,South
P014515,2007-01-07,Female,Married,Medicare,Midwest
P014516,1990-06-29,Male,Single,Commercial,Midwest
P014517,1949-05-21,Male,Married,Commercial,West
P014518,1998-10-21,Male,Married,Commercial,West
P014519,1961-11-12,Female,Married,Commercial,West
P014520,2013-07-26,Female,Single,Medicaid,South
P014521,1973-08-14,Female,Married,Medicare,South
P014522,1968-08-02,Male,Divorced,Medicaid,South
P014523,2002-10-20,Male,Married,Commercial,West
P014524,2001-04-14,Female,Single,Medicare Advantage,Midwest
P014525,1976-04-30,Female,Married,Medicare,South
P014526,1979-07-07,Male,Married,Medicare,South
P014527,1973-09-15,Female,Divorced,Medicare,South
P014528,1971-11-18,Female,Married,Medicare,Midwest
P014529,1962-05-14,Male,Married,Medicare,South
P014530,2017-08-27,Female,Single,Commercial,South
P014531,1938-07-21,Male,Widowed,Medicare,Northeast
P014532,1941-04-30,Female,Widowed,Medicare,South
P014533,1992-09-22,Female,Divorced,Medicare Advantage,Midwest
P014534,2011-07-23,Female,Single,Medicare,Northeast
P014535,1973-12-21,Female,Married,Commercial,South
P014536,1988-04-26,Female,Married,Medicaid,West
P014537,1970-09-03,Female,Divorced,Medicaid,Northeast
P014538,1977-07-09,Female,Divorced,Medicaid,Northeast
P014539,1950-10-24,Female,Widowed,Medicare,South
P014540,1975-07-14,Male,Divorced,Medicare,Midwest
P014541,1942-08-25,Female,Widowed,Commercial,South
P014542,1942-01-28,Female,Married,Medicaid,West
P014543,2006-10-10,Female,Widowed,Other,West
P014544,1963-01-15,Female,Divorced,Commercial,South
P014545,1973-01-14,Male,Divorced,Medicare,South
P014546,2026-09-26,Female,Single,Medicare,West
P014547,2004-06-01,Male,Married,Medicaid,Midwest
P014548,2001-07-23,Female,Divorced,Medicare,South
P014549,2007-01-26,Male,Single,Medicaid,South
P014550,2025-09-11,Female,Single,Commercial,South
P014551,1961-04-24,Male,Married,Commercial,West
P014552,2019-03-22,Male,Single,Medicaid,
P014553,2004-12-03,Male,Single,Medicare,West
P014554,1963-10-01,Female,Divorced,Self-Pay,South
P014555,1959-01-03,Female,Married,Commercial,South
P014556,2018-09-24,Female,Single,Medicaid,Midwest
P014557,1952-02-28,Female,Married,Medicaid,West
P014558,1938-10-23,Male,Widowed,Medicaid,Northeast
P014559,1962-10-04,Female,Married,Medicare,West
P014560,1955-10-21,Female,Married,Medicare,Northeast
P014561,1985-08-28,Female,Married,Commercial,Northeast
P014562,1966-09-14,Male,Single,Medicare,West
P014563,1988-12-28,Male,Divorced,Medicare,South
P014564,1956-05-17,Male,Divorced,Medicare,South
P014565,1976-05-06,Male,Married,Medicaid,West
P014566,1976-02-05,Female,Divorced,Medicare,Northeast
P014567,1935-08-29,Male,Widowed,Medicare,West
P014568,1976-01-18,Female,Widowed,Commercial,West
P014569,1983-09-18,Female,Single,Medicare Advantage,South
P014570,1996-12-15,Female,Single,Commercial,West
P014571,2022-03-17,Female,Single,Other,Midwest
P014572,1931-03-21,Male,Widowed,Other,South
P014573,1972-06-20,Female,Married,Medicare,West
P014574,1964-05-31,Male,Married,Commercial,South
P014575,1955-01-24,Male,Married,Medicare,West
P014576,1942-03-15,Female,Married,Medicaid,South
P014577,1999-11-29,Male,Single,Medicare,South
P014578,1986-12-01,Other,Single,Commercial,South
P014579,1982-05-05,Female,Single,Medicare,South
P014580,1937-07-18,Female,Widowed,Medicare,Midwest
P014581,1947-09-07,Male,Single,Self-Pay,Northeast
P014582,1964-11-13,Male,Married,Medicare,South
P014583,2003-12-26,Male,Single,Medicaid,Midwest
P014584,1960-11-04,Male,Married,Medicare,West
P014585,1984-01-12,Female,Married,Commercial,West
P014586,2013-07-19,Female,Single,Medicaid,Northeast
P014587,1951-12-17,Male,Married,Medicaid,Midwest
P014588,1998-07-06,Female,Single,Self-Pay,West
P014589,1997-07-28,Female,Single,Medicare,Northeast
P014590,1947-09-23,Female,Divorced,Self-Pay,Midwest
P014591,1965-07-28,Male,Widowed,Medicaid,Northeast
P014592,1989-12-11,Female,Divorced,Medicaid,South
P014593,1980-07-01,Male,Married,Medicare,Northeast
P014594,1978-04-18,Male,Married,Self-Pay,South
P014595,1965-03-11,Male,Married,Medicare Advantage,Northeast
P014596,1984-10-22,Female,Single,Commercial,West
P014597,1933-03-19,Female,Widowed,Medicare Advantage,Northeast
P014598,1998-07-07,Female,Single,Self-Pay,Midwest
P014599,1959-01-21,Male,Married,Medicare,West
P014600,2003-02-14,Female,Single,Medicaid,South
P014601,2019-05-06,Male,Single,Commercial,Midwest
P014602,1971-02-13,Male,Divorced,Medicare,Midwest
P014603,1949-01-05,Female,Single,Medicaid,Northeast
P014604,2019-08-10,Female,Single,Other,Midwest
P014605,1988-08-19,Male,Married,Medicaid,West
P014606,1962-08-07,Female,Widowed,Medicare Advantage,Midwest
P014607,1944-04-23,Female,Married,Medicare,South
P014608,2007-08-26,Female,Single,Commercial,Midwest
P014609,1961-01-06,Male,Married,Medicare,Northeast
P014610,1960-09-04,Female,Married,Medicare,Midwest
P014611,1995-06-22,Female,Married,Commercial,West
P014612,1965-08-06,Male,Widowed,Commercial,West
P014613,1982-06-01,Female,Single,Medicare Advantage,Northeast
P014614,2008-03-02,Female,Single,Commercial,Midwest
P014615,1957-06-19,Male,Widowed,Commercial,West
P014616,1981-08-03,Male,Married,Medicare,South
P014617,1992-04-08,Male,Married,Medicare,South
P014618,1999-04-15,Male,Single,Medicare,Northeast
P014619,1957-04-20,Male,Married,Medicaid,South
P014620,1972-03-18,Female,Divorced,Medicare,Midwest
P014621,1976-06-15,Male,Married,Self-Pay,West
P014622,2012-04-18,Male,Single,Medicaid,South
P014623,1987-02-20,Female,Single,Medicare,Northeast
P014624,1954-10-21,Female,Married,Self-Pay,Northeast
P014625,2025-07-08,Male,Single,Medicare Advantage,Midwest
P014626,1982-08-11,Female,Married,Medicaid,West
P014627,1989-04-13,Female,Married,Commercial,Midwest
P014628,1972-08-09,Male,Married,Commercial,West
P014629,1958-07-10,Male,Widowed,Medicare,Midwest
P014630,2025-01-07,Male,Single,Self-Pay,Midwest
P014631,2005-11-09,Female,Single,Medicare,South
P014632,1948-04-22,Female,Widowed,Medicare,South
P014633,1955-09-15,Male,Widowed,Medicare,Northeast
P014634,1978-01-26,Female,Married,Medicaid,West
P014635,1967-12-19,Female,Single,Medicare,West
P014636,1952-05-30,Male,Married,Medicare Advantage,Northeast
P014637,1947-09-25,Male,Married,Medicare,South
P014638,2017-10-23,Male,Single,Medicare,West
P014639,1986-02-01,Male,Divorced,Medicare Advantage,South
P014640,1950-05-07,Female,Married,Commercial,South
P014641,1964-02-29,Female,Married,Medicare,West
P014642,1936-01-27,Female,Widowed,Commercial,West
P014643,1978-04-15,Female,Single,Medicare,West
P014644,1958-06-07,Female,Married,Medicare,Northeast
P014645,2001-01-26,Female,Single,Medicare,South
P014646,1929-01-23,Male,Single,Medicare,Midwest
P014647,1970-01-06,Female,Divorced,Commercial,Northeast
P014648,1959-02-15,Male,Widowed,Commercial,Midwest
P014649,1995-03-22,Female,Divorced,Commercial,Midwest
P014650,1953-07-26,Male,Married,Commercial,Midwest
P014651,1957-02-13,Male,Married,Commercial,West
P014652,1986-01-16,Male,Divorced,Commercial,South
P014653,1938-11-25,Female,Widowed,Commercial,South
P014654,2001-10-01,Female,Married,Medicare Advantage,West
P014655,1954-07-02,Male,Married,Medicaid,South
P014656,2011-08-14,Female,Single,Medicaid,South
P014657,1957-03-07,Female,Married,Medicare,Midwest
P014658,2009-07-14,Female,Single,Medicare,Northeast
P014659,2000-07-01,Male,Single,Medicare,West
P014660,1931-11-08,Male,Widowed,Commercial,West
P014661,1951-09-09,Male,Married,Medicare Advantage,West
P014662,1989-02-09,Female,Married,Medicaid,South
P014663,1958-11-08,Male,Married,Medicare,South
P014664,2026-05-17,Male,Single,Medicaid,Midwest
P014665,1963-08-16,Male,Married,Medicaid,Northeast
P014666,1996-03-07,Male,Single,Medicaid,Northeast
P014667,1960-07-23,Female,Married,Self-Pay,Midwest
P014668,1955-11-05,Male,Widowed,Medicare,Midwest
P014669,1937-02-28,Male,Widowed,Medicare,Northeast
P014670,2002-04-13,Male,Single,Medicare Advantage,South
P014671,1977-06-25,Female,Single,Medicaid,South
P014672,1966-09-22,Male,Widowed,Medicare,West
P014673,1941-05-13,Female,Widowed,Medicaid,South
P014674,1956-09-07,Female,Divorced,Medicaid,West
P014675,1967-04-29,Male,Single,Medicare,Northeast
P014676,1962-10-31,Female,Married,Self-Pay,South
P014677,1950-03-21,Male,Single,Medicaid,South
P014678,1952-08-06,Female,Widowed,Medicare,South
P014679,1934-08-07,Male,Widowed,Commercial,South
P014680,1995-03-13,Female,Married,Medicare,Midwest
P014681,1953-10-11,Male,Divorced,Medicare,South
P014682,1965-09-08,Male,Divorced,Commercial,West
P014683,1953-09-11,Female,Married,Medicaid,Midwest
P014684,1936-06-06,Female,Widowed,Medicare,Midwest
P014685,2023-08-13,Male,Single,Medicaid,West
P014686,1965-08-03,Female,Widowed,Commercial,Midwest
P014687,1959-02-20,Male,Divorced,Medicare,Midwest
P014688,1984-07-14,Male,Married,Commercial,West
P014689,1986-04-02,Other,Single,Medicare,Northeast
P014690,1999-11-25,Male,Single,Medicare,South
P014691,1950-05-10,Female,Divorced,Commercial,South
P014692,1951-02-03,Male,Married,Medicaid,Midwest
P014693,1971-02-26,Female,Married,Medicare Advantage,Midwest
P014694,2017-01-09,Female,Single,Other,West
P014695,1985-07-02,Female,Married,Medicare,South
P014696,1954-04-10,Male,Widowed,Medicare,Midwest
P014697,1973-05-31,Female,Widowed,Commercial,Midwest
P014698,1947-11-19,Female,Married,Medicare,Midwest
P014699,1959-12-15,Female,Married,Commercial,West
P014700,1990-06-24,Male,Single,Medicaid,Midwest
P014701,1994-08-09,Male,Married,Commercial,Midwest
P014702,1989-12-17,Male,Single,Medicare Advantage,South
P014703,2021-12-18,Male,Single,Commercial,Midwest
P014704,1948-10-06,Female,Divorced,Medicare,Midwest
P014705,1999-11-03,Male,Single,Medicaid,Midwest
P014706,1937-10-17,Male,Widowed,Self-Pay,West
P014707,1987-11-23,Female,Married,Medicare,West
P014708,2000-03-17,Male,Single,Medicare,West
P014709,1932-11-20,Female,Married,Medicare,South
P014710,1968-11-16,Female,Married,Medicaid,South
P014711,1939-10-25,Female,Widowed,Medicare Advantage,South
P014712,1957-08-12,Male,Married,Commercial,West
P014713,1958-04-28,Female,Widowed,Medicare,West
P014714,1979-11-27,Male,Married,Medicaid,Northeast
P014715,1936-03-30,Male,Married,Medicare,Northeast
P014716,1947-11-10,Male,Married,Medicaid,Northeast
P014717,1965-08-20,Female,Married,Commercial,Northeast
P014718,1981-04-01,Female,Married,Commercial,Northeast
P014719,1993-01-10,Female,Single,Medicare,West
P014720,1988-12-06,Female,Married,Medicaid,West
P014721,2024-11-30,Female,Single,Commercial,South
P014722,2007-07-06,Female,Single,Medicare Advantage,South
P014723,2015-01-08,Female,Single,Medicare Advantage,South
P014724,2000-06-17,Male,Married,Medicare,West
P014725,1969-02-09,Female,Married,Other,South
P014726,1961-06-19,Male,Married,Medicare,West
P014727,1975-08-25,Male,Divorced,Medicare,West
P014728,1962-07-26,Female,Widowed,Medicare,West
P014729,1988-09-28,Female,,Medicare,West
P014730,1961-06-14,Female,Married,Self-Pay,West
P014731,1992-05-11,Female,Married,Medicaid,South
P014732,2002-08-11,Female,Single,Commercial,Midwest
P014733,1934-09-28,Female,Widowed,Medicare,Northeast
P014734,1931-01-23,Female,Widowed,Commercial,West
P014735,1996-12-05,Female,Single,Medicare,Midwest
P014736,1992-05-12,Female,Married,Commercial,Northeast
P014737,1982-05-31,Female,Married,Medicare Advantage,Northeast
P014738,1987-02-18,Male,Single,Medicare,South
P014739,1968-11-04,Male,Divorced,Self-Pay,Northeast
P014740,2025-04-14,Female,Single,Medicare Advantage,South
P014741,2017-03-01,Male,Single,Medicare,Midwest
P014742,1977-10-25,Female,Married,Commercial,South
P014743,2013-07-16,Female,Single,Self-Pay,Northeast
P014744,1967-07-16,Female,Married,Commercial,South
P014745,1957-12-30,Male,Married,Commercial,Northeast
P014746,1970-11-28,Male,Divorced,Commercial,West
P014747,1939-08-14,Male,Married,Commercial,Midwest
P014748,1956-11-28,Female,Married,Medicare Advantage,South
P014749,1978-03-18,Female,Married,Medicaid,Midwest
P014750,1968-11-10,Female,Married,Medicaid,West
P014751,1969-06-09,Male,Single,Medicaid,Midwest
P014752,1951-04-23,Female,Married,Medicaid,Midwest
P014753,1969-07-17,Female,Married,Other,West
P014754,1952-02-06,Male,Divorced,Medicare,South
P014755,1959-06-24,Male,Divorced,Commercial,South
P014756,1968-12-14,Male,Married,Medicare,South
P014757,1990-09-27,Female,Single,Medicare,West
P014758,1984-06-10,Male,Married,Medicare Advantage,West
P014759,1955-04-26,Male,Single,Medicaid,West
P014760,1986-01-28,Female,Married,Medicare Advantage,Northeast
P014761,1956-08-24,Male,Married,Commercial,Midwest
P014762,2014-07-22,Female,Single,Medicare,South
P014763,1959-10-07,Male,Widowed,Commercial,South
P014764,1966-05-27,Female,Married,Self-Pay,South
P014765,1999-09-22,Male,Single,Self-Pay,South
P014766,1963-10-08,Female,Married,Commercial,Northeast
P014767,1938-10-19,Male,Widowed,Commercial,Northeast
P014768,1954-05-08,Female,Widowed,Medicare Advantage,Midwest
P014769,1934-12-11,Male,Widowed,Medicare,South
P014770,1973-07-07,Female,Married,Medicare,Midwest
P014771,1961-11-07,Male,Married,Medicare,South
P014772,1951-05-31,Male,Single,Medicare Advantage,South
P014773,1939-12-14,Male,Widowed,Medicare Advantage,Midwest
P014774,1976-08-24,Male,Married,Commercial,
P014775,1952-08-04,Female,Married,Medicaid,West
P014776,2002-09-06,Male,Single,Commercial,South
P014777,2024-04-24,Female,Single,Medicaid,West
P014778,1975-01-31,Male,Widowed,Medicaid,Northeast
P014779,1972-06-25,Male,Married,Commercial,South
P014780,1986-09-03,Male,Single,Commercial,Midwest
P014781,1946-04-18,Male,Divorced,Other,South
P014782,1932-01-25,Male,Married,Medicare,Midwest
P014783,1945-03-29,Female,Married,Self-Pay,West
P014784,1976-05-12,Female,Divorced,Commercial,Midwest
P014785,2001-12-21,Male,Single,Self-Pay,Midwest
P014786,2000-09-01,Male,Single,Self-Pay,Midwest
P014787,1972-12-12,Male,Divorced,Commercial,South
P014788,1971-08-18,Male,Married,Medicare,Northeast
P014789,1960-02-26,Male,Married,Commercial,West
P014790,1997-09-05,Female,Single,Medicare,Northeast
P014791,2013-09-10,Male,Single,Medicare,Northeast
P014792,1972-06-19,Male,Married,Medicare,Midwest
P014793,1984-02-16,Female,Married,Medicaid,Northeast
P014794,1972-03-21,Male,Married,Medicaid,South
P014795,1938-06-09,Female,Divorced,Commercial,Midwest
P014796,2009-02-16,Male,Single,Commercial,South
P014797,1950-11-24,Male,Single,Medicare Advantage,Midwest
P014798,2023-09-02,Female,Single,Medicare,Northeast
P014799,1954-05-28,Female,Divorced,Medicare,South
P014800,2023-12-13,Male,Single,Medicaid,West
P014801,1960-01-03,Male,Single,Medicaid,Northeast
P014802,1969-04-16,Male,Married,Medicare,West
P014803,1948-01-30,Female,Divorced,Medicaid,South
P014804,1956-01-05,Male,Divorced,Medicare Advantage,South
P014805,1965-10-23,Female,Married,Medicaid,Midwest
P014806,1958-08-16,Male,Widowed,Self-Pay,Midwest
P014807,1949-01-17,Male,Married,Self-Pay,Midwest
P014808,1958-12-14,Male,Widowed,Self-Pay,Midwest
P014809,1986-08-09,Male,Married,Medicare,South
P014810,1951-06-26,Female,Married,Commercial,Northeast
P014811,1989-11-16,Male,Widowed,Medicaid,Midwest
P014812,1973-09-25,Male,Single,Medicaid,Northeast
P014813,1982-06-25,Female,Single,Medicare,West
P014814,2019-12-11,Female,Single,Medicare,Midwest
P014815,1998-05-03,Female,Single,Other,Midwest
P014816,1933-07-29,Male,Widowed,Medicare,West
P014817,2006-01-07,Female,Single,Self-Pay,Northeast
P014818,1974-12-14,Female,Single,Medicaid,West
P014819,1972-08-28,Female,Married,Medicare,West
P014820,2004-11-24,Female,Single,Commercial,Midwest
P014821,1977-09-29,Female,Single,Commercial,South
P014822,1973-04-30,Female,Widowed,Self-Pay,West
P014823,1962-05-20,Female,Divorced,Medicaid,South
P014824,1938-02-16,Female,Married,Medicare,South
P014825,1956-01-07,Female,Married,Medicaid,Midwest
P014826,1966-07-28,Female,Married,Medicare,Midwest
P014827,2008-08-14,Male,Single,Medicare,South
P014828,1984-02-04,Male,Single,Medicare,South
P014829,1964-07-15,Male,Married,Medicare,South
P014830,1993-03-18,Female,Married,Medicare,South
P014831,1951-09-23,Female,Divorced,Other,South
P014832,1990-08-15,Female,Single,Medicare,Northeast
P014833,1960-12-29,Female,Married,Medicare,West
P014834,1953-01-01,Female,Married,Medicaid,Northeast
P014835,1986-10-02,Male,Married,Medicare Advantage,South
P014836,1988-12-30,Female,Married,Commercial,South
P014837,2002-04-20,Female,Single,Commercial,West
P014838,1977-03-18,Male,Married,Medicare,Midwest
P014839,1982-05-23,Female,Married,Medicaid,Northeast
P014840,2012-09-25,Female,Single,Medicaid,West
P014841,1953-02-06,Female,Married,Commercial,South
P014842,1969-04-29,Female,Divorced,Medicaid,Midwest
P014843,1980-03-29,Male,Married,Medicare Advantage,South
P014844,1968-12-12,Male,Single,Medicaid,West
P014845,1981-09-26,Female,Married,Commercial,South
P014846,1980-09-15,Female,Divorced,Medicare,South
P014847,2022-12-26,Male,Single,Medicaid,Northeast
P014848,1958-04-22,Male,Married,Medicaid,Midwest
P014849,2025-12-10,Male,Single,Commercial,Midwest
P014850,1954-12-08,Male,Widowed,Medicaid,West
P014851,2001-12-06,Male,Single,Medicare,Midwest
P014852,1975-10-18,Female,Married,Medicaid,West
P014853,1951-04-17,Male,Married,Medicare,South
P014854,1952-01-04,Male,Married,Medicare,South
P014855,1948-09-11,Female,Married,Medicaid,Northeast
P014856,1971-02-01,Male,Widowed,Medicare Advantage,South
P014857,1989-04-06,Female,Married,Medicare,Midwest
P014858,1988-02-12,Female,Single,Medicare,South
P014859,1980-08-31,Male,Divorced,Commercial,Northeast
P014860,1967-12-02,Female,Divorced,Commercial,South
P014861,1997-06-10,Male,Single,Medicare Advantage,Midwest
P014862,1932-09-09,Female,Widowed,Medicare,South
P014863,1969-07-16,Female,Divorced,Medicare,South
P014864,1952-05-17,Female,Single,Medicaid,South
P014865,1931-10-04,Male,Divorced,Medicare,South
P014866,1978-08-24,Male,Single,Medicaid,South
P014867,2019-11-10,Male,Single,Medicare Advantage,South
P014868,1988-06-17,Male,Divorced,Medicare Advantage,West
P014869,1971-12-12,Male,Married,Medicare Advantage,West
P014870,1984-03-17,Male,Married,Medicare,Midwest
P014871,1964-09-03,Male,Married,Commercial,West
P014872,1958-07-25,Female,Divorced,Medicaid,Northeast
P014873,1960-04-03,Male,Single,Commercial,South
P014874,1961-02-25,Female,Single,Commercial,Midwest
P014875,1954-10-06,Female,Single,Medicaid,West
P014876,1974-03-08,Female,Divorced,Commercial,West
P014877,1970-01-22,Female,Married,Self-Pay,Midwest
P014878,1964-04-05,Female,Single,Medicaid,West
P014879,1958-07-07,Female,Single,Medicare,South
P014880,1949-05-05,Male,Married,Medicaid,Midwest
P014881,1959-08-23,Female,Divorced,Medicare Advantage,Northeast
P014882,1987-10-08,Male,Married,Medicaid,Northeast
P014883,1949-12-20,Male,Married,Medicare,Northeast
P014884,1970-01-03,Female,Single,Medicare,Northeast
P014885,1965-05-18,Male,Divorced,Medicaid,South
P014886,1938-11-06,Female,Married,Commercial,Midwest
P014887,2015-05-10,Male,Single,Medicaid,Midwest
P014888,1975-12-22,Female,Divorced,Medicare,South
P014889,2009-01-26,Female,Single,Medicare,South
P014890,1970-01-14,Female,Married,Medicare,Northeast
P014891,1962-04-05,Female,Married,Medicare,West
P014892,1974-08-06,Female,Married,Self-Pay,South
P014893,1949-09-25,Female,Married,Medicare,Midwest
P014894,1982-04-22,Male,Married,Medicare,Northeast
P014895,1965-08-22,Female,Married,Medicare,Northeast
P014896,1932-04-29,Female,Widowed,Medicare,Midwest
P014897,1953-12-13,Male,Married,Medicare Advantage,Midwest
P014898,1957-03-11,Male,Single,Medicaid,West
P014899,1960-05-12,Female,Married,Commercial,Midwest
P014900,1973-12-28,Female,Divorced,Medicaid,Midwest
P014901,1938-09-07,Male,Single,Commercial,Midwest
P014902,1986-09-24,Male,Married,Commercial,West
P014903,1961-12-18,Female,Single,Medicare,Northeast
P014904,1988-09-28,Male,Married,Medicaid,Midwest
P014905,2018-04-23,Male,Single,Medicare,West
P014906,1935-12-04,Male,Widowed,Commercial,West
P014907,1966-06-17,Male,Married,Medicare,West
P014908,2008-11-11,Female,Single,Medicare,Midwest
P014909,2005-01-07,Male,Single,Medicaid,West
P014910,1986-06-23,Female,Married,Medicare,South
P014911,1979-09-03,Male,Married,Commercial,Midwest
P014912,1943-05-08,Male,Divorced,Medicare Advantage,South
P014913,1983-06-14,Female,Single,Commercial,South
P014914,1975-11-30,Female,Married,Medicare Advantage,South
P014915,1953-05-31,Female,Married,Medicare,Midwest
P014916,1953-11-15,Male,Widowed,Medicare Advantage,Midwest
P014917,1994-07-20,Female,Married,Commercial,West
P014918,1931-06-01,Female,Divorced,Medicare,West
P014919,1948-07-07,Female,Married,Commercial,Northeast
P014920,2025-05-10,Male,Single,Commercial,South
P014921,1944-08-27,Female,Widowed,Medicaid,Northeast
P014922,1951-04-23,Male,Married,Medicare,Northeast
P014923,1971-02-21,Male,Married,Self-Pay,Northeast
P014924,1971-08-11,Female,Married,Medicare,South
P014925,1959-11-24,Female,Married,Medicare,South
P014926,2014-02-10,Female,Single,Medicare,Northeast
P014927,1960-06-13,Female,Married,Commercial,Northeast
P014928,1955-01-25,Male,Married,Medicare,South
P014929,1952-11-03,Female,Married,Commercial,West
P014930,1955-01-23,Female,Married,Medicare,South
P014931,1984-02-10,Female,Married,Commercial,South
P014932,1976-12-20,Male,Single,Medicare,West
P014933,1943-06-25,Female,Widowed,Commercial,Northeast
P014934,1954-10-03,Male,Married,Medicare Advantage,South
P014935,1955-08-31,Male,Single,Other,Midwest
P014936,1981-12-17,Male,Single,Medicare,South
P014937,1984-02-06,Male,Married,Medicaid,Midwest
P014938,1938-07-02,Male,Married,Medicare,Northeast
P014939,1989-03-31,Female,Married,Medicare,South
P014940,1983-03-17,Female,Married,Medicaid,Northeast
P014941,2022-03-04,Male,Single,Medicare Advantage,South
P014942,2003-12-15,Female,Married,Commercial,Midwest
P014943,1981-06-07,Female,Married,Medicare,Northeast
P014944,1972-08-16,Female,Married,Medicaid,West
P014945,1974-04-19,Female,Divorced,Medicare,Northeast
P014946,1931-02-23,Female,Widowed,Medicare,Midwest
P014947,1962-08-02,Male,Single,Medicare,Midwest
P014948,2022-07-14,Male,Single,Medicare,Northeast
P014949,1954-05-26,Female,Widowed,Commercial,South
P014950,1976-08-28,Female,Married,Medicaid,West
P014951,1947-06-23,Female,Married,Medicaid,Northeast
P014952,1967-08-09,Male,Married,Commercial,South
P014953,1973-05-01,Female,Married,Commercial,South
P014954,2013-08-23,Female,Single,Medicaid,South
P014955,1959-02-03,Female,Divorced,Medicare,South
P014956,1999-04-06,Male,Married,Medicaid,West
P014957,1978-02-24,Male,Married,Medicare,West
P014958,1944-08-25,Female,Married,Medicare Advantage,South
P014959,2023-01-12,Female,Single,Commercial,South
P014960,1982-03-22,Female,Married,Other,South
P014961,1963-09-28,Female,Married,Commercial,West
P014962,1942-10-19,Male,Single,Commercial,West
P014963,2022-11-01,Male,Single,Medicaid,Midwest
P014964,1992-02-13,Male,Single,Medicaid,Midwest
P014965,1952-08-24,Female,Divorced,Commercial,Northeast
P014966,1943-05-29,Female,Married,Other,Midwest
P014967,1967-05-16,Male,Married,Medicare,Midwest
P014968,1966-06-23,Female,Married,Medicare Advantage,Midwest
P014969,2001-02-01,Male,Single,Medicare Advantage,Northeast
P014970,1944-07-04,Male,Married,Medicare,Northeast
P014971,1936-11-03,Male,Widowed,Self-Pay,Northeast
P014972,1982-06-29,Female,Single,Medicaid,West
P014973,1964-02-26,Male,Single,Medicare Advantage,South
P014974,1967-12-22,Female,Married,Medicare,West
P014975,1993-01-17,Male,Married,Medicare,Midwest
P014976,1974-09-13,Female,Married,Medicare,West
P014977,1965-10-13,Male,Divorced,Medicaid,Midwest
P014978,1983-03-05,Male,Married,Medicaid,South
P014979,1992-06-21,Male,Single,Medicare,South
P014980,1992-09-23,Male,Single,Self-Pay,Midwest
P014981,1946-01-12,Female,Married,Commercial,West
P014982,1965-05-04,Female,Divorced,Medicaid,Midwest
P014983,1980-05-26,Female,Married,Medicare,Northeast
P014984,1962-07-18,Male,Married,Commercial,South
P014985,1992-03-12,Female,Married,Commercial,Northeast
P014986,2000-03-07,Male,Divorced,Self-Pay,Northeast
P014987,1948-06-16,Male,Married,Medicaid,Midwest
P014988,1958-07-27,Male,Widowed,Medicare,Northeast
P014989,1970-04-01,Male,Married,Medicare,West
P014990,1953-09-24,Male,Single,Medicare,South
P014991,2002-11-23,Female,Single,Commercial,Northeast
P014992,1956-10-23,Male,Single,Medicare,West
P014993,1957-07-01,Female,Married,Commercial,South
P014994,1981-10-30,Male,Married,Medicare,South
P014995,1986-05-17,Male,Single,Medicare,South
P014996,1956-10-27,Female,Married,Medicare,Northeast
P014997,1977-02-19,Male,Married,Medicaid,West
P014998,1963-06-17,Male,Married,Medicare,South
P014999,1999-11-05,Male,Married,Commercial,Northeast
P015000,1997-08-14,Female,Single,Self-Pay,Northeast
