Encounter_ID,Patient_ID,Service_Date,Department_Name,Provider_ID,Encounter_Type,Encounter_Status,Diagnosis_Name,Wait_Time_Minutes,Length_of_Stay_Days,Billed_Amount,Paid_Amount,Anomaly_Reason
E00013735,P008175,2025-12-03,Oncology,DR0104,Inpatient,Completed,Cancer - Active Treatment,50,18.8,82085.29,47010.29,High Billed Amount; Long Inpatient LOS
E00016555,P009844,2026-05-04,Surgery,DR0154,Inpatient,Completed,Acute Abdominal Condition,56,12.6,80265.33,64873.81,High Billed Amount
E00000920,P000552,2024-10-09,Cardiology,DR0076,Inpatient,Completed,Type 2 Diabetes,87,10.9,57309.8,32158.52,High Billed Amount
E00016047,P009541,2024-10-29,Cardiology,DR0082,Inpatient,Completed,Essential Hypertension,27,5.9,56132.09,33719.65,High Billed Amount
E00020557,P012206,2025-09-23,Cardiology,DR0076,Inpatient,Completed,Chronic Kidney Disease,96,11.6,55570.16,36941.94,High Billed Amount
E00007261,P004295,2025-07-11,Cardiology,DR0084,Inpatient,Completed,Heart Failure,33,16.2,54557.58,50114.27,High Billed Amount; Long Inpatient LOS
E00019691,P011696,2024-07-19,Surgery,DR0148,Inpatient,Completed,Acute Abdominal Condition,87,4.2,50873.5,43653.76,High Billed Amount
E00011181,P006636,2024-08-21,Surgery,DR0146,Inpatient,Completed,Type 2 Diabetes,79,2.9,48809.81,35001.45,High Billed Amount
E00002477,P001486,2026-09-27,Neurology,DR0144,Inpatient,Completed,Neurologic Disorder,63,7.0,47912.62,43090.67,High Billed Amount
E00019394,P011517,2024-10-08,Oncology,DR0107,Inpatient,Completed,Cancer - Active Treatment,118,5.8,47491.01,26313.33,High Billed Amount
E00022730,P013466,2026-01-30,Obstetrics,DR0125,Inpatient,Completed,Acute Abdominal Condition,55,5.4,46683.88,27421.0,High Billed Amount
E00010314,P006115,2026-03-27,Neurology,DR0142,Inpatient,Completed,Neurologic Disorder,129,14.4,45940.14,27966.71,High Wait Time; High Billed Amount; Long Inpatient LOS
E00023273,P013777,2025-06-16,Cardiology,DR0075,Inpatient,Completed,Coronary Artery Disease,101,3.5,45789.68,28269.17,High Billed Amount
E00012617,P007494,2025-11-08,Cardiology,DR0067,Inpatient,Completed,Essential Hypertension,33,5.8,44984.07,31502.2,High Billed Amount
E00003610,P002130,2024-03-10,Cardiology,DR0067,Inpatient,Completed,Coronary Artery Disease,79,8.2,44516.99,33679.24,High Billed Amount
E00021634,P012829,2026-09-13,Cardiology,DR0071,Inpatient,Completed,Type 2 Diabetes,48,3.0,44121.47,41088.98,High Billed Amount
E00025319,P014970,2025-07-07,Cardiology,DR0076,Inpatient,Completed,Chronic Kidney Disease,117,14.8,43906.2,27591.94,High Billed Amount; Long Inpatient LOS
E00010417,P006178,2025-05-22,Cardiology,DR0080,Inpatient,Completed,Chronic Kidney Disease,161,22.8,43847.2,32969.29,High Wait Time; High Billed Amount; Long Inpatient LOS
E00000681,P000412,2025-08-25,Cardiology,DR0082,Inpatient,Completed,Heart Failure,42,12.1,43237.76,25019.25,High Billed Amount
E00005730,P003398,2025-02-01,General Medicine,DR0042,Inpatient,Completed,Essential Hypertension,56,7.4,42457.83,28717.79,High Billed Amount
E00020810,P012353,2026-04-19,Cardiology,DR0078,Inpatient,Completed,Essential Hypertension,80,9.5,42429.34,20297.55,High Billed Amount
E00018557,P011023,2024-09-18,Neurology,DR0142,Inpatient,Completed,Depression/Anxiety,96,5.3,42308.06,24333.43,High Billed Amount
E00016502,P009812,2025-12-24,Surgery,DR0146,Inpatient,Completed,Other Acute Condition,62,6.9,42106.77,25110.6,High Billed Amount
E00004571,P002708,2024-02-04,General Medicine,DR0064,Inpatient,Completed,Type 2 Diabetes,57,14.5,40345.1,22586.74,High Billed Amount; Long Inpatient LOS
E00022790,P013502,2024-03-29,Oncology,DR0104,Inpatient,Completed,Cancer - Active Treatment,50,6.4,40236.1,29685.56,High Billed Amount
E00025098,P014837,2026-03-30,Oncology,DR0107,Inpatient,Completed,Type 2 Diabetes,39,10.4,40070.36,26915.73,High Billed Amount
E00001155,P000695,2024-03-24,Surgery,DR0153,Inpatient,Completed,Acute Abdominal Condition,35,10.1,39631.45,29273.67,High Billed Amount
E00014847,P008802,2025-07-17,Cardiology,DR0072,Inpatient,Completed,Heart Failure,116,2.7,38599.19,32493.34,High Billed Amount
E00003993,P002365,2025-05-22,Surgery,DR0155,Inpatient,Completed,Fracture/Injury,35,4.7,38372.16,21440.35,High Billed Amount
E00010597,P006290,2024-11-24,Cardiology,DR0068,Inpatient,Completed,Heart Failure,31,12.6,38054.8,33378.35,High Billed Amount
E00022863,P013537,2025-04-04,Oncology,DR0104,Inpatient,Completed,Cancer - Active Treatment,43,2.3,37990.34,30218.02,High Billed Amount
E00015660,P009302,2026-09-25,Orthopedics,DR0098,Inpatient,Completed,Osteoarthritis,34,5.6,37919.19,34252.69,High Billed Amount
E00000272,P000167,2026-08-27,Cardiology,DR0070,Inpatient,Completed,Heart Failure,52,3.7,36870.55,21474.92,High Billed Amount
E00005702,P003377,2026-07-05,Surgery,DR0145,Inpatient,Completed,Acute Abdominal Condition,20,5.3,36768.26,11564.19,High Billed Amount
E00019677,P011686,2024-03-29,Oncology,DR0103,Inpatient,Completed,Cancer - Active Treatment,52,22.5,36681.63,20993.88,High Billed Amount; Long Inpatient LOS
E00010321,P006120,2024-05-07,Surgery,DR0155,Inpatient,Completed,Acute Abdominal Condition,35,6.6,36529.76,25270.02,High Billed Amount
E00000245,P000148,2026-02-21,Orthopedics,DR0093,Inpatient,Completed,Osteoarthritis,65,9.0,36402.96,21893.58,High Billed Amount
E00004019,P002385,2024-12-03,Cardiology,DR0077,Inpatient,Completed,Essential Hypertension,66,1.8,36312.0,24595.05,High Billed Amount
E00020655,P012269,2026-09-25,Cardiology,DR0076,Inpatient,Completed,Heart Failure,107,5.6,35904.44,30087.35,High Billed Amount
E00015768,P009370,2026-08-27,Cardiology,DR0081,Inpatient,Completed,Essential Hypertension,64,11.0,35807.26,32633.65,High Billed Amount
E00002269,P001371,2025-01-25,General Medicine,DR0032,Inpatient,Completed,Essential Hypertension,27,11.8,35660.8,23564.15,High Billed Amount
E00018895,P011229,2025-03-04,Cardiology,DR0070,Inpatient,Completed,Essential Hypertension,54,2.4,35164.36,27783.01,High Billed Amount
E00002237,P001349,2024-12-24,Cardiology,DR0068,Inpatient,Completed,Essential Hypertension,49,10.5,35091.73,23352.72,High Billed Amount
E00000767,P000464,2026-04-17,Cardiology,DR0077,Inpatient,Completed,Chronic Kidney Disease,38,16.8,35070.3,24511.44,High Billed Amount; Long Inpatient LOS
E00001919,P001145,2026-09-17,Surgery,DR0153,Inpatient,Completed,Fracture/Injury,136,8.9,34956.38,5624.64,High Wait Time; High Billed Amount
E00006830,P004048,2024-05-02,Cardiology,DR0082,Inpatient,Completed,Essential Hypertension,50,6.6,34699.8,24293.61,High Billed Amount
E00010381,P006156,2025-10-05,Cardiology,DR0073,Inpatient,Completed,Essential Hypertension,28,3.3,34479.4,30508.98,High Billed Amount
E00003881,P002292,2025-04-02,Surgery,DR0147,Inpatient,Completed,Acute Abdominal Condition,63,4.2,34360.66,19337.7,High Billed Amount
E00004861,P002887,2026-01-26,Surgery,DR0153,Inpatient,Completed,Acute Abdominal Condition,48,7.9,34172.13,20669.19,High Billed Amount
E00013266,P007897,2025-09-05,General Medicine,DR0036,Inpatient,Completed,Fracture/Injury,63,5.2,34076.73,20930.68,High Billed Amount
E00023278,P013781,2026-06-16,Surgery,DR0154,Inpatient,Completed,Acute Abdominal Condition,56,2.0,33933.43,31886.87,High Billed Amount
E00018645,P011082,2026-09-17,Oncology,DR0101,Inpatient,Completed,Essential Hypertension,96,6.3,33783.63,23083.74,High Billed Amount
E00012009,P007132,2026-09-16,Surgery,DR0155,Inpatient,Completed,Acute Abdominal Condition,31,5.0,33782.69,24778.1,High Billed Amount
E00010878,P006452,2025-12-04,Surgery,DR0156,Inpatient,Completed,Acute Abdominal Condition,67,2.3,33771.78,31597.57,High Billed Amount
E00014529,P008628,2025-11-16,Surgery,DR0153,Inpatient,Completed,Acute Abdominal Condition,52,4.2,33521.98,24080.26,High Billed Amount
E00006320,P003745,2026-07-01,General Medicine,DR0036,Inpatient,Completed,Respiratory Infection,55,5.0,33190.9,27655.18,High Billed Amount
E00024539,P014503,2026-01-12,Surgery,DR0150,Inpatient,Completed,Acute Abdominal Condition,56,5.4,33163.91,30833.88,High Billed Amount
E00011739,P006972,2026-09-25,Surgery,DR0157,Inpatient,Completed,Other Acute Condition,62,1.9,33019.29,27284.61,High Billed Amount
E00004237,P002517,2025-11-04,Oncology,DR0105,Inpatient,Completed,Chronic Kidney Disease,100,1.6,32991.01,21520.68,High Billed Amount
E00021081,P012499,2025-09-11,Oncology,DR0111,Inpatient,Completed,Cancer - Active Treatment,40,5.9,32975.8,21352.86,High Billed Amount
E00022488,P013326,2026-09-25,Cardiology,DR0070,Inpatient,Completed,Type 2 Diabetes,46,4.2,32957.71,20160.67,High Billed Amount
E00013098,P007794,2026-09-10,Surgery,DR0150,Inpatient,Completed,Acute Abdominal Condition,41,3.3,32772.89,22336.44,High Billed Amount
E00014686,P008710,2025-01-12,Oncology,DR0107,Inpatient,Completed,Chronic Kidney Disease,44,22.5,32720.0,31195.4,High Billed Amount; Long Inpatient LOS
E00021591,P012804,2024-11-11,Oncology,DR0110,Inpatient,Completed,Type 2 Diabetes,52,5.9,32519.14,19155.12,High Billed Amount
E00022303,P013205,2026-08-27,General Medicine,DR0036,Inpatient,Completed,Type 2 Diabetes,57,9.8,32347.84,18377.43,High Billed Amount
E00009581,P005685,2024-07-17,Obstetrics,DR0129,Inpatient,Completed,Cancer - Active Treatment,51,10.4,32328.42,27901.91,High Billed Amount
E00001404,P000839,2024-12-14,General Medicine,DR0033,Inpatient,Completed,Essential Hypertension,73,6.7,32325.61,27155.49,High Billed Amount
E00015634,P009285,2025-07-02,Surgery,DR0150,Inpatient,Completed,Other Acute Condition,76,8.2,32160.59,23410.13,High Billed Amount
E00023553,P013935,2025-10-20,Oncology,DR0101,Inpatient,Completed,Cancer - Active Treatment,26,5.3,32090.64,23757.65,High Billed Amount
E00013334,P007937,2024-10-30,Cardiology,DR0075,Inpatient,Completed,Essential Hypertension,93,9.9,31744.87,29283.22,High Billed Amount
E00023821,P014097,2026-09-18,Oncology,DR0100,Inpatient,Completed,Other Acute Condition,21,4.4,31712.86,29253.24,High Billed Amount
E00009100,P005393,2024-07-01,General Medicine,DR0047,Inpatient,Completed,Cancer - Active Treatment,76,5.9,31658.79,28401.82,High Billed Amount
E00021467,P012730,2024-10-21,General Medicine,DR0036,Inpatient,Completed,Pregnancy-Related,52,8.6,31577.61,23483.91,High Billed Amount
E00016099,P009571,2026-09-25,Neurology,DR0143,Inpatient,Completed,Depression/Anxiety,65,5.3,31556.81,25528.37,High Billed Amount
E00010994,P006526,2024-04-05,Cardiology,DR0067,Inpatient,Completed,Essential Hypertension,23,4.6,31513.76,21373.95,High Billed Amount
E00016603,P009878,2025-09-11,General Medicine,DR0053,Inpatient,Completed,Essential Hypertension,28,6.4,31465.18,19806.86,High Billed Amount
E00007256,P004294,2025-09-15,Surgery,DR0157,Inpatient,Completed,Essential Hypertension,147,8.4,31243.56,28767.22,High Wait Time; High Billed Amount
E00012522,P007434,2024-09-26,Surgery,DR0157,Inpatient,Completed,Fracture/Injury,49,2.8,31189.98,27765.7,High Billed Amount
E00008365,P004955,2026-09-28,Other,DR0170,Inpatient,Completed,Heart Failure,39,6.0,31163.12,22874.18,High Billed Amount
E00004654,P002755,2024-12-19,General Medicine,DR0063,Inpatient,Completed,Pregnancy-Related,57,9.9,31095.44,28118.57,High Billed Amount
E00005312,P003149,2026-08-07,Obstetrics,DR0133,Inpatient,Completed,Depression/Anxiety,48,2.0,31043.31,21514.58,High Billed Amount
E00019580,P011636,2026-09-22,Surgery,DR0150,Inpatient,Completed,Other Acute Condition,32,4.8,30906.08,28563.7,High Billed Amount
E00017660,P010498,2026-03-18,Surgery,DR0148,Inpatient,Completed,Fracture/Injury,27,5.1,30883.12,18765.64,High Billed Amount
E00010382,P006157,2025-09-12,Surgery,DR0152,Inpatient,Completed,Acute Abdominal Condition,63,6.5,30704.84,17702.33,High Billed Amount
E00003726,P002201,2024-12-13,Cardiology,DR0072,Inpatient,Completed,Essential Hypertension,57,9.2,30373.99,18828.29,High Billed Amount
E00001835,P001089,2026-08-21,Surgery,DR0157,Inpatient,Completed,Acute Abdominal Condition,17,3.9,30353.6,21477.59,High Billed Amount
E00024911,P014728,2026-06-08,Neurology,DR0137,Inpatient,Completed,Respiratory Infection,50,10.2,30317.8,20037.78,High Billed Amount
E00003299,P001934,2026-09-25,Cardiology,DR0068,Inpatient,Completed,Chronic Kidney Disease,51,5.4,30193.3,20758.82,High Billed Amount
E00018245,P010842,2025-05-21,General Medicine,DR0065,Inpatient,Completed,Type 2 Diabetes,58,1.3,30170.45,22373.51,High Billed Amount
E00010951,P006500,2026-09-06,Cardiology,DR0080,Inpatient,Completed,Coronary Artery Disease,53,8.9,30113.45,27818.64,High Billed Amount
E00000974,P000582,2024-12-15,Cardiology,DR0078,Inpatient,Cancelled,Essential Hypertension,41,15.5,30052.59,16050.63,High Billed Amount; Long Inpatient LOS
E00018508,P010994,2026-07-21,Surgery,DR0150,Inpatient,Completed,Fracture/Injury,61,9.2,29846.65,24373.9,High Billed Amount
E00009711,P005760,2026-09-23,Oncology,DR0111,Inpatient,Completed,Cancer - Active Treatment,52,12.1,29798.1,19850.76,High Billed Amount
E00025206,P014902,2024-04-11,Cardiology,DR0069,Inpatient,Completed,Chronic Kidney Disease,49,4.1,29762.9,16866.97,High Billed Amount
E00005374,P003180,2026-09-22,General Medicine,DR0044,Inpatient,Completed,Essential Hypertension,47,3.1,29644.14,24662.5,High Billed Amount
E00015425,P009151,2024-12-13,General Medicine,DR0037,Inpatient,Completed,Heart Failure,29,6.8,29640.79,16704.43,High Billed Amount
E00010477,P006215,2026-06-10,Surgery,DR0151,Inpatient,Completed,Other Acute Condition,79,5.1,29591.29,23081.42,High Billed Amount
E00005516,P003260,2026-04-23,Cardiology,DR0079,Inpatient,Completed,Essential Hypertension,124,6.2,29302.81,21281.89,High Billed Amount
E00019341,P011489,2026-09-12,Cardiology,DR0079,Inpatient,Completed,Chronic Kidney Disease,30,8.5,29251.25,22191.24,High Billed Amount
E00024854,P014693,2026-08-13,Cardiology,DR0068,Inpatient,Completed,Coronary Artery Disease,57,5.6,29185.61,20721.62,High Billed Amount
E00016530,P009829,2024-02-10,Cardiology,DR0081,Inpatient,Completed,Essential Hypertension,112,3.9,29144.33,16260.67,High Billed Amount
E00010923,P006483,2025-06-26,Orthopedics,DR0098,Inpatient,Completed,Osteoarthritis,68,13.7,29078.54,8575.48,High Billed Amount; Long Inpatient LOS
E00007462,P004418,2026-07-20,General Medicine,DR0062,Inpatient,Completed,Depression/Anxiety,15,5.6,28896.9,25800.22,High Billed Amount
E00023448,P013878,2026-07-28,Oncology,DR0100,Inpatient,Completed,Cancer - Active Treatment,78,10.0,28792.63,19930.21,High Billed Amount
E00008953,P005307,2024-10-13,Cardiology,DR0077,Inpatient,Completed,Essential Hypertension,65,5.3,28644.28,15794.4,High Billed Amount
E00015503,P009204,2026-05-18,Cardiology,DR0082,Inpatient,Completed,Coronary Artery Disease,48,9.9,28628.18,16802.63,High Billed Amount
E00005257,P003121,2025-06-20,Cardiology,DR0084,Inpatient,Completed,Essential Hypertension,20,8.1,28535.1,16740.72,High Billed Amount
E00008147,P004827,2025-11-22,Surgery,DR0155,Inpatient,Completed,Fracture/Injury,72,5.6,28523.37,19931.16,High Billed Amount
E00023061,P013652,2024-04-18,Obstetrics,DR0128,Inpatient,Completed,Chronic Kidney Disease,57,4.4,28445.16,22181.77,High Billed Amount
E00007943,P004713,2026-09-12,Cardiology,DR0070,Inpatient,Completed,Essential Hypertension,102,1.8,28355.6,16108.63,High Billed Amount
E00018260,P010848,2025-04-26,Cardiology,DR0071,Inpatient,Completed,Coronary Artery Disease,64,11.3,28341.43,21866.46,High Billed Amount
E00000309,P000190,2024-10-06,Surgery,DR0156,Inpatient,Completed,Acute Abdominal Condition,25,6.8,28329.32,21427.33,High Billed Amount
E00016686,P009925,2026-09-23,Surgery,DR0148,Inpatient,Completed,Acute Abdominal Condition,115,4.9,28277.9,21663.03,High Billed Amount
E00013233,P007877,2025-10-30,Surgery,DR0147,Inpatient,Completed,Other Acute Condition,28,5.8,28272.64,17869.63,High Billed Amount
E00012907,P007671,2024-09-19,Cardiology,DR0078,Inpatient,Completed,Type 2 Diabetes,61,6.4,28267.97,18273.02,High Billed Amount
E00003797,P002238,2024-07-15,Oncology,DR0106,Inpatient,Completed,Cancer - Active Treatment,132,9.3,28242.43,26590.4,High Wait Time; High Billed Amount
E00022153,P013123,2026-09-28,General Medicine,DR0059,Inpatient,Completed,Chronic Kidney Disease,54,11.0,28232.5,18398.03,High Billed Amount
E00016335,P009710,2026-05-07,Cardiology,DR0074,Inpatient,Completed,Essential Hypertension,40,3.2,28120.15,18282.36,High Billed Amount
E00016332,P009709,2024-03-01,Surgery,DR0157,Inpatient,Completed,Other Acute Condition,82,4.9,28062.37,24088.94,High Billed Amount
E00020707,P012301,2024-03-03,Obstetrics,DR0131,Inpatient,Completed,Chronic Kidney Disease,52,9.9,27968.86,21965.82,High Billed Amount
E00015358,P009109,2026-04-13,Cardiology,DR0071,Inpatient,Completed,Heart Failure,24,2.6,27849.47,24210.94,High Billed Amount
E00011524,P006824,2025-04-17,General Medicine,DR0044,Inpatient,Completed,Type 2 Diabetes,59,6.4,27828.57,21131.71,High Billed Amount
E00009218,P005471,2025-07-21,Cardiology,DR0083,Inpatient,Completed,Type 2 Diabetes,132,4.3,27805.83,18817.88,High Wait Time; High Billed Amount
E00009875,P005858,2024-10-20,Cardiology,DR0077,Inpatient,Completed,Essential Hypertension,79,2.9,27784.54,16896.89,High Billed Amount
E00007598,P004496,2025-10-13,Oncology,DR0102,Inpatient,Completed,Chronic Kidney Disease,76,7.9,27681.73,25524.4,High Billed Amount
E00010599,P006291,2024-11-18,General Medicine,DR0035,Inpatient,Completed,Type 2 Diabetes,44,5.7,27480.35,20164.76,High Billed Amount
E00008059,P004777,2024-11-26,General Medicine,DR0038,Inpatient,Completed,Chronic Kidney Disease,49,5.4,27385.28,17230.84,High Billed Amount
E00004804,P002849,2025-08-10,Cardiology,DR0068,Inpatient,Completed,Essential Hypertension,71,7.0,27300.43,23721.88,High Billed Amount
E00025050,P014808,2025-07-03,Cardiology,DR0074,Inpatient,Completed,Type 2 Diabetes,80,9.0,27294.04,11722.81,High Billed Amount
E00023527,P013920,2025-08-10,Oncology,DR0100,Inpatient,Completed,Other Acute Condition,54,4.6,27266.94,23387.16,High Billed Amount
E00002532,P001517,2024-11-02,Other,DR0164,Inpatient,Completed,Depression/Anxiety,70,10.6,27218.1,15892.21,High Billed Amount
E00025250,P014931,2025-06-03,Orthopedics,DR0087,Inpatient,Completed,Fracture/Injury,27,8.8,27199.35,15394.97,High Billed Amount
E00020941,P012431,2024-12-23,Obstetrics,DR0128,Inpatient,Completed,Essential Hypertension,84,11.7,27176.46,24179.57,High Billed Amount
E00016587,P009868,2025-08-20,Oncology,DR0111,Inpatient,Completed,Cancer - Active Treatment,48,2.1,27163.5,20357.82,High Billed Amount
E00012180,P007235,2026-09-30,Pediatrics,DR0119,Inpatient,Completed,Other Acute Condition,39,4.1,27119.61,25706.78,High Billed Amount
E00014269,P008483,2025-02-14,General Medicine,DR0061,Inpatient,Completed,Depression/Anxiety,47,4.6,27117.94,17712.51,High Billed Amount
E00005991,P003543,2026-01-28,Surgery,DR0147,Inpatient,Completed,Other Acute Condition,60,4.9,27103.62,23163.74,High Billed Amount
E00002925,P001735,2025-08-29,Cardiology,DR0070,Inpatient,Completed,Type 2 Diabetes,71,5.2,27091.42,15610.89,High Billed Amount
E00024873,P014700,2025-09-23,Obstetrics,DR0132,Inpatient,Completed,Type 2 Diabetes,102,6.6,27032.56,25581.92,High Billed Amount
E00009698,P005756,2025-09-21,Orthopedics,DR0088,Inpatient,Completed,Osteoarthritis,121,4.2,26983.18,15177.87,High Billed Amount
E00009469,P005613,2026-09-23,Cardiology,DR0079,Inpatient,Completed,Heart Failure,83,5.7,26811.2,24597.18,High Billed Amount
E00009430,P005594,2026-06-18,General Medicine,DR0048,Inpatient,Completed,Coronary Artery Disease,60,4.7,26801.0,21739.11,High Billed Amount
E00001146,P000690,2026-08-28,Cardiology,DR0069,Inpatient,Completed,Type 2 Diabetes,19,4.2,26754.43,16115.95,High Billed Amount
E00021373,P012675,2024-04-18,Surgery,DR0153,Inpatient,Completed,Other Acute Condition,42,8.9,26688.05,6352.13,High Billed Amount
E00004342,P002574,2026-01-29,Surgery,DR0153,Inpatient,Completed,Other Acute Condition,38,7.1,26636.64,18468.95,High Billed Amount
E00004627,P002741,2025-02-10,Cardiology,DR0075,Inpatient,Completed,Type 2 Diabetes,46,6.2,26585.92,22237.93,High Billed Amount
E00004695,P002780,2025-05-16,Orthopedics,DR0086,Inpatient,Completed,Osteoarthritis,94,13.4,26526.32,21603.62,High Billed Amount
E00015848,P009421,2026-07-14,Oncology,DR0108,Inpatient,Completed,Cancer - Active Treatment,186,6.7,26520.34,16480.87,High Wait Time; High Billed Amount
E00012000,P007129,2025-08-07,Surgery,DR0148,Inpatient,Completed,Acute Abdominal Condition,39,10.5,26478.73,16468.2,High Billed Amount
E00012543,P007449,2026-02-08,General Medicine,DR0057,Inpatient,Completed,Depression/Anxiety,83,3.0,26419.12,15297.75,High Billed Amount
E00018222,P010826,2024-11-05,Surgery,DR0156,Inpatient,Completed,Acute Abdominal Condition,49,5.8,26381.09,23177.54,High Billed Amount
E00007872,P004671,2024-10-21,Obstetrics,DR0134,Inpatient,Completed,Fracture/Injury,44,4.5,26350.69,21193.78,High Billed Amount
E00020153,P011966,2025-09-19,Cardiology,DR0071,Inpatient,Completed,Heart Failure,38,13.9,26260.95,15078.38,High Billed Amount; Long Inpatient LOS
E00002930,P001738,2025-07-13,Surgery,DR0148,Inpatient,Completed,Acute Abdominal Condition,88,14.2,26100.35,16402.56,High Billed Amount; Long Inpatient LOS
E00025299,P014956,2024-11-06,Cardiology,DR0081,Inpatient,Completed,Essential Hypertension,101,4.4,26003.95,20858.07,High Billed Amount
E00022729,P013465,2026-08-13,Oncology,DR0109,Inpatient,Completed,Cancer - Active Treatment,43,4.4,25988.9,16057.54,High Billed Amount
E00008479,P005023,2024-05-14,Cardiology,DR0073,Inpatient,Completed,Coronary Artery Disease,18,1.9,25977.64,15196.01,High Billed Amount
E00012490,P007412,2025-11-20,General Medicine,DR0063,Inpatient,Completed,Chronic Kidney Disease,148,8.1,25958.23,18681.83,High Wait Time; High Billed Amount
E00022130,P013111,2026-04-15,Obstetrics,DR0134,Inpatient,Completed,COPD,49,12.7,25955.03,16993.3,High Billed Amount
E00001962,P001173,2025-12-02,Surgery,DR0150,Inpatient,Completed,Fracture/Injury,42,3.6,25939.45,20376.78,High Billed Amount
E00019985,P011866,2024-09-02,Surgery,DR0153,Inpatient,Cancelled,Acute Abdominal Condition,64,1.9,25917.28,23675.74,High Billed Amount
E00010080,P005988,2024-03-22,Cardiology,DR0069,Inpatient,Completed,Essential Hypertension,74,9.6,25739.19,22338.64,High Billed Amount
E00022110,P013103,2024-07-06,Obstetrics,DR0127,Inpatient,Completed,Essential Hypertension,69,4.1,25667.28,19903.5,High Billed Amount
E00023293,P013791,2026-02-02,Orthopedics,DR0088,Inpatient,Completed,Osteoarthritis,25,7.5,25638.31,21505.2,High Billed Amount
E00020976,P012448,2026-09-15,Cardiology,DR0072,Inpatient,Completed,Coronary Artery Disease,143,2.1,25632.82,22653.72,High Wait Time; High Billed Amount
E00012943,P007692,2026-08-16,Obstetrics,DR0128,Inpatient,Completed,Type 2 Diabetes,35,2.0,25627.96,23042.41,High Billed Amount
E00021439,P012715,2025-01-31,General Medicine,DR0046,Inpatient,Completed,Respiratory Infection,41,3.1,25622.82,18517.58,High Billed Amount
E00024306,P014379,2026-09-22,General Medicine,DR0035,Inpatient,Completed,Chronic Kidney Disease,63,9.9,25608.97,24377.99,High Billed Amount
E00023228,P013751,2026-02-19,General Medicine,DR0050,Inpatient,Completed,Essential Hypertension,35,6.9,25512.97,14110.57,High Billed Amount
E00004888,P002904,2025-11-23,Oncology,DR0100,Inpatient,Completed,Cancer - Active Treatment,30,3.6,25477.49,22253.48,High Billed Amount
E00012721,P007562,2026-09-03,Cardiology,DR0067,Inpatient,Completed,Coronary Artery Disease,70,20.2,25350.1,23133.44,High Billed Amount; Long Inpatient LOS
E00010576,P006277,2025-10-21,Obstetrics,DR0127,Inpatient,Completed,COPD,73,5.4,25338.84,16400.24,High Billed Amount
E00021616,P012821,2026-09-28,Cardiology,DR0071,Inpatient,Completed,Chronic Kidney Disease,93,11.0,25317.84,23805.94,High Billed Amount
E00006630,P003923,2026-08-27,Oncology,DR0100,Inpatient,Completed,Cancer - Active Treatment,56,7.9,25272.16,17577.19,High Billed Amount
E00006609,P003911,2026-09-18,Orthopedics,DR0086,Inpatient,Completed,Osteoarthritis,68,18.0,25272.09,17308.32,High Billed Amount; Long Inpatient LOS
E00007698,P004558,2025-08-22,Obstetrics,DR0128,Inpatient,Completed,Fracture/Injury,113,8.3,25266.95,23166.86,High Billed Amount
E00002533,P001518,2026-07-15,Surgery,DR0149,Inpatient,Completed,Fracture/Injury,61,3.0,25193.0,17305.71,High Billed Amount
E00024182,P014308,2024-03-02,Cardiology,DR0079,Inpatient,Completed,Essential Hypertension,67,2.2,25130.8,21109.17,High Billed Amount
E00005931,P003508,2025-01-29,Surgery,DR0145,Inpatient,Completed,Acute Abdominal Condition,72,4.3,25063.74,11372.49,High Billed Amount
E00010231,P006068,2026-02-17,Surgery,DR0151,Inpatient,Completed,Type 2 Diabetes,45,12.0,25034.77,22014.03,High Billed Amount
E00015532,P009217,2024-10-18,Oncology,DR0108,Inpatient,Completed,Cancer - Active Treatment,105,2.4,24877.19,20688.76,High Billed Amount
E00009172,P005444,2025-02-08,Oncology,DR0111,Inpatient,Completed,Cancer - Active Treatment,46,3.7,24849.75,4831.05,High Billed Amount
E00023769,P014069,2024-02-25,General Medicine,DR0053,Inpatient,Completed,COPD,122,5.1,24781.74,23565.04,High Billed Amount
E00023694,P014024,2026-01-30,Surgery,DR0150,Inpatient,Completed,Type 2 Diabetes,43,2.1,24716.17,22754.75,High Billed Amount
E00004219,P002505,2024-08-24,Surgery,DR0157,Inpatient,Completed,Acute Abdominal Condition,98,2.5,24657.15,16312.33,High Billed Amount
E00008860,P005253,2026-09-21,Surgery,DR0146,Inpatient,Completed,Other Acute Condition,37,4.8,24655.03,18074.16,High Billed Amount
E00024805,P014660,2026-08-29,General Medicine,DR0050,Inpatient,Completed,Acute Abdominal Condition,50,7.9,24595.5,16915.35,High Billed Amount
E00001218,P000733,2024-08-02,Cardiology,DR0083,Inpatient,Completed,Coronary Artery Disease,120,2.8,24500.33,20439.62,High Billed Amount
E00012550,P007454,2024-08-24,General Medicine,DR0033,Inpatient,Completed,Respiratory Infection,60,15.5,24411.29,13622.73,High Billed Amount; Long Inpatient LOS
E00008392,P004972,2026-09-18,Surgery,DR0153,Inpatient,Completed,Fracture/Injury,47,5.2,24333.44,19554.53,High Billed Amount
E00020002,P011874,2025-05-30,General Medicine,DR0059,Inpatient,Completed,Type 2 Diabetes,119,9.2,24286.95,16686.53,High Billed Amount
E00022836,P013523,2026-09-13,Oncology,DR0108,Inpatient,Completed,Cancer - Active Treatment,57,7.4,24179.22,13493.78,High Billed Amount
E00016121,P009581,2026-01-16,Orthopedics,DR0098,Inpatient,Completed,Osteoarthritis,83,11.5,24151.03,13478.08,High Billed Amount
E00013842,P008246,2024-02-17,General Medicine,DR0035,Inpatient,Completed,Respiratory Infection,70,8.4,24140.04,19711.67,High Billed Amount
E00005785,P003429,2026-07-04,Orthopedics,DR0095,Inpatient,Completed,Fracture/Injury,30,2.7,24044.24,19172.49,High Billed Amount
E00009132,P005416,2025-08-18,Cardiology,DR0082,Inpatient,Completed,Coronary Artery Disease,83,4.5,24014.38,21016.43,High Billed Amount
E00022354,P013240,2025-07-03,Oncology,DR0100,Inpatient,Completed,Cancer - Active Treatment,46,3.5,23998.7,19966.7,High Billed Amount
E00009383,P005564,2025-07-26,Cardiology,DR0068,Inpatient,Completed,Type 2 Diabetes,46,11.1,23988.54,18601.76,High Billed Amount
E00022180,P013139,2025-11-15,General Medicine,DR0038,Inpatient,Completed,Fracture/Injury,77,7.7,23968.43,20612.34,High Billed Amount
E00024946,P014749,2025-01-23,Cardiology,DR0080,Inpatient,Completed,Chronic Kidney Disease,44,5.7,23931.36,14369.16,High Billed Amount
E00007728,P004573,2026-09-22,General Medicine,DR0065,Inpatient,Completed,COPD,70,4.5,23850.04,14529.39,High Billed Amount
E00021772,P012907,2026-09-10,Neurology,DR0137,Inpatient,Completed,Neurologic Disorder,57,7.7,23730.02,14256.95,High Billed Amount
E00023357,P013827,2026-04-27,Cardiology,DR0084,Inpatient,Completed,Type 2 Diabetes,32,1.9,23714.95,15126.31,High Billed Amount
E00017953,P010665,2026-08-07,Neurology,DR0142,Inpatient,Completed,Other Acute Condition,66,1.8,23694.21,17501.14,High Billed Amount
E00016367,P009731,2025-06-25,Cardiology,DR0078,Inpatient,Completed,Coronary Artery Disease,39,3.6,23641.78,20782.3,High Billed Amount
E00024243,P014341,2026-01-14,Surgery,DR0148,Inpatient,Completed,Other Acute Condition,118,2.5,23617.35,21763.3,High Billed Amount
E00008497,P005037,2026-09-12,Cardiology,DR0070,Inpatient,Completed,Essential Hypertension,42,5.8,23575.07,15666.65,High Billed Amount
E00017440,P010352,2025-09-13,Cardiology,DR0082,Inpatient,Completed,Essential Hypertension,27,2.7,23572.34,17955.46,High Billed Amount
E00005501,P003249,2025-10-10,Surgery,DR0148,Inpatient,Completed,Other Acute Condition,116,3.3,23568.71,20765.38,High Billed Amount
E00002207,P001329,2024-03-07,Surgery,DR0148,Inpatient,Completed,Acute Abdominal Condition,55,2.7,23557.58,19427.74,High Billed Amount
E00003793,P002236,2025-05-09,Pediatrics,DR0122,Inpatient,Completed,Other Acute Condition,15,5.6,23468.41,16274.93,High Billed Amount
E00015880,P009443,2024-10-27,Cardiology,DR0075,Inpatient,Completed,Coronary Artery Disease,46,1.5,23399.9,19217.7,High Billed Amount
E00008979,P005321,2026-08-19,Cardiology,DR0080,Inpatient,Completed,Essential Hypertension,62,12.3,23394.71,16000.61,High Billed Amount
E00010094,P005996,2024-07-29,Surgery,DR0148,Inpatient,Completed,Acute Abdominal Condition,51,3.8,23312.21,21549.82,High Billed Amount
E00009115,P005406,2025-02-27,Neurology,DR0142,Inpatient,Completed,Neurologic Disorder,30,6.7,23282.83,19092.75,High Billed Amount
E00008806,P005222,2024-04-21,Orthopedics,DR0089,Inpatient,Completed,Osteoarthritis,100,4.5,23273.96,16715.12,High Billed Amount
E00024624,P014556,2025-07-02,Cardiology,DR0080,Inpatient,Completed,Heart Failure,67,3.6,23246.26,21863.62,High Billed Amount
E00011399,P006758,2025-09-17,Surgery,DR0157,Inpatient,Completed,Other Acute Condition,93,4.7,23219.16,16814.63,High Billed Amount
E00021590,P012803,2025-07-01,Surgery,DR0150,Inpatient,Completed,Acute Abdominal Condition,59,4.5,23183.05,20880.13,High Billed Amount
E00017753,P010555,2026-09-28,Oncology,DR0100,Inpatient,Completed,Cancer - Active Treatment,70,3.8,23159.68,21194.46,High Billed Amount
E00002437,P001468,2026-09-15,Obstetrics,DR0132,Inpatient,Completed,Coronary Artery Disease,43,2.2,23121.5,20388.18,High Billed Amount
E00007479,P004429,2025-05-16,Surgery,DR0145,Inpatient,Completed,Acute Abdominal Condition,50,4.3,23109.85,19696.53,High Billed Amount
E00003235,P001896,2026-08-31,Obstetrics,DR0128,Inpatient,Completed,Coronary Artery Disease,62,1.9,23084.89,18067.98,High Billed Amount
E00010088,P005991,2026-09-23,Surgery,DR0156,Inpatient,Completed,Acute Abdominal Condition,29,1.7,23046.14,4618.72,High Billed Amount
E00005067,P003010,2026-04-28,Oncology,DR0110,Inpatient,Completed,Cancer - Active Treatment,81,1.6,22956.7,13478.2,High Billed Amount
E00002594,P001544,2025-10-17,Cardiology,DR0078,Inpatient,Completed,Essential Hypertension,92,1.3,22948.2,21154.77,High Billed Amount
E00010638,P006317,2024-07-25,Surgery,DR0154,Inpatient,Completed,Fracture/Injury,68,4.6,22936.63,15717.46,High Billed Amount
E00017310,P010277,2026-03-10,General Medicine,DR0066,Inpatient,Completed,Cancer - Active Treatment,56,8.4,22888.3,16326.03,High Billed Amount
E00020540,P012195,2025-08-18,Orthopedics,DR0086,Inpatient,Completed,Fracture/Injury,32,1.4,22874.07,20952.84,High Billed Amount
E00021017,P012468,2025-04-08,Surgery,DR0147,Inpatient,Completed,Acute Abdominal Condition,125,6.5,22851.99,16172.52,High Wait Time; High Billed Amount
E00001322,P000787,2025-01-27,Obstetrics,DR0125,Inpatient,Completed,Acute Abdominal Condition,55,2.8,22825.2,16751.16,High Billed Amount
E00009263,P005496,2026-09-14,Orthopedics,DR0088,Inpatient,Completed,Osteoarthritis,48,7.2,22798.61,20622.04,High Billed Amount
E00009805,P005817,2026-09-28,Surgery,DR0158,Inpatient,Completed,Fracture/Injury,78,3.3,22735.08,15687.48,High Billed Amount
E00018632,P011075,2025-01-30,Other,DR0162,Inpatient,Completed,Other Acute Condition,64,6.2,22721.37,16251.59,High Billed Amount
E00000935,P000558,2026-09-27,General Medicine,DR0054,Inpatient,Completed,Type 2 Diabetes,52,4.5,22683.6,20247.86,High Billed Amount
E00008001,P004743,2026-05-22,Obstetrics,DR0125,Inpatient,Completed,Depression/Anxiety,95,2.5,22666.85,18793.92,High Billed Amount
E00023370,P013833,2025-02-04,Surgery,DR0147,Inpatient,Completed,Other Acute Condition,30,4.0,22656.88,16390.11,High Billed Amount
E00012123,P007203,2026-09-28,Neurology,DR0141,Inpatient,Completed,Other Acute Condition,107,7.4,22644.94,12507.39,High Billed Amount
E00004753,P002817,2026-03-11,Surgery,DR0157,Inpatient,Completed,Acute Abdominal Condition,53,1.7,22634.94,16884.37,High Billed Amount
E00002162,P001300,2024-01-01,Surgery,DR0152,Inpatient,Completed,Fracture/Injury,43,7.0,22575.24,13397.99,High Billed Amount
E00018760,P011145,2026-09-24,General Medicine,DR0058,Inpatient,Completed,Pregnancy-Related,115,5.4,22573.47,21129.67,High Billed Amount
E00015701,P009326,2026-03-23,Cardiology,DR0076,Inpatient,Completed,Heart Failure,79,7.1,22523.93,17683.46,High Billed Amount
E00016775,P009969,2025-10-22,Surgery,DR0151,Inpatient,Completed,Other Acute Condition,97,2.8,22513.97,20862.9,High Billed Amount
E00013285,P007908,2025-02-19,Orthopedics,DR0097,Inpatient,Completed,Osteoarthritis,46,3.6,22489.45,18738.95,High Billed Amount
E00003043,P001795,2025-03-21,Neurology,DR0140,Inpatient,Completed,Depression/Anxiety,47,2.5,22462.03,17217.58,High Billed Amount
E00011866,P007043,2025-08-30,Surgery,DR0146,Inpatient,Completed,Fracture/Injury,100,4.9,22458.59,20334.22,High Billed Amount
E00009053,P005368,2025-07-18,Oncology,DR0101,Inpatient,Completed,Cancer - Active Treatment,45,6.6,22392.59,19822.54,High Billed Amount
E00022815,P013515,2025-04-23,Surgery,DR0157,Inpatient,Completed,Acute Abdominal Condition,47,3.1,22358.54,11985.85,High Billed Amount
E00021261,P012609,2024-01-25,Oncology,DR0108,Inpatient,Completed,Cancer - Active Treatment,99,4.3,22350.24,17115.74,High Billed Amount
E00024413,P014429,2024-05-15,Obstetrics,DR0129,Inpatient,Completed,Essential Hypertension,75,7.9,22333.04,13581.99,High Billed Amount
E00010609,P006297,2025-03-28,Cardiology,DR0069,Inpatient,Completed,Essential Hypertension,52,11.3,22323.34,11673.15,High Billed Amount
E00003593,P002123,2025-08-05,Oncology,DR0100,Inpatient,Completed,Chronic Kidney Disease,43,9.0,22319.41,20191.83,High Billed Amount
E00002337,P001404,2026-05-15,Neurology,DR0135,Inpatient,Completed,Essential Hypertension,31,5.1,22318.83,18167.3,High Billed Amount
E00015196,P009009,2026-02-06,General Medicine,DR0062,Inpatient,Completed,Respiratory Infection,47,8.0,22288.8,13281.3,High Billed Amount
E00005826,P003453,2025-02-09,Surgery,DR0146,Inpatient,Completed,Essential Hypertension,170,4.1,22263.76,13077.82,High Wait Time
E00006829,P004048,2024-01-28,Cardiology,DR0083,Inpatient,Completed,Coronary Artery Disease,57,16.8,21936.77,13123.27,Long Inpatient LOS
E00006144,P003636,2026-08-07,Oncology,DR0100,Inpatient,Completed,Cancer - Active Treatment,104,20.7,21932.44,12384.26,Long Inpatient LOS
E00024415,P014431,2024-11-29,Surgery,DR0158,Inpatient,Completed,Other Acute Condition,134,4.8,21197.05,17655.02,High Wait Time
E00008045,P004769,2026-09-19,General Medicine,DR0037,Inpatient,Completed,Heart Failure,182,16.6,21016.42,17627.09,High Wait Time; Long Inpatient LOS
E00015110,P008963,2026-09-26,Cardiology,DR0080,Inpatient,Completed,Essential Hypertension,134,4.9,20915.43,11827.64,High Wait Time
E00018981,P011275,2025-10-16,Surgery,DR0145,Inpatient,Completed,Type 2 Diabetes,28,13.5,20514.44,14232.27,Long Inpatient LOS
E00013737,P008177,2025-09-15,Obstetrics,DR0125,Inpatient,Completed,Type 2 Diabetes,69,18.0,20339.03,11745.13,Long Inpatient LOS
E00024208,P014320,2024-03-20,Surgery,DR0156,Inpatient,Completed,Fracture/Injury,142,6.1,20255.55,11847.15,High Wait Time
E00023305,P013799,2024-12-24,Surgery,DR0149,Inpatient,Completed,Acute Abdominal Condition,192,7.2,20134.22,14534.77,High Wait Time
E00009618,P005707,2026-05-17,Surgery,DR0151,Inpatient,Completed,Acute Abdominal Condition,151,2.8,20121.05,16413.64,High Wait Time
E00014790,P008767,2024-11-27,Cardiology,DR0084,Inpatient,Completed,Essential Hypertension,131,2.6,20061.41,14111.26,High Wait Time
E00004093,P002437,2025-09-17,General Medicine,DR0033,Inpatient,Completed,Cancer - Active Treatment,60,13.8,19774.92,13322.6,Long Inpatient LOS
E00001781,P001061,2025-03-12,Obstetrics,DR0131,Inpatient,Completed,Essential Hypertension,161,3.5,19685.0,15052.92,High Wait Time
E00013507,P008041,2024-08-05,Cardiology,DR0076,Inpatient,Completed,Type 2 Diabetes,74,16.2,19542.52,11879.16,Long Inpatient LOS
E00003583,P002118,2026-09-19,General Medicine,DR0056,Inpatient,Completed,Pregnancy-Related,143,1.8,19519.48,14152.16,High Wait Time
E00024758,P014630,2026-03-26,Obstetrics,DR0128,Inpatient,Completed,COPD,36,13.5,19300.77,9405.0,Long Inpatient LOS
E00017243,P010235,2026-09-10,Oncology,DR0106,Inpatient,Completed,Cancer - Active Treatment,185,10.7,19273.12,12847.88,High Wait Time
E00017850,P010605,2025-01-05,Oncology,DR0110,Inpatient,Completed,Cancer - Active Treatment,132,7.8,19127.53,12043.83,High Wait Time
E00024011,P014206,2026-08-21,Obstetrics,DR0132,Inpatient,Completed,Essential Hypertension,159,3.0,19076.41,14713.13,High Wait Time
E00019860,P011795,2025-09-27,Cardiology,DR0084,Inpatient,Completed,Essential Hypertension,164,2.3,18875.25,10848.47,High Wait Time
E00006853,P004062,2025-12-29,Oncology,DR0104,Inpatient,Completed,Chronic Kidney Disease,132,2.9,18556.09,11537.0,High Wait Time
E00023742,P014053,2025-07-02,Obstetrics,DR0128,Inpatient,Completed,Pregnancy-Related,139,4.2,18534.61,15749.34,High Wait Time
E00014080,P008366,2026-07-13,Cardiology,DR0072,Inpatient,Completed,Coronary Artery Disease,131,5.2,18477.83,11211.31,High Wait Time
E00005680,P003361,2024-02-28,Cardiology,DR0072,Inpatient,Completed,Heart Failure,146,5.9,18180.19,15229.49,High Wait Time
E00011121,P006599,2025-05-16,Cardiology,DR0083,Inpatient,Completed,Coronary Artery Disease,134,8.4,18159.69,12207.41,High Wait Time
E00001161,P000698,2026-09-17,General Medicine,DR0039,Inpatient,Completed,Type 2 Diabetes,126,4.5,17881.05,14671.98,High Wait Time
E00022205,P013153,2024-05-13,General Medicine,DR0065,Inpatient,Completed,Heart Failure,61,20.6,17533.05,16087.96,Long Inpatient LOS
E00005681,P003362,2025-08-20,General Medicine,DR0061,Inpatient,Completed,Fracture/Injury,116,15.6,17511.69,15331.99,Long Inpatient LOS
E00010254,P006077,2024-12-23,Oncology,DR0103,Inpatient,Completed,Cancer - Active Treatment,44,14.2,17496.09,7790.19,Long Inpatient LOS
E00002917,P001729,2025-03-04,Obstetrics,DR0133,Inpatient,Completed,Cancer - Active Treatment,155,3.5,17316.48,9909.63,High Wait Time
E00005132,P003050,2026-07-17,Surgery,DR0155,Inpatient,Completed,Essential Hypertension,141,2.0,17312.44,16391.33,High Wait Time
E00013293,P007913,2025-03-21,Orthopedics,DR0097,Inpatient,Completed,Osteoarthritis,136,5.4,16943.01,9523.71,High Wait Time
E00023820,P014097,2026-09-14,General Medicine,DR0033,Inpatient,Completed,Osteoarthritis,149,1.6,16866.9,12775.46,High Wait Time
E00001798,P001069,2024-05-17,General Medicine,DR0044,Inpatient,Completed,Depression/Anxiety,127,1.7,16812.28,10695.71,High Wait Time
E00003412,P002014,2026-07-05,Surgery,DR0146,Inpatient,Completed,Acute Abdominal Condition,67,16.3,16787.82,15687.58,Long Inpatient LOS
E00007615,P004507,2026-09-07,Obstetrics,DR0134,Inpatient,Completed,Respiratory Infection,144,1.4,16784.7,12600.03,High Wait Time
E00019073,P011333,2026-06-29,Cardiology,DR0076,Inpatient,Completed,Heart Failure,39,15.0,16765.35,10246.21,Long Inpatient LOS
E00018341,P010891,2025-11-10,Pediatrics,DR0118,Inpatient,Completed,Other Acute Condition,192,4.0,16544.96,12588.98,High Wait Time
E00016594,P009870,2025-03-21,General Medicine,DR0061,Inpatient,Cancelled,Type 2 Diabetes,64,16.3,16483.78,15467.8,Long Inpatient LOS
E00007103,P004204,2024-08-16,Oncology,DR0105,Inpatient,Completed,Type 2 Diabetes,70,18.0,16473.8,14835.75,Long Inpatient LOS
E00016670,P009917,2025-12-07,Cardiology,DR0083,Inpatient,Completed,Essential Hypertension,137,5.9,16395.84,10775.59,High Wait Time
E00025320,P014971,2024-06-05,General Medicine,DR0056,Inpatient,Completed,Respiratory Infection,127,2.3,16336.97,2845.14,High Wait Time
E00014399,P008552,2026-09-10,Oncology,DR0106,Inpatient,Completed,Cancer - Active Treatment,239,6.8,16278.79,13895.04,High Wait Time
E00004235,P002515,2026-05-27,Surgery,DR0155,Inpatient,Completed,Other Acute Condition,129,3.4,16268.96,13985.2,High Wait Time
E00021932,P012992,2024-11-19,Cardiology,DR0074,Inpatient,Completed,Chronic Kidney Disease,142,4.6,16221.4,10819.59,High Wait Time
E00022056,P013070,2024-01-31,Oncology,DR0101,Inpatient,Completed,Essential Hypertension,50,13.9,15992.53,15139.28,Long Inpatient LOS
E00001833,P001088,2025-07-21,Cardiology,DR0083,Inpatient,Completed,Heart Failure,163,4.7,15917.99,10867.64,High Wait Time
E00010699,P006347,2024-12-12,Obstetrics,DR0132,Inpatient,Completed,Type 2 Diabetes,27,15.4,15881.4,14253.33,Long Inpatient LOS
E00011821,P007015,2026-09-26,Cardiology,DR0080,Inpatient,Completed,Coronary Artery Disease,134,8.5,15818.21,12835.28,High Wait Time
E00009168,P005442,2025-12-12,Orthopedics,DR0096,Inpatient,Completed,Osteoarthritis,135,2.1,15807.73,9042.57,High Wait Time
E00009619,P005708,2026-08-13,Cardiology,DR0079,Inpatient,Completed,Heart Failure,32,21.4,15795.45,9476.0,Long Inpatient LOS
E00015649,P009296,2025-10-26,Obstetrics,DR0133,Inpatient,Completed,Essential Hypertension,150,4.9,15772.79,13758.37,High Wait Time
E00012031,P007145,2024-08-04,Neurology,DR0144,Inpatient,Completed,Essential Hypertension,147,6.2,15705.25,14537.09,High Wait Time
E00022543,P013358,2025-05-24,Neurology,DR0144,Inpatient,Completed,Respiratory Infection,41,16.2,15621.66,9525.22,Long Inpatient LOS
E00016175,P009612,2026-09-19,Cardiology,Unknown,Inpatient,Completed,Essential Hypertension,129,2.1,15404.81,8565.08,High Wait Time
E00013498,P008033,2025-06-27,Surgery,DR0152,Inpatient,Completed,Type 2 Diabetes,131,3.9,15393.84,9809.18,High Wait Time
E00011696,P006945,2026-08-17,Cardiology,DR0079,Inpatient,Completed,Heart Failure,136,6.0,15368.97,13481.27,High Wait Time
E00022663,P013423,2025-07-29,Orthopedics,DR0095,Inpatient,Completed,Fracture/Injury,129,2.8,15324.02,10689.13,High Wait Time
E00015608,P009266,2026-02-24,General Medicine,DR0052,Inpatient,Completed,Depression/Anxiety,133,12.8,15255.41,14061.79,High Wait Time
E00016310,P009696,2025-09-03,Cardiology,DR0079,Inpatient,Completed,Heart Failure,128,3.5,15169.58,8723.04,High Wait Time
E00008877,P005264,2024-08-12,Oncology,DR0106,Inpatient,Completed,Cancer - Active Treatment,88,15.4,15122.98,14373.79,Long Inpatient LOS
E00023720,P014041,2025-02-02,General Medicine,DR0051,Inpatient,Completed,Depression/Anxiety,240,3.0,15026.72,9016.29,High Wait Time
E00016261,P009665,2026-09-26,General Medicine,DR0043,Inpatient,Completed,Essential Hypertension,150,4.3,14954.76,13714.02,High Wait Time
E00021278,P012616,2024-07-13,Surgery,DR0155,Inpatient,Completed,Type 2 Diabetes,188,2.6,14928.3,11690.34,High Wait Time
E00002420,P001460,2026-09-11,Surgery,DR0158,Inpatient,Completed,Other Acute Condition,140,1.5,14883.32,12981.13,High Wait Time
E00010313,P006115,2026-03-11,Oncology,DR0104,Inpatient,Completed,Cancer - Active Treatment,146,6.3,14810.82,10077.86,High Wait Time
E00019892,P011816,2024-07-25,Obstetrics,DR0134,Inpatient,Completed,Essential Hypertension,158,5.2,14751.89,11341.34,High Wait Time
E00017924,P010649,2024-05-30,Surgery,DR0152,Inpatient,Completed,Acute Abdominal Condition,163,2.3,14611.15,4743.69,High Wait Time
E00008869,P005258,2025-10-15,Orthopedics,DR0098,Inpatient,Completed,Osteoarthritis,125,7.1,14299.06,9908.53,High Wait Time
E00015933,P009473,2025-12-27,Oncology,DR0101,Inpatient,Completed,Other Acute Condition,240,4.3,14183.72,13494.99,High Wait Time
E00025204,P014901,2024-04-27,General Medicine,DR0045,Inpatient,Completed,Essential Hypertension,44,20.2,14133.78,7845.77,Long Inpatient LOS
E00012403,P007362,2025-09-22,Cardiology,DR0075,Inpatient,Completed,Type 2 Diabetes,140,2.2,14128.99,11011.53,High Wait Time
E00017249,P010236,2024-08-24,General Medicine,DR0063,Inpatient,Completed,Neurologic Disorder,240,9.8,14085.0,10139.96,High Wait Time
E00006873,P004073,2026-07-08,Surgery,DR0145,Inpatient,Completed,Type 2 Diabetes,150,8.2,14027.26,10898.98,High Wait Time
E00006190,P003667,2025-07-12,General Medicine,DR0034,Inpatient,Completed,Respiratory Infection,192,2.7,14011.05,8585.1,High Wait Time
E00022432,P013294,2024-06-13,Oncology,DR0105,Inpatient,Completed,Essential Hypertension,149,4.9,13979.97,10757.72,High Wait Time
E00007199,P004259,2026-09-11,Neurology,DR0138,Inpatient,Completed,Other Acute Condition,37,16.9,13972.29,8207.25,Long Inpatient LOS
E00005444,P003216,2024-05-04,General Medicine,DR0062,Inpatient,Completed,Osteoarthritis,163,3.9,13939.14,9410.89,High Wait Time
E00024502,P014483,2026-04-28,General Medicine,DR0039,Inpatient,Completed,Osteoarthritis,156,2.2,13933.04,4919.92,High Wait Time
E00004463,P002646,2026-01-21,General Medicine,DR0034,Inpatient,Completed,Cancer - Active Treatment,193,1.6,13930.37,6805.31,High Wait Time
E00007306,P004321,2024-09-27,Surgery,DR0149,Inpatient,Completed,Acute Abdominal Condition,131,2.8,13896.69,8177.67,High Wait Time
E00000882,P000531,2024-11-23,Surgery,DR0151,Inpatient,Completed,Other Acute Condition,135,2.1,13872.33,10755.51,High Wait Time
E00001946,P001160,2025-12-22,Obstetrics,DR0134,Inpatient,Completed,Chronic Kidney Disease,128,9.2,13857.36,12883.33,High Wait Time
E00015234,P009032,2024-01-19,General Medicine,DR0034,Inpatient,Completed,COPD,38,15.1,13837.95,11390.84,Long Inpatient LOS
E00014110,P008382,2026-08-10,Orthopedics,DR0085,Inpatient,Completed,Other Acute Condition,163,5.8,13812.55,11481.15,High Wait Time
E00016429,P009769,2025-03-21,General Medicine,DR0063,Inpatient,Completed,Heart Failure,49,16.5,13756.82,13163.35,Long Inpatient LOS
E00024848,P014691,2024-10-16,General Medicine,DR0061,Inpatient,Completed,Essential Hypertension,149,2.3,13751.35,9968.63,High Wait Time
E00025158,P014870,2024-02-02,Surgery,DR0150,Inpatient,Completed,Acute Abdominal Condition,151,4.5,13561.16,7822.48,High Wait Time
E00016350,P009719,2025-07-01,Cardiology,DR0074,Inpatient,Completed,Essential Hypertension,125,2.1,13472.27,10781.34,High Wait Time
E00001365,P000810,2025-01-06,Neurology,DR0137,Inpatient,Completed,Neurologic Disorder,148,10.9,13398.96,9260.64,High Wait Time
E00012715,P007558,2026-04-14,Surgery,DR0157,Inpatient,Completed,Acute Abdominal Condition,141,8.5,13312.4,8045.4,High Wait Time
E00020840,P012376,2024-02-01,Obstetrics,DR0131,Inpatient,Completed,Type 2 Diabetes,139,2.4,13222.39,11770.68,High Wait Time
E00019942,P011846,2026-01-04,General Medicine,DR0062,Inpatient,Completed,Heart Failure,204,5.3,13114.73,11470.22,High Wait Time
E00023306,P013799,2025-11-20,Oncology,DR0107,Inpatient,Completed,Cancer - Active Treatment,30,18.7,13077.28,8885.79,Long Inpatient LOS
E00002083,P001246,2025-05-19,Obstetrics,DR0125,Inpatient,Completed,Acute Abdominal Condition,149,6.2,13004.38,10379.42,High Wait Time
E00015192,P009008,2026-04-14,General Medicine,DR0063,Inpatient,Completed,Osteoarthritis,77,15.0,12994.36,9044.98,Long Inpatient LOS
E00005981,P003537,2024-02-28,Obstetrics,DR0129,Inpatient,Completed,Essential Hypertension,157,6.5,12953.02,9065.74,High Wait Time
E00020169,P011973,2025-02-10,General Medicine,DR0037,Inpatient,Completed,Heart Failure,43,15.7,12944.19,7881.64,Long Inpatient LOS
E00014061,P008355,2025-01-08,Obstetrics,DR0130,Inpatient,Completed,Essential Hypertension,153,13.1,12940.79,11039.98,High Wait Time
E00006332,P003750,2026-08-13,Surgery,DR0155,Inpatient,Completed,Acute Abdominal Condition,152,1.7,12790.75,7477.55,High Wait Time
E00014521,P008624,2026-09-29,Cardiology,DR0072,Inpatient,Completed,Essential Hypertension,135,9.5,12790.45,9109.97,High Wait Time
E00001236,P000740,2025-06-16,Orthopedics,DR0086,Inpatient,Completed,Type 2 Diabetes,176,6.8,12702.61,7859.72,High Wait Time
E00002720,P001616,2025-10-15,Cardiology,DR0081,Inpatient,Completed,Coronary Artery Disease,141,4.7,12667.38,7895.09,High Wait Time
E00022321,P013218,2025-11-24,General Medicine,DR0052,Inpatient,Completed,Type 2 Diabetes,142,3.0,12582.2,10702.82,High Wait Time
E00007330,P004336,2024-04-04,Cardiology,DR0076,Inpatient,Completed,Heart Failure,78,15.1,12503.67,9524.41,Long Inpatient LOS
E00021879,P012964,2026-09-03,Cardiology,DR0072,Inpatient,Completed,Type 2 Diabetes,240,3.2,12490.22,9508.87,High Wait Time
E00006451,P003818,2025-04-21,Obstetrics,DR0126,Inpatient,Completed,Heart Failure,129,7.1,12428.42,10321.22,High Wait Time
E00010915,P006477,2025-09-15,Obstetrics,DR0128,Inpatient,Completed,Essential Hypertension,133,3.1,12356.71,8915.03,High Wait Time
E00017746,P010550,2024-05-18,Surgery,DR0158,Inpatient,Completed,Type 2 Diabetes,137,4.1,12309.68,9569.64,High Wait Time
E00002869,P001708,2025-04-20,Obstetrics,DR0129,Inpatient,Completed,Essential Hypertension,132,3.6,12286.38,9300.67,High Wait Time
E00014840,P008798,2025-09-29,Orthopedics,DR0090,Inpatient,Completed,Fracture/Injury,237,1.4,12280.02,11002.57,High Wait Time
E00008661,P005137,2025-07-30,Obstetrics,DR0133,Inpatient,Completed,Pregnancy-Related,166,4.1,12271.33,10345.55,High Wait Time
E00000869,P000525,2025-07-22,Surgery,DR0151,Inpatient,Completed,Other Acute Condition,128,5.2,12034.78,11216.72,High Wait Time
E00011450,P006783,2025-11-18,General Medicine,DR0050,Inpatient,Completed,Respiratory Infection,26,17.0,11911.77,9047.81,Long Inpatient LOS
E00008733,P005178,2026-03-19,Obstetrics,DR0125,Inpatient,Completed,Other Acute Condition,199,10.9,11874.76,10656.24,High Wait Time
E00003184,P001863,2025-07-07,Obstetrics,DR0130,Inpatient,Completed,Chronic Kidney Disease,135,10.2,11825.48,9051.69,High Wait Time
E00022862,P013536,2026-09-27,Cardiology,DR0083,Inpatient,Completed,Type 2 Diabetes,143,2.5,11791.67,6692.46,High Wait Time
E00020495,P012165,2026-07-04,General Medicine,DR0044,Inpatient,Completed,Respiratory Infection,193,14.4,11717.28,10870.73,High Wait Time; Long Inpatient LOS
E00002376,P001430,2025-03-20,Surgery,DR0155,Inpatient,Completed,Acute Abdominal Condition,136,2.6,11699.85,10529.36,High Wait Time
E00007165,P004240,2025-02-04,General Medicine,DR0060,Inpatient,Completed,Type 2 Diabetes,125,2.4,11680.42,6924.08,High Wait Time
E00013706,P008158,2026-06-29,Cardiology,DR0081,Inpatient,Completed,Type 2 Diabetes,132,4.6,11660.31,3390.68,High Wait Time
E00005039,P002990,2026-08-19,Surgery,DR0148,Inpatient,Completed,Acute Abdominal Condition,226,1.3,11627.49,11028.12,High Wait Time
E00002151,P001295,2025-10-11,Pediatrics,DR0116,Inpatient,Completed,Respiratory Infection,148,5.2,11531.34,10860.11,High Wait Time
E00014249,P008467,2026-03-24,Orthopedics,DR0087,Inpatient,Completed,Osteoarthritis,210,1.9,11483.16,7503.05,High Wait Time
E00022743,P013473,2026-08-04,Neurology,DR0137,Inpatient,Completed,Depression/Anxiety,137,3.3,11434.64,8204.69,High Wait Time
E00023226,P013751,2024-05-01,Surgery,DR0158,Inpatient,Completed,Essential Hypertension,126,2.8,11396.56,9247.17,High Wait Time
E00010377,P006153,2026-02-07,Neurology,DR0140,Inpatient,Completed,Depression/Anxiety,156,6.2,11391.64,7339.78,High Wait Time
E00015741,P009355,2024-11-10,Cardiology,DR0076,Inpatient,Completed,Essential Hypertension,82,18.0,11367.25,10140.51,Long Inpatient LOS
E00012542,P007448,2024-10-05,Cardiology,DR0071,Inpatient,Completed,Essential Hypertension,154,3.9,11323.5,8932.98,High Wait Time
E00006529,P003867,2025-06-28,Surgery,DR0155,Inpatient,Completed,Fracture/Injury,171,3.1,11315.37,7066.39,High Wait Time
E00016221,P009641,2026-09-21,Orthopedics,DR0091,Inpatient,Completed,Osteoarthritis,189,1.9,11306.65,8305.42,High Wait Time
E00023831,P014102,2025-05-21,General Medicine,DR0051,Inpatient,Completed,Heart Failure,132,3.0,11213.09,9070.48,High Wait Time
E00005696,P003372,2024-06-24,General Medicine,DR0041,Inpatient,Completed,COPD,107,14.0,11205.2,6041.63,Long Inpatient LOS
E00015589,P009255,2026-07-23,General Medicine,DR0066,Inpatient,Completed,Type 2 Diabetes,145,5.2,11202.79,9678.42,High Wait Time
E00013185,P007852,2026-04-09,Cardiology,DR0082,Inpatient,Completed,Coronary Artery Disease,125,8.5,11144.6,8512.76,High Wait Time
E00023883,P014132,2025-05-13,Neurology,DR0138,Inpatient,Completed,Depression/Anxiety,141,3.2,11137.89,6717.75,High Wait Time
E00018124,P010770,2024-01-31,Surgery,DR0155,Inpatient,Completed,Fracture/Injury,136,2.7,11031.53,8813.77,High Wait Time
E00025274,P014941,2025-08-17,General Medicine,DR0058,Inpatient,Completed,Respiratory Infection,139,4.0,11018.74,8197.71,High Wait Time
E00024698,P014598,2026-08-13,Oncology,DR0107,Inpatient,Completed,Chronic Kidney Disease,190,5.7,11016.84,6777.49,High Wait Time
E00020564,P012210,2026-09-01,Cardiology,DR0073,Inpatient,Completed,Coronary Artery Disease,154,1.9,11000.27,9856.15,High Wait Time
E00011529,P006827,2025-08-06,Oncology,DR0105,Inpatient,Completed,Other Acute Condition,55,14.7,10948.84,8302.15,Long Inpatient LOS
E00012073,P007171,2024-08-31,General Medicine,DR0040,Inpatient,Completed,Essential Hypertension,128,3.0,10924.74,8588.37,High Wait Time
E00019255,P011444,2026-09-11,Orthopedics,DR0096,Inpatient,Completed,Osteoarthritis,142,3.5,10910.47,6720.79,High Wait Time
E00015420,P009147,2026-03-23,Surgery,DR0151,Inpatient,Completed,Other Acute Condition,143,4.4,10866.25,8382.87,High Wait Time
E00014841,P008799,2025-07-13,General Medicine,DR0046,Inpatient,Cancelled,Heart Failure,180,4.2,10864.25,6014.29,High Wait Time
E00018028,P010710,2024-08-05,Orthopedics,DR0089,Inpatient,Completed,Fracture/Injury,146,3.0,10819.22,7908.98,High Wait Time
E00012922,P007679,2026-05-12,Cardiology,DR0078,Inpatient,Completed,Coronary Artery Disease,236,5.8,10810.84,9585.54,High Wait Time
E00021997,P013028,2024-11-06,Orthopedics,DR0088,Inpatient,Completed,Osteoarthritis,156,2.8,10786.97,8552.35,High Wait Time
E00015911,P009460,2026-09-16,Surgery,DR0158,Inpatient,Completed,Type 2 Diabetes,142,3.0,10755.86,9173.98,High Wait Time
E00024461,P014460,2025-10-09,Oncology,DR0104,Inpatient,Completed,Essential Hypertension,127,1.6,10715.24,10155.0,High Wait Time
E00008121,P004813,2024-09-01,Orthopedics,DR0089,Inpatient,Completed,Osteoarthritis,168,4.4,10699.64,4406.55,High Wait Time
E00021565,P012790,2025-03-25,Surgery,DR0148,Inpatient,Completed,Fracture/Injury,136,4.2,10677.14,8036.52,High Wait Time
E00011192,P006642,2026-06-23,General Medicine,DR0063,Inpatient,Completed,Cancer - Active Treatment,128,3.5,10649.41,9022.47,High Wait Time
E00016911,P010050,2025-03-18,Cardiology,DR0078,Inpatient,Completed,Heart Failure,163,3.7,10626.28,8358.26,High Wait Time
E00004483,P002657,2026-09-19,Obstetrics,DR0134,Inpatient,Completed,Pregnancy-Related,153,1.6,10586.18,9018.4,High Wait Time
E00006548,P003880,2024-01-17,Oncology,DR0110,Inpatient,Completed,Cancer - Active Treatment,141,3.9,10560.98,6256.28,High Wait Time
E00025191,P014892,2024-06-30,Cardiology,DR0072,Inpatient,Completed,Essential Hypertension,158,2.0,10534.17,6648.7,High Wait Time
E00012420,P007373,2024-11-18,Cardiology,DR0077,Inpatient,Completed,Essential Hypertension,39,18.1,10527.75,6457.98,Long Inpatient LOS
E00020347,P012074,2024-12-18,General Medicine,DR0051,Inpatient,Completed,Fracture/Injury,190,2.7,10489.5,6926.69,High Wait Time
E00002535,P001519,2024-01-18,General Medicine,DR0052,Inpatient,Completed,Fracture/Injury,134,6.7,10479.04,7650.23,High Wait Time
E00023193,P013731,2024-02-27,General Medicine,DR0062,Inpatient,Completed,Cancer - Active Treatment,147,2.4,10444.85,9312.17,High Wait Time
E00012236,P007267,2024-01-31,Cardiology,DR0081,Inpatient,Completed,Type 2 Diabetes,160,1.5,10324.53,8820.55,High Wait Time
E00015630,P009283,2025-06-20,Surgery,DR0154,Inpatient,Completed,Acute Abdominal Condition,218,10.2,10322.75,9190.94,High Wait Time
E00004738,P002806,2025-11-02,Cardiology,DR0069,Inpatient,Completed,Chronic Kidney Disease,135,1.1,10316.21,5824.75,High Wait Time
E00017182,P010202,2025-04-17,General Medicine,DR0042,Inpatient,Completed,Fracture/Injury,157,2.6,10301.41,7680.06,High Wait Time
E00021689,P012859,2025-09-23,Cardiology,DR0082,Inpatient,Completed,Coronary Artery Disease,127,4.5,10212.4,9191.05,High Wait Time
E00021732,P012882,2025-01-12,Surgery,DR0153,Inpatient,Completed,Type 2 Diabetes,220,1.6,10128.98,9320.42,High Wait Time
E00013512,P008043,2026-08-02,General Medicine,DR0032,Inpatient,Completed,Essential Hypertension,157,6.0,10097.7,9633.81,High Wait Time
E00017327,P010288,2025-08-13,Obstetrics,DR0127,Inpatient,Completed,Heart Failure,125,3.6,10078.71,7876.29,High Wait Time
E00014732,P008737,2025-05-08,General Medicine,DR0031,Inpatient,Completed,Respiratory Infection,130,7.4,10046.31,4386.66,High Wait Time
E00021124,P012524,2025-12-28,Surgery,DR0146,Inpatient,Completed,Acute Abdominal Condition,167,3.9,9990.98,8465.1,High Wait Time
E00000703,P000426,2025-03-29,Surgery,DR0158,Inpatient,Completed,Acute Abdominal Condition,138,3.8,9874.1,6038.03,High Wait Time
E00015835,P009413,2025-02-04,Other,DR0163,Inpatient,Completed,Type 2 Diabetes,158,1.2,9827.87,7677.52,High Wait Time
E00001891,P001126,2025-12-20,General Medicine,DR0038,Inpatient,Completed,Type 2 Diabetes,172,6.6,9809.8,6021.38,High Wait Time
E00012968,P007712,2025-09-23,General Medicine,DR0061,Inpatient,Completed,Cancer - Active Treatment,224,2.8,9753.9,8750.91,High Wait Time
E00015111,P008964,2024-05-25,General Medicine,DR0046,Inpatient,Completed,Coronary Artery Disease,193,4.7,9727.22,7768.74,High Wait Time
E00014860,P008810,2026-05-27,Surgery,DR0145,Inpatient,Completed,Other Acute Condition,160,2.2,9724.01,8695.74,High Wait Time
E00019066,P011328,2025-06-04,General Medicine,DR0040,Inpatient,Completed,Type 2 Diabetes,152,5.9,9720.44,5749.25,High Wait Time
E00021051,P012483,2026-09-20,Surgery,DR0149,Inpatient,Completed,Fracture/Injury,141,2.3,9709.5,7564.7,High Wait Time
E00016167,P009607,2024-06-12,Neurology,DR0144,Inpatient,Completed,Depression/Anxiety,144,6.9,9702.81,5751.03,High Wait Time
E00019956,P011850,2026-09-27,General Medicine,DR0045,Inpatient,Completed,Chronic Kidney Disease,43,15.1,9650.26,8592.83,Long Inpatient LOS
E00021438,P012714,2025-02-06,Obstetrics,DR0133,Inpatient,Completed,Essential Hypertension,133,4.7,9649.44,8449.65,High Wait Time
E00019053,P011322,2026-06-19,Surgery,DR0150,Inpatient,Completed,Acute Abdominal Condition,139,2.5,9632.36,6596.04,High Wait Time
E00016995,P010094,2025-05-21,Obstetrics,DR0130,Inpatient,Completed,Neurologic Disorder,183,4.9,9594.18,7107.12,High Wait Time
E00000742,P000448,2026-09-22,Surgery,DR0145,Inpatient,Completed,Other Acute Condition,184,3.8,9576.41,8586.34,High Wait Time
E00012927,P007682,2024-06-04,Other,DR0163,Inpatient,Completed,Chronic Kidney Disease,146,1.0,9554.77,6415.4,High Wait Time
E00024121,P014274,2025-04-27,Orthopedics,DR0098,Inpatient,Completed,Other Acute Condition,176,2.3,9549.67,8473.12,High Wait Time
E00022157,P013126,2024-03-02,General Medicine,DR0060,Inpatient,Completed,Type 2 Diabetes,187,4.3,9454.36,8043.92,High Wait Time
E00004004,P002374,2024-08-21,General Medicine,DR0043,Inpatient,Completed,Type 2 Diabetes,170,2.8,9379.42,5604.24,High Wait Time
E00014684,P008709,2026-09-21,Surgery,DR0148,Inpatient,Completed,Acute Abdominal Condition,178,1.3,9345.2,7913.08,High Wait Time
E00013948,P008299,2025-10-26,Orthopedics,DR0094,Inpatient,Completed,Other Acute Condition,156,3.4,9303.29,7971.11,High Wait Time
E00001024,P000610,2026-08-04,Orthopedics,DR0099,Inpatient,Completed,Osteoarthritis,240,3.8,9300.43,7024.55,High Wait Time
E00010532,P006253,2025-04-24,Cardiology,DR0079,Inpatient,Completed,Heart Failure,205,13.2,9254.92,5095.78,High Wait Time
E00017465,P010364,2024-09-07,Oncology,DR0104,Inpatient,Completed,Other Acute Condition,144,2.4,9250.93,7984.67,High Wait Time
E00012682,P007531,2026-02-19,Surgery,DR0148,Inpatient,Cancelled,Fracture/Injury,130,2.0,9235.64,5120.34,High Wait Time
E00009014,P005347,2026-09-02,Pediatrics,DR0114,Inpatient,Completed,Respiratory Infection,55,18.0,9218.66,6167.81,Long Inpatient LOS
E00018530,P011006,2026-09-17,Oncology,DR0110,Inpatient,Completed,Cancer - Active Treatment,143,16.4,9173.43,5372.03,High Wait Time; Long Inpatient LOS
E00006802,P004031,2025-05-12,Oncology,DR0104,Inpatient,Completed,Cancer - Active Treatment,147,3.6,9154.62,8601.06,High Wait Time
E00014271,P008484,2025-03-29,Surgery,DR0155,Inpatient,Completed,Type 2 Diabetes,160,1.4,9148.95,4158.43,High Wait Time
E00005831,P003456,2024-03-10,Neurology,DR0139,Inpatient,Completed,Depression/Anxiety,172,4.1,9148.38,8308.41,High Wait Time
E00006654,P003939,2026-09-19,General Medicine,DR0061,Inpatient,Completed,Heart Failure,151,3.1,9048.76,6997.94,High Wait Time
E00020476,P012151,2026-09-24,Orthopedics,DR0090,Inpatient,Completed,Type 2 Diabetes,134,4.1,9038.35,8658.87,High Wait Time
E00022967,P013603,2026-02-22,Other,DR0161,Inpatient,Completed,Respiratory Infection,191,4.7,9021.49,6336.79,High Wait Time
E00003784,P002231,2026-09-30,Cardiology,DR0074,Inpatient,Completed,Chronic Kidney Disease,137,6.3,8995.48,6027.72,High Wait Time
E00006254,P003709,2025-04-13,General Medicine,DR0032,Inpatient,Completed,Type 2 Diabetes,181,3.2,8995.19,5183.1,High Wait Time
E00017551,P010420,2025-08-12,General Medicine,DR0033,Inpatient,Completed,Essential Hypertension,147,2.6,8945.0,7068.67,High Wait Time
E00015275,P009055,2025-05-24,General Medicine,DR0038,Inpatient,Completed,Pregnancy-Related,151,2.9,8943.65,6831.59,High Wait Time
E00000850,P000515,2026-06-07,Cardiology,DR0069,Inpatient,Completed,Essential Hypertension,155,2.7,8914.84,7671.53,High Wait Time
E00023804,P014088,2025-06-06,Neurology,DR0138,Inpatient,Completed,Neurologic Disorder,130,1.7,8909.01,5575.0,High Wait Time
E00018287,P010861,2026-09-26,Obstetrics,DR0126,Inpatient,Completed,Essential Hypertension,143,6.7,8904.31,6018.11,High Wait Time
E00016790,P009975,2024-08-18,Orthopedics,DR0099,Inpatient,Completed,Type 2 Diabetes,206,2.4,8870.12,5552.34,High Wait Time
E00006832,P004048,2025-07-24,Obstetrics,DR0125,Inpatient,Completed,Fracture/Injury,166,5.1,8778.21,7903.88,High Wait Time
E00010974,P006511,2025-12-14,Neurology,DR0139,Inpatient,Completed,Neurologic Disorder,147,1.9,8774.6,5383.52,High Wait Time
E00016389,P009744,2024-01-24,Surgery,DR0157,Inpatient,Completed,Acute Abdominal Condition,128,2.0,8649.86,6267.63,High Wait Time
E00006480,P003836,2026-09-12,General Medicine,DR0047,Inpatient,Completed,Heart Failure,134,3.9,8640.1,7188.97,High Wait Time
E00001811,P001077,2026-02-10,Cardiology,DR0071,Inpatient,Completed,Coronary Artery Disease,157,2.8,8636.67,7093.06,High Wait Time
E00016096,P009571,2024-12-21,Obstetrics,DR0134,Inpatient,Completed,Type 2 Diabetes,137,4.5,8633.0,7137.5,High Wait Time
E00011344,P006728,2025-10-02,Obstetrics,DR0132,Inpatient,Completed,Osteoarthritis,212,8.1,8594.01,7214.06,High Wait Time
E00017949,P010664,2026-08-31,Obstetrics,DR0129,Inpatient,Completed,Type 2 Diabetes,126,10.6,8546.65,5894.27,High Wait Time
E00000908,P000547,2026-09-18,Orthopedics,DR0090,Inpatient,Completed,Osteoarthritis,173,6.0,8501.06,7401.24,High Wait Time
E00010578,P006279,2025-09-01,Surgery,DR0152,Inpatient,Completed,Essential Hypertension,156,4.9,8483.66,6541.25,High Wait Time
E00019918,P011832,2024-03-07,General Medicine,DR0035,Inpatient,Completed,Type 2 Diabetes,132,2.2,8386.77,6901.7,High Wait Time
E00004072,P002421,2024-09-01,Cardiology,DR0082,Inpatient,Completed,Essential Hypertension,162,7.5,8357.29,2358.23,High Wait Time
E00019183,P011397,2024-07-26,Surgery,DR0153,Inpatient,Completed,Acute Abdominal Condition,138,2.7,8355.06,5024.56,High Wait Time
E00008343,P004940,2026-09-13,General Medicine,DR0047,Inpatient,Completed,Heart Failure,157,4.7,8352.56,5439.41,High Wait Time
E00002290,P001380,2026-08-22,Cardiology,DR0084,Inpatient,Completed,Essential Hypertension,129,2.6,8336.47,7025.91,High Wait Time
E00024621,P014553,2024-11-21,General Medicine,DR0032,Inpatient,Completed,COPD,126,9.0,8333.62,6020.49,High Wait Time
E00006181,P003661,2026-02-09,Cardiology,DR0076,Inpatient,Completed,Essential Hypertension,211,3.4,8248.76,6148.71,High Wait Time
E00002227,P001344,2025-03-31,Oncology,DR0107,Inpatient,Completed,Other Acute Condition,143,3.0,8248.5,7624.97,High Wait Time
E00013284,P007908,2025-01-05,Obstetrics,DR0126,Inpatient,Completed,Type 2 Diabetes,168,8.1,8179.58,5790.88,High Wait Time
E00000456,P000286,2025-06-01,General Medicine,DR0036,Inpatient,Completed,Respiratory Infection,153,3.2,8152.32,5074.99,High Wait Time
E00021546,P012778,2026-09-22,Other,DR0165,Inpatient,Completed,COPD,140,5.9,8091.29,5005.58,High Wait Time
E00013373,P007958,2024-01-29,General Medicine,DR0034,Inpatient,Completed,Fracture/Injury,156,4.6,8078.18,6029.79,High Wait Time
E00018334,P010886,2026-09-30,Oncology,DR0106,Inpatient,Completed,Chronic Kidney Disease,133,3.5,8075.55,5361.56,High Wait Time
E00016203,P009628,2026-02-19,General Medicine,DR0064,Inpatient,Completed,Heart Failure,141,2.8,8038.37,4471.24,High Wait Time
E00013388,P007968,2026-05-16,Cardiology,DR0075,Inpatient,Completed,Chronic Kidney Disease,148,2.0,8032.4,5780.34,High Wait Time
E00010506,P006236,2024-07-29,Obstetrics,DR0133,Inpatient,Completed,Coronary Artery Disease,146,4.8,8016.77,7418.05,High Wait Time
E00012441,P007386,2026-09-23,Surgery,DR0153,Inpatient,Completed,Fracture/Injury,127,3.5,7986.3,6399.72,High Wait Time
E00012528,P007438,2026-05-17,General Medicine,DR0041,Inpatient,Completed,Chronic Kidney Disease,153,4.2,7908.67,5199.31,High Wait Time
E00009909,P005876,2026-06-15,General Medicine,DR0054,Inpatient,Completed,Essential Hypertension,140,4.6,7862.22,7417.57,High Wait Time
E00016648,P009904,2026-02-07,General Medicine,DR0043,Observation,Completed,Type 2 Diabetes,144,0.68,7839.24,6886.08,High Wait Time
E00015266,P009051,2026-05-04,General Medicine,DR0042,Inpatient,Completed,Cancer - Active Treatment,78,13.9,7827.86,6300.69,Long Inpatient LOS
E00014050,P008348,2026-09-26,Cardiology,DR0073,Inpatient,Completed,Essential Hypertension,195,6.2,7799.12,5187.3,High Wait Time
E00025205,P014902,2024-01-23,General Medicine,DR0043,Inpatient,Completed,Essential Hypertension,128,2.2,7755.22,7071.15,High Wait Time
E00009151,P005431,2025-10-20,Oncology,DR0105,Inpatient,Completed,Cancer - Active Treatment,126,2.4,7727.14,4657.42,High Wait Time
E00000566,P000342,2024-05-02,Cardiology,DR0079,Inpatient,Completed,Essential Hypertension,136,1.8,7717.12,6744.38,High Wait Time
E00014377,P008542,2026-09-10,Obstetrics,DR0132,Inpatient,Completed,Other Acute Condition,149,3.8,7704.72,4269.81,High Wait Time
E00013202,P007861,2024-09-07,Surgery,DR0156,Inpatient,Completed,Fracture/Injury,85,14.5,7703.44,4995.05,Long Inpatient LOS
E00021610,P012817,2024-07-02,Cardiology,DR0074,Inpatient,Completed,Essential Hypertension,168,3.1,7700.53,6996.18,High Wait Time
E00001846,P001096,2025-04-05,Cardiology,DR0080,Inpatient,Completed,Coronary Artery Disease,128,1.7,7695.38,3562.14,High Wait Time
E00006143,P003636,2025-01-26,Oncology,DR0100,Inpatient,Completed,Chronic Kidney Disease,134,4.4,7683.67,5733.99,High Wait Time
E00016543,P009839,2025-01-05,Cardiology,DR0074,Inpatient,Completed,Chronic Kidney Disease,161,2.6,7653.16,4364.1,High Wait Time
E00014376,P008542,2026-09-01,Cardiology,DR0080,Inpatient,Completed,Coronary Artery Disease,134,1.7,7639.61,4483.48,High Wait Time
E00004437,P002630,2025-03-19,General Medicine,DR0059,Inpatient,Completed,Depression/Anxiety,240,3.7,7619.19,6046.9,High Wait Time
E00009731,P005776,2024-09-07,General Medicine,DR0031,Inpatient,Completed,Depression/Anxiety,155,4.2,7567.49,6704.37,High Wait Time
E00014666,P008703,2024-10-03,General Medicine,DR0053,Inpatient,Completed,Coronary Artery Disease,130,4.0,7500.19,6136.61,High Wait Time
E00024261,P014352,2024-02-16,Obstetrics,DR0126,Inpatient,Completed,Respiratory Infection,128,2.8,7425.15,5288.72,High Wait Time
E00014332,P008519,2024-03-01,Obstetrics,DR0125,Inpatient,Completed,Depression/Anxiety,141,5.2,7420.6,6252.67,High Wait Time
E00017719,P010534,2025-03-10,General Medicine,DR0056,Inpatient,Completed,Chronic Kidney Disease,149,6.6,7391.57,4173.16,High Wait Time
E00008613,P005111,2025-08-25,General Medicine,DR0059,Inpatient,Completed,Heart Failure,163,2.3,7358.2,6630.87,High Wait Time
E00008048,P004771,2025-07-14,Obstetrics,DR0128,Inpatient,Completed,Pregnancy-Related,135,2.2,7332.76,6081.69,High Wait Time
E00023968,P014185,2024-04-27,Obstetrics,DR0134,Inpatient,Completed,Heart Failure,138,4.0,7237.79,4574.28,High Wait Time
E00002112,P001268,2024-12-13,Oncology,DR0111,Inpatient,Completed,Cancer - Active Treatment,155,7.7,7212.94,4489.03,High Wait Time
E00019849,P011790,2025-06-17,Obstetrics,DR0129,Inpatient,Completed,Osteoarthritis,181,4.7,7202.22,6357.48,High Wait Time
E00019003,P011290,2024-01-01,Surgery,DR0150,Inpatient,Completed,Acute Abdominal Condition,137,2.2,7171.1,4204.38,High Wait Time
E00006376,P003780,2024-01-26,General Medicine,DR0055,Inpatient,Completed,Pregnancy-Related,218,9.0,7157.44,4534.84,High Wait Time
E00001310,P000782,2025-01-01,Surgery,DR0147,Inpatient,Completed,Acute Abdominal Condition,193,2.7,7157.39,6392.9,High Wait Time
E00007936,P004711,2026-07-14,Surgery,DR0148,Inpatient,Completed,Acute Abdominal Condition,140,7.1,7087.62,6506.48,High Wait Time
E00000113,P000065,2025-06-11,Obstetrics,DR0125,Inpatient,Completed,Other Acute Condition,126,3.1,7081.19,4287.46,High Wait Time
E00019119,P011362,2026-09-30,General Medicine,DR0059,Inpatient,Completed,Type 2 Diabetes,140,4.6,7044.38,4588.52,High Wait Time
E00007586,P004492,2026-05-23,Cardiology,DR0078,Inpatient,Completed,Essential Hypertension,132,2.7,7040.86,5949.77,High Wait Time
E00015068,P008935,2025-04-27,General Medicine,DR0056,Inpatient,Completed,Osteoarthritis,148,1.9,7034.72,5502.0,High Wait Time
E00025047,P014806,2025-12-30,Oncology,DR0101,Inpatient,Completed,Cancer - Active Treatment,145,2.7,7025.5,2294.61,High Wait Time
E00012629,P007500,2025-03-18,Oncology,DR0106,Inpatient,Completed,Other Acute Condition,153,1.6,7017.26,4374.98,High Wait Time
E00020556,P012205,2025-07-08,Pediatrics,DR0123,Inpatient,Completed,Respiratory Infection,149,3.1,6961.49,4226.64,High Wait Time
E00019602,P011645,2024-02-06,Obstetrics,DR0130,Inpatient,Completed,Osteoarthritis,149,1.8,6891.28,5895.15,High Wait Time
E00020412,P012111,2024-07-15,Obstetrics,DR0133,Inpatient,Completed,Other Acute Condition,145,3.6,6871.62,4900.89,High Wait Time
E00015264,P009049,2026-07-05,Other,DR0163,Inpatient,Completed,Essential Hypertension,126,2.8,6863.62,5354.0,High Wait Time
E00011740,P006973,2024-02-27,General Medicine,DR0044,Inpatient,Completed,Acute Abdominal Condition,224,3.0,6826.48,5067.75,High Wait Time
E00013401,P007976,2024-09-13,Cardiology,DR0072,Inpatient,Completed,Heart Failure,201,1.0,6818.21,3790.08,High Wait Time
E00018269,P010853,2026-09-19,Orthopedics,DR0096,Inpatient,Completed,Osteoarthritis,200,2.0,6699.55,4817.77,High Wait Time
E00011550,P006838,2026-09-22,General Medicine,DR0064,Inpatient,Completed,Fracture/Injury,131,3.4,6685.16,6184.63,High Wait Time
E00020355,P012079,2025-06-09,Other,DR0163,Inpatient,Completed,Osteoarthritis,135,3.1,6623.93,4231.46,High Wait Time
E00024466,P014463,2025-08-29,Orthopedics,DR0097,Inpatient,Completed,Other Acute Condition,142,3.0,6613.29,4243.6,High Wait Time
E00012835,P007630,2026-05-23,General Medicine,DR0044,Inpatient,Completed,Type 2 Diabetes,163,3.1,6591.55,5263.54,High Wait Time
E00013265,P007897,2025-08-02,Surgery,DR0158,Inpatient,Completed,Acute Abdominal Condition,140,3.1,6559.08,4910.4,High Wait Time
E00018099,P010755,2024-09-28,Obstetrics,DR0132,Inpatient,Completed,Chronic Kidney Disease,133,11.4,6542.18,5717.4,High Wait Time
E00005707,P003379,2024-08-29,General Medicine,DR0031,Inpatient,Completed,Pregnancy-Related,240,12.8,6501.27,6199.09,High Wait Time
E00014637,P008689,2026-05-06,General Medicine,DR0034,Inpatient,Completed,Respiratory Infection,143,4.7,6462.34,4979.35,High Wait Time
E00016351,P009720,2025-05-10,Other,DR0163,Inpatient,Completed,Type 2 Diabetes,129,1.3,6438.45,1370.96,High Wait Time
E00011564,P006848,2026-07-01,General Medicine,DR0039,Inpatient,Completed,Type 2 Diabetes,131,2.9,6428.03,5835.44,High Wait Time
E00006564,P003890,2025-05-08,Surgery,DR0155,Inpatient,Completed,Acute Abdominal Condition,145,3.6,6383.34,3639.63,High Wait Time
E00022128,P013110,2024-08-27,Cardiology,DR0072,Inpatient,Completed,Chronic Kidney Disease,130,3.4,6291.53,4504.87,High Wait Time
E00021007,P012461,2024-11-18,Orthopedics,DR0097,Inpatient,Completed,Other Acute Condition,181,1.8,6228.87,4708.37,High Wait Time
E00014390,P008548,2025-09-21,General Medicine,DR0050,Inpatient,Completed,Essential Hypertension,189,3.8,6201.34,3972.44,High Wait Time
E00017723,P010536,2026-03-12,General Medicine,DR0047,Inpatient,Completed,Fracture/Injury,128,5.9,6171.35,3957.54,High Wait Time
E00018501,P010989,2026-09-29,Orthopedics,DR0097,Inpatient,Completed,Type 2 Diabetes,150,5.7,6138.97,4826.96,High Wait Time
E00000503,P000310,2024-09-23,General Medicine,DR0042,Inpatient,Completed,Essential Hypertension,134,2.6,6124.3,3649.44,High Wait Time
E00011514,P006818,2025-09-19,General Medicine,DR0053,Inpatient,Completed,Type 2 Diabetes,133,2.3,6040.17,3925.82,High Wait Time
E00006300,P003736,2026-08-22,Cardiology,DR0077,Inpatient,Completed,Chronic Kidney Disease,150,2.2,6039.46,4788.9,High Wait Time
E00007927,P004707,2025-04-30,Obstetrics,DR0129,Inpatient,Completed,Acute Abdominal Condition,139,4.9,6031.08,5073.67,High Wait Time
E00017162,P010189,2026-04-21,Surgery,DR0151,Inpatient,Completed,Type 2 Diabetes,184,3.3,5997.94,5140.45,High Wait Time
E00019825,P011776,2024-08-11,Other,DR0161,Inpatient,Completed,Cancer - Active Treatment,27,20.9,5945.9,3977.53,Long Inpatient LOS
E00020569,P012212,2024-04-15,Cardiology,DR0081,Inpatient,Completed,Heart Failure,178,5.6,5911.84,3519.68,High Wait Time
E00002736,P001627,2025-11-04,Cardiology,DR0075,Inpatient,Completed,Chronic Kidney Disease,138,6.4,5874.37,5227.07,High Wait Time
E00008536,P005062,2025-01-14,Orthopedics,DR0089,Inpatient,Completed,Osteoarthritis,138,2.9,5811.97,4822.36,High Wait Time
E00007579,P004489,2026-09-19,Oncology,DR0111,Inpatient,Completed,Other Acute Condition,132,1.3,5805.28,4856.23,High Wait Time
E00004622,P002738,2026-07-28,Other,DR0159,Inpatient,Completed,Heart Failure,128,2.1,5804.54,4166.75,High Wait Time
E00011352,P006731,2026-09-30,General Medicine,DR0051,Inpatient,Completed,Type 2 Diabetes,240,2.6,5770.23,4534.02,High Wait Time
E00022933,P013579,2025-05-20,General Medicine,DR0039,Inpatient,Completed,COPD,132,2.7,5670.41,4377.08,High Wait Time
E00021216,P012587,2024-02-03,Other,DR0162,Inpatient,Completed,Chronic Kidney Disease,166,2.5,5662.9,3589.21,High Wait Time
E00022929,P013576,2026-03-03,Other,DR0165,Observation,Completed,Osteoarthritis,137,0.71,5595.1,3792.34,High Wait Time
E00020830,P012368,2026-03-07,General Medicine,DR0031,Inpatient,Completed,Osteoarthritis,125,3.3,5591.36,4444.05,High Wait Time
E00003683,P002176,2025-07-09,General Medicine,DR0038,Inpatient,Completed,Depression/Anxiety,126,2.7,5577.9,2855.39,High Wait Time
E00023686,P014018,2024-12-02,General Medicine,DR0047,Inpatient,Completed,Neurologic Disorder,160,8.0,5575.44,3472.6,High Wait Time
E00014227,P008456,2024-03-15,Obstetrics,DR0130,Inpatient,Completed,Fracture/Injury,170,3.5,5573.45,3554.1,High Wait Time
E00000027,P000016,2024-12-20,Cardiology,DR0068,Inpatient,Completed,Essential Hypertension,133,9.0,5570.41,4628.92,High Wait Time
E00004303,P002556,2026-04-25,General Medicine,DR0044,Inpatient,Completed,Fracture/Injury,129,3.2,5495.88,2036.29,High Wait Time
E00013918,P008286,2025-02-21,Emergency,DR0008,ER,Completed,Respiratory Infection,140,0.0,5461.31,4066.68,High Wait Time
E00000141,P000082,2026-05-23,Obstetrics,DR0128,Inpatient,Completed,Osteoarthritis,141,4.6,5429.08,3987.61,High Wait Time
E00003542,P002099,2025-06-10,Cardiology,DR0079,Inpatient,Completed,Heart Failure,132,2.4,5352.9,3666.04,High Wait Time
E00018473,P010971,2024-09-05,Neurology,DR0138,Inpatient,Completed,Depression/Anxiety,162,2.5,5327.91,4746.58,High Wait Time
E00001321,P000787,2024-12-27,General Medicine,DR0035,Inpatient,Completed,Coronary Artery Disease,155,1.4,5318.7,4134.49,High Wait Time
E00007903,P004693,2025-07-28,Surgery,DR0157,Inpatient,Completed,Fracture/Injury,162,3.5,5310.15,4315.23,High Wait Time
E00004840,P002873,2026-09-13,Obstetrics,DR0126,Inpatient,Completed,Depression/Anxiety,194,4.6,5254.41,4478.56,High Wait Time
E00010677,P006334,2026-01-14,Neurology,DR0141,Inpatient,Completed,Other Acute Condition,132,3.6,5216.95,4631.92,High Wait Time
E00019505,P011590,2024-05-30,Other,DR0167,Inpatient,Completed,Osteoarthritis,152,3.3,5194.99,3245.73,High Wait Time
E00014183,P008428,2026-08-04,Cardiology,DR0081,Observation,Completed,Essential Hypertension,145,0.44,5098.53,3609.51,High Wait Time
E00023773,P014071,2026-06-23,Surgery,DR0148,Observation,Completed,Type 2 Diabetes,180,0.76,5022.61,3260.47,High Wait Time
E00013352,P007947,2024-01-10,General Medicine,DR0041,Inpatient,Completed,COPD,128,5.3,4958.84,3831.19,High Wait Time
E00018031,P010712,2024-01-21,Orthopedics,DR0088,Inpatient,Completed,Fracture/Injury,169,5.7,4952.12,2886.59,High Wait Time
E00021521,P012761,2025-09-19,General Medicine,DR0035,Inpatient,Completed,Pregnancy-Related,154,1.7,4835.73,3048.51,High Wait Time
E00017361,P010310,2024-11-27,Obstetrics,DR0132,Inpatient,Completed,Coronary Artery Disease,148,1.4,4753.99,3725.61,High Wait Time
E00002844,P001691,2026-07-16,Neurology,DR0141,Inpatient,Completed,Neurologic Disorder,127,3.9,4727.05,3366.32,High Wait Time
E00002497,P001497,2025-08-08,Cardiology,DR0083,Inpatient,Completed,Heart Failure,151,3.7,4695.61,3569.15,High Wait Time
E00015797,P009392,2025-12-29,Surgery,DR0154,Inpatient,Completed,Acute Abdominal Condition,153,1.3,4669.88,4027.94,High Wait Time
E00004166,P002476,2024-02-02,Neurology,DR0139,Inpatient,Completed,Neurologic Disorder,182,0.8,4664.17,3115.84,High Wait Time
E00014558,P008644,2025-06-28,General Medicine,DR0034,Inpatient,Completed,Essential Hypertension,173,2.0,4660.05,2983.23,High Wait Time
E00014478,P008596,2024-01-14,Neurology,DR0137,Inpatient,Completed,Neurologic Disorder,81,15.1,4650.62,3291.35,Long Inpatient LOS
E00012376,P007343,2025-10-04,Neurology,DR0143,Inpatient,Completed,Neurologic Disorder,128,2.7,4644.51,3209.26,High Wait Time
E00005755,P003409,2026-09-20,Neurology,DR0136,Inpatient,Completed,Essential Hypertension,145,3.3,4635.94,2595.04,High Wait Time
E00002402,P001450,2025-04-24,Emergency,DR0005,ER,Completed,Respiratory Infection,193,0.0,4632.96,3001.45,High Wait Time
E00023763,P014066,2026-09-13,Obstetrics,DR0133,Inpatient,Completed,Fracture/Injury,129,4.3,4611.42,3918.49,High Wait Time
E00003420,P002022,2025-01-28,Obstetrics,DR0132,Inpatient,Completed,Type 2 Diabetes,194,5.1,4607.78,3012.5,High Wait Time
E00011260,P006682,2025-07-09,Obstetrics,DR0126,Inpatient,Completed,Osteoarthritis,125,2.1,4549.26,3875.88,High Wait Time
E00004037,P002395,2026-06-25,Cardiology,DR0072,Inpatient,Completed,Type 2 Diabetes,141,4.2,4545.65,3270.38,High Wait Time
E00023041,P013645,2026-01-23,Cardiology,DR0067,Observation,Completed,Heart Failure,149,2.0,4528.13,1561.11,High Wait Time
E00006719,P003978,2025-02-13,General Medicine,DR0046,Inpatient,Completed,Fracture/Injury,160,4.6,4525.68,3287.52,High Wait Time
E00018346,P010893,2026-03-25,Orthopedics,DR0089,Observation,Completed,Fracture/Injury,147,0.82,4518.5,3365.41,High Wait Time
E00012871,P007647,2025-08-18,General Medicine,DR0040,Inpatient,Completed,Pregnancy-Related,135,1.9,4492.29,3366.62,High Wait Time
E00001431,P000855,2026-09-26,General Medicine,DR0050,Inpatient,Completed,Depression/Anxiety,135,2.8,4476.22,3243.81,High Wait Time
E00022124,P013109,2024-02-18,Emergency,DR0009,ER,Completed,Type 2 Diabetes,222,0.0,4471.98,3899.94,High Wait Time
E00018090,P010749,2024-03-21,Cardiology,DR0082,Inpatient,Completed,Coronary Artery Disease,172,4.3,4451.02,3285.6,High Wait Time
E00023290,P013790,2026-02-19,Emergency,DR0030,ER,Completed,Essential Hypertension,157,0.0,4433.42,3330.3,High Wait Time
E00013987,P008317,2026-09-13,General Medicine,DR0040,Inpatient,Completed,Cancer - Active Treatment,126,5.7,4338.99,3969.79,High Wait Time
E00011073,P006571,2026-04-19,Cardiology,DR0078,Inpatient,Completed,Type 2 Diabetes,126,4.0,4321.96,4089.41,High Wait Time
E00020252,P012020,2024-05-07,General Medicine,DR0050,Inpatient,Completed,Fracture/Injury,163,8.6,4303.74,3160.01,High Wait Time
E00016312,P009697,2026-09-16,Other,DR0162,Inpatient,Completed,Essential Hypertension,164,2.3,4285.92,3739.25,High Wait Time
E00007188,P004254,2026-09-26,Cardiology,DR0080,Observation,Completed,Essential Hypertension,179,1.53,4276.42,3633.1,High Wait Time
E00006296,P003733,2026-02-03,Obstetrics,DR0132,Inpatient,Completed,Pregnancy-Related,159,6.1,4224.6,2770.47,High Wait Time
E00001980,P001183,2025-08-16,General Medicine,DR0034,Inpatient,Completed,Type 2 Diabetes,151,1.4,4166.05,3170.55,High Wait Time
E00000919,P000551,2026-09-23,General Medicine,DR0036,Inpatient,Completed,Acute Abdominal Condition,133,1.1,4157.28,2893.22,High Wait Time
E00000226,P000139,2026-06-30,Neurology,DR0138,Inpatient,Completed,Essential Hypertension,125,3.6,4058.01,1814.87,High Wait Time
E00009457,P005607,2025-05-23,General Medicine,DR0044,Observation,Completed,Type 2 Diabetes,136,1.35,4020.55,3493.73,High Wait Time
E00006821,P004042,2025-09-05,Emergency,DR0026,Observation,Completed,Respiratory Infection,125,0.51,4017.54,2909.04,High Wait Time
E00012190,P007242,2026-09-15,General Medicine,DR0032,Inpatient,Completed,Type 2 Diabetes,130,1.5,4012.75,3143.93,High Wait Time
E00015326,P009088,2024-03-30,Surgery,DR0155,Inpatient,Completed,Essential Hypertension,145,4.4,4008.38,3664.28,High Wait Time
E00005400,P003195,2026-01-07,General Medicine,DR0036,Inpatient,Completed,COPD,150,4.1,3940.61,2382.93,High Wait Time
E00006690,P003958,2026-01-21,General Medicine,DR0062,Inpatient,Completed,Depression/Anxiety,137,6.2,3854.9,3316.01,High Wait Time
E00024672,P014585,2024-10-26,Neurology,DR0136,Inpatient,Completed,Other Acute Condition,139,3.3,3824.91,2914.26,High Wait Time
E00015875,P009439,2025-12-27,General Medicine,DR0040,Inpatient,Completed,Neurologic Disorder,142,2.8,3753.3,3001.65,High Wait Time
E00001062,P000633,2024-06-02,General Medicine,DR0052,Inpatient,Completed,Heart Failure,126,3.4,3739.1,2080.22,High Wait Time
E00008892,P005273,2024-07-02,Obstetrics,DR0129,Inpatient,Completed,Coronary Artery Disease,154,1.1,3704.49,3080.04,High Wait Time
E00016728,P009950,2025-02-17,General Medicine,DR0062,Inpatient,Completed,Coronary Artery Disease,162,2.1,3673.1,2509.43,High Wait Time
E00002163,P001301,2025-09-19,Emergency,DR0014,Observation,Completed,Other Acute Condition,131,1.61,3635.12,3374.24,High Wait Time
E00023180,P013724,2026-04-27,Neurology,DR0140,Observation,Completed,Essential Hypertension,137,0.64,3633.31,2320.37,High Wait Time
E00023217,P013745,2024-08-27,General Medicine,DR0059,Observation,Completed,Chronic Kidney Disease,180,0.73,3610.14,2148.47,High Wait Time
E00007538,P004463,2026-09-21,General Medicine,DR0044,Inpatient,Completed,Pregnancy-Related,129,4.5,3586.37,3154.08,High Wait Time
E00023914,P014152,2026-06-10,Cardiology,DR0076,Observation,Completed,Essential Hypertension,146,0.79,3575.39,3040.72,High Wait Time
E00004220,P002506,2026-01-26,Emergency,DR0011,Observation,Completed,Type 2 Diabetes,130,0.86,3571.6,2534.75,High Wait Time
E00022532,P013349,2024-11-23,Other,DR0160,Inpatient,Completed,Osteoarthritis,170,1.8,3571.01,3071.75,High Wait Time
E00023688,P014020,2026-01-28,General Medicine,DR0051,Observation,Completed,Chronic Kidney Disease,180,1.7,3446.9,2525.46,High Wait Time
E00008234,P004876,2024-09-10,Surgery,DR0151,Observation,Completed,Acute Abdominal Condition,134,1.12,3420.99,3256.52,High Wait Time
E00013792,P008212,2026-05-22,Pediatrics,DR0118,ER,Completed,Type 2 Diabetes,154,0.0,3344.53,2339.15,High Wait Time
E00009078,P005380,2026-09-30,Orthopedics,DR0097,Inpatient,Completed,Type 2 Diabetes,138,1.8,3300.5,2754.59,High Wait Time
E00011906,P007068,2026-01-11,Cardiology,DR0073,Observation,Completed,Essential Hypertension,131,0.89,3288.31,2454.4,High Wait Time
E00019178,P011395,2026-07-02,General Medicine,DR0034,Inpatient,Completed,Fracture/Injury,156,4.2,3230.6,3067.82,High Wait Time
E00016362,P009727,2026-05-27,General Medicine,DR0063,Inpatient,Completed,Type 2 Diabetes,202,3.4,3226.47,2683.38,High Wait Time
E00016220,P009641,2026-02-24,Oncology,DR0104,Observation,Completed,Cancer - Active Treatment,142,0.59,3189.91,2414.0,High Wait Time
E00007752,P004589,2025-01-16,Orthopedics,DR0090,Observation,Completed,Osteoarthritis,128,0.94,3145.65,1773.76,High Wait Time
E00013891,P008275,2024-12-08,Orthopedics,DR0091,Inpatient,Completed,Osteoarthritis,125,1.2,3139.98,2753.46,High Wait Time
E00004005,P002375,2026-09-17,Orthopedics,DR0090,Inpatient,Completed,Osteoarthritis,130,4.0,3039.7,1684.97,High Wait Time
E00016263,P009666,2026-01-23,General Medicine,DR0056,Observation,Completed,Respiratory Infection,141,0.27,3020.45,703.54,High Wait Time
E00011092,P006582,2024-11-30,Obstetrics,DR0133,Inpatient,Completed,Essential Hypertension,137,3.5,3009.26,2509.15,High Wait Time
E00001952,P001164,2024-09-20,Emergency,DR0025,Observation,Completed,Fracture/Injury,135,2.0,2989.72,1759.9,High Wait Time
E00006828,P004047,2024-05-09,Cardiology,DR0081,Observation,Completed,Type 2 Diabetes,168,1.12,2946.49,1773.4,High Wait Time
E00007574,P004486,2026-06-26,Surgery,DR0158,Observation,Completed,Acute Abdominal Condition,142,0.51,2922.51,2328.39,High Wait Time
E00000520,P000321,2024-12-18,Emergency,DR0005,ER,Completed,Acute Abdominal Condition,199,0.0,2908.89,1236.09,High Wait Time
E00000820,P000496,2024-03-15,General Medicine,DR0040,Inpatient,Completed,Essential Hypertension,136,1.5,2895.42,2415.45,High Wait Time
E00025337,P014981,2026-03-07,Emergency,DR0008,ER,Completed,Fracture/Injury,136,0.0,2883.79,2616.2,High Wait Time
E00022112,P013105,2026-04-11,Emergency,DR0027,ER,Completed,Type 2 Diabetes,129,0.0,2876.89,1619.89,High Wait Time
E00003075,P001809,2026-05-16,Emergency,DR0007,ER,Completed,Type 2 Diabetes,133,0.0,2876.82,1750.75,High Wait Time
E00025122,P014849,2026-09-22,Neurology,DR0137,Observation,Completed,Neurologic Disorder,156,1.9,2851.87,2631.42,High Wait Time
E00017737,P010544,2026-09-17,Emergency,DR0025,ER,Completed,Type 2 Diabetes,138,0.0,2814.96,1647.05,High Wait Time
E00001188,P000713,2026-04-27,Emergency,DR0007,ER,Completed,Essential Hypertension,162,0.0,2788.65,2341.95,High Wait Time
E00011356,P006734,2025-11-03,Orthopedics,DR0094,Observation,Completed,Fracture/Injury,130,1.26,2784.74,2187.03,High Wait Time
E00009212,P005467,2025-03-03,Emergency,DR0024,Observation,Completed,Essential Hypertension,144,0.82,2752.44,1911.65,High Wait Time
E00022603,P013385,2024-11-03,Pediatrics,DR0113,Inpatient,Completed,Neurologic Disorder,131,2.6,2742.11,2087.33,High Wait Time
E00014291,P008497,2024-03-29,Orthopedics,DR0093,Observation,Completed,Osteoarthritis,162,1.27,2734.82,2005.97,High Wait Time
E00003434,P002029,2025-06-22,Emergency,DR0029,ER,Completed,Essential Hypertension,184,0.0,2695.41,2568.96,High Wait Time
E00021506,P012753,2026-01-21,Other,DR0166,Observation,Completed,Osteoarthritis,127,0.81,2689.13,2516.84,High Wait Time
E00014754,P008748,2024-11-14,Cardiology,DR0078,Observation,Completed,Heart Failure,149,1.45,2669.77,1628.16,High Wait Time
E00003621,P002138,2025-12-31,Emergency,DR0003,ER,Completed,Fracture/Injury,177,0.0,2649.11,1567.24,High Wait Time
E00013743,P008182,2024-02-28,Emergency,DR0003,ER,Completed,Other Acute Condition,220,0.0,2620.28,2217.52,High Wait Time
E00005035,P002986,2024-07-05,Emergency,DR0006,ER,Completed,Type 2 Diabetes,285,0.0,2612.81,2405.16,High Wait Time
E00016242,P009654,2025-12-15,Emergency,DR0007,ER,Completed,Acute Abdominal Condition,191,0.0,2571.79,2022.0,High Wait Time
E00002092,P001254,2026-04-29,Emergency,DR0023,ER,Completed,Respiratory Infection,131,0.0,2548.87,1195.61,High Wait Time
E00021608,P012815,2025-04-24,Orthopedics,DR0087,Observation,Completed,Fracture/Injury,139,0.48,2513.59,2137.78,High Wait Time
E00000214,P000131,2025-09-27,Emergency,DR0019,ER,Completed,Respiratory Infection,134,0.0,2487.77,2207.6,High Wait Time
E00005062,P003007,2024-09-27,Other,DR0167,Observation,Completed,Essential Hypertension,139,1.92,2471.31,1567.33,High Wait Time
E00001428,P000855,2025-12-10,Emergency,DR0028,ER,Completed,Fracture/Injury,226,0.0,2428.8,1624.79,High Wait Time
E00017153,P010183,2024-03-17,Emergency,DR0009,Observation,Completed,Fracture/Injury,125,0.74,2376.27,1411.12,High Wait Time
E00020936,P012428,2026-09-03,Emergency,DR0005,ER,Completed,Respiratory Infection,143,0.0,2354.1,2058.12,High Wait Time
E00004083,P002429,2025-08-18,Emergency,DR0020,ER,Completed,Other Acute Condition,258,0.0,2336.28,1319.54,High Wait Time
E00013806,P008222,2024-06-04,Surgery,DR0145,Observation,Completed,Other Acute Condition,131,0.57,2327.66,2068.7,High Wait Time
E00010660,P006327,2026-09-09,General Medicine,DR0062,Inpatient,Completed,Coronary Artery Disease,128,1.5,2274.35,1282.8,High Wait Time
E00009196,P005457,2025-05-08,Emergency,DR0007,ER,Completed,Respiratory Infection,157,0.0,2268.97,1267.89,High Wait Time
E00023358,P013828,2024-02-25,Emergency,DR0010,ER,Completed,Acute Abdominal Condition,143,0.0,2265.82,2149.75,High Wait Time
E00010489,P006226,2025-09-22,Orthopedics,DR0090,Observation,Completed,Osteoarthritis,133,1.02,2259.27,1973.51,High Wait Time
E00018390,P010920,2024-09-26,Pediatrics,DR0124,ER,Completed,Neurologic Disorder,169,0.0,2241.41,1442.74,High Wait Time
E00018166,P010793,2026-09-12,Emergency,DR0018,ER,Completed,Acute Abdominal Condition,177,0.0,2232.71,2143.29,High Wait Time
E00021179,P012559,2024-05-15,Orthopedics,DR0096,Observation,Completed,Fracture/Injury,154,0.91,2229.84,1406.66,High Wait Time
E00002557,P001529,2024-02-07,General Medicine,DR0045,Observation,Completed,Essential Hypertension,143,0.77,2212.92,1780.49,High Wait Time
E00005393,P003190,2024-07-05,Other,DR0164,ER,Completed,Fracture/Injury,178,0.0,2205.38,1633.31,High Wait Time
E00004602,P002724,2026-09-13,Emergency,DR0030,ER,Completed,Respiratory Infection,146,0.0,2203.72,1253.72,High Wait Time
E00020939,P012430,2025-09-24,Emergency,DR0028,ER,Completed,Acute Abdominal Condition,138,0.0,2203.29,1801.53,High Wait Time
E00011569,P006851,2026-07-25,Emergency,DR0026,ER,Completed,Other Acute Condition,169,0.0,2201.33,1525.39,High Wait Time
E00004365,P002585,2024-04-08,General Medicine,DR0057,Observation,Completed,Respiratory Infection,145,0.64,2193.55,894.82,High Wait Time
E00011511,P006816,2024-10-17,Emergency,DR0027,ER,Completed,Fracture/Injury,201,0.0,2184.8,1517.1,High Wait Time
E00000366,P000229,2024-05-18,Orthopedics,DR0085,Observation,Completed,Type 2 Diabetes,132,1.33,2178.44,1357.65,High Wait Time
E00010563,P006270,2026-09-21,General Medicine,DR0040,Observation,Completed,Respiratory Infection,180,1.14,2177.83,1820.14,High Wait Time
E00016179,P009614,2024-09-21,Emergency,DR0028,ER,Completed,Other Acute Condition,139,0.0,2174.91,1561.44,High Wait Time
E00010870,P006449,2026-06-17,Emergency,DR0024,Observation,Completed,Fracture/Injury,171,0.88,2149.58,1382.35,High Wait Time
E00004177,P002483,2026-01-28,Surgery,DR0147,Observation,Completed,Acute Abdominal Condition,136,0.81,2122.57,1661.43,High Wait Time
E00025109,P014843,2024-01-25,Emergency,DR0009,ER,Completed,Respiratory Infection,149,0.0,2120.75,1347.7,High Wait Time
E00011776,P006992,2024-08-30,Obstetrics,DR0126,Inpatient,Completed,Respiratory Infection,166,1.6,2119.68,1726.37,High Wait Time
E00018498,P010988,2026-05-23,Emergency,DR0004,ER,Completed,Fracture/Injury,263,0.0,2103.49,1389.1,High Wait Time
E00000239,P000146,2026-05-31,Emergency,DR0017,ER,Completed,Fracture/Injury,178,0.0,2090.29,1340.53,High Wait Time
E00014522,P008625,2025-11-25,Emergency,DR0004,ER,Completed,Acute Abdominal Condition,150,0.0,2089.43,1926.64,High Wait Time
E00021540,P012775,2026-05-28,Emergency,DR0016,ER,Completed,Type 2 Diabetes,136,0.0,2087.34,1453.93,High Wait Time
E00002919,P001730,2026-09-25,Emergency,DR0030,ER,Completed,Respiratory Infection,135,0.0,2085.98,1330.91,High Wait Time
E00023719,P014041,2024-02-01,Emergency,DR0019,ER,Completed,Other Acute Condition,137,0.0,2071.22,1567.74,High Wait Time
E00021982,P013020,2025-03-22,Emergency,DR0006,ER,Completed,Essential Hypertension,197,0.0,2062.63,1251.68,High Wait Time
E00016030,P009530,2024-05-29,Emergency,DR0020,Observation,Completed,Fracture/Injury,133,0.78,2046.41,1165.66,High Wait Time
E00025079,P014826,2026-02-14,Emergency,DR0013,ER,Completed,Acute Abdominal Condition,147,0.0,2039.04,1215.61,High Wait Time
E00000833,P000504,2025-02-15,Cardiology,DR0077,Observation,Completed,Type 2 Diabetes,136,0.88,2020.37,1320.12,High Wait Time
E00009442,P005599,2025-06-08,Emergency,DR0018,ER,Completed,Fracture/Injury,320,0.0,2014.14,1585.55,High Wait Time
E00014916,P008844,2025-01-30,Emergency,DR0018,ER,Completed,Acute Abdominal Condition,162,0.0,1994.81,1696.42,High Wait Time
E00004732,P002802,2026-08-31,Emergency,DR0026,ER,Completed,Acute Abdominal Condition,160,0.0,1986.64,1695.76,High Wait Time
E00012164,P007228,2025-12-22,Emergency,DR0007,ER,Completed,Other Acute Condition,137,0.0,1983.98,1487.58,High Wait Time
E00024326,P014390,2024-07-06,Emergency,DR0022,ER,Completed,Type 2 Diabetes,219,0.0,1975.92,1839.35,High Wait Time
E00023400,P013852,2024-02-04,Obstetrics,DR0131,Observation,Completed,Neurologic Disorder,180,0.69,1974.94,1520.82,High Wait Time
E00019024,P011304,2025-04-15,Emergency,DR0005,ER,Completed,Essential Hypertension,130,0.0,1970.89,1547.91,High Wait Time
E00005676,P003360,2026-05-27,Emergency,DR0023,ER,Completed,Type 2 Diabetes,195,0.0,1969.82,1753.19,High Wait Time
E00024066,P014239,2026-01-07,Emergency,DR0021,ER,Completed,Respiratory Infection,310,0.0,1962.89,1782.43,High Wait Time
E00004317,P002563,2025-09-04,Emergency,DR0006,ER,Completed,Type 2 Diabetes,138,0.0,1955.19,894.6,High Wait Time
E00008464,P005013,2025-12-03,Emergency,DR0017,ER,Completed,Acute Abdominal Condition,304,0.0,1939.16,1555.9,High Wait Time
E00011943,P007092,2026-09-24,Emergency,DR0010,ER,Completed,Fracture/Injury,185,0.0,1931.75,1075.13,High Wait Time
E00016865,P010022,2024-03-02,Emergency,DR0020,ER,Completed,Acute Abdominal Condition,147,0.0,1925.78,1763.27,High Wait Time
E00017146,P010177,2025-01-20,Emergency,DR0025,ER,Completed,Other Acute Condition,153,0.0,1903.23,1715.75,High Wait Time
E00004651,P002752,2026-06-22,Emergency,DR0023,ER,Completed,Acute Abdominal Condition,126,0.0,1897.28,1269.28,High Wait Time
E00009406,P005576,2025-05-30,Emergency,DR0026,ER,Completed,Fracture/Injury,148,0.0,1892.08,1436.27,High Wait Time
E00019930,P011841,2025-09-08,General Medicine,DR0045,Observation,Completed,Heart Failure,149,1.23,1888.18,1308.62,High Wait Time
E00023707,P014033,2025-01-24,Emergency,DR0010,ER,Completed,Other Acute Condition,225,0.0,1887.58,1697.46,High Wait Time
E00022828,P013518,2026-05-12,Emergency,DR0017,ER,Completed,Essential Hypertension,140,0.0,1878.53,1443.05,High Wait Time
E00002883,P001713,2024-09-21,Emergency,DR0029,ER,Completed,Other Acute Condition,172,0.0,1876.66,1061.48,High Wait Time
E00020762,P012330,2025-03-11,Emergency,DR0012,ER,Completed,Other Acute Condition,178,0.0,1874.57,1316.17,High Wait Time
E00005387,P003185,2026-03-05,Emergency,DR0026,ER,Completed,Type 2 Diabetes,136,0.0,1869.02,1776.54,High Wait Time
E00019199,P011409,2025-12-22,Emergency,DR0014,ER,Completed,Respiratory Infection,169,0.0,1868.48,1359.35,High Wait Time
E00001832,P001087,2026-09-12,Emergency,DR0004,ER,Completed,Type 2 Diabetes,159,0.0,1863.15,1635.39,High Wait Time
E00016230,P009645,2026-09-10,Emergency,DR0019,ER,Completed,Fracture/Injury,142,0.0,1860.84,1678.54,High Wait Time
E00006240,P003703,2025-12-23,Emergency,DR0018,ER,Completed,Essential Hypertension,135,0.0,1856.58,1229.64,High Wait Time
E00004698,P002781,2026-09-20,Emergency,DR0025,ER,Completed,Acute Abdominal Condition,187,0.0,1852.98,1456.14,High Wait Time
E00005534,P003272,2026-09-17,Emergency,DR0019,ER,Completed,Respiratory Infection,175,0.0,1844.5,1178.94,High Wait Time
E00006362,P003771,2024-08-21,Emergency,DR0015,ER,Completed,Type 2 Diabetes,159,0.0,1837.05,1367.68,High Wait Time
E00018428,P010945,2026-08-23,Emergency,DR0003,ER,Completed,Fracture/Injury,125,0.0,1836.13,1376.75,High Wait Time
E00004407,P002611,2026-01-03,Emergency,DR0011,ER,Completed,Respiratory Infection,156,0.0,1801.45,1297.94,High Wait Time
E00008050,P004771,2026-07-21,Emergency,DR0021,ER,Completed,Respiratory Infection,162,0.0,1798.01,1251.56,High Wait Time
E00022492,P013329,2024-04-14,Emergency,DR0011,ER,Completed,Essential Hypertension,320,0.0,1796.43,523.12,High Wait Time
E00025177,P014883,2026-04-05,Emergency,DR0001,ER,Completed,Acute Abdominal Condition,136,0.0,1794.91,1177.38,High Wait Time
E00004280,P002538,2026-09-17,Emergency,DR0017,ER,Completed,Other Acute Condition,251,0.0,1768.1,1089.63,High Wait Time
E00012036,P007146,2026-07-11,Emergency,DR0028,ER,Completed,Respiratory Infection,222,0.0,1766.96,1421.26,High Wait Time
E00007013,P004158,2025-01-21,Emergency,DR0001,ER,Completed,Acute Abdominal Condition,125,0.0,1766.14,1137.74,High Wait Time
E00024700,P014600,2024-09-17,Emergency,DR0013,ER,Completed,Respiratory Infection,126,0.0,1765.48,1519.68,High Wait Time
E00008426,P004992,2026-01-19,Emergency,DR0029,ER,Completed,Respiratory Infection,174,0.0,1753.73,1010.03,High Wait Time
E00017521,P010402,2025-01-07,Obstetrics,DR0128,Inpatient,Completed,Respiratory Infection,143,3.3,1745.79,1115.19,High Wait Time
E00015515,P009209,2025-09-28,Emergency,DR0014,ER,Completed,Fracture/Injury,139,0.0,1743.69,1311.25,High Wait Time
E00005287,P003135,2026-04-06,Emergency,DR0009,ER,Completed,Type 2 Diabetes,128,0.0,1739.65,975.84,High Wait Time
E00010606,P006295,2024-01-01,Emergency,DR0010,ER,Completed,Respiratory Infection,215,0.0,1737.87,1479.41,High Wait Time
E00024369,P014410,2026-09-29,Emergency,DR0030,ER,Completed,Fracture/Injury,161,0.0,1736.88,1624.25,High Wait Time
E00016229,P009645,2026-06-26,Emergency,DR0001,ER,Completed,Fracture/Injury,260,0.0,1724.88,1059.03,High Wait Time
E00013705,P008158,2026-04-12,Emergency,DR0026,ER,Completed,Essential Hypertension,151,0.0,1718.16,747.75,High Wait Time
E00015696,P009321,2026-09-23,Emergency,DR0007,ER,Completed,Type 2 Diabetes,143,0.0,1711.2,1069.74,High Wait Time
E00014540,P008635,2026-08-20,Emergency,DR0018,ER,Completed,Type 2 Diabetes,148,0.0,1711.18,1181.42,High Wait Time
E00019539,P011612,2024-03-09,Emergency,DR0028,ER,Completed,Fracture/Injury,158,0.0,1709.13,1397.17,High Wait Time
E00017148,P010179,2024-11-29,Pediatrics,DR0112,ER,Completed,Respiratory Infection,190,0.0,1709.09,1069.08,High Wait Time
E00013318,P007927,2025-11-05,Emergency,DR0015,ER,Completed,Essential Hypertension,131,0.0,1708.63,1090.89,High Wait Time
E00018505,P010993,2025-09-22,Emergency,DR0020,ER,Completed,Acute Abdominal Condition,135,0.0,1706.41,964.9,High Wait Time
E00008996,P005334,2025-08-30,Emergency,DR0024,ER,Completed,Other Acute Condition,154,0.0,1706.16,1056.05,High Wait Time
E00019093,P011346,2026-01-22,Emergency,DR0017,ER,Completed,Type 2 Diabetes,140,0.0,1693.86,1252.83,High Wait Time
E00008400,P004978,2025-02-18,Emergency,DR0017,ER,Completed,Other Acute Condition,148,0.0,1685.89,1322.3,High Wait Time
E00005358,P003173,2025-10-23,Orthopedics,DR0087,Observation,Completed,Fracture/Injury,147,0.82,1682.64,1612.54,High Wait Time
E00000895,P000540,2025-04-09,Emergency,DR0008,ER,Completed,Respiratory Infection,132,0.0,1682.45,1314.39,High Wait Time
E00003564,P002111,2024-02-03,Emergency,DR0030,ER,Completed,Essential Hypertension,126,0.0,1676.86,1151.58,High Wait Time
E00013897,P008278,2025-03-24,Emergency,DR0029,ER,Completed,Other Acute Condition,145,0.0,1675.39,1137.33,High Wait Time
E00009252,P005488,2026-09-25,Emergency,DR0023,ER,Completed,Acute Abdominal Condition,149,0.0,1673.25,988.67,High Wait Time
E00014154,P008406,2026-05-30,Emergency,DR0030,ER,Completed,Acute Abdominal Condition,172,0.0,1670.07,1020.33,High Wait Time
E00005530,P003270,2024-04-30,Emergency,DR0030,Observation,Completed,Essential Hypertension,130,2.0,1666.75,1553.9,High Wait Time
E00004734,P002803,2026-04-24,Oncology,DR0108,Observation,Completed,Cancer - Active Treatment,132,0.48,1666.72,626.26,High Wait Time
E00013723,P008166,2026-09-22,Emergency,DR0020,ER,Completed,Other Acute Condition,150,0.0,1664.25,1211.33,High Wait Time
E00021435,P012712,2024-12-15,General Medicine,DR0040,Observation,Completed,Pregnancy-Related,180,0.95,1660.57,1516.14,High Wait Time
E00019642,P011664,2025-06-21,Emergency,DR0008,ER,Completed,Other Acute Condition,135,0.0,1642.53,988.78,High Wait Time
E00017397,P010327,2025-03-31,Emergency,DR0029,ER,Completed,Fracture/Injury,171,0.0,1631.85,1477.27,High Wait Time
E00014788,P008767,2024-08-19,Emergency,DR0012,ER,Completed,Type 2 Diabetes,195,0.0,1630.15,1355.94,High Wait Time
E00000427,P000266,2025-09-01,Emergency,DR0004,ER,Completed,Acute Abdominal Condition,223,0.0,1624.18,1286.92,High Wait Time
E00004688,P002775,2025-03-04,Emergency,DR0003,ER,Completed,Acute Abdominal Condition,128,0.0,1622.08,1508.86,High Wait Time
E00023320,P013805,2025-05-08,Cardiology,DR0082,Observation,Completed,Essential Hypertension,175,0.54,1616.04,1187.39,High Wait Time
E00015558,P009239,2024-11-16,Emergency,DR0014,ER,Completed,Respiratory Infection,166,0.0,1615.84,1138.17,High Wait Time
E00009653,P005729,2026-05-10,Oncology,DR0107,Observation,Completed,Other Acute Condition,131,0.48,1615.12,1337.48,High Wait Time
E00015816,P009402,2025-06-10,Emergency,DR0007,ER,Completed,Other Acute Condition,249,0.0,1614.94,564.8,High Wait Time
E00009407,P005577,2026-08-31,Emergency,DR0030,ER,Completed,Essential Hypertension,209,0.0,1613.96,981.65,High Wait Time
E00022209,P013154,2026-09-15,Emergency,DR0021,ER,Completed,Type 2 Diabetes,177,0.0,1612.83,1538.85,High Wait Time
E00009904,P005872,2024-03-16,Emergency,DR0022,ER,Completed,Other Acute Condition,147,0.0,1610.17,1097.6,High Wait Time
E00011225,P006659,2026-09-17,Emergency,DR0020,ER,Completed,Fracture/Injury,149,0.0,1609.23,1454.37,High Wait Time
E00012823,P007620,2024-02-11,Emergency,DR0011,ER,Completed,Essential Hypertension,155,0.0,1602.82,1110.39,High Wait Time
E00004062,P002414,2026-02-25,Emergency,DR0013,ER,Completed,Respiratory Infection,146,0.0,1588.88,893.09,High Wait Time
E00022565,P013366,2025-11-14,Emergency,DR0023,ER,Completed,Fracture/Injury,202,0.0,1582.9,1316.93,High Wait Time
E00008612,P005110,2026-01-26,Emergency,DR0027,ER,Completed,Respiratory Infection,180,0.0,1575.85,663.34,High Wait Time
E00001652,P000981,2026-05-15,Emergency,DR0001,ER,Completed,Other Acute Condition,192,0.0,1569.06,1207.06,High Wait Time
E00001808,P001075,2025-10-05,Emergency,DR0022,Observation,Completed,Fracture/Injury,162,2.0,1554.38,857.27,High Wait Time
E00008047,P004770,2026-04-17,Emergency,DR0001,ER,Completed,Essential Hypertension,161,0.0,1549.37,1430.78,High Wait Time
E00014981,P008885,2025-07-06,Pediatrics,DR0112,ER,Completed,Neurologic Disorder,134,0.0,1547.56,261.27,High Wait Time
E00018706,P011112,2026-09-10,Emergency,DR0012,ER,Completed,Respiratory Infection,178,0.0,1547.05,1230.52,High Wait Time
E00003259,P001911,2026-07-26,Emergency,DR0011,ER,Completed,Other Acute Condition,147,0.0,1546.11,350.62,High Wait Time
E00012623,P007497,2026-09-15,Emergency,DR0029,ER,Completed,Respiratory Infection,196,0.0,1540.17,1059.0,High Wait Time
E00005980,P003536,2026-07-25,Emergency,DR0009,ER,Completed,Other Acute Condition,239,0.0,1536.37,1120.99,High Wait Time
E00002807,P001669,2026-09-26,Emergency,DR0022,ER,Completed,Other Acute Condition,125,0.0,1530.35,897.99,High Wait Time
E00017659,P010497,2024-02-26,Emergency,DR0014,ER,Completed,Other Acute Condition,138,0.0,1529.52,1260.08,High Wait Time
E00010671,P006331,2026-04-22,Emergency,DR0017,ER,Completed,Respiratory Infection,157,0.0,1529.25,1212.76,High Wait Time
E00012735,P007567,2024-12-13,Emergency,DR0022,ER,Completed,Fracture/Injury,136,0.0,1525.31,1294.03,High Wait Time
E00024829,P014678,2026-08-17,Emergency,DR0030,ER,Completed,Other Acute Condition,174,0.0,1506.2,1393.86,High Wait Time
E00002805,P001668,2025-04-15,Emergency,DR0006,ER,Completed,Fracture/Injury,131,0.0,1505.58,926.12,High Wait Time
E00010494,P006229,2026-04-11,Emergency,DR0004,ER,Completed,Type 2 Diabetes,130,0.0,1504.83,1150.29,High Wait Time
E00008187,P004847,2026-03-18,Emergency,DR0011,ER,Completed,Other Acute Condition,138,0.0,1500.42,741.71,High Wait Time
E00014161,P008412,2026-01-28,Emergency,DR0004,ER,Completed,Respiratory Infection,153,0.0,1498.08,981.19,High Wait Time
E00024050,P014230,2025-10-06,Emergency,DR0010,ER,Completed,Essential Hypertension,136,0.0,1497.44,682.66,High Wait Time
E00021064,P012492,2025-12-13,Emergency,DR0024,ER,Completed,Other Acute Condition,128,0.0,1493.95,983.04,High Wait Time
E00020434,P012125,2024-11-18,Emergency,DR0003,ER,Completed,Essential Hypertension,149,0.0,1490.2,891.95,High Wait Time
E00008896,P005275,2026-08-21,Emergency,DR0009,ER,Completed,Acute Abdominal Condition,171,0.0,1489.58,931.53,High Wait Time
E00007430,P004395,2026-09-17,Emergency,DR0023,ER,Completed,Other Acute Condition,135,0.0,1487.35,317.33,High Wait Time
E00006676,P003950,2026-05-20,Emergency,DR0005,ER,Completed,Fracture/Injury,254,0.0,1485.73,330.03,High Wait Time
E00006541,P003875,2024-01-11,Emergency,DR0019,ER,Completed,Respiratory Infection,144,0.0,1484.89,829.69,High Wait Time
E00020315,P012055,2024-12-09,Emergency,DR0030,ER,Completed,Fracture/Injury,168,0.0,1480.24,903.1,High Wait Time
E00003247,P001904,2026-06-05,Emergency,DR0001,ER,Completed,Type 2 Diabetes,164,0.0,1476.51,1005.47,High Wait Time
E00000087,P000049,2026-07-17,Emergency,DR0015,ER,Completed,Respiratory Infection,246,0.0,1476.42,1216.91,High Wait Time
E00020050,P011899,2024-03-07,Orthopedics,DR0086,Observation,Completed,Other Acute Condition,180,0.59,1475.67,1118.56,High Wait Time
E00010619,P006303,2026-04-21,Emergency,DR0025,ER,Completed,Fracture/Injury,163,0.0,1473.46,1182.71,High Wait Time
E00001800,P001070,2026-07-12,Emergency,DR0023,ER,Completed,Fracture/Injury,157,0.0,1473.36,1127.26,High Wait Time
E00015541,P009224,2025-09-21,Emergency,DR0023,ER,Completed,Acute Abdominal Condition,174,0.0,1472.04,1186.0,High Wait Time
E00020647,P012267,2026-09-13,Emergency,DR0028,ER,Completed,Fracture/Injury,182,0.0,1471.69,924.46,High Wait Time
E00000529,P000325,2025-06-12,Emergency,DR0012,ER,Completed,Acute Abdominal Condition,186,0.0,1468.13,916.78,High Wait Time
E00013244,P007883,2025-01-29,Emergency,DR0023,ER,Completed,Other Acute Condition,125,0.0,1465.69,881.53,High Wait Time
E00019128,P011367,2026-06-29,Emergency,DR0024,ER,Completed,Type 2 Diabetes,132,0.0,1465.56,1233.02,High Wait Time
E00002082,P001245,2024-07-30,Emergency,DR0011,ER,Completed,Respiratory Infection,153,0.0,1461.25,875.55,High Wait Time
E00023116,P013691,2026-08-05,Emergency,DR0024,ER,Completed,Other Acute Condition,180,0.0,1459.27,1341.36,High Wait Time
E00009602,P005695,2026-01-15,Emergency,DR0018,ER,Completed,Acute Abdominal Condition,188,0.0,1457.82,737.87,High Wait Time
E00003295,P001934,2025-04-25,Emergency,DR0022,ER,Completed,Other Acute Condition,198,0.0,1453.29,1174.08,High Wait Time
E00025132,P014855,2026-09-26,Emergency,DR0029,ER,Completed,Respiratory Infection,137,0.0,1450.74,1252.3,High Wait Time
E00012942,P007692,2026-06-02,Emergency,DR0024,ER,Completed,Other Acute Condition,170,0.0,1447.75,1238.63,High Wait Time
E00014978,P008884,2026-09-01,Emergency,DR0007,ER,Completed,Essential Hypertension,196,0.0,1440.5,898.64,High Wait Time
E00020773,P012333,2026-09-19,Emergency,DR0028,ER,Completed,Fracture/Injury,128,0.0,1436.72,801.68,High Wait Time
E00000958,P000575,2024-06-26,Emergency,DR0004,Observation,Completed,Respiratory Infection,145,1.19,1428.48,973.32,High Wait Time
E00003019,P001785,2025-10-29,Emergency,DR0012,ER,Completed,Respiratory Infection,180,0.0,1428.16,1126.82,High Wait Time
E00017711,P010527,2026-02-21,Emergency,DR0010,ER,Completed,Type 2 Diabetes,164,0.0,1427.55,1320.76,High Wait Time
E00005714,P003384,2024-05-09,Emergency,DR0001,ER,Completed,Fracture/Injury,186,0.0,1424.39,1146.96,High Wait Time
E00022552,P013359,2025-08-12,Emergency,DR0024,ER,Completed,Respiratory Infection,229,0.0,1419.96,1235.49,High Wait Time
E00000840,P000510,2026-01-17,Emergency,DR0017,ER,Completed,Fracture/Injury,125,0.0,1416.29,1319.19,High Wait Time
E00016187,P009619,2025-12-31,Emergency,DR0030,ER,Completed,Essential Hypertension,190,0.0,1416.1,1036.38,High Wait Time
E00018451,P010959,2025-06-02,Emergency,DR0002,ER,Completed,Fracture/Injury,158,0.0,1410.7,1020.73,High Wait Time
E00022010,P013040,2026-02-25,Emergency,DR0006,ER,Completed,Type 2 Diabetes,153,0.0,1407.02,968.73,High Wait Time
E00008588,P005097,2024-09-29,Emergency,DR0016,ER,Completed,Other Acute Condition,127,0.0,1402.75,1218.71,High Wait Time
E00016562,P009849,2025-05-07,Pediatrics,DR0121,ER,Completed,Respiratory Infection,134,0.0,1401.93,942.54,High Wait Time
E00013194,P007857,2024-07-30,Emergency,DR0024,ER,Completed,Essential Hypertension,169,0.0,1400.16,803.38,High Wait Time
E00012525,P007436,2026-02-28,Emergency,DR0006,ER,Completed,Type 2 Diabetes,188,0.0,1399.85,1334.82,High Wait Time
E00024422,P014434,2025-08-29,Emergency,DR0003,ER,Completed,Type 2 Diabetes,132,0.0,1380.06,906.37,High Wait Time
E00022574,P013369,2025-11-30,Emergency,DR0026,ER,Completed,Other Acute Condition,147,0.0,1377.45,886.46,High Wait Time
E00002933,P001739,2026-09-16,Emergency,DR0006,ER,Completed,Other Acute Condition,128,0.0,1376.02,1309.46,High Wait Time
E00015124,P008969,2026-08-17,Emergency,DR0026,ER,Completed,Other Acute Condition,153,0.0,1373.49,1244.97,High Wait Time
E00005773,P003422,2025-06-15,Emergency,DR0028,ER,Completed,Fracture/Injury,146,0.0,1372.91,774.74,High Wait Time
E00003973,P002350,2026-08-13,Emergency,DR0006,ER,Completed,Respiratory Infection,228,0.0,1372.42,785.88,High Wait Time
E00016239,P009651,2025-01-17,Emergency,DR0002,ER,Completed,Acute Abdominal Condition,133,0.0,1362.37,1058.08,High Wait Time
E00004549,P002697,2026-08-25,Emergency,DR0018,ER,Completed,Other Acute Condition,169,0.0,1356.01,1222.13,High Wait Time
E00015709,P009333,2026-05-30,Emergency,DR0008,ER,Completed,Fracture/Injury,166,0.0,1355.82,1055.44,High Wait Time
E00009882,P005860,2025-06-05,Emergency,DR0002,ER,Completed,Respiratory Infection,147,0.0,1355.57,887.5,High Wait Time
E00011702,P006947,2026-09-22,Emergency,DR0008,ER,Completed,Acute Abdominal Condition,161,0.0,1355.19,222.15,High Wait Time
E00001993,P001190,2024-12-23,Emergency,DR0003,ER,Completed,Other Acute Condition,288,0.0,1353.03,745.29,High Wait Time
E00004710,P002789,2025-08-25,Emergency,DR0026,ER,Completed,Type 2 Diabetes,130,0.0,1352.63,1031.59,High Wait Time
E00007379,P004363,2026-09-10,Other,DR0162,ER,Completed,Type 2 Diabetes,157,0.0,1340.19,1274.58,High Wait Time
E00018027,P010709,2025-12-09,Pediatrics,DR0123,ER,Completed,Neurologic Disorder,153,0.0,1338.32,876.13,High Wait Time
E00023964,P014183,2025-11-16,Emergency,DR0007,ER,Completed,Other Acute Condition,150,0.0,1337.88,1103.98,High Wait Time
E00020715,P012304,2026-09-25,Emergency,DR0023,ER,Completed,Essential Hypertension,319,0.0,1332.89,988.79,High Wait Time
E00000123,P000072,2026-03-13,Emergency,DR0015,ER,Completed,Fracture/Injury,132,0.0,1332.33,973.88,High Wait Time
E00004565,P002705,2026-09-17,Emergency,DR0018,ER,Completed,Other Acute Condition,197,0.0,1329.96,963.04,High Wait Time
E00011179,P006636,2024-02-19,Emergency,DR0009,ER,Completed,Respiratory Infection,156,0.0,1329.73,1210.66,High Wait Time
E00018733,P011130,2024-11-21,Emergency,DR0025,ER,Completed,Acute Abdominal Condition,208,0.0,1325.92,981.01,High Wait Time
E00022224,P013164,2025-10-05,Emergency,DR0003,ER,Completed,Other Acute Condition,133,0.0,1322.73,1259.04,High Wait Time
E00019418,P011534,2024-05-14,Emergency,DR0025,ER,Completed,Other Acute Condition,139,0.0,1321.92,1000.64,High Wait Time
E00005459,P003221,2024-04-18,Emergency,DR0026,ER,Completed,Fracture/Injury,187,0.0,1318.64,1265.63,High Wait Time
E00019382,P011512,2024-03-30,Emergency,DR0020,ER,Completed,Acute Abdominal Condition,128,0.0,1317.16,794.87,High Wait Time
E00019806,P011764,2026-08-16,Emergency,DR0021,Observation,Completed,Other Acute Condition,162,0.68,1315.96,1128.4,High Wait Time
E00015423,P009150,2025-11-25,Emergency,DR0024,ER,Completed,Essential Hypertension,200,0.0,1313.91,841.14,High Wait Time
E00011834,P007025,2024-05-05,Emergency,DR0007,ER,Completed,Fracture/Injury,182,0.0,1313.47,756.81,High Wait Time
E00008225,P004871,2024-06-01,Emergency,DR0010,ER,Completed,Essential Hypertension,162,0.0,1307.46,1025.74,High Wait Time
E00017353,P010306,2026-08-22,Emergency,DR0024,ER,Completed,Other Acute Condition,129,0.0,1306.89,1022.4,High Wait Time
E00009125,P005413,2026-02-24,Emergency,DR0018,ER,Completed,Essential Hypertension,243,0.0,1306.8,905.25,High Wait Time
E00003156,P001850,2026-03-08,Emergency,DR0026,ER,Completed,Fracture/Injury,152,0.0,1305.0,742.69,High Wait Time
E00023115,P013691,2026-06-21,Emergency,DR0027,ER,Completed,Respiratory Infection,157,0.0,1304.03,903.83,High Wait Time
E00013860,P008257,2026-09-18,Emergency,DR0021,Observation,Completed,Acute Abdominal Condition,146,0.45,1303.16,784.86,High Wait Time
E00004582,P002716,2024-01-28,Emergency,DR0030,ER,Completed,Essential Hypertension,156,0.0,1298.58,827.95,High Wait Time
E00004308,P002559,2026-09-13,Emergency,DR0026,ER,Completed,Fracture/Injury,154,0.0,1297.53,745.56,High Wait Time
E00015830,P009410,2026-09-30,Emergency,DR0005,ER,Completed,Respiratory Infection,158,0.0,1297.31,750.57,High Wait Time
E00012402,P007362,2025-06-20,Emergency,DR0007,ER,Completed,Essential Hypertension,154,0.0,1288.55,805.41,High Wait Time
E00019540,P011613,2024-08-02,Emergency,DR0004,ER,Completed,Fracture/Injury,127,0.0,1288.36,1172.86,High Wait Time
E00002101,P001260,2025-06-30,Other,DR0161,ER,Completed,Respiratory Infection,163,0.0,1284.1,1120.52,High Wait Time
E00019306,P011473,2024-01-09,Emergency,DR0020,ER,Completed,Other Acute Condition,145,0.0,1282.98,1219.5,High Wait Time
E00006672,P003949,2024-10-30,Emergency,DR0028,ER,Completed,Fracture/Injury,320,0.0,1282.82,1062.75,High Wait Time
E00007161,P004237,2024-12-19,Emergency,DR0026,ER,Completed,Acute Abdominal Condition,141,0.0,1281.2,1172.56,High Wait Time
E00005274,P003130,2025-07-19,Emergency,DR0002,ER,Completed,Fracture/Injury,141,0.0,1278.53,917.6,High Wait Time
E00000561,P000339,2024-07-27,Emergency,DR0003,ER,Completed,Type 2 Diabetes,143,0.0,1277.44,816.8,High Wait Time
E00014319,P008514,2025-10-18,Emergency,DR0023,ER,Completed,Fracture/Injury,192,0.0,1273.86,1055.35,High Wait Time
E00008717,P005165,2026-02-18,Emergency,DR0014,ER,Completed,Essential Hypertension,164,0.0,1267.42,740.95,High Wait Time
E00019558,P011626,2024-04-08,Other,DR0163,ER,Completed,Essential Hypertension,135,0.0,1265.36,785.42,High Wait Time
E00011532,P006829,2025-09-03,Emergency,DR0016,ER,Completed,Respiratory Infection,259,0.0,1263.47,1155.4,High Wait Time
E00005732,P003399,2026-03-01,Emergency,DR0007,ER,Completed,Other Acute Condition,154,0.0,1259.76,1136.62,High Wait Time
E00016964,P010076,2025-02-04,Emergency,DR0001,ER,Completed,Fracture/Injury,193,0.0,1259.5,826.44,High Wait Time
E00024074,P014244,2026-09-18,Emergency,DR0021,ER,Completed,Essential Hypertension,193,0.0,1256.34,1138.26,High Wait Time
E00015954,P009484,2025-11-13,Emergency,DR0013,ER,Completed,Other Acute Condition,201,0.0,1254.86,749.44,High Wait Time
E00021557,P012785,2026-05-13,Emergency,DR0019,ER,Completed,Type 2 Diabetes,173,0.0,1251.66,853.18,High Wait Time
E00002821,P001675,2026-05-14,Emergency,DR0022,ER,Completed,Acute Abdominal Condition,162,0.0,1251.47,918.67,High Wait Time
E00020393,P012102,2026-06-14,Emergency,DR0029,ER,Completed,Respiratory Infection,273,0.0,1251.38,1095.88,High Wait Time
E00013319,P007927,2026-09-14,Emergency,DR0008,ER,Completed,Fracture/Injury,164,0.0,1249.06,783.55,High Wait Time
E00017503,P010388,2026-02-03,Emergency,DR0018,ER,Completed,Type 2 Diabetes,175,0.0,1248.65,1104.17,High Wait Time
E00008759,P005195,2026-01-05,Emergency,DR0029,ER,Completed,Other Acute Condition,149,0.0,1247.79,1115.98,High Wait Time
E00018456,P010962,2025-12-26,Emergency,DR0011,ER,Completed,Essential Hypertension,177,0.0,1244.85,896.01,High Wait Time
E00019374,P011505,2026-09-24,Emergency,DR0003,ER,Completed,Respiratory Infection,178,0.0,1242.29,1047.59,High Wait Time
E00014296,P008499,2025-03-06,Emergency,DR0003,Observation,Completed,Fracture/Injury,180,1.25,1240.98,764.07,High Wait Time
E00003429,P002026,2026-09-11,Emergency,DR0001,ER,Completed,Respiratory Infection,130,0.0,1239.99,763.92,High Wait Time
E00020960,P012440,2024-02-11,Pediatrics,DR0119,ER,Completed,Other Acute Condition,206,0.0,1239.96,249.42,High Wait Time
E00005806,P003443,2026-03-18,Emergency,DR0024,ER,Completed,Respiratory Infection,150,0.0,1238.6,488.92,High Wait Time
E00000687,P000416,2024-11-08,Emergency,DR0029,ER,Completed,Type 2 Diabetes,142,0.0,1238.26,1136.46,High Wait Time
E00003262,P001914,2025-09-10,Emergency,DR0011,ER,Completed,Acute Abdominal Condition,176,0.0,1236.67,911.67,High Wait Time
E00012580,P007473,2026-09-30,Emergency,DR0015,ER,Completed,Fracture/Injury,159,0.0,1236.02,1161.85,High Wait Time
E00020122,P011944,2025-07-21,Emergency,DR0011,ER,Completed,Essential Hypertension,191,0.0,1231.5,797.02,High Wait Time
E00024005,P014203,2024-01-20,Emergency,DR0029,ER,Completed,Respiratory Infection,137,0.0,1230.48,1051.41,High Wait Time
E00006544,P003877,2025-12-09,Emergency,DR0009,ER,Completed,Other Acute Condition,134,0.0,1225.86,823.6,High Wait Time
E00023786,P014080,2025-04-07,Emergency,DR0018,ER,Completed,Essential Hypertension,168,0.0,1225.48,1112.23,High Wait Time
E00006714,P003975,2025-09-06,Emergency,DR0010,ER,Completed,Essential Hypertension,132,0.0,1223.18,1058.35,High Wait Time
E00018913,P011239,2026-05-22,Emergency,DR0006,ER,Completed,Respiratory Infection,214,0.0,1222.83,537.58,High Wait Time
E00024055,P014234,2026-09-11,Emergency,DR0028,ER,Completed,Fracture/Injury,188,0.0,1219.72,1166.68,High Wait Time
E00021417,P012702,2024-08-01,Emergency,DR0015,ER,Completed,Acute Abdominal Condition,148,0.0,1218.74,716.39,High Wait Time
E00003646,P002154,2024-02-04,Emergency,DR0006,ER,Completed,Type 2 Diabetes,164,0.0,1217.24,790.79,High Wait Time
E00020993,P012454,2026-09-20,Emergency,DR0003,ER,Completed,Essential Hypertension,179,0.0,1216.55,873.74,High Wait Time
E00011447,P006782,2025-08-27,Emergency,DR0011,ER,Completed,Acute Abdominal Condition,219,0.0,1215.24,882.81,High Wait Time
E00023521,P013918,2024-11-21,Emergency,DR0015,ER,Completed,Essential Hypertension,173,0.0,1213.59,1139.72,High Wait Time
E00025359,P014992,2026-09-13,Emergency,DR0012,ER,Completed,Acute Abdominal Condition,129,0.0,1211.52,1093.39,High Wait Time
E00012212,P007257,2024-06-26,Orthopedics,DR0085,Observation,Completed,Osteoarthritis,127,0.71,1211.12,678.81,High Wait Time
E00001921,P001146,2026-06-14,Emergency,DR0023,ER,Completed,Fracture/Injury,137,0.0,1210.04,983.74,High Wait Time
E00025199,P014897,2026-01-09,Emergency,DR0008,ER,Completed,Acute Abdominal Condition,221,0.0,1209.41,988.79,High Wait Time
E00021146,P012541,2024-02-17,Emergency,DR0009,ER,Completed,Other Acute Condition,127,0.0,1208.95,835.83,High Wait Time
E00020029,P011889,2026-08-13,Emergency,DR0002,ER,Completed,Other Acute Condition,127,0.0,1208.27,745.04,High Wait Time
E00010438,P006192,2026-01-29,Emergency,DR0023,ER,Completed,Acute Abdominal Condition,128,0.0,1206.28,1003.14,High Wait Time
E00015083,P008944,2026-09-26,Emergency,DR0009,ER,Completed,Essential Hypertension,126,0.0,1206.04,1063.56,High Wait Time
E00018666,P011092,2024-04-22,Surgery,DR0145,Observation,Completed,Acute Abdominal Condition,153,1.27,1205.36,989.25,High Wait Time
E00004069,P002419,2025-07-23,Neurology,DR0141,Observation,Completed,Respiratory Infection,153,2.0,1203.29,865.35,High Wait Time
E00018979,P011274,2024-12-01,Emergency,DR0009,ER,Completed,Type 2 Diabetes,137,0.0,1201.44,1097.18,High Wait Time
E00004328,P002566,2026-09-12,Emergency,DR0007,ER,Completed,Respiratory Infection,179,0.0,1197.16,1055.91,High Wait Time
E00017078,P010143,2026-08-27,Emergency,DR0002,ER,Completed,Type 2 Diabetes,159,0.0,1196.87,943.02,High Wait Time
E00016835,P010002,2024-08-01,Emergency,DR0009,ER,Completed,Acute Abdominal Condition,146,0.0,1196.75,1024.26,High Wait Time
E00015229,P009029,2026-05-31,Emergency,DR0016,ER,Completed,Other Acute Condition,182,0.0,1196.13,1079.74,High Wait Time
E00008961,P005313,2026-09-09,Emergency,DR0002,ER,Completed,Respiratory Infection,166,0.0,1194.55,1053.59,High Wait Time
E00021231,P012598,2026-01-11,Emergency,DR0010,ER,Completed,Acute Abdominal Condition,137,0.0,1193.22,964.85,High Wait Time
E00015926,P009469,2026-02-14,Emergency,DR0003,ER,Completed,Fracture/Injury,192,0.0,1192.52,1113.7,High Wait Time
E00006528,P003867,2025-06-09,Emergency,DR0010,ER,Completed,Other Acute Condition,148,0.0,1191.4,1087.24,High Wait Time
E00002490,P001493,2026-06-23,Emergency,DR0021,ER,Completed,Fracture/Injury,128,0.0,1187.99,678.97,High Wait Time
E00021727,P012879,2024-03-08,Emergency,DR0017,ER,Completed,Acute Abdominal Condition,191,0.0,1187.58,850.67,High Wait Time
E00003310,P001944,2025-07-04,Emergency,DR0007,ER,Completed,Acute Abdominal Condition,143,0.0,1185.19,232.95,High Wait Time
E00003745,P002211,2025-01-12,Emergency,DR0015,ER,Completed,Fracture/Injury,282,0.0,1184.42,689.57,High Wait Time
E00018236,P010836,2026-02-01,Emergency,DR0002,ER,Completed,Acute Abdominal Condition,133,0.0,1181.22,796.91,High Wait Time
E00007266,P004298,2025-11-03,Emergency,DR0004,ER,Completed,Other Acute Condition,130,0.0,1180.6,739.97,High Wait Time
E00024934,P014741,2025-01-16,Emergency,DR0026,ER,Completed,Acute Abdominal Condition,166,0.0,1179.57,813.5,High Wait Time
E00004338,P002570,2024-09-18,Emergency,DR0023,ER,Completed,Other Acute Condition,130,0.0,1178.92,676.86,High Wait Time
E00014056,P008352,2026-04-30,Emergency,DR0010,ER,Completed,Acute Abdominal Condition,137,0.0,1178.73,931.28,High Wait Time
E00015657,P009300,2024-06-06,Emergency,DR0025,ER,Completed,Acute Abdominal Condition,213,0.0,1173.34,957.32,High Wait Time
E00017959,P010668,2025-12-18,Emergency,DR0022,ER,Completed,Other Acute Condition,165,0.0,1173.34,649.73,High Wait Time
E00005330,P003155,2026-01-23,Emergency,DR0003,ER,Completed,Other Acute Condition,150,0.0,1169.73,843.39,High Wait Time
E00022659,P013420,2024-01-10,Emergency,DR0011,ER,Completed,Essential Hypertension,126,0.0,1166.33,677.02,High Wait Time
E00009974,P005919,2025-09-15,Emergency,DR0007,ER,Completed,Respiratory Infection,170,0.0,1165.43,829.76,High Wait Time
E00014235,P008458,2025-05-02,Emergency,DR0029,ER,Completed,Respiratory Infection,135,0.0,1164.17,734.47,High Wait Time
E00004322,P002564,2026-09-26,Emergency,DR0014,ER,Completed,Respiratory Infection,174,0.0,1164.14,1019.41,High Wait Time
E00004428,P002625,2024-03-13,Emergency,DR0017,ER,Completed,Respiratory Infection,158,0.0,1160.25,1004.28,High Wait Time
E00022774,P013494,2024-09-30,Other,DR0161,ER,Completed,Respiratory Infection,128,0.0,1155.68,848.84,High Wait Time
E00002559,P001529,2024-05-31,Emergency,DR0022,ER,Completed,Acute Abdominal Condition,170,0.0,1153.26,740.71,High Wait Time
E00008394,P004973,2025-11-03,Emergency,DR0008,ER,Completed,Essential Hypertension,129,0.0,1152.91,809.22,High Wait Time
E00013676,P008138,2025-10-14,Neurology,DR0135,Observation,Completed,Neurologic Disorder,160,0.73,1152.23,881.02,High Wait Time
E00003392,P001998,2024-03-24,Emergency,DR0019,ER,Completed,Respiratory Infection,127,0.0,1151.16,805.24,High Wait Time
E00023338,P013814,2024-03-25,Emergency,DR0023,ER,Completed,Essential Hypertension,158,0.0,1149.65,986.52,High Wait Time
E00019643,P011664,2026-05-05,Emergency,DR0016,ER,Completed,Acute Abdominal Condition,140,0.0,1146.0,838.31,High Wait Time
E00010960,P006505,2026-09-24,Emergency,DR0024,ER,Completed,Respiratory Infection,206,0.0,1144.37,1002.24,High Wait Time
E00000089,P000051,2024-06-26,Emergency,DR0025,ER,Completed,Acute Abdominal Condition,165,0.0,1143.13,1046.28,High Wait Time
E00001570,P000930,2026-09-15,Oncology,DR0101,Observation,Completed,Cancer - Active Treatment,180,0.83,1141.13,828.82,High Wait Time
E00016272,P009673,2025-04-27,Pediatrics,DR0119,ER,Completed,Other Acute Condition,140,0.0,1139.81,999.27,High Wait Time
E00010651,P006322,2026-01-28,Emergency,DR0022,ER,Completed,Acute Abdominal Condition,171,0.0,1134.97,635.64,High Wait Time
E00006288,P003729,2025-01-10,Obstetrics,DR0130,Observation,Completed,Depression/Anxiety,130,0.85,1133.57,800.81,High Wait Time
E00013434,P007995,2024-10-08,Other,DR0165,Observation,Completed,COPD,159,1.0,1133.45,678.68,High Wait Time
E00011017,P006539,2026-06-20,Emergency,DR0013,ER,Completed,Fracture/Injury,136,0.0,1132.83,681.28,High Wait Time
E00023117,P013692,2024-04-15,Emergency,DR0022,ER,Completed,Essential Hypertension,257,0.0,1128.64,884.38,High Wait Time
E00024615,P014550,2024-01-06,Emergency,DR0019,ER,Completed,Other Acute Condition,185,0.0,1128.43,622.32,High Wait Time
E00013890,P008274,2024-06-03,Emergency,DR0021,ER,Completed,Other Acute Condition,143,0.0,1126.12,813.25,High Wait Time
E00012582,P007474,2026-09-12,Emergency,DR0025,ER,Completed,Fracture/Injury,190,0.0,1125.7,755.18,High Wait Time
E00008624,P005119,2025-12-07,Emergency,DR0019,ER,Completed,Other Acute Condition,163,0.0,1122.45,632.94,High Wait Time
E00009668,P005738,2024-10-22,Emergency,DR0020,ER,Completed,Acute Abdominal Condition,235,0.0,1122.0,654.3,High Wait Time
E00015733,P009348,2026-08-22,Emergency,DR0015,ER,Completed,Acute Abdominal Condition,273,0.0,1120.88,732.52,High Wait Time
E00002353,P001415,2026-04-29,Emergency,DR0007,ER,Completed,Essential Hypertension,213,0.0,1117.06,684.44,High Wait Time
E00011099,P006585,2025-11-22,Emergency,DR0026,ER,Completed,Other Acute Condition,157,0.0,1112.02,661.88,High Wait Time
E00008014,P004751,2024-05-15,Emergency,DR0022,ER,Completed,Acute Abdominal Condition,130,0.0,1111.73,243.15,High Wait Time
E00001290,P000769,2026-09-20,Emergency,DR0026,ER,Completed,Essential Hypertension,175,0.0,1108.07,978.58,High Wait Time
E00015623,P009278,2026-09-04,Emergency,DR0005,ER,Completed,Fracture/Injury,164,0.0,1106.49,628.19,High Wait Time
E00002284,P001377,2025-01-28,Emergency,DR0029,ER,Completed,Essential Hypertension,150,0.0,1106.1,712.44,High Wait Time
E00016674,P009918,2026-09-17,Emergency,DR0003,ER,Completed,Acute Abdominal Condition,142,0.0,1104.56,859.44,High Wait Time
E00017224,P010226,2026-09-12,Emergency,DR0003,ER,Completed,Essential Hypertension,146,0.0,1103.76,608.38,High Wait Time
E00008853,P005250,2025-07-15,Emergency,DR0021,ER,Completed,Type 2 Diabetes,207,0.0,1102.81,991.8,High Wait Time
E00017384,P010321,2026-07-12,Emergency,DR0016,ER,Completed,Essential Hypertension,192,0.0,1101.68,932.33,High Wait Time
E00003615,P002134,2026-01-08,Emergency,DR0018,ER,Completed,Essential Hypertension,130,0.0,1094.56,716.91,High Wait Time
E00005515,P003259,2024-08-19,Emergency,DR0011,ER,Completed,Respiratory Infection,199,0.0,1093.23,815.7,High Wait Time
E00013995,P008322,2024-11-23,Emergency,DR0030,ER,Completed,Type 2 Diabetes,164,0.0,1091.92,975.24,High Wait Time
E00010682,P006337,2025-12-26,Emergency,DR0020,ER,Completed,Acute Abdominal Condition,160,0.0,1090.63,782.15,High Wait Time
E00022121,P013108,2024-08-26,Emergency,DR0019,ER,Completed,Other Acute Condition,139,0.0,1090.42,982.47,High Wait Time
E00009307,P005517,2025-04-22,Emergency,DR0010,ER,Completed,Acute Abdominal Condition,166,0.0,1090.35,735.15,High Wait Time
E00016641,P009900,2025-04-04,Emergency,DR0012,ER,Completed,Acute Abdominal Condition,207,0.0,1087.43,631.4,High Wait Time
E00006974,P004135,2025-02-04,Emergency,DR0022,ER,Completed,Essential Hypertension,270,0.0,1078.98,812.8,High Wait Time
E00006377,P003781,2026-01-22,Emergency,DR0013,ER,Completed,Fracture/Injury,168,0.0,1078.31,785.07,High Wait Time
E00016315,P009699,2024-03-03,Emergency,DR0018,ER,Completed,Essential Hypertension,150,0.0,1077.39,627.99,High Wait Time
E00001266,P000758,2026-09-20,Emergency,DR0016,ER,Completed,Respiratory Infection,145,0.0,1077.06,695.34,High Wait Time
E00006074,P003589,2025-10-17,Emergency,DR0029,ER,Completed,Other Acute Condition,320,0.0,1073.37,944.04,High Wait Time
E00019650,P011668,2026-02-21,Emergency,DR0024,ER,Completed,Acute Abdominal Condition,180,0.0,1071.56,664.36,High Wait Time
E00011592,P006865,2026-07-05,Emergency,DR0010,ER,Completed,Fracture/Injury,217,0.0,1071.21,867.9,High Wait Time
E00018102,P010758,2026-09-14,Emergency,DR0024,ER,Completed,Other Acute Condition,287,0.0,1069.1,760.23,High Wait Time
E00008916,P005286,2025-06-22,Emergency,DR0021,ER,Completed,Other Acute Condition,170,0.0,1061.72,968.97,High Wait Time
E00009550,P005663,2026-09-12,Emergency,DR0004,ER,Completed,Type 2 Diabetes,233,0.0,1060.86,945.58,High Wait Time
E00006008,P003552,2025-04-03,Emergency,DR0005,ER,Completed,Acute Abdominal Condition,168,0.0,1059.52,919.51,High Wait Time
E00011369,P006743,2026-09-16,Emergency,DR0018,ER,Completed,Other Acute Condition,147,0.0,1058.95,853.31,High Wait Time
E00004265,P002531,2025-10-18,Emergency,DR0010,ER,Completed,Acute Abdominal Condition,130,0.0,1055.14,696.62,High Wait Time
E00003898,P002302,2026-04-17,Other,DR0168,ER,Completed,Respiratory Infection,143,0.0,1054.86,998.03,High Wait Time
E00015517,P009209,2026-09-17,Emergency,DR0029,ER,Completed,Essential Hypertension,177,0.0,1054.62,616.62,High Wait Time
E00021329,P012649,2026-05-09,Emergency,DR0010,ER,Completed,Type 2 Diabetes,229,0.0,1054.56,887.79,High Wait Time
E00023913,P014151,2025-03-03,Emergency,DR0024,Observation,Completed,Acute Abdominal Condition,127,0.74,1053.77,965.65,High Wait Time
E00024463,P014461,2025-11-20,Emergency,DR0024,ER,Completed,Acute Abdominal Condition,160,0.0,1051.91,895.58,High Wait Time
E00022826,P013518,2025-05-29,Emergency,DR0005,ER,Completed,Fracture/Injury,182,0.0,1049.97,613.62,High Wait Time
E00008237,P004878,2025-09-07,Emergency,DR0027,ER,Completed,Fracture/Injury,127,0.0,1049.81,804.7,High Wait Time
E00019094,P011347,2024-04-18,Emergency,DR0010,ER,Completed,Essential Hypertension,145,0.0,1047.54,916.72,High Wait Time
E00011691,P006940,2024-09-20,Emergency,DR0024,ER,Completed,Other Acute Condition,141,0.0,1045.12,786.32,High Wait Time
E00005803,P003440,2026-08-25,Emergency,DR0012,ER,Completed,Essential Hypertension,149,0.0,1042.77,654.35,High Wait Time
E00008068,P004783,2026-03-08,Emergency,DR0020,ER,Completed,Acute Abdominal Condition,164,0.0,1042.61,701.35,High Wait Time
E00022082,P013087,2025-03-04,Emergency,DR0017,ER,Completed,Other Acute Condition,178,0.0,1042.51,952.06,High Wait Time
E00002099,P001259,2025-04-21,Emergency,DR0019,ER,Completed,Acute Abdominal Condition,177,0.0,1041.21,883.33,High Wait Time
E00013738,P008178,2024-06-22,Emergency,DR0013,ER,Completed,Essential Hypertension,176,0.0,1038.2,962.02,High Wait Time
E00019218,P011423,2025-08-24,Emergency,DR0004,ER,Completed,Respiratory Infection,320,0.0,1037.66,662.76,High Wait Time
E00012608,P007488,2026-05-31,Other,DR0165,ER,Completed,Fracture/Injury,141,0.0,1037.47,989.62,High Wait Time
E00020316,P012055,2025-12-09,Emergency,DR0012,ER,Completed,Other Acute Condition,149,0.0,1032.97,726.16,High Wait Time
E00016770,P009967,2024-06-12,Emergency,DR0010,ER,Completed,Fracture/Injury,237,0.0,1032.76,587.94,High Wait Time
E00003106,P001823,2024-01-27,Pediatrics,DR0120,ER,Completed,Other Acute Condition,145,0.0,1032.72,646.69,High Wait Time
E00014382,P008543,2026-08-02,Other,DR0159,ER,Completed,Coronary Artery Disease,151,0.0,1032.6,845.62,High Wait Time
E00014001,P008324,2024-03-31,Emergency,DR0023,ER,Completed,Other Acute Condition,131,0.0,1030.54,680.35,High Wait Time
E00001391,P000828,2024-05-13,Emergency,DR0010,ER,Completed,Respiratory Infection,177,0.0,1030.1,709.25,High Wait Time
E00004360,P002582,2026-09-22,Emergency,DR0018,ER,Completed,Fracture/Injury,179,0.0,1026.99,835.73,High Wait Time
E00001873,P001114,2024-11-16,Emergency,DR0012,ER,Completed,Respiratory Infection,148,0.0,1025.77,451.66,High Wait Time
E00017184,P010202,2026-05-31,Emergency,DR0025,ER,Completed,Respiratory Infection,134,0.0,1025.47,852.02,High Wait Time
E00008822,P005234,2025-10-09,Emergency,DR0018,ER,Completed,Other Acute Condition,135,0.0,1023.9,602.68,High Wait Time
E00022231,P013169,2024-05-22,Emergency,DR0004,ER,Completed,Essential Hypertension,130,0.0,1021.03,937.35,High Wait Time
E00013707,P008159,2024-06-06,Emergency,DR0013,ER,Completed,Other Acute Condition,156,0.0,1017.48,581.04,High Wait Time
E00000172,P000101,2024-12-30,Emergency,DR0014,ER,Completed,Acute Abdominal Condition,128,0.0,1016.99,276.63,High Wait Time
E00010160,P006027,2026-01-18,Emergency,DR0011,ER,Completed,Acute Abdominal Condition,129,0.0,1013.63,682.82,High Wait Time
E00009174,P005445,2024-05-08,Emergency,DR0026,ER,Completed,Respiratory Infection,147,0.0,1013.36,778.46,High Wait Time
E00003623,P002138,2026-03-04,Emergency,DR0014,ER,Completed,Respiratory Infection,135,0.0,1012.83,569.44,High Wait Time
E00001047,P000623,2026-09-08,Emergency,DR0010,ER,Completed,Type 2 Diabetes,129,0.0,1008.16,788.11,High Wait Time
E00002439,P001469,2024-03-02,Emergency,DR0020,ER,Completed,Fracture/Injury,137,0.0,1001.37,943.41,High Wait Time
E00008516,P005048,2024-03-30,Emergency,DR0023,ER,Completed,Other Acute Condition,182,0.0,1001.15,663.6,High Wait Time
E00009479,P005619,2025-07-03,Emergency,DR0016,ER,Completed,Respiratory Infection,160,0.0,1000.32,872.25,High Wait Time
E00010296,P006107,2024-07-16,Emergency,DR0009,ER,Completed,Other Acute Condition,138,0.0,998.78,671.07,High Wait Time
E00014661,P008700,2026-09-11,Emergency,DR0009,ER,Completed,Other Acute Condition,126,0.0,998.19,861.52,High Wait Time
E00009741,P005782,2025-11-25,Other,DR0165,ER,Completed,Fracture/Injury,155,0.0,997.52,734.46,High Wait Time
E00008405,P004981,2025-10-11,Emergency,DR0002,ER,Completed,Other Acute Condition,188,0.0,995.76,861.01,High Wait Time
E00015413,P009144,2025-11-22,Emergency,DR0012,ER,Completed,Other Acute Condition,140,0.0,994.9,592.55,High Wait Time
E00012995,P007732,2024-10-06,Emergency,DR0019,ER,Completed,Fracture/Injury,221,0.0,993.15,550.65,High Wait Time
E00008776,P005201,2025-04-26,Other,DR0163,ER,Completed,Coronary Artery Disease,190,0.0,990.58,790.88,High Wait Time
E00006960,P004124,2025-08-09,Emergency,DR0007,ER,Completed,Other Acute Condition,147,0.0,988.88,550.37,High Wait Time
E00006627,P003921,2026-09-17,Emergency,DR0018,ER,Completed,Acute Abdominal Condition,127,0.0,988.26,557.54,High Wait Time
E00012626,P007497,2026-09-28,Emergency,DR0024,ER,Completed,Respiratory Infection,138,0.0,987.65,579.5,High Wait Time
E00009062,P005374,2024-11-22,Emergency,DR0019,ER,Completed,Type 2 Diabetes,142,0.0,986.63,626.08,High Wait Time
E00017202,P010212,2025-01-28,Emergency,DR0028,ER,Completed,Respiratory Infection,133,0.0,985.56,748.33,High Wait Time
E00013656,P008127,2026-07-25,Emergency,DR0011,ER,Completed,Essential Hypertension,126,0.0,983.95,787.15,High Wait Time
E00024068,P014240,2024-12-07,Emergency,DR0004,ER,Completed,Essential Hypertension,290,0.0,983.73,837.84,High Wait Time
E00020726,P012309,2024-01-31,Emergency,DR0003,ER,Completed,Acute Abdominal Condition,135,0.0,983.01,814.53,High Wait Time
E00009129,P005414,2026-09-27,Emergency,DR0029,ER,Completed,Essential Hypertension,218,0.0,982.33,540.4,High Wait Time
E00016571,P009855,2025-08-11,Emergency,DR0015,ER,Completed,Respiratory Infection,146,0.0,981.66,768.03,High Wait Time
E00024452,P014454,2024-10-25,Emergency,DR0021,ER,Completed,Fracture/Injury,201,0.0,980.5,614.8,High Wait Time
E00009256,P005492,2026-04-30,Pediatrics,DR0121,ER,Completed,Respiratory Infection,146,0.0,973.99,736.2,High Wait Time
E00019731,P011718,2025-12-04,Emergency,DR0007,ER,Completed,Acute Abdominal Condition,140,0.0,973.46,737.01,High Wait Time
E00005609,P003322,2024-11-16,Emergency,DR0015,ER,Completed,Acute Abdominal Condition,133,0.0,970.2,746.29,High Wait Time
E00003595,P002123,2026-06-07,Emergency,DR0007,ER,Completed,Type 2 Diabetes,184,0.0,969.7,747.54,High Wait Time
E00018846,P011198,2025-06-20,Emergency,DR0002,ER,Completed,Respiratory Infection,225,0.0,969.54,722.35,High Wait Time
E00016664,P009912,2024-07-15,Emergency,DR0015,ER,Completed,Respiratory Infection,166,0.0,968.63,753.74,High Wait Time
E00015856,P009427,2026-07-08,Emergency,DR0011,ER,Completed,Acute Abdominal Condition,134,0.0,968.32,655.97,High Wait Time
E00017005,P010099,2026-09-09,Emergency,DR0002,ER,Completed,Fracture/Injury,140,0.0,968.17,573.73,High Wait Time
E00021518,P012760,2025-09-28,Emergency,DR0030,ER,Completed,Fracture/Injury,126,0.0,967.09,566.32,High Wait Time
E00003041,P001794,2026-09-16,Emergency,DR0006,ER,Completed,Other Acute Condition,196,0.0,966.48,843.07,High Wait Time
E00004574,P002710,2025-05-03,Emergency,DR0014,ER,Completed,Type 2 Diabetes,132,0.0,963.36,735.17,High Wait Time
E00016208,P009631,2025-04-25,Emergency,DR0011,ER,Completed,Essential Hypertension,172,0.0,962.45,693.57,High Wait Time
E00009685,P005748,2026-03-25,Emergency,DR0007,ER,Completed,Fracture/Injury,127,0.0,961.84,905.68,High Wait Time
E00023847,P014111,2025-08-18,Emergency,DR0025,ER,Completed,Other Acute Condition,135,0.0,959.46,917.87,High Wait Time
E00014640,P008690,2024-12-13,Emergency,DR0010,ER,Completed,Acute Abdominal Condition,149,0.0,959.13,458.79,High Wait Time
E00016473,P009794,2024-06-25,Emergency,DR0019,ER,Completed,Type 2 Diabetes,136,0.0,959.03,654.01,High Wait Time
E00018173,P010794,2026-09-17,Emergency,DR0007,ER,Completed,Essential Hypertension,219,0.0,958.51,322.87,High Wait Time
E00006245,P003706,2025-06-05,Emergency,DR0005,ER,Completed,Fracture/Injury,184,0.0,955.22,833.41,High Wait Time
E00000480,P000299,2026-09-13,Emergency,DR0002,ER,Completed,Respiratory Infection,140,0.0,953.91,809.53,High Wait Time
E00011579,P006856,2024-12-07,Emergency,DR0011,ER,Completed,Type 2 Diabetes,132,0.0,952.61,551.31,High Wait Time
E00018340,P010891,2025-05-07,Emergency,DR0015,ER,Completed,Other Acute Condition,127,0.0,952.28,698.11,High Wait Time
E00021425,P012708,2026-08-14,Emergency,DR0005,ER,Completed,Type 2 Diabetes,149,0.0,948.44,737.72,High Wait Time
E00025234,P014921,2025-10-12,Emergency,DR0024,ER,Completed,Essential Hypertension,224,0.0,948.03,635.81,High Wait Time
E00012685,P007532,2025-11-15,Emergency,DR0024,ER,Completed,Respiratory Infection,133,0.0,947.4,562.77,High Wait Time
E00000576,P000349,2025-11-10,Emergency,DR0006,ER,Completed,Acute Abdominal Condition,136,0.0,947.11,764.23,High Wait Time
E00012634,P007505,2025-02-09,Emergency,DR0003,ER,Completed,Other Acute Condition,130,0.0,944.82,543.35,High Wait Time
E00018956,P011259,2025-11-11,Emergency,DR0023,ER,Completed,Essential Hypertension,169,0.0,942.77,829.73,High Wait Time
E00010468,P006210,2026-01-13,Emergency,DR0026,ER,Completed,Fracture/Injury,126,0.0,942.59,659.42,High Wait Time
E00020341,P012070,2026-02-04,Emergency,DR0018,ER,Completed,Acute Abdominal Condition,171,0.0,941.2,560.28,High Wait Time
E00012472,P007400,2026-04-22,Emergency,DR0014,ER,Completed,Fracture/Injury,161,0.0,940.98,550.23,High Wait Time
E00015114,P008965,2026-07-22,Emergency,DR0002,ER,Completed,Other Acute Condition,171,0.0,940.44,682.45,High Wait Time
E00011515,P006818,2025-11-26,Emergency,DR0015,ER,Completed,Fracture/Injury,172,0.0,939.82,676.07,High Wait Time
E00017625,P010473,2026-09-13,Emergency,DR0002,ER,Completed,Respiratory Infection,280,0.0,936.53,778.17,High Wait Time
E00003331,P001956,2026-09-17,Emergency,DR0001,ER,Completed,Essential Hypertension,209,0.0,936.53,248.23,High Wait Time
E00001567,P000929,2024-02-14,Emergency,DR0007,ER,Completed,Other Acute Condition,203,0.0,936.26,656.99,High Wait Time
E00002727,P001620,2026-08-25,Emergency,DR0014,ER,Completed,Respiratory Infection,213,0.0,935.8,576.65,High Wait Time
E00004724,P002796,2024-06-30,Emergency,DR0027,ER,Completed,Essential Hypertension,242,0.0,935.46,854.68,High Wait Time
E00017939,P010660,2024-07-31,Emergency,DR0024,ER,Completed,Essential Hypertension,157,0.0,934.94,565.86,High Wait Time
E00004590,P002719,2026-08-24,Pediatrics,DR0119,ER,Completed,Other Acute Condition,320,0.0,931.59,878.67,High Wait Time
E00011113,P006595,2024-07-05,Emergency,DR0005,ER,Completed,Other Acute Condition,134,0.0,928.62,796.58,High Wait Time
E00017311,P010278,2024-08-01,Emergency,DR0028,ER,Completed,Respiratory Infection,131,0.0,928.19,550.29,High Wait Time
E00023757,P014063,2026-05-27,Emergency,DR0024,ER,Completed,Fracture/Injury,162,0.0,927.21,872.12,High Wait Time
E00000649,P000393,2026-07-06,Emergency,DR0015,ER,Completed,Other Acute Condition,274,0.0,925.93,619.17,High Wait Time
E00017550,P010419,2025-01-15,Emergency,DR0029,ER,Completed,Acute Abdominal Condition,135,0.0,925.02,666.49,High Wait Time
E00009942,P005898,2025-11-13,Other,DR0160,ER,Completed,Pregnancy-Related,134,0.0,923.38,644.81,High Wait Time
E00000658,P000398,2024-05-19,Emergency,DR0026,ER,Completed,Respiratory Infection,207,0.0,922.02,397.85,High Wait Time
E00021924,P012989,2025-01-01,Other,DR0166,ER,Completed,Fracture/Injury,131,0.0,920.48,764.64,High Wait Time
E00005290,P003136,2026-09-23,Emergency,DR0009,ER,Completed,Other Acute Condition,156,0.0,920.43,557.14,High Wait Time
E00015148,P008979,2024-01-11,Emergency,DR0006,ER,Completed,Respiratory Infection,143,0.0,920.06,510.7,High Wait Time
E00023083,P013670,2026-09-13,Pediatrics,DR0119,ER,Completed,Other Acute Condition,133,0.0,918.35,668.55,High Wait Time
E00003318,P001949,2025-10-22,Emergency,DR0023,ER,Completed,Other Acute Condition,177,0.0,917.32,801.99,High Wait Time
E00006799,P004029,2024-03-03,Other,DR0161,ER,Completed,Fracture/Injury,143,0.0,917.2,473.24,High Wait Time
E00016988,P010090,2026-07-14,Emergency,DR0029,ER,Completed,Type 2 Diabetes,127,0.0,914.48,794.02,High Wait Time
E00014675,P008706,2025-12-20,Emergency,DR0004,ER,Completed,Essential Hypertension,162,0.0,911.08,864.36,High Wait Time
E00008382,P004966,2026-09-14,Emergency,DR0022,ER,Completed,Fracture/Injury,154,0.0,908.6,514.13,High Wait Time
E00003904,P002307,2024-12-07,Emergency,DR0030,ER,Completed,Respiratory Infection,182,0.0,908.03,515.65,High Wait Time
E00010885,P006455,2024-12-17,Emergency,DR0010,ER,Completed,Type 2 Diabetes,179,0.0,907.17,566.59,High Wait Time
E00015575,P009245,2025-08-16,Emergency,DR0028,ER,Completed,Type 2 Diabetes,127,0.0,904.27,567.85,High Wait Time
E00014980,P008885,2025-06-08,Emergency,DR0004,ER,Completed,Other Acute Condition,140,0.0,904.15,252.86,High Wait Time
E00022386,P013262,2025-02-08,Emergency,DR0001,ER,Completed,Fracture/Injury,177,0.0,904.1,626.73,High Wait Time
E00015647,P009295,2024-04-11,Emergency,DR0010,ER,Completed,Acute Abdominal Condition,137,0.0,902.48,548.16,High Wait Time
E00008098,P004798,2026-09-17,Emergency,DR0006,ER,Completed,Respiratory Infection,184,0.0,902.41,594.01,High Wait Time
E00005073,P003012,2026-09-02,Emergency,DR0024,ER,Completed,Respiratory Infection,131,0.0,899.47,752.1,High Wait Time
E00009964,P005914,2025-05-22,Emergency,DR0020,ER,Completed,Respiratory Infection,132,0.0,899.19,642.05,High Wait Time
E00006495,P003846,2025-04-22,Emergency,DR0010,ER,Completed,Acute Abdominal Condition,175,0.0,898.75,853.52,High Wait Time
E00005760,P003411,2026-09-25,Emergency,DR0026,ER,Completed,Type 2 Diabetes,153,0.0,898.65,169.29,High Wait Time
E00020681,P012286,2025-12-20,Emergency,DR0025,ER,Completed,Other Acute Condition,125,0.0,898.65,846.09,High Wait Time
E00005667,P003354,2026-09-16,Emergency,DR0011,ER,Completed,Respiratory Infection,173,0.0,898.02,661.58,High Wait Time
E00004007,P002377,2025-03-14,Emergency,DR0018,ER,Completed,Respiratory Infection,170,0.0,896.85,629.85,High Wait Time
E00006263,P003714,2024-05-26,Emergency,DR0003,ER,Completed,Acute Abdominal Condition,128,0.0,896.82,705.59,High Wait Time
E00015495,P009198,2026-07-20,Emergency,DR0009,ER,Completed,Other Acute Condition,251,0.0,895.01,531.55,High Wait Time
E00017056,P010129,2024-11-24,Emergency,DR0014,ER,Completed,Essential Hypertension,262,0.0,894.96,437.15,High Wait Time
E00018110,P010762,2024-12-25,Emergency,DR0015,ER,Completed,Other Acute Condition,198,0.0,894.72,522.83,High Wait Time
E00007942,P004713,2026-04-04,Emergency,DR0022,ER,Completed,Acute Abdominal Condition,153,0.0,894.0,568.43,High Wait Time
E00009666,P005738,2024-03-31,Emergency,DR0026,ER,Completed,Type 2 Diabetes,274,0.0,887.39,686.88,High Wait Time
E00007594,P004494,2026-09-20,Emergency,DR0012,ER,Completed,Respiratory Infection,145,0.0,887.27,550.81,High Wait Time
E00008455,P005007,2026-09-18,Emergency,DR0027,ER,Completed,Other Acute Condition,188,0.0,887.07,680.61,High Wait Time
E00005089,P003023,2026-09-29,Emergency,DR0005,ER,Completed,Fracture/Injury,166,0.0,885.91,765.35,High Wait Time
E00021174,P012556,2024-09-12,Emergency,DR0027,ER,Completed,Acute Abdominal Condition,132,0.0,881.49,520.79,High Wait Time
E00017823,P010594,2025-06-08,Emergency,DR0030,ER,Completed,Fracture/Injury,146,0.0,879.9,548.27,High Wait Time
E00015006,P008898,2025-01-05,Emergency,DR0004,ER,Completed,Fracture/Injury,229,0.0,878.36,741.51,High Wait Time
E00014744,P008743,2026-09-22,Emergency,DR0009,ER,Completed,Respiratory Infection,126,0.0,876.63,494.65,High Wait Time
E00023832,P014103,2025-04-23,Emergency,DR0028,ER,Completed,Other Acute Condition,137,0.0,874.14,705.86,High Wait Time
E00012872,P007647,2026-06-30,Emergency,DR0016,ER,Completed,Respiratory Infection,144,0.0,872.49,527.63,High Wait Time
E00019320,P011480,2024-09-18,Emergency,DR0013,ER,Completed,Essential Hypertension,200,0.0,869.79,595.67,High Wait Time
E00017686,P010513,2026-01-17,Pediatrics,DR0113,ER,Completed,Type 2 Diabetes,142,0.0,869.22,662.38,High Wait Time
E00006171,P003652,2026-05-02,Emergency,DR0021,ER,Completed,Essential Hypertension,238,0.0,867.88,811.12,High Wait Time
E00000486,P000303,2026-03-27,Emergency,DR0002,ER,Completed,Fracture/Injury,158,0.0,866.53,615.57,High Wait Time
E00014961,P008872,2026-03-18,Emergency,DR0002,ER,Completed,Respiratory Infection,157,0.0,866.04,601.1,High Wait Time
E00003066,P001806,2026-09-29,Emergency,DR0004,ER,Completed,Acute Abdominal Condition,198,0.0,865.76,747.82,High Wait Time
E00004458,P002641,2026-01-28,Emergency,DR0020,ER,Completed,Acute Abdominal Condition,142,0.0,864.02,202.18,High Wait Time
E00004671,P002766,2024-07-15,Emergency,DR0003,ER,Completed,Other Acute Condition,176,0.0,863.47,814.19,High Wait Time
E00013851,P008251,2025-03-31,Emergency,DR0005,ER,Completed,Essential Hypertension,229,0.0,862.71,484.65,High Wait Time
E00023050,P013649,2024-09-23,Emergency,DR0002,ER,Completed,Acute Abdominal Condition,144,0.0,862.04,781.31,High Wait Time
E00002172,P001307,2026-06-12,Emergency,DR0006,ER,Completed,Acute Abdominal Condition,197,0.0,861.31,474.11,High Wait Time
E00005028,P002983,2026-09-23,Pediatrics,DR0118,ER,Completed,Other Acute Condition,217,0.0,860.96,794.0,High Wait Time
E00017302,P010274,2026-05-12,Emergency,DR0029,ER,Completed,Respiratory Infection,125,0.0,856.67,481.76,High Wait Time
E00016276,P009676,2024-11-11,Emergency,DR0028,ER,Completed,Other Acute Condition,182,0.0,855.61,722.47,High Wait Time
E00012889,P007657,2026-09-10,Emergency,DR0028,ER,Completed,Acute Abdominal Condition,188,0.0,854.9,714.67,High Wait Time
E00024853,P014693,2026-05-23,Emergency,DR0027,ER,Completed,Acute Abdominal Condition,179,0.0,854.66,768.41,High Wait Time
E00022512,P013339,2026-09-13,Emergency,DR0011,ER,Completed,Acute Abdominal Condition,146,0.0,853.85,566.41,High Wait Time
E00001559,P000926,2025-02-20,Emergency,DR0014,ER,Completed,Type 2 Diabetes,125,0.0,852.95,813.63,High Wait Time
E00012918,P007678,2025-06-01,Other,DR0165,ER,Completed,Cancer - Active Treatment,217,0.0,848.95,661.99,High Wait Time
E00007502,P004441,2026-09-24,Emergency,DR0026,ER,Completed,Other Acute Condition,134,0.0,848.67,566.88,High Wait Time
E00007632,P004519,2024-10-20,Emergency,DR0009,ER,Completed,Type 2 Diabetes,125,0.0,848.06,475.22,High Wait Time
E00004348,P002575,2024-09-03,Emergency,DR0012,ER,Completed,Type 2 Diabetes,241,0.0,847.15,571.79,High Wait Time
E00021360,P012669,2025-11-12,Emergency,DR0011,ER,Completed,Other Acute Condition,131,0.0,846.03,809.62,High Wait Time
E00024891,P014715,2026-09-13,Emergency,DR0017,ER,Completed,Fracture/Injury,133,0.0,845.81,667.69,High Wait Time
E00005655,P003347,2026-07-13,Emergency,DR0007,ER,Completed,Type 2 Diabetes,235,0.0,845.23,525.78,High Wait Time
E00002024,P001209,2026-02-22,Emergency,DR0002,ER,Completed,Respiratory Infection,210,0.0,844.11,419.67,High Wait Time
E00017988,P010685,2026-04-28,Pediatrics,DR0117,ER,Completed,Other Acute Condition,258,0.0,843.88,772.92,High Wait Time
E00001145,P000690,2025-09-21,Emergency,DR0023,ER,Completed,Fracture/Injury,138,0.0,842.11,724.0,High Wait Time
E00020234,P012008,2026-09-21,Emergency,DR0010,ER,Completed,Respiratory Infection,290,0.0,839.97,567.65,High Wait Time
E00013997,P008323,2025-12-02,Emergency,DR0028,ER,Completed,Essential Hypertension,175,0.0,837.66,676.55,High Wait Time
E00020200,P011990,2026-05-14,Emergency,DR0023,ER,Completed,Other Acute Condition,227,0.0,836.91,624.99,High Wait Time
E00016953,P010070,2025-05-22,Emergency,DR0004,ER,Completed,Essential Hypertension,131,0.0,835.56,525.29,High Wait Time
E00004001,P002372,2024-12-08,Emergency,DR0002,ER,Completed,Other Acute Condition,225,0.0,835.11,665.78,High Wait Time
E00009138,P005420,2024-05-18,Emergency,DR0028,ER,Completed,Other Acute Condition,211,0.0,834.26,189.1,High Wait Time
E00024986,P014773,2025-02-20,Emergency,DR0014,ER,Completed,Other Acute Condition,149,0.0,834.12,641.77,High Wait Time
E00021393,P012686,2024-02-20,Emergency,DR0021,ER,Completed,Other Acute Condition,131,0.0,831.46,758.1,High Wait Time
E00004730,P002802,2024-09-01,Emergency,DR0019,ER,Completed,Other Acute Condition,130,0.0,831.11,472.7,High Wait Time
E00006247,P003707,2025-08-07,Emergency,DR0007,ER,Completed,Respiratory Infection,144,0.0,830.28,780.35,High Wait Time
E00011504,P006813,2026-01-09,Emergency,DR0021,ER,Completed,Acute Abdominal Condition,154,0.0,829.23,775.98,High Wait Time
E00018432,P010948,2025-03-04,Emergency,DR0001,ER,Completed,Other Acute Condition,160,0.0,829.05,688.85,High Wait Time
E00020978,P012449,2024-08-08,Pediatrics,DR0113,ER,Completed,Respiratory Infection,128,0.0,825.33,684.04,High Wait Time
E00005282,P003133,2026-07-08,Emergency,DR0027,ER,Completed,Respiratory Infection,225,0.0,824.94,466.88,High Wait Time
E00019102,P011353,2024-08-14,Emergency,DR0022,ER,Completed,Type 2 Diabetes,169,0.0,824.62,495.11,High Wait Time
E00003179,P001861,2025-10-12,Emergency,DR0023,ER,Completed,Acute Abdominal Condition,127,0.0,820.24,495.56,High Wait Time
E00000782,P000473,2024-11-14,Pediatrics,DR0113,ER,Completed,Neurologic Disorder,125,0.0,819.71,603.21,High Wait Time
E00015380,P009118,2024-10-11,Emergency,DR0011,ER,Completed,Other Acute Condition,209,0.0,819.46,571.56,High Wait Time
E00011062,P006565,2026-05-12,Emergency,DR0022,ER,Completed,Acute Abdominal Condition,161,0.0,819.15,694.24,High Wait Time
E00009283,P005505,2025-12-09,Emergency,DR0028,ER,Completed,Respiratory Infection,139,0.0,818.38,532.77,High Wait Time
E00020428,P012122,2026-07-31,Emergency,DR0018,ER,Completed,Other Acute Condition,165,0.0,817.92,310.99,High Wait Time
E00007260,P004294,2026-09-26,Emergency,DR0016,ER,Completed,Respiratory Infection,139,0.0,815.42,682.96,High Wait Time
E00006724,P003981,2024-10-31,Emergency,DR0024,ER,Completed,Acute Abdominal Condition,171,0.0,814.94,470.51,High Wait Time
E00024113,P014271,2024-08-17,Emergency,DR0006,ER,Completed,Other Acute Condition,158,0.0,812.21,232.09,High Wait Time
E00018599,P011056,2024-10-14,Emergency,DR0014,ER,Completed,Respiratory Infection,164,0.0,809.7,745.93,High Wait Time
E00025133,P014856,2025-03-18,Emergency,DR0014,ER,Completed,Essential Hypertension,141,0.0,806.34,613.74,High Wait Time
E00000106,P000061,2024-11-11,Emergency,DR0018,ER,Completed,Fracture/Injury,174,0.0,802.08,535.39,High Wait Time
E00005985,P003539,2026-05-20,Emergency,DR0018,ER,Completed,Fracture/Injury,156,0.0,802.02,549.47,High Wait Time
E00007970,P004730,2026-02-27,Emergency,DR0004,ER,Completed,Type 2 Diabetes,139,0.0,802.01,447.94,High Wait Time
E00014798,P008773,2024-09-19,Emergency,DR0030,ER,Completed,Other Acute Condition,130,0.0,801.91,618.79,High Wait Time
E00003018,P001784,2025-12-29,Emergency,DR0014,ER,Completed,Acute Abdominal Condition,129,0.0,800.62,658.38,High Wait Time
E00002601,P001549,2025-07-03,Emergency,DR0020,ER,Completed,Other Acute Condition,148,0.0,799.97,522.89,High Wait Time
E00003740,P002207,2025-09-08,Pediatrics,DR0118,ER,Completed,Type 2 Diabetes,134,0.0,799.57,720.3,High Wait Time
E00022516,P013342,2026-09-06,Emergency,DR0014,ER,Completed,Respiratory Infection,142,0.0,798.53,687.52,High Wait Time
E00014173,P008422,2026-08-13,Emergency,DR0009,ER,Completed,Acute Abdominal Condition,136,0.0,798.44,404.44,High Wait Time
E00000519,P000320,2025-07-17,Emergency,DR0007,ER,Completed,Respiratory Infection,195,0.0,796.58,749.87,High Wait Time
E00020076,P011920,2026-07-05,Emergency,DR0010,ER,Completed,Essential Hypertension,135,0.0,796.57,698.54,High Wait Time
E00012418,P007371,2026-09-22,Emergency,DR0023,ER,Completed,Acute Abdominal Condition,213,0.0,795.49,629.32,High Wait Time
E00022444,P013301,2025-10-28,Emergency,DR0019,ER,Completed,Other Acute Condition,215,0.0,795.16,219.97,High Wait Time
E00019402,P011523,2024-01-27,Emergency,DR0017,ER,Completed,Respiratory Infection,173,0.0,794.17,516.96,High Wait Time
E00007258,P004294,2026-09-10,Emergency,DR0011,ER,Completed,Fracture/Injury,195,0.0,793.99,469.91,High Wait Time
E00024626,P014557,2025-01-06,Emergency,DR0010,ER,Completed,Essential Hypertension,320,0.0,793.89,675.1,High Wait Time
E00021362,P012670,2024-01-29,Emergency,DR0010,ER,Completed,Acute Abdominal Condition,157,0.0,793.04,457.2,High Wait Time
E00020161,P011971,2025-03-27,Emergency,DR0022,ER,Completed,Acute Abdominal Condition,138,0.0,792.99,608.11,High Wait Time
E00008485,P005028,2024-10-07,Emergency,DR0014,ER,Completed,Respiratory Infection,147,0.0,792.28,560.08,High Wait Time
E00009009,P005344,2026-02-17,Emergency,DR0019,ER,Completed,Respiratory Infection,150,0.0,792.01,581.09,High Wait Time
E00012342,P007323,2026-07-25,Emergency,DR0014,ER,Completed,Acute Abdominal Condition,199,0.0,791.75,638.96,High Wait Time
E00012801,P007606,2024-12-26,Emergency,DR0002,ER,Completed,Respiratory Infection,156,0.0,789.74,736.06,High Wait Time
E00012224,P007262,2026-05-30,Emergency,DR0014,ER,Completed,Type 2 Diabetes,145,0.0,789.14,526.02,High Wait Time
E00004850,P002879,2026-02-20,Emergency,DR0015,ER,Completed,Other Acute Condition,149,0.0,788.94,465.72,High Wait Time
E00010835,P006430,2024-12-08,Emergency,DR0016,ER,Completed,Type 2 Diabetes,133,0.0,788.61,468.65,High Wait Time
E00000183,P000110,2024-07-12,Emergency,DR0011,ER,Completed,Respiratory Infection,163,0.0,788.4,477.85,High Wait Time
E00019309,P011475,2025-11-17,Emergency,DR0020,ER,Completed,Essential Hypertension,155,0.0,787.6,607.21,High Wait Time
E00002378,P001431,2025-01-10,Other,DR0162,ER,Completed,Osteoarthritis,224,0.0,786.62,597.88,High Wait Time
E00003229,P001893,2026-09-15,Emergency,DR0017,ER,Completed,Other Acute Condition,195,0.0,786.1,479.99,High Wait Time
E00001312,P000782,2025-08-01,Emergency,DR0021,ER,Completed,Other Acute Condition,137,0.0,784.82,715.36,High Wait Time
E00013959,P008301,2024-10-21,Emergency,DR0020,ER,Completed,Other Acute Condition,150,0.0,784.02,477.7,High Wait Time
E00000724,P000438,2025-06-05,Emergency,DR0001,ER,Completed,Type 2 Diabetes,250,0.0,782.04,611.56,High Wait Time
E00004998,P002963,2025-09-15,Emergency,DR0027,ER,Completed,Respiratory Infection,180,0.0,782.02,606.39,High Wait Time
E00007089,P004194,2026-09-03,Emergency,DR0010,ER,Completed,Respiratory Infection,227,0.0,781.4,715.39,High Wait Time
E00008256,P004889,2024-06-03,Emergency,DR0003,ER,Completed,Essential Hypertension,159,0.0,779.27,704.09,High Wait Time
E00016762,P009965,2025-02-10,Pediatrics,DR0118,ER,Completed,Other Acute Condition,126,0.0,777.24,572.17,High Wait Time
E00022094,P013094,2026-02-06,Emergency,DR0012,ER,Completed,Acute Abdominal Condition,183,0.0,775.97,554.22,High Wait Time
E00020747,P012321,2024-10-11,Emergency,DR0016,ER,Completed,Acute Abdominal Condition,144,0.0,775.22,630.66,High Wait Time
E00000010,P000005,2026-09-13,Emergency,DR0002,ER,Completed,Other Acute Condition,128,0.0,774.66,529.7,High Wait Time
E00002714,P001611,2024-08-27,Emergency,DR0006,ER,Completed,Acute Abdominal Condition,146,0.0,771.24,605.12,High Wait Time
E00023139,P013703,2026-09-01,Emergency,DR0021,ER,Completed,Essential Hypertension,215,0.0,769.79,679.97,High Wait Time
E00005210,P003094,2025-04-09,Emergency,DR0026,ER,Completed,Fracture/Injury,126,0.0,767.3,462.43,High Wait Time
E00004955,P002939,2025-10-27,Emergency,DR0011,ER,Completed,Respiratory Infection,135,0.0,766.96,449.02,High Wait Time
E00008917,P005286,2026-04-04,Emergency,DR0009,ER,Completed,Respiratory Infection,171,0.0,765.86,586.85,High Wait Time
E00017400,P010327,2026-09-19,Other,DR0168,ER,Completed,Pregnancy-Related,167,0.0,765.39,506.4,High Wait Time
E00014177,P008425,2024-08-26,Emergency,DR0006,ER,Completed,Essential Hypertension,126,0.0,765.27,610.29,High Wait Time
E00019513,P011595,2026-04-11,Emergency,DR0027,ER,Completed,Fracture/Injury,213,0.0,762.02,717.37,High Wait Time
E00017736,P010544,2026-07-23,Emergency,DR0011,ER,Completed,Type 2 Diabetes,146,0.0,760.63,486.54,High Wait Time
E00013693,P008148,2025-06-07,Emergency,DR0019,ER,Completed,Respiratory Infection,132,0.0,759.35,505.95,High Wait Time
E00014254,P008471,2026-03-12,Emergency,DR0002,ER,Completed,Essential Hypertension,221,0.0,758.98,675.88,High Wait Time
E00010614,P006301,2024-06-23,Other,DR0159,ER,Completed,Heart Failure,206,0.0,758.08,714.44,High Wait Time
E00014471,P008590,2025-03-17,Emergency,DR0022,ER,Completed,Fracture/Injury,175,0.0,757.92,691.09,High Wait Time
E00014367,P008536,2025-06-12,Emergency,DR0016,ER,Completed,Other Acute Condition,248,0.0,757.71,552.97,High Wait Time
E00023002,P013624,2025-12-22,Emergency,DR0024,ER,Completed,Fracture/Injury,148,0.0,757.2,547.1,High Wait Time
E00013846,P008248,2025-11-06,Emergency,DR0014,ER,Completed,Essential Hypertension,183,0.0,756.53,440.07,High Wait Time
E00019659,P011673,2024-09-09,Emergency,DR0014,ER,Completed,Other Acute Condition,204,0.0,755.67,527.99,High Wait Time
E00017261,P010245,2026-07-11,Emergency,DR0003,ER,Completed,Type 2 Diabetes,188,0.0,755.44,553.94,High Wait Time
E00009205,P005463,2024-02-18,Emergency,DR0003,ER,Completed,Fracture/Injury,128,0.0,752.82,522.99,High Wait Time
E00010667,P006329,2026-09-26,Emergency,DR0004,ER,Completed,Other Acute Condition,179,0.0,747.92,597.14,High Wait Time
E00011072,P006570,2024-02-16,Emergency,DR0015,ER,Completed,Other Acute Condition,172,0.0,746.04,575.0,High Wait Time
E00003681,P002175,2024-10-25,Emergency,DR0030,ER,Completed,Respiratory Infection,180,0.0,745.43,697.17,High Wait Time
E00019640,P011663,2026-02-04,Emergency,DR0019,ER,Completed,Essential Hypertension,166,0.0,743.67,596.84,High Wait Time
E00015786,P009383,2025-09-17,Emergency,DR0027,ER,Completed,Fracture/Injury,158,0.0,740.61,690.79,High Wait Time
E00012171,P007232,2026-08-05,Emergency,DR0003,ER,Completed,Essential Hypertension,129,0.0,739.92,685.76,High Wait Time
E00007262,P004296,2024-05-09,Emergency,DR0006,ER,Completed,Essential Hypertension,161,0.0,737.96,676.8,High Wait Time
E00001894,P001128,2026-07-19,Emergency,DR0011,ER,Completed,Fracture/Injury,178,0.0,736.98,564.33,High Wait Time
E00003285,P001929,2024-01-21,Emergency,DR0011,ER,Completed,Type 2 Diabetes,125,0.0,736.36,413.67,High Wait Time
E00012461,P007396,2025-04-30,Emergency,DR0023,ER,Completed,Respiratory Infection,152,0.0,735.6,659.13,High Wait Time
E00004341,P002573,2024-02-14,Emergency,DR0027,ER,Completed,Type 2 Diabetes,137,0.0,735.33,528.81,High Wait Time
E00006425,P003805,2025-12-15,Emergency,DR0023,ER,Completed,Respiratory Infection,129,0.0,734.77,634.59,High Wait Time
E00005752,P003409,2026-04-23,Emergency,DR0008,ER,Completed,Respiratory Infection,150,0.0,733.72,430.26,High Wait Time
E00017135,P010171,2025-03-10,Emergency,DR0021,ER,Completed,Other Acute Condition,146,0.0,732.57,602.23,High Wait Time
E00022668,P013426,2025-12-05,Emergency,DR0022,ER,Completed,Fracture/Injury,144,0.0,731.51,524.58,High Wait Time
E00016395,P009748,2026-09-26,Emergency,DR0015,ER,Completed,Respiratory Infection,236,0.0,731.3,562.12,High Wait Time
E00010075,P005984,2026-09-24,Emergency,DR0003,ER,Completed,Acute Abdominal Condition,178,0.0,730.99,583.15,High Wait Time
E00015228,P009028,2026-03-20,Emergency,DR0002,ER,Completed,Respiratory Infection,197,0.0,728.88,566.69,High Wait Time
E00024760,P014632,2026-05-24,Emergency,DR0007,ER,Completed,Other Acute Condition,168,0.0,728.82,565.59,High Wait Time
E00009488,P005623,2024-11-17,Emergency,DR0012,ER,Completed,Acute Abdominal Condition,187,0.0,727.38,606.82,High Wait Time
E00012768,P007585,2024-02-29,Emergency,DR0009,ER,Completed,Essential Hypertension,171,0.0,727.13,643.62,High Wait Time
E00002977,P001763,2024-12-23,Emergency,DR0021,ER,Completed,Other Acute Condition,175,0.0,721.12,490.78,High Wait Time
E00007670,P004543,2026-06-30,Emergency,DR0002,ER,Completed,Acute Abdominal Condition,141,0.0,719.05,554.71,High Wait Time
E00014873,P008821,2026-05-10,Emergency,DR0019,ER,Completed,Type 2 Diabetes,134,0.0,718.87,492.66,High Wait Time
E00006184,P003662,2025-07-04,Emergency,DR0008,ER,Completed,Other Acute Condition,152,0.0,717.76,490.65,High Wait Time
E00013395,P007972,2025-03-17,Emergency,DR0026,ER,Completed,Acute Abdominal Condition,244,0.0,716.87,458.33,High Wait Time
E00000322,P000198,2024-04-21,Emergency,DR0013,ER,Completed,Other Acute Condition,175,0.0,716.41,461.09,High Wait Time
E00017239,P010232,2026-05-11,Emergency,DR0005,ER,Completed,Other Acute Condition,159,0.0,713.4,342.68,High Wait Time
E00012875,P007649,2024-07-30,Emergency,DR0004,ER,Completed,Other Acute Condition,249,0.0,712.6,469.34,High Wait Time
E00012119,P007201,2025-05-16,Emergency,DR0008,ER,Completed,Essential Hypertension,163,0.0,711.65,639.07,High Wait Time
E00021012,P012465,2026-02-26,Emergency,DR0018,ER,Completed,Fracture/Injury,134,0.0,710.87,656.03,High Wait Time
E00014679,P008708,2024-03-07,Emergency,DR0003,ER,Completed,Acute Abdominal Condition,143,0.0,710.33,476.61,High Wait Time
E00020394,P012102,2026-09-13,Emergency,DR0007,ER,Completed,Fracture/Injury,320,0.0,709.73,504.2,High Wait Time
E00022419,P013286,2024-12-22,Emergency,DR0012,ER,Completed,Type 2 Diabetes,133,0.0,706.67,402.45,High Wait Time
E00009295,P005510,2026-04-26,Emergency,DR0024,ER,Completed,Fracture/Injury,204,0.0,703.86,492.55,High Wait Time
E00013212,P007867,2025-04-08,Emergency,DR0016,ER,Completed,Respiratory Infection,135,0.0,701.91,610.82,High Wait Time
E00004630,P002741,2026-09-17,Emergency,DR0013,ER,Completed,Respiratory Infection,136,0.0,701.67,400.61,High Wait Time
E00007080,P004189,2026-04-21,Emergency,DR0029,ER,Completed,Respiratory Infection,162,0.0,699.89,404.91,High Wait Time
E00005786,P003429,2026-09-14,Emergency,DR0002,ER,Completed,Fracture/Injury,171,0.0,699.25,457.24,High Wait Time
E00009065,P005375,2026-04-05,Emergency,DR0021,ER,Completed,Acute Abdominal Condition,177,0.0,696.6,469.68,High Wait Time
E00011221,P006657,2026-05-14,Emergency,DR0030,ER,Completed,Other Acute Condition,212,0.0,696.51,593.48,High Wait Time
E00013483,P008022,2026-01-21,Emergency,DR0015,ER,Completed,Fracture/Injury,132,0.0,696.33,539.09,High Wait Time
E00003476,P002059,2026-09-16,Emergency,DR0021,ER,Completed,Fracture/Injury,130,0.0,695.74,472.11,High Wait Time
E00016680,P009921,2026-04-30,Pediatrics,DR0124,ER,Completed,Other Acute Condition,134,0.0,695.54,509.53,High Wait Time
E00024691,P014595,2026-09-10,Emergency,DR0001,ER,Completed,Other Acute Condition,171,0.0,693.56,386.13,High Wait Time
E00016992,P010093,2024-12-04,Emergency,DR0011,ER,Completed,Other Acute Condition,238,0.0,690.43,619.8,High Wait Time
E00001613,P000953,2026-09-10,Emergency,DR0012,ER,Completed,Respiratory Infection,130,0.0,686.69,405.83,High Wait Time
E00004991,P002958,2024-02-27,Emergency,DR0025,ER,Completed,Essential Hypertension,221,0.0,685.05,478.22,High Wait Time
E00007974,P004732,2024-06-16,Emergency,DR0022,ER,Completed,Fracture/Injury,144,0.0,684.33,506.34,High Wait Time
E00002750,P001633,2026-09-30,Emergency,DR0011,ER,Completed,Fracture/Injury,149,0.0,679.76,612.3,High Wait Time
E00020898,P012404,2026-09-30,Emergency,DR0028,ER,Completed,Fracture/Injury,203,0.0,679.75,610.78,High Wait Time
E00016477,P009795,2026-04-26,Emergency,DR0025,ER,Completed,Acute Abdominal Condition,138,0.0,677.1,631.43,High Wait Time
E00024809,P014663,2026-04-28,Emergency,DR0026,ER,Completed,Respiratory Infection,169,0.0,676.88,441.4,High Wait Time
E00023620,P013978,2025-01-13,Emergency,DR0030,ER,Completed,Essential Hypertension,160,0.0,675.01,614.95,High Wait Time
E00006193,P003669,2026-02-07,Emergency,DR0027,ER,Completed,Other Acute Condition,176,0.0,674.92,436.5,High Wait Time
E00001994,P001190,2025-02-23,Emergency,DR0007,ER,Completed,Fracture/Injury,157,0.0,672.34,487.31,High Wait Time
E00012866,P007645,2026-09-27,Emergency,DR0023,ER,Completed,Other Acute Condition,148,0.0,670.01,388.99,High Wait Time
E00004760,P002821,2024-06-20,Emergency,DR0008,ER,Completed,Other Acute Condition,152,0.0,669.78,376.48,High Wait Time
E00016052,P009544,2026-06-29,Emergency,DR0018,ER,Completed,Type 2 Diabetes,142,0.0,669.59,433.39,High Wait Time
E00000793,P000478,2024-07-12,Emergency,DR0016,ER,Completed,Other Acute Condition,180,0.0,668.61,445.27,High Wait Time
E00018900,P011232,2024-01-24,Emergency,DR0017,ER,Completed,Acute Abdominal Condition,172,0.0,667.95,630.98,High Wait Time
E00019390,P011515,2024-03-27,Emergency,DR0022,ER,Completed,Fracture/Injury,131,0.0,665.78,632.55,High Wait Time
E00003361,P001975,2026-09-12,Emergency,DR0013,ER,Completed,Respiratory Infection,130,0.0,665.61,561.45,High Wait Time
E00010083,P005988,2025-02-02,Emergency,DR0022,ER,Completed,Fracture/Injury,136,0.0,663.95,483.27,High Wait Time
E00017806,P010584,2024-10-10,Emergency,DR0018,ER,Completed,Acute Abdominal Condition,317,0.0,663.82,636.95,High Wait Time
E00001374,P000815,2024-11-03,Emergency,DR0013,ER,Completed,Type 2 Diabetes,185,0.0,662.62,398.37,High Wait Time
E00009639,P005722,2026-06-27,Emergency,DR0002,ER,Completed,Essential Hypertension,238,0.0,662.39,525.42,High Wait Time
E00010452,P006202,2025-07-27,Emergency,DR0016,ER,Completed,Respiratory Infection,254,0.0,660.91,534.69,High Wait Time
E00005758,P003411,2026-08-02,Emergency,DR0029,ER,Completed,Other Acute Condition,142,0.0,660.53,101.91,High Wait Time
E00011856,P007037,2024-11-04,Emergency,DR0018,ER,Completed,Type 2 Diabetes,256,0.0,658.07,620.46,High Wait Time
E00012130,P007208,2024-09-17,Emergency,DR0012,ER,Completed,Type 2 Diabetes,160,0.0,657.86,434.09,High Wait Time
E00022791,P013503,2025-08-13,Emergency,DR0016,ER,Completed,Fracture/Injury,128,0.0,653.95,376.33,High Wait Time
E00010379,P006154,2026-09-21,Emergency,DR0009,ER,Completed,Type 2 Diabetes,243,0.0,651.03,610.69,High Wait Time
E00010171,P006032,2024-06-13,Emergency,DR0012,ER,Completed,Respiratory Infection,127,0.0,649.08,455.99,High Wait Time
E00014954,P008868,2026-01-16,Emergency,DR0016,ER,Completed,Respiratory Infection,126,0.0,647.78,424.08,High Wait Time
E00025005,P014786,2025-08-24,Emergency,DR0018,ER,Completed,Essential Hypertension,169,0.0,646.36,294.1,High Wait Time
E00022871,P013543,2025-11-25,Emergency,DR0013,ER,Completed,Acute Abdominal Condition,157,0.0,646.18,172.3,High Wait Time
E00021249,P012603,2026-03-10,Emergency,DR0012,ER,Completed,Respiratory Infection,156,0.0,644.96,553.23,High Wait Time
E00006632,P003925,2026-03-23,Emergency,DR0013,ER,Completed,Acute Abdominal Condition,221,0.0,642.55,285.23,High Wait Time
E00024660,P014580,2025-08-27,Emergency,DR0028,ER,Completed,Fracture/Injury,155,0.0,642.19,354.28,High Wait Time
E00012828,P007624,2025-03-14,Emergency,DR0004,ER,Completed,Other Acute Condition,139,0.0,641.15,548.05,High Wait Time
E00001349,P000802,2025-12-04,Emergency,DR0029,ER,Completed,Essential Hypertension,147,0.0,639.46,375.02,High Wait Time
E00023096,P013678,2025-05-16,Emergency,DR0019,ER,Completed,Other Acute Condition,143,0.0,638.83,436.53,High Wait Time
E00013670,P008133,2025-01-19,Emergency,DR0007,ER,Completed,Other Acute Condition,181,0.0,638.67,599.3,High Wait Time
E00025266,P014937,2025-12-13,Emergency,DR0024,ER,Completed,Fracture/Injury,138,0.0,638.5,356.11,High Wait Time
E00002935,P001740,2026-09-13,Emergency,DR0017,ER,Completed,Other Acute Condition,138,0.0,637.47,356.23,High Wait Time
E00022216,P013159,2024-05-24,Emergency,DR0014,ER,Completed,Respiratory Infection,136,0.0,632.84,383.48,High Wait Time
E00009982,P005924,2024-06-22,Emergency,DR0022,ER,Completed,Acute Abdominal Condition,126,0.0,632.38,442.28,High Wait Time
E00019607,P011648,2025-01-25,Emergency,DR0002,ER,Completed,Other Acute Condition,132,0.0,631.14,420.87,High Wait Time
E00016153,P009598,2024-08-26,Emergency,DR0030,ER,Completed,Acute Abdominal Condition,135,0.0,630.52,534.95,High Wait Time
E00012745,P007573,2024-05-28,Emergency,DR0006,ER,Completed,Acute Abdominal Condition,195,0.0,629.45,521.58,High Wait Time
E00001803,P001072,2026-08-28,Emergency,DR0007,ER,Completed,Acute Abdominal Condition,222,0.0,628.47,484.96,High Wait Time
E00013132,P007815,2025-08-16,Emergency,DR0024,ER,Completed,Type 2 Diabetes,211,0.0,626.48,406.48,High Wait Time
E00018244,P010841,2026-09-21,Emergency,DR0003,ER,Completed,Fracture/Injury,151,0.0,625.96,511.96,High Wait Time
E00012981,P007721,2026-06-29,Emergency,DR0009,ER,Completed,Fracture/Injury,157,0.0,625.17,444.0,High Wait Time
E00024822,P014674,2026-01-19,Emergency,DR0028,ER,Completed,Respiratory Infection,132,0.0,624.93,522.02,High Wait Time
E00016145,P009593,2026-03-03,Emergency,DR0004,ER,Completed,Fracture/Injury,159,0.0,622.59,470.13,High Wait Time
E00001443,P000861,2026-08-06,Emergency,DR0016,ER,Completed,Acute Abdominal Condition,140,0.0,622.49,406.2,High Wait Time
E00007684,P004549,2025-02-20,Emergency,DR0007,ER,Completed,Essential Hypertension,134,0.0,621.87,392.51,High Wait Time
E00017682,P010510,2025-02-20,Emergency,DR0015,ER,Completed,Fracture/Injury,159,0.0,620.55,229.0,High Wait Time
E00005845,P003462,2025-11-06,Emergency,DR0013,ER,Completed,Other Acute Condition,150,0.0,619.4,557.26,High Wait Time
E00015564,P009241,2026-03-05,Emergency,DR0014,ER,Completed,Acute Abdominal Condition,140,0.0,618.95,479.94,High Wait Time
E00001553,P000923,2025-03-09,Emergency,DR0008,ER,Completed,Acute Abdominal Condition,169,0.0,618.19,535.12,High Wait Time
E00024680,P014590,2025-08-14,Emergency,DR0016,ER,Completed,Fracture/Injury,154,0.0,617.22,353.42,High Wait Time
E00005166,P003069,2025-12-19,Emergency,DR0023,ER,Completed,Acute Abdominal Condition,320,0.0,617.07,588.45,High Wait Time
E00025217,P014908,2026-07-19,Emergency,DR0030,ER,Completed,Type 2 Diabetes,126,0.0,617.0,384.04,High Wait Time
E00019083,P011341,2026-09-14,Emergency,DR0018,ER,Completed,Other Acute Condition,281,0.0,616.66,413.01,High Wait Time
E00025338,P014982,2025-01-25,Emergency,DR0012,ER,Completed,Fracture/Injury,239,0.0,615.77,557.22,High Wait Time
E00023556,P013937,2024-04-05,Emergency,DR0003,ER,Completed,Essential Hypertension,127,0.0,614.99,360.87,High Wait Time
E00016430,P009770,2025-07-23,Emergency,DR0023,ER,Completed,Respiratory Infection,170,0.0,614.96,555.77,High Wait Time
E00005139,P003052,2025-05-14,Emergency,DR0022,ER,Cancelled,Respiratory Infection,168,0.0,614.2,483.15,High Wait Time
E00024654,P014576,2026-02-18,Emergency,DR0001,ER,Completed,Other Acute Condition,138,0.0,612.75,513.12,High Wait Time
E00018683,P011099,2024-01-31,Emergency,DR0005,ER,Completed,Fracture/Injury,140,0.0,610.85,534.82,High Wait Time
E00024858,P014695,2026-08-28,Emergency,DR0019,ER,Completed,Fracture/Injury,140,0.0,607.79,409.11,High Wait Time
E00005466,P003223,2026-01-04,Emergency,DR0009,ER,Completed,Essential Hypertension,206,0.0,607.46,368.5,High Wait Time
E00001048,P000623,2026-09-23,Emergency,DR0002,ER,Completed,Respiratory Infection,136,0.0,603.6,395.23,High Wait Time
E00004553,P002699,2026-07-21,Emergency,DR0004,ER,Completed,Respiratory Infection,290,0.0,602.0,482.38,High Wait Time
E00013880,P008270,2025-09-20,Emergency,DR0014,ER,Completed,Other Acute Condition,141,0.0,600.09,438.08,High Wait Time
E00000445,P000277,2025-03-27,Emergency,DR0028,ER,Completed,Type 2 Diabetes,145,0.0,594.56,401.24,High Wait Time
E00022187,P013144,2026-06-07,Emergency,DR0018,ER,Completed,Essential Hypertension,185,0.0,592.81,392.09,High Wait Time
E00020738,P012316,2024-10-01,Emergency,DR0016,ER,Completed,Respiratory Infection,152,0.0,591.95,384.46,High Wait Time
E00015804,P009396,2025-03-24,Emergency,DR0017,ER,Completed,Respiratory Infection,134,0.0,591.06,420.77,High Wait Time
E00006550,P003881,2026-04-04,Emergency,DR0008,ER,Completed,Other Acute Condition,216,0.0,590.4,409.93,High Wait Time
E00021502,P012752,2026-05-11,Emergency,DR0015,ER,Completed,Type 2 Diabetes,152,0.0,590.22,374.89,High Wait Time
E00007390,P004368,2025-04-08,Emergency,DR0011,ER,Completed,Other Acute Condition,142,0.0,588.12,329.4,High Wait Time
E00000700,P000424,2025-01-15,Emergency,DR0024,ER,Completed,Essential Hypertension,180,0.0,587.96,426.47,High Wait Time
E00017864,P010614,2025-03-28,Emergency,DR0019,ER,Completed,Acute Abdominal Condition,248,0.0,586.92,489.21,High Wait Time
E00002872,P001709,2024-04-30,Emergency,DR0012,ER,Completed,Fracture/Injury,149,0.0,586.42,559.9,High Wait Time
E00014301,P008502,2026-01-30,Emergency,DR0014,ER,Completed,Other Acute Condition,128,0.0,583.5,366.86,High Wait Time
E00019072,P011332,2026-06-15,Emergency,DR0026,ER,Completed,Other Acute Condition,213,0.0,583.45,378.61,High Wait Time
E00019869,P011801,2025-02-25,Emergency,DR0011,ER,Completed,Other Acute Condition,146,0.0,579.85,509.87,High Wait Time
E00017556,P010425,2025-03-01,Emergency,DR0026,ER,Completed,Respiratory Infection,135,0.0,579.84,216.01,High Wait Time
E00000433,P000271,2024-01-25,Emergency,DR0011,ER,Completed,Respiratory Infection,202,0.0,579.4,504.53,High Wait Time
E00010401,P006169,2024-12-03,Emergency,DR0014,ER,Completed,Other Acute Condition,140,0.0,578.96,443.6,High Wait Time
E00015471,P009180,2026-08-17,Emergency,DR0026,ER,Completed,Respiratory Infection,244,0.0,578.69,334.4,High Wait Time
E00014928,P008851,2026-06-05,Emergency,DR0006,ER,Completed,Acute Abdominal Condition,148,0.0,577.95,483.31,High Wait Time
E00000525,P000324,2025-10-21,Pediatrics,DR0112,ER,Completed,Other Acute Condition,159,0.0,570.49,367.28,High Wait Time
E00005181,P003078,2024-04-18,Emergency,DR0013,ER,Completed,Acute Abdominal Condition,147,0.0,570.28,383.85,High Wait Time
E00023420,P013861,2026-02-09,Emergency,DR0008,ER,Completed,Respiratory Infection,132,0.0,568.96,94.02,High Wait Time
E00017403,P010328,2026-09-28,Emergency,DR0020,ER,Completed,Type 2 Diabetes,126,0.0,568.82,384.61,High Wait Time
E00014639,P008690,2024-07-16,Pediatrics,DR0121,Outpatient,Completed,Respiratory Infection,145,0.0,564.92,132.93,High Wait Time
E00021420,P012705,2024-08-18,Emergency,DR0003,ER,Completed,Acute Abdominal Condition,143,0.0,564.64,364.9,High Wait Time
E00003882,P002293,2025-08-05,Emergency,DR0010,ER,Completed,Fracture/Injury,156,0.0,563.42,447.41,High Wait Time
E00004720,P002794,2025-11-24,Emergency,DR0018,ER,Completed,Essential Hypertension,155,0.0,558.31,434.23,High Wait Time
E00005468,P003225,2024-11-16,Emergency,DR0002,ER,Completed,Respiratory Infection,127,0.0,552.86,401.34,High Wait Time
E00022874,P013544,2026-04-17,Emergency,DR0006,ER,Completed,Acute Abdominal Condition,219,0.0,551.21,451.86,High Wait Time
E00014727,P008734,2026-08-03,Emergency,DR0003,ER,Completed,Other Acute Condition,313,0.0,549.34,518.49,High Wait Time
E00016823,P009996,2025-12-15,Emergency,DR0005,ER,Completed,Essential Hypertension,140,0.0,548.31,464.54,High Wait Time
E00024004,P014202,2024-10-31,Emergency,DR0011,ER,Completed,Respiratory Infection,156,0.0,545.16,394.55,High Wait Time
E00009794,P005814,2025-05-23,Emergency,DR0015,ER,Completed,Essential Hypertension,180,0.0,545.02,93.72,High Wait Time
E00015723,P009341,2025-05-25,Emergency,DR0006,ER,Completed,Type 2 Diabetes,180,0.0,541.36,462.84,High Wait Time
E00010608,P006296,2024-10-16,Emergency,DR0014,ER,Completed,Essential Hypertension,126,0.0,540.73,336.13,High Wait Time
E00012596,P007482,2024-09-09,Emergency,DR0030,ER,Completed,Other Acute Condition,167,0.0,539.55,492.97,High Wait Time
E00006292,P003730,2025-01-20,Emergency,DR0029,ER,Completed,Other Acute Condition,127,0.0,535.94,453.52,High Wait Time
E00019476,P011572,2025-08-28,Emergency,DR0022,ER,Completed,Type 2 Diabetes,142,0.0,535.27,416.3,High Wait Time
E00024890,P014715,2026-03-02,Emergency,DR0024,ER,Completed,Type 2 Diabetes,167,0.0,531.95,439.89,High Wait Time
E00010330,P006124,2025-02-21,Emergency,DR0027,ER,Completed,Type 2 Diabetes,281,0.0,531.71,439.46,High Wait Time
E00024573,P014526,2026-03-01,Emergency,DR0014,ER,Completed,Respiratory Infection,130,0.0,531.43,489.13,High Wait Time
E00004027,P002390,2026-06-02,Emergency,DR0014,ER,Completed,Respiratory Infection,127,0.0,531.14,507.81,High Wait Time
E00013782,P008204,2024-08-28,Emergency,DR0002,ER,Completed,Acute Abdominal Condition,128,0.0,528.13,406.21,High Wait Time
E00007634,P004520,2024-11-17,Emergency,DR0022,ER,Completed,Respiratory Infection,150,0.0,526.62,499.35,High Wait Time
E00013933,P008294,2024-03-15,Emergency,DR0010,ER,Completed,Fracture/Injury,128,0.0,526.09,431.75,High Wait Time
E00017426,P010344,2024-11-12,Emergency,DR0009,ER,Completed,Fracture/Injury,131,0.0,525.89,347.73,High Wait Time
E00018740,P011135,2026-09-19,Emergency,DR0028,ER,Completed,Respiratory Infection,140,0.0,525.53,339.76,High Wait Time
E00023310,P013801,2025-09-06,Emergency,DR0022,ER,Completed,Respiratory Infection,163,0.0,525.34,337.41,High Wait Time
E00000270,P000166,2024-03-04,Emergency,DR0030,ER,Completed,Other Acute Condition,199,0.0,523.41,325.04,High Wait Time
E00003598,P002124,2024-11-10,Emergency,DR0025,ER,Completed,Other Acute Condition,144,0.0,523.01,343.93,High Wait Time
E00014700,P008720,2024-09-04,Emergency,DR0012,ER,Completed,Acute Abdominal Condition,230,0.0,522.05,360.51,High Wait Time
E00019186,P011400,2024-11-05,Emergency,DR0014,ER,Completed,Respiratory Infection,297,0.0,520.46,341.01,High Wait Time
E00006020,P003558,2024-05-19,Emergency,DR0011,ER,Completed,Respiratory Infection,170,0.0,520.43,470.94,High Wait Time
E00016193,P009621,2024-08-23,Emergency,DR0017,ER,Completed,Essential Hypertension,184,0.0,520.41,322.83,High Wait Time
E00003981,P002354,2024-05-22,Emergency,DR0003,ER,Completed,Essential Hypertension,228,0.0,519.77,417.24,High Wait Time
E00019662,P011675,2026-04-07,Emergency,DR0026,ER,Completed,Respiratory Infection,196,0.0,519.57,481.58,High Wait Time
E00016696,P009932,2026-05-30,Emergency,DR0030,ER,Completed,Respiratory Infection,150,0.0,518.73,489.45,High Wait Time
E00004217,P002503,2024-08-07,Emergency,DR0020,ER,Completed,Acute Abdominal Condition,186,0.0,517.89,492.79,High Wait Time
E00004042,P002398,2024-05-12,Emergency,DR0012,ER,Completed,Fracture/Injury,177,0.0,515.75,320.83,High Wait Time
E00009351,P005546,2024-03-25,Emergency,DR0011,ER,Completed,Type 2 Diabetes,154,0.0,513.07,459.95,High Wait Time
E00024603,P014541,2026-07-28,Emergency,DR0021,ER,Completed,Acute Abdominal Condition,164,0.0,512.7,414.85,High Wait Time
E00024214,P014323,2025-12-30,Emergency,DR0029,ER,Completed,Acute Abdominal Condition,158,0.0,511.2,354.13,High Wait Time
E00012708,P007552,2024-06-19,Emergency,DR0025,ER,Completed,Acute Abdominal Condition,138,0.0,510.02,316.36,High Wait Time
E00001027,P000612,2025-12-11,Emergency,DR0008,ER,Completed,Respiratory Infection,254,0.0,508.84,443.7,High Wait Time
E00011854,P007036,2025-03-06,Emergency,DR0016,ER,Completed,Acute Abdominal Condition,305,0.0,508.5,345.27,High Wait Time
E00000538,P000328,2025-03-29,Emergency,DR0030,ER,Completed,Type 2 Diabetes,132,0.0,507.13,346.14,High Wait Time
E00012686,P007533,2025-03-18,Emergency,DR0029,ER,Completed,Essential Hypertension,137,0.0,505.0,315.56,High Wait Time
E00021983,P013020,2025-06-05,Emergency,DR0015,ER,Completed,Respiratory Infection,183,0.0,504.22,342.12,High Wait Time
E00002682,P001588,2026-09-30,Emergency,DR0022,ER,Completed,Essential Hypertension,191,0.0,503.38,281.94,High Wait Time
E00005323,P003152,2026-06-08,Emergency,DR0024,ER,Completed,Fracture/Injury,177,0.0,503.05,464.99,High Wait Time
E00008520,P005050,2024-05-13,Emergency,DR0008,ER,Completed,Respiratory Infection,146,0.0,500.35,341.3,High Wait Time
E00001402,P000838,2024-08-28,Emergency,DR0009,ER,Completed,Type 2 Diabetes,127,0.0,500.29,319.25,High Wait Time
E00007075,P004187,2024-09-16,Emergency,DR0030,ER,Completed,Type 2 Diabetes,146,0.0,497.86,424.39,High Wait Time
E00003825,P002256,2025-05-10,Emergency,DR0026,ER,Completed,Other Acute Condition,156,0.0,494.93,308.85,High Wait Time
E00009339,P005537,2024-03-24,Emergency,DR0024,ER,Completed,Acute Abdominal Condition,137,0.0,493.52,300.86,High Wait Time
E00016431,P009771,2025-07-15,Emergency,DR0005,ER,Completed,Respiratory Infection,130,0.0,489.91,340.2,High Wait Time
E00005706,P003378,2026-05-18,Emergency,DR0023,ER,Completed,Type 2 Diabetes,249,0.0,489.45,292.68,High Wait Time
E00002984,P001769,2024-02-13,Emergency,DR0017,ER,Completed,Type 2 Diabetes,126,0.0,488.04,421.82,High Wait Time
E00016108,P009574,2026-09-30,Emergency,DR0022,ER,Completed,Acute Abdominal Condition,320,0.0,478.57,360.57,High Wait Time
E00020397,P012103,2024-11-11,Emergency,DR0029,ER,Completed,Essential Hypertension,309,0.0,477.35,276.59,High Wait Time
E00005507,P003254,2025-09-24,Emergency,DR0006,ER,Completed,Other Acute Condition,144,0.0,475.68,379.13,High Wait Time
E00006681,P003952,2025-11-09,Emergency,DR0016,ER,Completed,Respiratory Infection,134,0.0,474.97,346.19,High Wait Time
E00018992,P011284,2024-12-23,Emergency,DR0020,ER,Completed,Fracture/Injury,198,0.0,473.38,273.3,High Wait Time
E00019464,P011562,2026-06-23,Emergency,DR0022,ER,Completed,Respiratory Infection,146,0.0,472.0,412.49,High Wait Time
E00001437,P000857,2025-05-20,Emergency,DR0029,ER,Completed,Other Acute Condition,211,0.0,465.36,295.97,High Wait Time
E00010686,P006339,2026-09-22,Emergency,DR0014,ER,Completed,Essential Hypertension,131,0.0,461.65,414.28,High Wait Time
E00017932,P010655,2026-08-30,Emergency,DR0028,ER,Completed,Other Acute Condition,142,0.0,461.25,281.18,High Wait Time
E00020948,P012434,2025-03-15,Emergency,DR0022,ER,Completed,Respiratory Infection,206,0.0,461.16,393.77,High Wait Time
E00001416,P000848,2025-05-17,Emergency,DR0019,ER,Completed,Other Acute Condition,143,0.0,457.24,327.9,High Wait Time
E00014402,P008553,2025-03-13,Emergency,DR0002,ER,Completed,Other Acute Condition,163,0.0,454.12,279.9,High Wait Time
E00004023,P002388,2024-06-13,Emergency,DR0028,ER,Completed,Essential Hypertension,167,0.0,450.12,375.59,High Wait Time
E00019205,P011413,2025-10-21,Emergency,DR0016,ER,Completed,Other Acute Condition,144,0.0,448.82,280.21,High Wait Time
E00014121,P008388,2026-07-30,Emergency,DR0014,ER,Completed,Fracture/Injury,220,0.0,446.67,393.41,High Wait Time
E00016997,P010094,2026-02-24,Emergency,DR0018,ER,Completed,Respiratory Infection,195,0.0,446.42,413.2,High Wait Time
E00002249,P001355,2024-09-08,Emergency,DR0005,ER,Completed,Other Acute Condition,145,0.0,445.39,250.6,High Wait Time
E00018065,P010731,2024-12-19,Emergency,DR0003,ER,Completed,Other Acute Condition,144,0.0,443.85,90.08,High Wait Time
E00001959,P001170,2024-04-07,Emergency,DR0029,ER,Completed,Type 2 Diabetes,210,0.0,440.73,304.79,High Wait Time
E00015323,P009085,2024-03-11,Emergency,DR0020,ER,Completed,Respiratory Infection,182,0.0,437.0,368.89,High Wait Time
E00002144,P001292,2024-08-09,Emergency,DR0017,ER,Completed,Fracture/Injury,167,0.0,432.57,244.8,High Wait Time
E00009231,P005477,2026-03-18,Emergency,DR0027,ER,Completed,Acute Abdominal Condition,165,0.0,430.94,334.89,High Wait Time
E00003638,P002147,2024-08-28,Emergency,DR0016,ER,Completed,Essential Hypertension,127,0.0,428.63,239.32,High Wait Time
E00002846,P001693,2024-04-29,Emergency,DR0019,ER,Completed,Other Acute Condition,162,0.0,427.57,320.44,High Wait Time
E00006114,P003618,2026-01-04,Emergency,DR0029,ER,Completed,Fracture/Injury,127,0.0,424.16,267.98,High Wait Time
E00003899,P002303,2024-01-16,Emergency,DR0011,ER,Completed,Acute Abdominal Condition,134,0.0,423.08,405.92,High Wait Time
E00011620,P006887,2025-12-05,Emergency,DR0030,ER,Completed,Acute Abdominal Condition,138,0.0,421.06,318.12,High Wait Time
E00008871,P005259,2026-07-18,Emergency,DR0010,ER,Completed,Type 2 Diabetes,194,0.0,420.53,247.65,High Wait Time
E00011273,P006691,2025-12-08,Emergency,DR0017,ER,Completed,Other Acute Condition,320,0.0,415.69,336.05,High Wait Time
E00004255,P002527,2026-03-16,Emergency,DR0007,ER,Completed,Fracture/Injury,164,0.0,409.13,333.26,High Wait Time
E00000241,P000146,2026-09-17,Emergency,DR0005,ER,Completed,Type 2 Diabetes,207,0.0,407.85,322.04,High Wait Time
E00018213,P010821,2025-01-18,Emergency,DR0007,ER,Completed,Fracture/Injury,153,0.0,404.51,266.26,High Wait Time
E00004438,P002631,2025-03-21,Emergency,DR0028,ER,Completed,Other Acute Condition,138,0.0,394.92,298.66,High Wait Time
E00023351,P013823,2026-04-20,Cardiology,DR0084,Outpatient,Completed,Chronic Kidney Disease,131,0.0,393.79,281.87,High Wait Time
E00023425,P013863,2026-02-17,Emergency,DR0024,ER,Completed,Fracture/Injury,187,0.0,389.72,216.38,High Wait Time
E00003213,P001884,2026-09-13,Emergency,DR0016,ER,Completed,Essential Hypertension,151,0.0,388.51,316.15,High Wait Time
E00004865,P002890,2025-05-10,Emergency,DR0003,ER,Completed,Type 2 Diabetes,139,0.0,386.57,369.5,High Wait Time
E00011722,P006961,2025-08-19,Emergency,DR0003,ER,Completed,Respiratory Infection,126,0.0,384.92,257.61,High Wait Time
E00022869,P013542,2025-10-19,Emergency,DR0013,ER,Cancelled,Respiratory Infection,273,0.0,376.12,308.25,High Wait Time
E00012293,P007298,2026-05-09,Emergency,DR0019,ER,Completed,Acute Abdominal Condition,209,0.0,372.21,270.26,High Wait Time
E00000879,P000530,2026-08-24,Emergency,DR0028,ER,Completed,Fracture/Injury,162,0.0,372.06,254.33,High Wait Time
E00015244,P009039,2026-03-04,Emergency,DR0012,ER,Completed,Acute Abdominal Condition,150,0.0,365.87,296.46,High Wait Time
E00014926,P008850,2026-06-03,Emergency,DR0014,ER,Completed,Fracture/Injury,148,0.0,364.13,322.66,High Wait Time
E00014659,P008700,2026-08-05,Emergency,DR0015,ER,Completed,Acute Abdominal Condition,172,0.0,361.75,279.99,High Wait Time
E00024321,P014388,2025-10-20,Surgery,DR0149,Outpatient,Completed,Acute Abdominal Condition,135,0.0,349.57,322.21,High Wait Time
E00011200,P006646,2025-01-07,Emergency,DR0005,ER,Completed,Fracture/Injury,153,0.0,344.5,182.68,High Wait Time
E00016152,P009597,2024-02-03,Emergency,DR0022,ER,Completed,Fracture/Injury,131,0.0,344.32,191.3,High Wait Time
E00000153,P000089,2025-10-05,Emergency,DR0002,ER,Completed,Other Acute Condition,143,0.0,343.18,241.74,High Wait Time
E00008508,P005043,2025-12-22,Emergency,DR0026,ER,Completed,Respiratory Infection,201,0.0,342.68,261.68,High Wait Time
E00008319,P004927,2026-09-26,Emergency,DR0024,ER,Completed,Type 2 Diabetes,203,0.0,341.38,230.75,High Wait Time
E00021694,P012863,2026-07-08,Emergency,DR0030,ER,Completed,Acute Abdominal Condition,147,0.0,337.43,299.15,High Wait Time
E00021177,P012558,2024-05-28,Emergency,DR0006,ER,Completed,Respiratory Infection,126,0.0,328.25,299.16,High Wait Time
E00003221,P001890,2025-02-24,Emergency,DR0007,ER,Completed,Other Acute Condition,135,0.0,324.26,306.23,High Wait Time
E00002803,P001667,2025-12-13,Emergency,DR0024,ER,Completed,Fracture/Injury,238,0.0,317.95,212.12,High Wait Time
E00010673,P006332,2025-01-21,General Medicine,DR0045,Outpatient,Completed,Type 2 Diabetes,125,0.0,316.44,275.29,High Wait Time
E00017401,P010327,2026-09-29,Emergency,DR0028,ER,Completed,Other Acute Condition,174,0.0,304.82,255.91,High Wait Time
E00012898,P007664,2026-03-11,Emergency,DR0010,ER,Completed,Essential Hypertension,150,0.0,286.32,249.87,High Wait Time
E00015529,P009216,2024-12-09,Emergency,DR0025,ER,Completed,Other Acute Condition,125,0.0,285.07,234.63,High Wait Time
E00007796,P004618,2024-04-11,Other,DR0166,ER,Completed,Chronic Kidney Disease,147,0.0,276.46,207.34,High Wait Time
E00013072,P007781,2026-06-05,Emergency,DR0008,ER,Completed,Fracture/Injury,133,0.0,257.86,204.44,High Wait Time
E00019420,P011534,2024-08-10,Pediatrics,DR0113,Outpatient,Completed,Other Acute Condition,131,0.0,252.31,221.31,High Wait Time
E00020285,P012036,2025-03-09,Emergency,DR0024,ER,Completed,Other Acute Condition,180,0.0,216.93,130.26,High Wait Time
E00005512,P003257,2026-09-15,Pediatrics,DR0123,Outpatient,Completed,Respiratory Infection,125,0.0,212.81,147.42,High Wait Time
