Patient_ID,Encounters,Admissions,Avg_Wait_Minutes,Total_Billed,Readmissions_30d,First_Service_Date,Last_Service_Date,Repeat_Patient,High_Utilizer
P000001,1,0,14.0,171.01,0,2025-01-28,2025-01-28,0,0
P000002,2,0,22.0,1557.97,0,2024-01-24,2024-10-28,1,0
P000003,1,0,63.0,969.15,0,2026-07-22,2026-07-22,0,0
P000004,1,1,37.0,4141.75,0,2024-08-11,2024-08-11,0,0
P000005,6,1,51.333333333333336,12161.67,0,2024-09-07,2026-09-27,1,1
P000006,2,1,40.0,12895.15,0,2025-12-10,2025-12-22,1,0
P000007,2,1,26.0,13013.99,0,2025-12-08,2026-01-12,1,0
P000008,3,2,34.333333333333336,9494.130000000001,0,2025-11-29,2026-07-21,1,0
P000009,1,1,30.0,11697.94,0,2026-04-17,2026-04-17,0,0
P000010,1,0,27.0,621.69,0,2024-12-23,2024-12-23,0,0
P000011,1,0,55.0,328.28,0,2025-12-25,2025-12-25,0,0
P000012,2,0,16.0,910.14,0,2025-06-30,2025-09-24,1,0
P000013,1,1,60.0,6692.5,0,2025-04-05,2025-04-05,0,0
P000014,1,0,19.0,448.4,0,2025-11-01,2025-11-01,0,0
P000015,1,1,32.0,12322.86,0,2025-03-22,2025-03-22,0,0
P000016,3,3,74.0,20230.95,0,2024-12-20,2025-10-22,1,0
P000017,1,1,46.0,10994.65,0,2025-05-24,2025-05-24,0,0
P000018,2,0,27.5,1319.48,0,2024-09-22,2024-10-07,1,0
P000019,1,0,31.0,816.56,0,2025-08-28,2025-08-28,0,0
P000020,2,0,44.5,1112.9,0,2025-03-19,2025-04-27,1,0
P000021,1,0,60.0,1128.83,0,2026-03-09,2026-03-09,0,0
P000022,1,1,22.0,7768.71,0,2024-05-01,2024-05-01,0,0
P000023,1,0,19.0,404.32,0,2026-09-13,2026-09-13,0,0
P000024,4,2,40.75,29465.21,0,2024-06-04,2025-06-20,1,1
P000025,1,0,17.0,367.73,0,2025-08-25,2025-08-25,0,0
P000026,5,0,35.2,2877.05,0,2025-10-31,2026-09-26,1,1
P000027,3,0,33.0,1209.24,0,2024-08-15,2025-10-12,1,0
P000028,1,0,19.0,567.89,0,2024-06-13,2024-06-13,0,0
P000029,2,0,24.0,843.9599999999999,0,2024-10-19,2025-01-11,1,0
P000030,1,1,50.0,7560.19,0,2024-06-18,2024-06-18,0,0
P000031,3,1,44.333333333333336,4763.2,0,2026-09-13,2026-09-29,1,0
P000032,1,1,52.0,22154.12,0,2024-05-28,2024-05-28,0,0
P000033,1,1,87.0,10083.49,0,2025-12-18,2025-12-18,0,0
P000034,1,0,37.0,462.69,0,2025-10-20,2025-10-20,0,0
P000035,1,0,17.0,371.12,0,2024-06-01,2024-06-01,0,0
P000036,2,1,30.5,15036.710000000001,0,2025-12-22,2026-05-26,1,0
P000037,1,0,50.0,1334.83,0,2025-06-14,2025-06-14,0,0
P000038,1,0,34.0,620.03,0,2026-02-26,2026-02-26,0,0
P000039,4,0,39.5,1999.87,0,2026-03-11,2026-09-30,1,1
P000040,1,0,13.0,316.45,0,2024-12-13,2024-12-13,0,0
P000041,1,1,114.0,10022.58,0,2025-08-10,2025-08-10,0,0
P000042,1,0,8.0,388.83,0,2024-07-23,2024-07-23,0,0
P000043,2,0,36.0,806.3199999999999,0,2025-03-03,2025-03-10,1,0
P000044,2,1,33.5,1615.77,0,2024-03-11,2024-05-28,1,0
P000045,1,0,54.0,340.84,0,2024-12-18,2024-12-18,0,0
P000046,2,1,31.5,9266.0,0,2026-04-29,2026-05-09,1,0
P000047,1,0,19.0,747.04,0,2026-08-23,2026-08-23,0,0
P000048,1,0,25.0,278.41,0,2024-06-13,2024-06-13,0,0
P000049,5,3,76.0,29843.13,0,2025-09-06,2026-07-17,1,1
P000050,1,1,82.0,5946.26,0,2025-06-24,2025-06-24,0,0
P000051,3,2,97.33333333333333,8661.75,0,2024-06-26,2025-09-05,1,0
P000052,2,0,38.0,943.06,0,2024-02-05,2024-02-21,1,0
P000053,1,0,24.0,235.75,0,2025-04-27,2025-04-27,0,0
P000054,1,1,68.0,9649.18,0,2025-10-05,2025-10-05,0,0
P000055,2,1,80.0,6848.11,0,2025-10-28,2025-12-08,1,0
P000056,2,1,65.5,2284.18,0,2024-05-09,2024-05-28,1,0
P000057,1,0,29.0,880.6,0,2024-10-06,2024-10-06,0,0
P000058,3,1,55.0,16888.51,0,2025-02-18,2025-10-06,1,0
P000059,1,0,22.0,280.58,0,2025-06-01,2025-06-01,0,0
P000060,1,0,28.0,383.74,0,2024-03-16,2024-03-16,0,0
P000061,3,0,99.0,2151.49,0,2024-11-11,2026-06-04,1,0
P000062,1,0,34.0,470.02,0,2024-05-15,2024-05-15,0,0
P000063,1,0,20.0,421.17,0,2025-12-14,2025-12-14,0,0
P000064,1,1,17.0,13785.64,0,2024-07-07,2024-07-07,0,0
P000065,3,2,56.333333333333336,10018.81,0,2025-02-01,2025-12-15,1,0
P000066,1,1,24.0,5067.63,0,2026-08-25,2026-08-25,0,0
P000067,1,1,85.0,4776.49,0,2026-01-27,2026-01-27,0,0
P000068,1,1,66.0,1973.3,0,2026-07-07,2026-07-07,0,0
P000069,1,0,34.0,173.96,0,2025-09-25,2025-09-25,0,0
P000070,3,1,48.0,12782.26,0,2024-05-23,2025-03-27,1,0
P000071,1,0,33.0,607.81,0,2025-02-11,2025-02-11,0,0
P000072,1,0,132.0,1332.33,0,2026-03-13,2026-03-13,0,0
P000073,1,1,88.0,8875.38,0,2026-07-09,2026-07-09,0,0
P000074,4,2,40.0,19326.0,0,2025-08-12,2026-09-25,1,1
P000075,2,1,31.5,2172.52,0,2025-02-13,2025-03-09,1,0
P000076,1,0,27.0,645.16,0,2026-02-17,2026-02-17,0,0
P000077,1,1,70.0,5658.13,0,2025-03-26,2025-03-26,0,0
P000078,4,1,60.0,12302.01,0,2025-09-19,2026-09-14,1,1
P000079,1,0,45.0,1275.61,0,2026-08-30,2026-08-30,0,0
P000080,1,0,15.0,662.18,0,2025-01-13,2025-01-13,0,0
P000081,2,1,70.5,10363.14,0,2025-07-07,2025-10-10,1,0
P000082,2,1,128.5,6421.53,0,2026-05-23,2026-09-25,1,0
P000083,1,1,47.0,4677.15,0,2024-10-10,2024-10-10,0,0
P000084,1,1,73.0,1745.67,0,2026-09-10,2026-09-10,0,0
P000085,1,0,56.0,1724.12,0,2025-06-23,2025-06-23,0,0
P000086,1,0,18.0,403.57,0,2024-10-23,2024-10-23,0,0
P000087,1,1,44.0,8205.04,0,2026-03-22,2026-03-22,0,0
P000088,4,4,86.75,33546.29,0,2026-01-13,2026-09-16,1,1
P000089,2,0,110.0,905.5899999999999,0,2025-05-06,2025-10-05,1,0
P000090,1,0,14.0,473.11,0,2024-10-13,2024-10-13,0,0
P000091,1,0,77.0,1052.69,0,2024-03-02,2024-03-02,0,0
P000092,1,0,78.0,988.6,0,2025-06-07,2025-06-07,0,0
P000093,2,1,78.0,6468.7300000000005,0,2025-02-21,2025-05-19,1,0
P000094,1,0,28.0,741.3,0,2026-01-20,2026-01-20,0,0
P000095,1,0,101.0,1113.32,0,2026-07-07,2026-07-07,0,0
P000096,1,0,63.0,1392.01,0,2026-05-15,2026-05-15,0,0
P000097,1,0,28.0,601.93,0,2026-08-14,2026-08-14,0,0
P000098,6,2,34.166666666666664,19190.940000000002,1,2026-07-12,2026-09-29,1,1
P000099,2,1,51.5,5614.6,0,2026-04-21,2026-08-22,1,0
P000100,1,1,81.0,3279.99,0,2025-11-06,2025-11-06,0,0
P000101,1,0,128.0,1016.99,0,2024-12-30,2024-12-30,0,0
P000102,1,1,93.0,8059.15,0,2024-12-25,2024-12-25,0,0
P000103,1,0,30.0,149.67,0,2024-09-10,2024-09-10,0,0
P000104,1,0,24.0,455.54,0,2024-11-07,2024-11-07,0,0
P000105,1,1,58.0,4233.79,0,2024-12-27,2024-12-27,0,0
P000106,3,1,36.333333333333336,6616.3,0,2025-05-25,2025-07-11,1,0
P000107,1,0,119.0,1367.72,0,2024-11-28,2024-11-28,0,0
P000108,1,0,61.0,511.58,0,2026-07-23,2026-07-23,0,0
P000109,1,0,109.0,1614.94,0,2025-12-14,2025-12-14,0,0
P000110,1,0,163.0,788.4,0,2024-07-12,2024-07-12,0,0
P000111,1,1,104.0,7030.86,0,2024-09-06,2024-09-06,0,0
P000112,1,0,112.0,1187.02,0,2026-03-30,2026-03-30,0,0
P000113,1,0,38.0,405.26,0,2026-06-25,2026-06-25,0,0
P000114,2,2,37.0,21327.14,0,2025-07-25,2026-06-13,1,0
P000115,1,1,61.0,8584.8,0,2024-09-26,2024-09-26,0,0
P000116,2,0,41.5,1070.52,0,2026-06-13,2026-07-02,1,0
P000117,1,0,88.0,557.49,0,2026-03-20,2026-03-20,0,0
P000118,1,0,20.0,144.55,0,2026-07-26,2026-07-26,0,0
P000119,1,0,26.0,591.62,0,2024-07-26,2024-07-26,0,0
P000120,1,1,29.0,4319.01,0,2024-03-07,2024-03-07,0,0
P000121,1,1,79.0,10944.98,0,2026-08-04,2026-08-04,0,0
P000122,1,0,33.0,581.92,0,2024-02-25,2024-02-25,0,0
P000123,2,0,30.0,743.3,0,2024-09-22,2025-08-25,1,0
P000124,1,0,39.0,660.9,0,2026-04-24,2026-04-24,0,0
P000125,3,0,65.0,2128.7,0,2026-01-09,2026-04-23,1,0
P000126,1,0,15.0,570.96,0,2026-03-02,2026-03-02,0,0
P000127,2,1,54.5,4667.08,0,2025-07-09,2025-08-12,1,0
P000128,1,1,67.0,10125.12,0,2025-01-04,2025-01-04,0,0
P000129,3,2,43.0,24640.979999999996,0,2024-07-03,2025-03-23,1,0
P000130,2,0,30.5,1194.3400000000001,0,2025-01-12,2025-06-17,1,0
P000131,2,1,103.5,6483.8099999999995,0,2024-11-23,2025-09-27,1,0
P000132,2,1,40.0,4962.2699999999995,0,2026-07-27,2026-09-25,1,0
P000133,2,0,70.5,2321.15,0,2025-05-06,2025-10-18,1,0
P000134,1,0,123.0,1115.16,0,2026-08-02,2026-08-02,0,0
P000135,2,0,34.0,664.9300000000001,0,2026-07-04,2026-09-19,1,0
P000136,2,1,45.5,8070.45,0,2026-04-28,2026-09-18,1,0
P000137,1,0,24.0,423.64,0,2026-03-13,2026-03-13,0,0
P000138,1,0,72.0,696.76,0,2026-05-21,2026-05-21,0,0
P000139,1,1,125.0,4058.01,0,2026-06-30,2026-06-30,0,0
P000140,1,0,30.0,332.6,0,2025-05-13,2025-05-13,0,0
P000141,2,0,70.0,2415.2400000000002,0,2024-03-04,2025-02-10,1,0
P000142,1,1,18.0,7545.37,0,2026-03-27,2026-03-27,0,0
P000143,3,0,70.0,3738.44,0,2024-01-10,2025-08-10,1,0
P000144,2,1,53.0,2087.9300000000003,0,2025-02-27,2025-03-23,1,0
P000145,3,1,42.333333333333336,4417.07,0,2024-05-13,2025-04-11,1,0
P000146,4,0,126.25,3910.55,0,2026-05-31,2026-09-20,1,1
P000147,1,1,115.0,15412.96,0,2024-10-06,2024-10-06,0,0
P000148,2,1,39.5,36936.79,1,2026-02-05,2026-02-21,1,0
P000149,1,0,15.0,251.18,0,2024-08-24,2024-08-24,0,0
P000150,1,0,85.0,1299.42,0,2024-04-09,2024-04-09,0,0
P000151,2,0,29.5,1254.26,0,2026-09-24,2026-09-30,1,0
P000152,1,0,42.0,443.43,0,2026-01-21,2026-01-21,0,0
P000153,3,2,44.333333333333336,24870.7,0,2024-12-05,2026-09-19,1,0
P000154,1,0,17.0,654.31,0,2025-04-20,2025-04-20,0,0
P000155,1,1,35.0,1337.56,0,2025-10-01,2025-10-01,0,0
P000156,1,0,12.0,461.85,0,2025-11-20,2025-11-20,0,0
P000157,1,0,50.0,297.49,0,2026-03-17,2026-03-17,0,0
P000158,1,0,23.0,438.8,0,2026-03-15,2026-03-15,0,0
P000159,1,0,66.0,1203.2,0,2026-01-26,2026-01-26,0,0
P000160,1,1,51.0,14353.47,0,2024-03-07,2024-03-07,0,0
P000161,1,0,25.0,466.02,0,2024-02-13,2024-02-13,0,0
P000162,2,0,54.0,1554.64,0,2024-01-02,2024-07-06,1,0
P000163,1,0,14.0,858.71,0,2025-05-16,2025-05-16,0,0
P000164,1,1,90.0,3752.31,0,2025-05-12,2025-05-12,0,0
P000165,4,1,47.75,5670.7,0,2026-01-10,2026-09-26,1,1
P000166,2,1,112.5,1585.1599999999999,0,2024-03-04,2024-04-06,1,0
P000167,2,1,33.5,37057.600000000006,0,2026-08-27,2026-09-18,1,0
P000168,1,1,66.0,5349.08,0,2025-11-08,2025-11-08,0,0
P000169,2,1,32.5,2285.03,0,2025-07-01,2025-07-11,1,0
P000170,2,1,67.5,3457.74,0,2024-05-22,2024-06-18,1,0
P000171,1,0,11.0,814.81,0,2024-12-19,2024-12-19,0,0
P000172,2,0,44.0,651.72,0,2026-03-11,2026-06-28,1,0
P000173,1,0,62.0,904.52,0,2025-07-20,2025-07-20,0,0
P000174,6,2,56.833333333333336,8741.14,1,2026-09-12,2026-09-25,1,1
P000175,1,0,34.0,420.94,0,2025-05-06,2025-05-06,0,0
P000176,1,1,28.0,4634.22,0,2026-07-07,2026-07-07,0,0
P000177,1,1,30.0,1957.89,0,2024-07-22,2024-07-22,0,0
P000178,1,1,42.0,1883.86,0,2025-10-21,2025-10-21,0,0
P000179,1,0,14.0,596.05,0,2025-12-09,2025-12-09,0,0
P000180,2,2,64.0,15744.93,0,2026-04-14,2026-07-22,1,0
P000181,1,0,51.0,278.19,0,2026-07-02,2026-07-02,0,0
P000182,2,1,19.5,10725.9,0,2024-05-25,2024-10-31,1,0
P000183,1,1,85.0,4360.82,0,2026-08-08,2026-08-08,0,0
P000184,1,0,109.0,433.35,0,2024-01-23,2024-01-23,0,0
P000185,1,0,77.0,964.19,0,2025-01-29,2025-01-29,0,0
P000186,1,1,91.0,7188.87,0,2024-12-08,2024-12-08,0,0
P000187,1,1,85.0,7833.35,0,2026-09-19,2026-09-19,0,0
P000188,3,0,22.666666666666668,1246.5900000000001,0,2024-04-27,2024-09-04,1,0
P000189,2,0,48.5,2921.39,0,2025-10-09,2025-12-28,1,0
P000190,1,1,25.0,28329.32,0,2024-10-06,2024-10-06,0,0
P000191,1,0,22.0,562.85,0,2025-12-24,2025-12-24,0,0
P000192,1,0,86.0,836.65,0,2025-04-30,2025-04-30,0,0
P000193,3,2,63.666666666666664,9346.57,0,2024-02-03,2024-03-22,1,0
P000194,1,0,48.0,679.44,0,2026-08-30,2026-08-30,0,0
P000195,2,1,49.0,15119.539999999999,0,2025-10-25,2025-11-07,1,0
P000196,1,1,114.0,22029.21,0,2025-03-25,2025-03-25,0,0
P000197,3,1,51.666666666666664,5300.099999999999,0,2025-11-01,2026-09-12,1,0
P000198,1,0,175.0,716.41,0,2024-04-21,2024-04-21,0,0
P000199,2,1,38.0,11005.97,0,2025-07-16,2025-09-18,1,0
P000200,1,0,42.0,289.53,0,2024-11-10,2024-11-10,0,0
P000201,1,0,47.0,1128.02,0,2025-05-16,2025-05-16,0,0
P000202,1,0,19.0,350.74,0,2025-02-17,2025-02-17,0,0
P000203,1,0,41.0,467.82,0,2025-09-29,2025-09-29,0,0
P000204,6,3,54.833333333333336,21157.47,0,2024-04-14,2026-09-29,1,1
P000205,2,1,30.0,2518.3900000000003,0,2026-07-11,2026-09-21,1,0
P000206,1,1,55.0,6370.05,0,2025-01-27,2025-01-27,0,0
P000207,1,0,25.0,655.67,0,2025-02-18,2025-02-18,0,0
P000208,2,0,38.0,1425.1399999999999,0,2026-04-23,2026-07-03,1,0
P000209,1,1,122.0,8029.63,0,2026-05-31,2026-05-31,0,0
P000210,1,0,35.0,889.44,0,2025-10-18,2025-10-18,0,0
P000211,1,0,43.0,426.91,0,2026-07-18,2026-07-18,0,0
P000212,2,0,41.0,624.23,0,2024-01-03,2024-11-07,1,0
P000213,1,0,27.0,170.41,0,2025-04-11,2025-04-11,0,0
P000214,1,0,74.0,898.94,0,2024-08-25,2024-08-25,0,0
P000215,1,0,83.0,2069.02,0,2025-06-22,2025-06-22,0,0
P000216,2,1,75.0,5564.17,0,2026-01-07,2026-08-30,1,0
P000217,1,0,24.0,408.59,0,2026-09-20,2026-09-20,0,0
P000218,3,1,90.33333333333333,3089.0699999999997,0,2026-08-06,2026-09-24,1,0
P000219,1,0,69.0,986.06,0,2025-01-19,2025-01-19,0,0
P000220,1,0,50.0,850.94,0,2026-02-23,2026-02-23,0,0
P000221,1,0,11.0,168.15,0,2025-08-06,2025-08-06,0,0
P000222,1,1,42.0,11254.45,0,2025-01-14,2025-01-14,0,0
P000223,1,0,90.0,2184.89,0,2025-02-22,2025-02-22,0,0
P000224,1,0,24.0,685.03,0,2025-02-17,2025-02-17,0,0
P000225,1,0,9.0,227.8,0,2025-11-22,2025-11-22,0,0
P000226,1,1,29.0,12671.95,0,2024-08-15,2024-08-15,0,0
P000227,2,2,48.0,7087.24,0,2024-09-29,2024-11-01,1,0
P000228,1,0,16.0,614.34,0,2024-06-29,2024-06-29,0,0
P000229,1,1,132.0,2178.44,0,2024-05-18,2024-05-18,0,0
P000230,1,1,32.0,1660.34,0,2024-06-03,2024-06-03,0,0
P000231,1,0,52.0,212.11,0,2024-10-12,2024-10-12,0,0
P000232,1,1,40.0,2599.44,0,2024-01-16,2024-01-16,0,0
P000233,1,0,46.0,669.73,0,2025-12-22,2025-12-22,0,0
P000234,1,0,28.0,150.07,0,2024-02-09,2024-02-09,0,0
P000235,5,1,53.8,13606.53,0,2025-12-24,2026-07-28,1,1
P000236,1,0,33.0,468.62,0,2025-02-07,2025-02-07,0,0
P000237,4,3,53.25,14818.34,0,2025-02-02,2026-07-25,1,1
P000238,1,0,45.0,450.96,0,2025-07-26,2025-07-26,0,0
P000239,1,1,35.0,11630.9,0,2026-09-07,2026-09-07,0,0
P000240,2,1,40.5,8602.66,0,2026-01-15,2026-02-02,1,0
P000241,1,0,5.0,411.57,0,2025-06-13,2025-06-13,0,0
P000242,1,0,23.0,640.28,0,2026-04-05,2026-04-05,0,0
P000243,1,1,36.0,15985.86,0,2024-09-16,2024-09-16,0,0
P000244,1,0,46.0,1240.64,0,2025-02-10,2025-02-10,0,0
P000245,2,0,23.5,1525.98,0,2025-02-21,2026-01-19,1,0
P000246,1,0,21.0,634.67,0,2026-08-30,2026-08-30,0,0
P000247,2,0,73.0,1434.54,0,2026-08-06,2026-08-24,1,0
P000248,1,0,36.0,925.18,0,2024-03-03,2024-03-03,0,0
P000249,1,0,15.0,382.34,0,2024-03-28,2024-03-28,0,0
P000250,1,0,48.0,445.45,0,2025-01-05,2025-01-05,0,0
P000251,6,1,39.5,13295.640000000001,0,2024-05-09,2026-09-15,1,1
P000252,2,0,21.5,821.5,0,2026-04-21,2026-09-23,1,0
P000253,1,1,40.0,4362.21,0,2026-06-22,2026-06-22,0,0
P000254,2,0,83.5,1605.05,0,2026-01-01,2026-09-27,1,0
P000255,1,0,17.0,338.81,0,2024-01-13,2024-01-13,0,0
P000256,2,1,51.5,3003.73,0,2025-05-14,2025-07-07,1,0
P000257,1,0,36.0,956.03,0,2024-10-23,2024-10-23,0,0
P000258,1,0,19.0,465.44,0,2025-07-02,2025-07-02,0,0
P000259,3,1,40.0,16499.75,0,2024-06-14,2025-02-28,1,0
P000260,1,0,97.0,1514.61,0,2026-07-08,2026-07-08,0,0
P000261,1,1,57.0,1651.78,0,2024-09-02,2024-09-02,0,0
P000262,1,0,88.0,440.8,0,2024-07-30,2024-07-30,0,0
P000263,4,1,26.0,6950.53,0,2025-03-01,2026-08-11,1,1
P000264,1,0,16.0,431.75,0,2024-03-18,2024-03-18,0,0
P000265,2,1,53.5,5669.97,0,2024-10-13,2025-08-23,1,0
P000266,2,0,123.5,1990.1200000000001,0,2025-09-01,2025-11-04,1,0
P000267,1,0,47.0,533.6,0,2024-05-17,2024-05-17,0,0
P000268,1,0,17.0,717.2,0,2025-08-01,2025-08-01,0,0
P000269,1,0,27.0,281.27,0,2024-09-22,2024-09-22,0,0
P000270,1,1,91.0,2174.57,0,2024-05-23,2024-05-23,0,0
P000271,2,0,122.5,1448.29,0,2024-01-25,2024-03-09,1,0
P000272,1,0,26.0,2304.81,0,2026-01-27,2026-01-27,0,0
P000273,1,1,42.0,2394.01,0,2026-01-16,2026-01-16,0,0
P000274,4,1,47.0,13407.7,0,2024-02-24,2026-02-08,1,1
P000275,3,1,19.0,2315.69,0,2026-03-29,2026-09-14,1,0
P000276,1,0,18.0,719.41,0,2024-02-09,2024-02-09,0,0
P000277,1,0,145.0,594.56,0,2025-03-27,2025-03-27,0,0
P000278,2,0,43.5,1116.95,0,2026-07-12,2026-07-21,1,0
P000279,1,1,46.0,5488.68,0,2024-12-28,2024-12-28,0,0
P000280,1,1,38.0,14515.92,0,2024-02-06,2024-02-06,0,0
P000281,1,0,10.0,778.98,0,2026-08-15,2026-08-15,0,0
P000282,1,1,64.0,9096.55,0,2024-11-04,2024-11-04,0,0
P000283,1,1,48.0,3412.2,0,2025-10-06,2025-10-06,0,0
P000284,2,0,25.0,1343.92,0,2025-08-10,2025-10-27,1,0
P000285,1,1,48.0,4248.73,0,2026-04-03,2026-04-03,0,0
P000286,2,1,114.0,9242.539999999999,0,2025-06-01,2025-08-31,1,0
P000287,3,0,21.333333333333332,2792.41,0,2025-03-14,2026-03-16,1,0
P000288,1,0,89.0,439.72,0,2026-02-15,2026-02-15,0,0
P000289,1,0,39.0,378.93,0,2024-03-03,2024-03-03,0,0
P000290,1,0,20.0,387.24,0,2025-05-07,2025-05-07,0,0
P000291,1,0,92.0,1769.25,0,2026-01-03,2026-01-03,0,0
P000292,2,0,35.0,1184.24,0,2025-01-31,2025-04-09,1,0
P000293,1,0,120.0,1305.38,0,2025-11-07,2025-11-07,0,0
P000294,4,1,58.75,17320.39,0,2024-12-18,2026-08-08,1,1
P000295,1,0,22.0,616.42,0,2026-01-04,2026-01-04,0,0
P000296,2,1,70.0,8973.49,0,2025-05-21,2026-04-18,1,0
P000297,1,0,22.0,1081.18,0,2025-09-15,2025-09-15,0,0
P000298,1,0,29.0,399.93,0,2025-11-08,2025-11-08,0,0
P000299,4,1,89.75,14265.07,0,2024-12-21,2026-09-13,1,1
P000300,1,0,27.0,372.98,0,2025-01-13,2025-01-13,0,0
P000301,2,0,27.0,866.27,0,2024-08-14,2025-06-16,1,0
P000302,2,1,47.0,16326.300000000001,0,2025-09-15,2025-10-06,1,0
P000303,1,0,158.0,866.53,0,2026-03-27,2026-03-27,0,0
P000304,2,1,39.5,10122.92,1,2026-09-18,2026-09-24,1,0
P000305,4,1,30.25,10131.960000000001,0,2025-06-30,2026-09-28,1,1
P000306,2,1,40.5,10487.06,0,2026-06-26,2026-07-04,1,0
P000307,2,0,15.0,1560.27,0,2024-06-04,2024-09-01,1,0
P000308,1,1,48.0,5806.23,0,2026-05-12,2026-05-12,0,0
P000309,2,0,14.5,2308.57,0,2024-08-06,2025-07-26,1,0
P000310,5,3,73.4,24501.98,0,2024-02-06,2025-05-19,1,1
P000311,1,1,47.0,9910.08,0,2024-03-14,2024-03-14,0,0
P000312,2,0,68.0,859.56,0,2026-06-29,2026-07-06,1,0
P000313,1,1,77.0,6191.85,0,2026-09-23,2026-09-23,0,0
P000314,1,0,14.0,471.12,0,2024-11-15,2024-11-15,0,0
P000315,1,0,13.0,363.69,0,2025-04-12,2025-04-12,0,0
P000316,3,0,40.666666666666664,2262.91,0,2024-01-21,2024-12-05,1,0
P000317,1,0,18.0,634.05,0,2026-01-03,2026-01-03,0,0
P000318,1,1,40.0,3133.28,0,2024-05-01,2024-05-01,0,0
P000319,1,1,121.0,5876.58,0,2026-03-23,2026-03-23,0,0
P000320,3,0,112.66666666666667,3590.76,0,2024-04-05,2025-07-17,1,0
P000321,1,0,199.0,2908.89,0,2024-12-18,2024-12-18,0,0
P000322,2,0,27.0,2204.09,0,2026-06-13,2026-08-15,1,0
P000323,1,0,43.0,278.45,0,2026-07-20,2026-07-20,0,0
P000324,2,1,101.5,1915.05,0,2025-02-18,2025-10-21,1,0
P000325,6,4,64.33333333333333,41099.85,0,2024-07-11,2026-04-26,1,1
P000326,4,0,37.5,3449.68,0,2025-10-19,2026-09-22,1,1
P000327,2,0,27.5,811.6600000000001,0,2025-10-30,2026-09-14,1,0
P000328,2,0,76.0,1023.5,0,2025-03-29,2025-06-12,1,0
P000329,2,2,53.0,13406.7,0,2024-04-04,2024-05-02,1,0
P000330,1,0,61.0,513.1,0,2026-03-29,2026-03-29,0,0
P000331,2,0,37.5,1176.8600000000001,0,2024-03-25,2025-02-15,1,0
P000332,2,0,69.0,1558.4299999999998,0,2025-05-24,2025-10-28,1,0
P000333,3,1,30.666666666666668,5956.83,0,2024-08-08,2025-02-12,1,0
P000334,3,2,60.666666666666664,14357.380000000001,0,2025-04-22,2026-02-26,1,0
P000335,1,0,13.0,300.53,0,2026-04-13,2026-04-13,0,0
P000336,1,1,63.0,7093.99,0,2025-09-16,2025-09-16,0,0
P000337,1,0,30.0,862.5,0,2024-07-17,2024-07-17,0,0
P000338,3,1,48.333333333333336,13701.76,0,2025-01-25,2026-04-28,1,0
P000339,3,0,63.0,2175.1000000000004,0,2024-05-13,2024-07-27,1,0
P000340,1,0,19.0,404.58,0,2025-04-20,2025-04-20,0,0
P000341,3,0,27.0,1252.55,0,2024-09-24,2026-09-29,1,0
P000342,1,1,136.0,7717.12,0,2024-05-02,2024-05-02,0,0
P000343,1,1,53.0,10187.88,0,2025-10-17,2025-10-17,0,0
P000344,3,1,57.0,6264.57,0,2025-08-07,2026-09-15,1,0
P000345,1,1,59.0,10362.43,0,2025-07-03,2025-07-03,0,0
P000346,1,1,90.0,7189.87,0,2024-05-02,2024-05-02,0,0
P000347,1,1,60.0,9063.8,0,2024-08-11,2024-08-11,0,0
P000348,2,0,47.0,1705.25,0,2026-08-30,2026-09-10,1,0
P000349,2,0,93.0,1096.1,0,2025-11-10,2026-09-26,1,0
P000350,1,0,51.0,980.44,0,2024-05-28,2024-05-28,0,0
P000351,1,1,90.0,19734.54,0,2025-10-12,2025-10-12,0,0
P000352,1,1,63.0,13509.77,0,2026-07-05,2026-07-05,0,0
P000353,1,1,107.0,14214.88,0,2026-02-11,2026-02-11,0,0
P000354,1,0,28.0,443.75,0,2024-04-30,2024-04-30,0,0
P000355,1,1,97.0,16604.11,0,2025-02-26,2025-02-26,0,0
P000356,1,0,72.0,1320.34,0,2025-12-18,2025-12-18,0,0
P000357,1,0,23.0,193.62,0,2026-06-02,2026-06-02,0,0
P000358,5,2,49.4,13667.86,0,2024-09-19,2025-06-27,1,1
P000359,2,1,67.0,4067.87,0,2025-03-20,2025-10-09,1,0
P000360,1,0,21.0,455.33,0,2025-03-10,2025-03-10,0,0
P000361,2,0,48.5,906.4000000000001,0,2025-05-28,2026-02-08,1,0
P000362,1,0,41.0,306.08,0,2025-08-05,2025-08-05,0,0
P000363,5,0,45.0,2012.65,0,2026-03-28,2026-09-21,1,1
P000364,3,3,55.333333333333336,35221.1,0,2026-05-24,2026-09-29,1,0
P000365,3,2,37.333333333333336,21702.93,0,2025-07-21,2025-11-19,1,0
P000366,1,0,123.0,873.28,0,2026-07-07,2026-07-07,0,0
P000367,1,0,70.0,671.96,0,2025-10-12,2025-10-12,0,0
P000368,1,1,72.0,6433.25,0,2024-05-26,2024-05-26,0,0
P000369,1,0,26.0,485.69,0,2025-07-07,2025-07-07,0,0
P000370,1,0,63.0,689.43,0,2025-12-29,2025-12-29,0,0
P000371,1,0,21.0,591.47,0,2024-11-18,2024-11-18,0,0
P000372,2,1,26.5,6235.82,0,2026-05-03,2026-08-21,1,0
P000373,1,0,27.0,582.27,0,2024-05-14,2024-05-14,0,0
P000374,1,1,65.0,6676.68,0,2026-07-19,2026-07-19,0,0
P000375,1,1,38.0,9879.85,0,2024-12-17,2024-12-17,0,0
P000376,1,0,29.0,655.16,0,2025-01-30,2025-01-30,0,0
P000377,1,1,38.0,3570.1,0,2024-06-22,2024-06-22,0,0
P000378,4,0,16.5,1968.04,0,2024-04-11,2025-03-04,1,1
P000379,1,0,17.0,792.53,0,2024-04-02,2024-04-02,0,0
P000380,1,0,54.0,305.92,0,2025-06-28,2025-06-28,0,0
P000381,2,1,33.0,2143.31,0,2024-01-12,2024-12-01,1,0
P000382,2,0,41.5,1221.05,0,2026-01-05,2026-08-28,1,0
P000383,1,0,16.0,164.56,0,2025-06-26,2025-06-26,0,0
P000384,1,1,70.0,1734.89,0,2026-01-27,2026-01-27,0,0
P000385,1,1,119.0,3322.33,0,2025-05-06,2025-05-06,0,0
P000386,1,1,87.0,7138.36,0,2025-04-20,2025-04-20,0,0
P000387,1,0,31.0,584.63,0,2024-04-19,2024-04-19,0,0
P000388,3,1,62.333333333333336,9643.48,0,2026-03-21,2026-09-26,1,0
P000389,2,0,45.0,2875.64,0,2025-06-28,2025-08-11,1,0
P000390,2,0,42.5,1250.17,0,2024-06-13,2025-01-19,1,0
P000391,1,0,82.0,557.93,0,2026-03-31,2026-03-31,0,0
P000392,1,1,26.0,2892.7,0,2025-06-21,2025-06-21,0,0
P000393,5,2,93.0,4642.56,0,2024-02-17,2026-07-06,1,1
P000394,3,0,41.0,1318.18,0,2025-06-06,2025-09-26,1,0
P000395,3,1,24.666666666666668,3319.0299999999997,0,2026-02-09,2026-09-10,1,0
P000396,1,1,80.0,11741.9,0,2025-11-19,2025-11-19,0,0
P000397,1,0,23.0,261.71,0,2025-10-14,2025-10-14,0,0
P000398,1,0,207.0,922.02,0,2024-05-19,2024-05-19,0,0
P000399,1,1,36.0,20579.74,0,2024-07-22,2024-07-22,0,0
P000400,1,1,60.0,5579.3,0,2024-09-10,2024-09-10,0,0
P000401,1,0,33.0,271.18,0,2024-10-14,2024-10-14,0,0
P000402,4,1,30.0,4316.49,0,2024-07-11,2025-06-29,1,1
P000403,1,1,44.0,13952.79,0,2026-08-19,2026-08-19,0,0
P000404,2,1,57.0,9220.12,0,2025-09-19,2025-12-01,1,0
P000405,1,0,83.0,960.85,0,2026-02-23,2026-02-23,0,0
P000406,1,0,21.0,224.02,0,2026-03-03,2026-03-03,0,0
P000407,2,1,81.5,4699.5,0,2026-03-06,2026-09-12,1,0
P000408,1,0,38.0,911.28,0,2024-05-27,2024-05-27,0,0
P000409,2,0,31.5,2318.47,0,2025-11-23,2025-12-22,1,0
P000410,1,0,30.0,316.56,0,2025-09-19,2025-09-19,0,0
P000411,2,0,27.5,626.84,0,2026-04-19,2026-05-13,1,0
P000412,3,2,33.666666666666664,50387.87,0,2025-05-17,2025-08-25,1,0
P000413,1,0,20.0,564.09,0,2024-09-25,2024-09-25,0,0
P000414,1,1,45.0,1269.07,0,2025-08-23,2025-08-23,0,0
P000415,3,1,47.333333333333336,3323.93,0,2025-02-23,2026-09-13,1,0
P000416,4,1,88.75,4960.42,0,2024-11-08,2026-09-20,1,1
P000417,1,0,49.0,949.98,0,2024-01-12,2024-01-12,0,0
P000418,1,0,54.0,310.68,0,2025-05-14,2025-05-14,0,0
P000419,1,0,12.0,620.58,0,2025-08-22,2025-08-22,0,0
P000420,1,1,48.0,7486.43,0,2026-08-24,2026-08-24,0,0
P000421,1,0,41.0,549.19,0,2025-10-06,2025-10-06,0,0
P000422,2,0,85.5,1673.69,0,2026-04-28,2026-06-16,1,0
P000423,1,0,30.0,454.57,0,2026-05-19,2026-05-19,0,0
P000424,2,0,103.5,831.97,0,2024-06-23,2025-01-15,1,0
P000425,1,1,103.0,14663.55,0,2024-04-28,2024-04-28,0,0
P000426,4,1,73.75,11500.09,0,2024-07-06,2026-09-10,1,1
P000427,1,0,10.0,743.7,0,2026-05-11,2026-05-11,0,0
P000428,1,0,26.0,264.47,0,2024-05-26,2024-05-26,0,0
P000429,1,0,70.0,512.77,0,2025-07-06,2025-07-06,0,0
P000430,2,1,41.5,8618.18,0,2024-01-04,2024-11-11,1,0
P000431,3,1,31.333333333333332,9237.55,0,2025-12-13,2026-03-27,1,0
P000432,1,1,112.0,5722.63,0,2024-08-23,2024-08-23,0,0
P000433,1,0,18.0,257.38,0,2025-08-26,2025-08-26,0,0
P000434,2,2,30.5,28609.03,0,2026-01-04,2026-03-02,1,0
P000435,1,0,28.0,447.4,0,2025-10-27,2025-10-27,0,0
P000436,1,0,21.0,737.67,0,2025-06-24,2025-06-24,0,0
P000437,4,3,47.5,7513.76,0,2024-05-18,2025-06-26,1,1
P000438,1,0,250.0,782.04,0,2025-06-05,2025-06-05,0,0
P000439,2,0,65.0,2863.76,0,2025-06-19,2025-08-06,1,0
P000440,2,1,35.0,9917.54,0,2025-11-02,2026-08-28,1,0
P000441,2,0,41.0,1431.85,0,2024-12-12,2025-01-31,1,0
P000442,2,2,37.0,12930.0,0,2025-10-25,2025-12-26,1,0
P000443,3,1,43.0,7671.9800000000005,0,2025-09-29,2026-03-07,1,0
P000444,1,0,25.0,989.23,0,2024-04-28,2024-04-28,0,0
P000445,1,0,100.0,414.99,0,2025-08-11,2025-08-11,0,0
P000446,1,0,116.0,801.71,0,2025-11-18,2025-11-18,0,0
P000447,1,1,91.0,910.11,0,2026-01-24,2026-01-24,0,0
P000448,3,2,87.66666666666667,12565.77,0,2025-09-25,2026-09-22,1,0
P000449,1,0,115.0,1125.47,0,2024-01-29,2024-01-29,0,0
P000450,1,0,29.0,573.01,0,2025-04-28,2025-04-28,0,0
P000451,2,0,30.0,1896.52,0,2024-08-19,2025-07-12,1,0
P000452,1,1,62.0,11957.8,0,2024-04-29,2024-04-29,0,0
P000453,2,0,23.0,1203.77,0,2024-11-26,2024-12-10,1,0
P000454,2,2,75.5,9029.8,0,2024-06-29,2024-08-19,1,0
P000455,1,1,60.0,2220.27,0,2026-04-02,2026-04-02,0,0
P000456,4,1,42.25,9018.52,0,2025-04-02,2026-09-10,1,1
P000457,4,2,56.75,25550.03,0,2024-01-18,2026-01-18,1,1
P000458,1,0,15.0,436.44,0,2026-07-24,2026-07-24,0,0
P000459,1,0,38.0,465.71,0,2024-05-23,2024-05-23,0,0
P000460,1,1,33.0,5024.51,0,2025-05-20,2025-05-20,0,0
P000461,1,1,99.0,11517.6,0,2025-12-14,2025-12-14,0,0
P000462,1,0,26.0,984.94,0,2026-06-30,2026-06-30,0,0
P000463,1,1,39.0,2271.21,0,2025-09-03,2025-09-03,0,0
P000464,1,1,38.0,35070.3,0,2026-04-17,2026-04-17,0,0
P000465,2,0,72.5,2059.38,0,2024-01-06,2025-01-08,1,0
P000466,3,0,45.333333333333336,2141.05,0,2026-05-27,2026-09-09,1,0
P000467,1,1,55.0,3545.69,0,2025-12-24,2025-12-24,0,0
P000468,1,0,16.0,244.92,0,2024-04-10,2024-04-10,0,0
P000469,2,0,61.0,1066.27,0,2025-02-26,2025-03-08,1,0
P000470,1,0,92.0,773.22,0,2025-06-08,2025-06-08,0,0
P000471,1,1,55.0,19504.69,0,2025-09-03,2025-09-03,0,0
P000472,3,1,40.0,14114.91,0,2024-10-17,2026-07-04,1,0
P000473,1,0,125.0,819.71,0,2024-11-14,2024-11-14,0,0
P000474,1,0,17.0,241.61,0,2026-08-26,2026-08-26,0,0
P000475,3,0,17.666666666666668,1672.24,0,2026-08-17,2026-09-16,1,0
P000476,3,0,30.333333333333332,1824.27,0,2024-05-03,2024-09-28,1,0
P000477,1,0,35.0,399.73,0,2024-03-02,2024-03-02,0,0
P000478,3,2,103.33333333333333,13671.460000000001,0,2024-02-01,2024-07-12,1,0
P000479,2,1,37.5,9277.2,0,2024-01-04,2024-02-19,1,0
P000480,1,1,36.0,9620.17,0,2025-08-23,2025-08-23,0,0
P000481,1,0,39.0,228.44,0,2025-02-15,2025-02-15,0,0
P000482,1,1,59.0,21526.0,0,2025-02-21,2025-02-21,0,0
P000483,1,0,25.0,518.63,0,2026-05-25,2026-05-25,0,0
P000484,4,2,44.75,16305.539999999999,0,2026-02-10,2026-09-27,1,1
P000485,2,2,40.0,17357.55,0,2026-01-02,2026-09-15,1,0
P000486,2,1,37.5,14239.56,0,2025-03-31,2025-08-25,1,0
P000487,2,1,64.0,7667.93,1,2024-10-14,2024-11-03,1,0
P000488,1,0,64.0,1123.15,0,2025-12-29,2025-12-29,0,0
P000489,1,1,27.0,4371.74,0,2025-09-13,2025-09-13,0,0
P000490,1,0,29.0,333.34,0,2025-12-24,2025-12-24,0,0
P000491,1,0,28.0,256.81,0,2025-12-04,2025-12-04,0,0
P000492,1,0,47.0,382.64,0,2025-01-17,2025-01-17,0,0
P000493,2,1,82.0,11088.06,0,2025-03-28,2025-07-22,1,0
P000494,2,1,60.0,7490.47,0,2026-08-27,2026-09-11,1,0
P000495,1,0,15.0,451.31,0,2026-06-02,2026-06-02,0,0
P000496,1,1,136.0,2895.42,0,2024-03-15,2024-03-15,0,0
P000497,1,1,60.0,9442.26,0,2026-08-01,2026-08-01,0,0
P000498,3,1,29.666666666666668,17818.039999999997,0,2024-12-10,2025-07-03,1,0
P000499,1,0,17.0,448.11,0,2025-06-23,2025-06-23,0,0
P000500,1,1,124.0,5477.55,0,2024-11-05,2024-11-05,0,0
P000501,1,0,29.0,289.84,0,2024-05-22,2024-05-22,0,0
P000502,2,1,49.0,11657.480000000001,0,2024-05-27,2024-08-31,1,0
P000503,2,1,55.5,8747.710000000001,0,2026-06-27,2026-07-28,1,0
P000504,2,2,94.5,8173.57,0,2024-02-08,2025-02-15,1,0
P000505,1,0,35.0,303.7,0,2025-07-15,2025-07-15,0,0
P000506,1,1,39.0,12076.25,0,2025-12-19,2025-12-19,0,0
P000507,1,0,11.0,585.81,0,2025-09-15,2025-09-15,0,0
P000508,1,0,26.0,446.28,0,2026-04-13,2026-04-13,0,0
P000509,1,1,122.0,9499.92,0,2025-10-05,2025-10-05,0,0
P000510,2,0,68.5,1981.57,0,2026-01-09,2026-01-17,1,0
P000511,3,2,57.333333333333336,14193.050000000001,0,2025-10-28,2026-09-17,1,0
P000512,1,1,91.0,9946.35,0,2025-01-15,2025-01-15,0,0
P000513,1,1,58.0,2449.11,0,2025-08-23,2025-08-23,0,0
P000514,1,0,10.0,634.74,0,2026-01-08,2026-01-08,0,0
P000515,4,2,101.0,13057.8,0,2024-08-29,2026-06-07,1,1
P000516,3,1,27.666666666666668,14079.470000000001,0,2025-12-11,2026-09-19,1,0
P000517,1,0,41.0,1408.43,0,2025-08-12,2025-08-12,0,0
P000518,1,1,106.0,3086.59,0,2025-04-18,2025-04-18,0,0
P000519,2,0,47.0,1576.3300000000002,0,2025-03-24,2026-02-07,1,0
P000520,3,0,62.333333333333336,4887.99,0,2024-11-05,2024-12-16,1,0
P000521,1,1,123.0,9918.44,0,2024-04-22,2024-04-22,0,0
P000522,3,1,52.333333333333336,10950.210000000001,0,2026-01-21,2026-09-25,1,0
P000523,2,0,26.5,932.3699999999999,0,2025-12-30,2026-09-24,1,0
P000524,2,0,32.0,2666.04,0,2025-10-07,2026-07-09,1,0
P000525,1,1,128.0,12034.78,0,2025-07-22,2025-07-22,0,0
P000526,1,0,55.0,947.41,0,2024-11-10,2024-11-10,0,0
P000527,1,0,26.0,311.77,0,2025-03-07,2025-03-07,0,0
P000528,2,0,25.5,491.73,0,2024-09-30,2024-11-16,1,0
P000529,5,1,35.0,10664.57,0,2024-09-06,2025-10-24,1,1
P000530,3,0,82.0,2758.41,0,2026-08-24,2026-09-15,1,0
P000531,1,1,135.0,13872.33,0,2024-11-23,2024-11-23,0,0
P000532,2,0,22.0,507.65000000000003,0,2025-10-16,2026-09-19,1,0
P000533,1,1,23.0,17538.97,0,2025-01-03,2025-01-03,0,0
P000534,3,1,45.666666666666664,12847.669999999998,0,2024-12-18,2026-05-23,1,0
P000535,1,1,52.0,11801.67,0,2026-02-19,2026-02-19,0,0
P000536,2,1,24.0,5856.65,0,2025-03-03,2025-10-21,1,0
P000537,1,0,27.0,318.99,0,2024-04-17,2024-04-17,0,0
P000538,1,1,66.0,11592.74,0,2024-07-18,2024-07-18,0,0
P000539,1,0,43.0,411.18,0,2025-10-29,2025-10-29,0,0
P000540,1,0,132.0,1682.45,0,2025-04-09,2025-04-09,0,0
P000541,2,1,41.0,11832.59,0,2025-10-17,2025-10-28,1,0
P000542,2,0,19.5,1141.03,0,2025-04-01,2025-04-20,1,0
P000543,1,0,28.0,326.39,0,2025-05-06,2025-05-06,0,0
P000544,1,0,9.0,342.22,0,2024-07-18,2024-07-18,0,0
P000545,2,1,37.0,12514.289999999999,0,2026-08-07,2026-09-14,1,0
P000546,2,0,44.0,1167.56,0,2025-11-29,2026-02-13,1,0
P000547,3,2,77.0,17143.39,0,2025-10-07,2026-09-18,1,0
P000548,1,0,53.0,353.68,0,2026-01-20,2026-01-20,0,0
P000549,4,1,44.5,22623.22,0,2024-02-14,2025-01-15,1,1
P000550,1,1,36.0,6020.49,0,2025-06-11,2025-06-11,0,0
P000551,5,1,66.8,7158.32,1,2025-12-18,2026-09-23,1,1
P000552,2,1,55.5,57917.44,0,2024-10-09,2025-01-04,1,0
P000553,3,1,27.666666666666668,15405.529999999999,0,2025-07-09,2026-09-22,1,0
P000554,1,0,16.0,349.08,0,2026-03-29,2026-03-29,0,0
P000555,4,2,48.25,12388.71,0,2024-12-01,2025-09-10,1,1
P000556,1,0,24.0,256.85,0,2026-09-10,2026-09-10,0,0
P000557,2,0,34.5,851.34,0,2026-07-05,2026-07-14,1,0
P000558,4,1,23.75,24071.9,0,2026-04-09,2026-09-29,1,1
P000559,1,0,24.0,1085.13,0,2025-06-18,2025-06-18,0,0
P000560,1,0,21.0,282.16,0,2025-05-06,2025-05-06,0,0
P000561,1,1,80.0,2461.41,0,2024-01-26,2024-01-26,0,0
P000562,2,1,86.0,2032.6100000000001,0,2025-04-17,2025-09-16,1,0
P000563,1,1,42.0,14068.53,0,2025-07-08,2025-07-08,0,0
P000564,1,0,16.0,239.56,0,2025-11-11,2025-11-11,0,0
P000565,1,0,44.0,1031.68,0,2025-04-27,2025-04-27,0,0
P000566,1,0,43.0,706.95,0,2025-11-04,2025-11-04,0,0
P000567,1,0,21.0,267.66,0,2026-08-12,2026-08-12,0,0
P000568,3,2,49.0,18170.07,0,2025-05-24,2025-09-16,1,0
P000569,1,0,27.0,553.75,0,2024-09-21,2024-09-21,0,0
P000570,1,0,16.0,412.78,0,2026-08-12,2026-08-12,0,0
P000571,3,2,68.33333333333333,8330.55,0,2024-10-31,2026-05-08,1,0
P000572,1,1,81.0,11863.39,0,2025-03-04,2025-03-04,0,0
P000573,1,0,72.0,1493.39,0,2024-01-20,2024-01-20,0,0
P000574,1,0,30.0,556.59,0,2024-05-23,2024-05-23,0,0
P000575,1,1,145.0,1428.48,0,2024-06-26,2024-06-26,0,0
P000576,3,3,57.333333333333336,18961.89,0,2026-09-10,2026-09-30,1,0
P000577,2,0,20.0,688.27,0,2026-02-06,2026-09-19,1,0
P000578,2,2,82.5,6667.95,0,2025-01-09,2025-07-16,1,0
P000579,3,0,31.666666666666668,1278.9,0,2026-08-07,2026-09-25,1,0
P000580,1,1,15.0,6220.07,0,2025-05-09,2025-05-09,0,0
P000581,1,0,41.0,1770.0,0,2024-02-21,2024-02-21,0,0
P000582,5,3,27.0,39226.23,1,2024-02-28,2025-03-03,1,1
P000583,1,0,57.0,1525.25,0,2024-06-08,2024-06-08,0,0
P000584,1,0,87.0,972.83,0,2025-09-06,2025-09-06,0,0
P000585,1,0,29.0,390.19,0,2025-09-23,2025-09-23,0,0
P000586,3,0,44.0,2882.9,0,2024-10-16,2025-07-03,1,0
P000587,3,0,45.666666666666664,1138.7,0,2025-01-17,2026-04-16,1,0
P000588,1,0,35.0,200.79,0,2025-12-22,2025-12-22,0,0
P000589,1,1,88.0,12596.64,0,2025-05-28,2025-05-28,0,0
P000590,4,1,35.5,2604.6400000000003,1,2024-07-26,2025-01-13,1,1
P000591,2,1,54.5,9358.560000000001,0,2025-04-15,2026-03-24,1,0
P000592,4,1,51.0,12585.59,0,2025-12-20,2026-09-26,1,1
P000593,1,0,67.0,1283.97,0,2025-07-04,2025-07-04,0,0
P000594,1,0,122.0,1882.76,0,2026-08-22,2026-08-22,0,0
P000595,1,0,82.0,858.78,0,2026-07-12,2026-07-12,0,0
P000596,1,0,91.0,512.72,0,2024-12-14,2024-12-14,0,0
P000597,1,0,21.0,831.52,0,2026-01-23,2026-01-23,0,0
P000598,2,0,26.0,664.5699999999999,0,2026-02-03,2026-09-10,1,0
P000599,2,0,32.5,716.2,0,2024-12-08,2025-01-13,1,0
P000600,2,1,19.0,5437.25,0,2024-06-20,2024-08-15,1,0
P000601,3,2,54.0,11226.86,0,2024-08-02,2025-08-19,1,0
P000602,1,0,16.0,846.41,0,2026-04-21,2026-04-21,0,0
P000603,1,0,80.0,678.63,0,2026-06-29,2026-06-29,0,0
P000604,1,0,26.0,556.72,0,2024-04-27,2024-04-27,0,0
P000605,1,0,36.0,1228.59,0,2026-04-25,2026-04-25,0,0
P000606,2,2,65.0,12074.67,1,2025-09-12,2025-10-08,1,0
P000607,1,0,51.0,553.21,0,2025-12-22,2025-12-22,0,0
P000608,1,0,64.0,843.24,0,2024-08-02,2024-08-02,0,0
P000609,5,3,38.8,31158.68,1,2025-08-08,2026-09-29,1,1
P000610,1,1,240.0,9300.43,0,2026-08-04,2026-08-04,0,0
P000611,2,0,48.0,2861.71,0,2025-12-15,2026-09-15,1,0
P000612,1,0,254.0,508.84,0,2025-12-11,2025-12-11,0,0
P000613,1,1,38.0,9054.05,0,2024-09-11,2024-09-11,0,0
P000614,3,0,53.0,1410.5800000000002,0,2026-08-21,2026-09-16,1,0
P000615,3,1,54.333333333333336,10474.599999999999,0,2025-08-13,2025-10-13,1,0
P000616,1,1,58.0,20558.06,0,2024-02-08,2024-02-08,0,0
P000617,1,0,32.0,968.24,0,2025-08-04,2025-08-04,0,0
P000618,1,0,19.0,534.12,0,2025-01-28,2025-01-28,0,0
P000619,1,0,11.0,589.31,0,2025-10-26,2025-10-26,0,0
P000620,5,2,43.4,12765.88,0,2024-09-22,2026-09-25,1,1
P000621,2,1,37.0,9920.939999999999,0,2024-02-12,2024-03-29,1,0
P000622,1,0,67.0,425.63,0,2025-12-16,2025-12-16,0,0
P000623,2,0,132.5,1611.76,0,2026-09-08,2026-09-23,1,0
P000624,2,0,57.5,1547.6299999999999,0,2025-02-24,2025-06-17,1,0
P000625,1,0,42.0,1282.72,0,2026-02-20,2026-02-20,0,0
P000626,1,0,11.0,448.22,0,2024-12-26,2024-12-26,0,0
P000627,1,1,45.0,3497.15,0,2025-02-10,2025-02-10,0,0
P000628,1,0,90.0,576.62,0,2026-05-30,2026-05-30,0,0
P000629,1,0,34.0,932.95,0,2024-10-21,2024-10-21,0,0
P000630,3,0,22.666666666666668,1723.92,0,2025-07-12,2025-10-02,1,0
P000631,1,0,28.0,142.49,0,2025-01-01,2025-01-01,0,0
P000632,2,2,30.5,22588.92,0,2026-01-08,2026-08-11,1,0
P000633,1,1,126.0,3739.1,0,2024-06-02,2024-06-02,0,0
P000634,1,0,36.0,269.43,0,2025-11-18,2025-11-18,0,0
P000635,2,1,31.5,5520.929999999999,0,2025-07-04,2025-12-16,1,0
P000636,2,1,49.0,3680.4400000000005,0,2024-03-04,2024-08-15,1,0
P000637,1,0,20.0,918.19,0,2025-03-10,2025-03-10,0,0
P000638,1,1,50.0,10005.43,0,2025-04-23,2025-04-23,0,0
P000639,1,0,13.0,272.17,0,2025-11-22,2025-11-22,0,0
P000640,2,0,60.5,1661.31,0,2026-07-30,2026-09-23,1,0
P000641,1,0,19.0,522.95,0,2024-05-12,2024-05-12,0,0
P000642,1,0,43.0,138.58,0,2024-01-05,2024-01-05,0,0
P000643,2,1,96.5,12771.53,0,2024-10-14,2024-11-05,1,0
P000644,2,0,20.5,1036.19,0,2025-07-08,2026-01-09,1,0
P000645,1,1,59.0,5557.12,0,2026-02-25,2026-02-25,0,0
P000646,1,1,32.0,5541.31,0,2025-04-24,2025-04-24,0,0
P000647,1,1,47.0,12625.44,0,2024-04-24,2024-04-24,0,0
P000648,1,0,98.0,816.33,0,2025-09-21,2025-09-21,0,0
P000649,1,0,113.0,1544.31,0,2024-10-09,2024-10-09,0,0
P000650,3,0,20.333333333333332,1987.07,0,2026-05-05,2026-09-20,1,0
P000651,1,1,83.0,1378.63,0,2025-08-16,2025-08-16,0,0
P000652,1,0,25.0,739.41,0,2024-07-17,2024-07-17,0,0
P000653,1,0,50.0,205.32,0,2026-03-04,2026-03-04,0,0
P000654,1,0,17.0,377.55,0,2024-01-21,2024-01-21,0,0
P000655,3,2,53.666666666666664,9523.76,0,2024-01-11,2024-04-13,1,0
P000656,2,1,41.5,11695.66,0,2025-01-07,2025-10-08,1,0
P000657,1,1,32.0,6564.09,0,2024-02-15,2024-02-15,0,0
P000658,2,1,52.5,10135.49,0,2025-07-24,2026-07-24,1,0
P000659,1,0,53.0,1199.15,0,2026-06-02,2026-06-02,0,0
P000660,4,3,60.25,33986.96,1,2024-12-17,2026-09-02,1,1
P000661,2,0,79.5,2027.72,0,2025-06-08,2025-07-18,1,0
P000662,1,0,19.0,383.82,0,2025-02-01,2025-02-01,0,0
P000663,2,1,21.0,9321.18,0,2024-05-16,2025-06-19,1,0
P000664,1,0,15.0,608.91,0,2024-09-18,2024-09-18,0,0
P000665,1,0,13.0,640.79,0,2026-09-15,2026-09-15,0,0
P000666,1,0,52.0,1060.6,0,2026-09-18,2026-09-18,0,0
P000667,2,0,35.5,1260.3,0,2024-09-12,2024-09-30,1,0
P000668,1,0,48.0,1679.08,0,2024-12-15,2024-12-15,0,0
P000669,1,1,39.0,2448.39,0,2024-12-15,2024-12-15,0,0
P000670,1,0,104.0,777.98,0,2026-02-22,2026-02-22,0,0
P000671,1,1,44.0,5517.42,0,2024-07-01,2024-07-01,0,0
P000672,1,0,92.0,2077.83,0,2026-08-30,2026-08-30,0,0
P000673,2,1,44.0,22614.62,0,2026-02-09,2026-09-28,1,0
P000674,1,0,39.0,1091.52,0,2026-08-18,2026-08-18,0,0
P000675,1,0,21.0,193.33,0,2024-03-22,2024-03-22,0,0
P000676,2,1,64.0,8767.769999999999,0,2024-09-06,2024-12-01,1,0
P000677,1,1,97.0,7817.96,0,2025-12-30,2025-12-30,0,0
P000678,1,0,71.0,1550.1,0,2026-07-31,2026-07-31,0,0
P000679,3,1,54.0,6406.32,0,2025-10-05,2026-09-13,1,0
P000680,1,0,63.0,466.85,0,2024-01-22,2024-01-22,0,0
P000681,1,0,62.0,370.44,0,2025-10-26,2025-10-26,0,0
P000682,1,0,68.0,744.08,0,2024-07-10,2024-07-10,0,0
P000683,1,0,24.0,504.36,0,2024-03-19,2024-03-19,0,0
P000684,1,0,43.0,1388.79,0,2026-03-24,2026-03-24,0,0
P000685,2,0,35.0,1357.48,0,2025-06-12,2025-09-05,1,0
P000686,1,1,26.0,2177.32,0,2026-05-28,2026-05-28,0,0
P000687,1,1,50.0,8839.62,0,2026-07-25,2026-07-25,0,0
P000688,2,0,66.5,2447.33,0,2024-01-05,2024-07-25,1,0
P000689,1,1,60.0,3854.71,0,2024-10-22,2024-10-22,0,0
P000690,5,1,51.4,30231.93,0,2025-01-09,2026-08-28,1,1
P000691,2,0,61.0,1564.71,0,2025-06-09,2025-09-12,1,0
P000692,2,1,80.5,6134.86,0,2024-01-16,2024-11-08,1,0
P000693,1,1,89.0,1484.14,0,2026-06-02,2026-06-02,0,0
P000694,3,1,65.0,8867.470000000001,0,2025-11-13,2026-09-14,1,0
P000695,2,1,25.5,39939.71,0,2024-03-24,2024-05-25,1,0
P000696,1,1,31.0,3375.94,0,2025-03-08,2025-03-08,0,0
P000697,1,0,23.0,188.95,0,2025-11-02,2025-11-02,0,0
P000698,4,2,68.0,24706.649999999998,1,2025-11-29,2026-09-23,1,1
P000699,1,0,75.0,1748.48,0,2026-06-27,2026-06-27,0,0
P000700,1,0,64.0,586.71,0,2025-02-28,2025-02-28,0,0
P000701,3,1,29.0,5959.249999999999,0,2024-01-26,2025-01-05,1,0
P000702,2,1,31.5,1539.54,0,2024-12-01,2025-01-01,1,0
P000703,1,0,28.0,1775.13,0,2025-11-24,2025-11-24,0,0
P000704,2,0,67.0,1080.09,0,2024-05-25,2025-02-01,1,0
P000705,1,0,15.0,578.85,0,2024-01-22,2024-01-22,0,0
P000706,2,2,85.0,19468.120000000003,0,2024-08-21,2025-01-09,1,0
P000707,1,0,16.0,425.17,0,2024-03-24,2024-03-24,0,0
P000708,2,1,49.5,9561.7,0,2026-06-25,2026-09-27,1,0
P000709,2,1,19.0,6157.7300000000005,0,2026-08-07,2026-09-23,1,0
P000710,1,1,92.0,11045.92,0,2025-05-29,2025-05-29,0,0
P000711,1,0,41.0,743.22,0,2024-02-26,2024-02-26,0,0
P000712,5,2,26.4,21050.46,0,2024-09-02,2025-10-08,1,1
P000713,2,1,109.5,6019.16,0,2026-04-27,2026-09-20,1,0
P000714,1,0,104.0,708.65,0,2026-05-31,2026-05-31,0,0
P000715,1,0,44.0,546.99,0,2025-04-08,2025-04-08,0,0
P000716,1,0,41.0,1554.15,0,2024-09-07,2024-09-07,0,0
P000717,2,2,50.0,18651.02,0,2025-08-15,2026-09-20,1,0
P000718,4,1,38.0,11612.560000000001,0,2025-12-08,2026-09-17,1,1
P000719,1,0,68.0,933.23,0,2024-06-03,2024-06-03,0,0
P000720,1,1,84.0,1163.93,0,2025-06-30,2025-06-30,0,0
P000721,2,1,38.5,12037.779999999999,0,2024-11-28,2024-12-12,1,0
P000722,2,1,31.0,9834.37,0,2026-04-16,2026-05-25,1,0
P000723,2,1,23.5,15134.67,0,2026-06-27,2026-09-23,1,0
P000724,1,1,113.0,11213.5,0,2026-01-05,2026-01-05,0,0
P000725,1,0,15.0,631.32,0,2026-07-31,2026-07-31,0,0
P000726,2,2,43.5,19665.23,0,2024-08-15,2025-06-30,1,0
P000727,1,1,95.0,7669.0,0,2026-05-15,2026-05-15,0,0
P000728,2,0,53.5,2293.03,0,2025-07-28,2026-03-19,1,0
P000729,1,0,107.0,690.29,0,2025-05-11,2025-05-11,0,0
P000730,1,0,24.0,324.93,0,2026-06-14,2026-06-14,0,0
P000731,1,0,41.0,206.02,0,2025-08-16,2025-08-16,0,0
P000732,1,1,68.0,15907.84,0,2024-11-29,2024-11-29,0,0
P000733,1,1,120.0,24500.33,0,2024-08-02,2024-08-02,0,0
P000734,1,0,27.0,659.84,0,2026-08-21,2026-08-21,0,0
P000735,6,2,51.0,21467.71,1,2026-01-03,2026-09-30,1,1
P000736,3,2,29.0,12312.84,0,2024-08-14,2025-02-23,1,0
P000737,3,0,17.333333333333332,737.03,0,2025-02-24,2026-09-14,1,0
P000738,1,0,91.0,366.4,0,2025-12-21,2025-12-21,0,0
P000739,2,0,50.0,2494.8500000000004,0,2026-06-24,2026-07-08,1,0
P000740,2,2,102.5,20270.28,0,2025-05-31,2025-06-16,1,0
P000741,1,0,49.0,922.1,0,2025-01-17,2025-01-17,0,0
P000742,2,0,39.0,1305.39,0,2024-06-02,2024-08-15,1,0
P000743,1,1,45.0,21451.35,0,2024-05-07,2024-05-07,0,0
P000744,1,0,121.0,559.67,0,2024-12-05,2024-12-05,0,0
P000745,4,2,35.0,21855.54,0,2024-03-02,2026-07-17,1,1
P000746,1,0,65.0,502.35,0,2024-06-08,2024-06-08,0,0
P000747,1,1,44.0,3016.86,0,2025-04-04,2025-04-04,0,0
P000748,1,0,54.0,167.82,0,2025-04-02,2025-04-02,0,0
P000749,1,0,24.0,489.16,0,2025-01-25,2025-01-25,0,0
P000750,1,0,64.0,501.7,0,2025-07-03,2025-07-03,0,0
P000751,1,1,66.0,1744.38,0,2026-04-04,2026-04-04,0,0
P000752,3,2,28.333333333333332,9075.949999999999,0,2024-10-18,2025-09-25,1,0
P000753,2,0,32.5,1197.85,0,2024-12-01,2025-02-25,1,0
P000754,1,0,14.0,305.14,0,2024-11-07,2024-11-07,0,0
P000755,1,1,44.0,4690.19,0,2025-10-26,2025-10-26,0,0
P000756,1,0,122.0,1142.59,0,2025-03-23,2025-03-23,0,0
P000757,1,0,64.0,657.75,0,2024-07-11,2024-07-11,0,0
P000758,6,0,59.5,4849.99,0,2026-04-20,2026-09-20,1,1
P000759,1,0,17.0,568.52,0,2024-03-12,2024-03-12,0,0
P000760,1,0,23.0,628.17,0,2025-12-12,2025-12-12,0,0
P000761,3,1,54.666666666666664,14631.859999999999,1,2026-05-09,2026-09-23,1,0
P000762,3,1,33.0,7308.64,0,2025-01-05,2026-01-02,1,0
P000763,1,1,62.0,7353.67,0,2024-09-27,2024-09-27,0,0
P000764,1,1,77.0,5042.27,0,2026-02-11,2026-02-11,0,0
P000765,4,1,30.0,10629.2,0,2024-10-18,2026-04-20,1,1
P000766,4,0,24.75,3358.43,0,2024-05-13,2025-11-22,1,1
P000767,3,1,50.0,9548.0,1,2025-05-25,2025-08-13,1,0
P000768,1,0,41.0,221.28,0,2026-01-31,2026-01-31,0,0
P000769,2,0,93.0,2115.54,0,2026-07-29,2026-09-20,1,0
P000770,1,0,79.0,953.36,0,2024-12-27,2024-12-27,0,0
P000771,3,1,35.666666666666664,2755.4300000000003,0,2024-07-07,2025-06-20,1,0
P000772,1,0,9.0,163.04,0,2024-09-12,2024-09-12,0,0
P000773,2,2,44.5,13378.59,1,2026-09-19,2026-09-27,1,0
P000774,1,0,28.0,214.65,0,2024-03-30,2024-03-30,0,0
P000775,1,0,26.0,2163.63,0,2025-05-29,2025-05-29,0,0
P000776,2,2,92.0,15296.23,0,2026-07-16,2026-09-16,1,0
P000777,2,0,54.0,1316.51,0,2025-02-11,2025-07-06,1,0
P000778,2,2,54.5,28691.47,0,2024-04-21,2025-03-27,1,0
P000779,2,0,22.5,362.22,0,2026-04-17,2026-06-04,1,0
P000780,1,0,41.0,534.22,0,2024-10-04,2024-10-04,0,0
P000781,1,1,75.0,13793.19,0,2024-01-14,2024-01-14,0,0
P000782,6,3,79.16666666666667,26258.05,0,2025-01-01,2026-09-21,1,1
P000783,1,0,25.0,286.69,0,2025-01-10,2025-01-10,0,0
P000784,1,1,90.0,12834.39,0,2026-07-30,2026-07-30,0,0
P000785,1,0,57.0,1528.01,0,2024-03-07,2024-03-07,0,0
P000786,1,1,41.0,10477.33,0,2025-05-14,2025-05-14,0,0
P000787,3,2,76.33333333333333,28720.33,0,2024-08-29,2025-01-27,1,0
P000788,2,2,95.0,20491.25,0,2024-02-19,2024-04-05,1,0
P000789,1,0,45.0,1148.05,0,2024-06-22,2024-06-22,0,0
P000790,2,2,90.5,13325.29,0,2026-08-30,2026-09-11,1,0
P000791,2,0,20.0,984.34,0,2025-10-30,2026-09-28,1,0
P000792,2,2,36.0,31836.38,0,2026-05-07,2026-09-15,1,0
P000793,2,1,60.0,2795.85,0,2025-11-11,2026-06-11,1,0
P000794,1,0,13.0,402.16,0,2025-02-10,2025-02-10,0,0
P000795,2,0,20.5,562.78,0,2024-06-22,2024-09-04,1,0
P000796,3,2,31.333333333333332,24846.79,0,2025-08-18,2026-09-30,1,0
P000797,1,0,15.0,197.21,0,2024-09-26,2024-09-26,0,0
P000798,1,0,17.0,283.01,0,2026-09-24,2026-09-24,0,0
P000799,3,1,31.0,2118.77,0,2026-06-19,2026-09-17,1,0
P000800,1,0,32.0,320.79,0,2025-09-08,2025-09-08,0,0
P000801,2,0,35.0,908.3499999999999,0,2024-01-29,2025-01-31,1,0
P000802,3,0,80.0,2732.66,0,2025-11-16,2026-09-15,1,0
P000803,1,0,23.0,263.41,0,2025-11-06,2025-11-06,0,0
P000804,1,0,27.0,394.04,0,2025-04-28,2025-04-28,0,0
P000805,1,0,25.0,452.47,0,2025-07-14,2025-07-14,0,0
P000806,4,3,35.25,15591.92,2,2026-08-17,2026-09-25,1,1
P000807,1,0,19.0,243.21,0,2025-01-14,2025-01-14,0,0
P000808,2,1,39.0,3112.0,0,2026-07-10,2026-08-04,1,0
P000809,2,0,64.0,2208.75,0,2024-02-07,2024-02-27,1,0
P000810,3,1,77.0,14506.57,0,2024-10-04,2025-01-06,1,0
P000811,3,0,45.0,1859.29,0,2025-11-22,2026-08-21,1,0
P000812,1,0,67.0,1164.29,0,2024-04-20,2024-04-20,0,0
P000813,1,0,54.0,116.84,0,2024-12-05,2024-12-05,0,0
P000814,3,0,39.0,1925.46,0,2025-01-14,2026-02-20,1,0
P000815,3,0,86.0,1600.91,0,2024-11-03,2025-01-24,1,0
P000816,1,0,75.0,955.3,0,2026-04-02,2026-04-02,0,0
P000817,2,0,44.0,1868.56,0,2024-12-28,2025-03-10,1,0
P000818,1,0,83.0,759.22,0,2025-09-20,2025-09-20,0,0
P000819,1,0,95.0,1509.78,0,2026-02-05,2026-02-05,0,0
P000820,1,0,82.0,556.21,0,2026-06-20,2026-06-20,0,0
P000821,1,0,36.0,1085.72,0,2025-12-21,2025-12-21,0,0
P000822,1,1,29.0,8804.57,0,2026-08-02,2026-08-02,0,0
P000823,1,0,32.0,435.98,0,2024-07-29,2024-07-29,0,0
P000824,1,0,14.0,934.13,0,2024-10-19,2024-10-19,0,0
P000825,2,0,21.0,1775.1799999999998,0,2026-09-13,2026-09-20,1,0
P000826,1,0,46.0,1084.08,0,2026-09-10,2026-09-10,0,0
P000827,1,0,20.0,410.89,0,2026-01-21,2026-01-21,0,0
P000828,1,0,177.0,1030.1,0,2024-05-13,2024-05-13,0,0
P000829,2,0,10.5,917.4399999999999,0,2026-05-27,2026-08-12,1,0
P000830,1,0,31.0,278.09,0,2026-03-24,2026-03-24,0,0
P000831,1,0,14.0,499.38,0,2026-07-14,2026-07-14,0,0
P000832,1,0,26.0,302.8,0,2024-06-18,2024-06-18,0,0
P000833,1,0,19.0,451.57,0,2024-04-14,2024-04-14,0,0
P000834,1,0,26.0,534.46,0,2025-05-22,2025-05-22,0,0
P000835,1,1,73.0,6094.96,0,2025-12-08,2025-12-08,0,0
P000836,1,0,19.0,676.66,0,2026-04-11,2026-04-11,0,0
P000837,1,0,73.0,577.35,0,2025-05-15,2025-05-15,0,0
P000838,1,0,127.0,500.29,0,2024-08-28,2024-08-28,0,0
P000839,2,2,69.0,38717.85,0,2024-11-26,2024-12-14,1,0
P000840,1,0,21.0,255.21,0,2025-04-13,2025-04-13,0,0
P000841,1,1,49.0,1377.71,0,2024-09-09,2024-09-09,0,0
P000842,1,0,44.0,2877.39,0,2025-10-31,2025-10-31,0,0
P000843,1,0,32.0,181.07,0,2025-12-21,2025-12-21,0,0
P000844,1,1,80.0,4764.09,0,2024-04-01,2024-04-01,0,0
P000845,2,1,45.0,2691.79,0,2024-01-07,2024-02-20,1,0
P000846,1,0,38.0,1055.53,0,2026-06-27,2026-06-27,0,0
P000847,3,2,61.666666666666664,9101.8,0,2025-06-12,2026-09-12,1,0
P000848,2,0,86.0,728.0,0,2025-05-17,2026-06-24,1,0
P000849,1,0,16.0,238.21,0,2026-09-27,2026-09-27,0,0
P000850,3,1,30.666666666666668,2939.94,0,2026-09-12,2026-09-30,1,0
P000851,1,1,100.0,9700.99,0,2024-12-01,2024-12-01,0,0
P000852,1,0,31.0,442.11,0,2026-03-12,2026-03-12,0,0
P000853,1,1,49.0,5815.72,0,2026-03-19,2026-03-19,0,0
P000854,1,1,37.0,7887.05,0,2026-06-18,2026-06-18,0,0
P000855,6,3,78.83333333333333,22711.280000000002,0,2025-03-21,2026-09-26,1,1
P000856,2,1,73.5,14370.210000000001,0,2025-01-04,2026-02-04,1,0
P000857,6,1,65.5,11777.480000000001,0,2024-09-14,2026-09-03,1,1
P000858,1,1,61.0,2091.56,0,2024-11-12,2024-11-12,0,0
P000859,1,1,27.0,1306.09,0,2025-03-06,2025-03-06,0,0
P000860,1,0,18.0,553.81,0,2025-06-28,2025-06-28,0,0
P000861,1,0,140.0,622.49,0,2026-08-06,2026-08-06,0,0
P000862,2,0,37.5,1407.8,0,2024-09-08,2024-12-21,1,0
P000863,1,0,81.0,370.98,0,2024-09-15,2024-09-15,0,0
P000864,1,1,75.0,5013.11,0,2026-03-14,2026-03-14,0,0
P000865,2,2,93.0,29253.96,0,2025-07-05,2025-11-11,1,0
P000866,2,1,58.0,3782.17,0,2024-09-05,2025-01-03,1,0
P000867,1,1,32.0,6326.25,0,2024-03-07,2024-03-07,0,0
P000868,1,0,27.0,1275.1,0,2026-04-11,2026-04-11,0,0
P000869,2,0,41.5,425.59000000000003,0,2025-08-13,2025-08-28,1,0
P000870,2,0,39.5,1315.04,0,2024-09-18,2025-01-10,1,0
P000871,1,0,26.0,257.92,0,2024-03-22,2024-03-22,0,0
P000872,3,1,55.0,4639.4,0,2024-01-06,2026-09-28,1,0
P000873,1,0,102.0,1190.09,0,2024-08-10,2024-08-10,0,0
P000874,2,0,48.0,1499.8,0,2025-02-12,2026-02-17,1,0
P000875,1,1,37.0,19466.31,0,2026-03-04,2026-03-04,0,0
P000876,2,0,30.0,852.1600000000001,0,2025-09-01,2025-09-23,1,0
P000877,6,3,63.5,11831.31,0,2025-09-15,2026-09-27,1,1
P000878,1,0,79.0,270.84,0,2024-10-18,2024-10-18,0,0
P000879,3,1,46.666666666666664,19636.050000000003,0,2026-09-10,2026-09-28,1,0
P000880,1,1,30.0,524.07,0,2025-09-19,2025-09-19,0,0
P000881,3,1,50.333333333333336,13214.91,0,2024-11-19,2025-08-18,1,0
P000882,1,0,13.0,339.11,0,2024-09-16,2024-09-16,0,0
P000883,1,1,93.0,1597.56,0,2024-10-06,2024-10-06,0,0
P000884,1,0,11.0,279.96,0,2026-05-22,2026-05-22,0,0
P000885,1,0,44.0,561.31,0,2025-04-23,2025-04-23,0,0
P000886,1,0,40.0,516.54,0,2026-06-26,2026-06-26,0,0
P000887,2,1,29.5,12940.54,0,2024-06-14,2024-07-14,1,0
P000888,2,1,38.5,14608.32,0,2026-01-31,2026-09-13,1,0
P000889,1,0,39.0,512.5,0,2025-05-30,2025-05-30,0,0
P000890,2,0,57.0,1276.26,0,2025-08-21,2025-10-10,1,0
P000891,1,0,56.0,516.74,0,2025-05-29,2025-05-29,0,0
P000892,2,0,25.5,1245.0,0,2025-05-14,2025-06-05,1,0
P000893,1,1,86.0,13206.59,0,2024-06-09,2024-06-09,0,0
P000894,2,0,17.0,1489.41,0,2025-03-17,2026-02-27,1,0
P000895,1,0,27.0,545.09,0,2026-05-15,2026-05-15,0,0
P000896,1,0,37.0,1035.42,0,2026-01-24,2026-01-24,0,0
P000897,1,0,35.0,820.64,0,2024-12-13,2024-12-13,0,0
P000898,1,0,16.0,491.73,0,2025-08-14,2025-08-14,0,0
P000899,1,0,82.0,1567.15,0,2024-12-28,2024-12-28,0,0
P000900,2,1,36.0,10892.119999999999,0,2025-08-25,2026-03-27,1,0
P000901,6,1,52.166666666666664,6600.849999999999,0,2025-09-25,2026-04-22,1,1
P000902,1,0,26.0,467.7,0,2025-06-22,2025-06-22,0,0
P000903,2,0,36.5,628.41,0,2025-11-04,2026-09-26,1,0
P000904,1,0,15.0,368.82,0,2024-09-06,2024-09-06,0,0
P000905,1,0,31.0,318.31,0,2024-12-31,2024-12-31,0,0
P000906,1,0,40.0,491.32,0,2024-02-17,2024-02-17,0,0
P000907,2,1,56.0,3860.7400000000002,0,2024-03-02,2024-04-03,1,0
P000908,1,1,53.0,7512.49,0,2026-08-15,2026-08-15,0,0
P000909,2,0,23.0,2030.53,0,2026-09-03,2026-09-22,1,0
P000910,4,2,57.5,22081.15,0,2025-12-09,2026-09-29,1,1
P000911,2,1,46.0,1783.24,0,2025-02-13,2025-04-10,1,0
P000912,1,0,43.0,404.08,0,2025-11-25,2025-11-25,0,0
P000913,5,3,43.4,26458.89,0,2026-05-25,2026-09-24,1,1
P000914,1,0,16.0,386.0,0,2026-01-25,2026-01-25,0,0
P000915,2,2,42.0,20748.11,0,2024-10-21,2025-11-24,1,0
P000916,1,0,28.0,465.64,0,2025-06-23,2025-06-23,0,0
P000917,1,0,30.0,128.12,0,2025-07-05,2025-07-05,0,0
P000918,4,1,51.0,9883.56,0,2024-12-17,2025-12-03,1,1
P000919,3,0,57.333333333333336,2834.18,0,2026-02-15,2026-05-30,1,0
P000920,1,0,15.0,1335.3,0,2025-09-21,2025-09-21,0,0
P000921,1,0,117.0,1897.76,0,2025-11-09,2025-11-09,0,0
P000922,3,0,49.0,2710.31,0,2024-07-31,2025-03-10,1,0
P000923,4,0,57.0,2239.62,0,2025-03-09,2025-12-03,1,1
P000924,1,1,43.0,7596.75,0,2026-06-01,2026-06-01,0,0
P000925,1,1,29.0,13320.72,0,2024-07-28,2024-07-28,0,0
P000926,4,1,69.5,23659.670000000002,0,2025-02-20,2025-07-10,1,1
P000927,2,0,82.0,2108.62,0,2026-09-26,2026-09-28,1,0
P000928,2,1,45.0,15265.25,0,2025-10-04,2025-11-25,1,0
P000929,1,0,203.0,936.26,0,2024-02-14,2024-02-14,0,0
P000930,5,3,67.8,8434.59,2,2026-01-23,2026-09-25,1,1
P000931,2,0,50.0,1495.23,0,2026-01-31,2026-09-15,1,0
P000932,1,1,64.0,3685.37,0,2024-04-10,2024-04-10,0,0
P000933,1,1,53.0,5359.29,0,2026-07-04,2026-07-04,0,0
P000934,3,2,32.333333333333336,10728.14,0,2024-03-31,2025-08-11,1,0
P000935,1,0,29.0,1539.87,0,2024-04-28,2024-04-28,0,0
P000936,3,1,38.0,9340.39,0,2024-01-23,2024-12-10,1,0
P000937,2,1,51.0,18349.7,0,2025-04-19,2026-01-09,1,0
P000938,2,0,58.0,1956.1999999999998,0,2024-03-11,2025-01-25,1,0
P000939,2,1,74.5,17204.93,0,2024-09-24,2025-10-07,1,0
P000940,2,1,22.5,2076.38,0,2024-11-28,2025-01-11,1,0
P000941,2,1,50.0,16220.11,0,2025-10-18,2025-11-04,1,0
P000942,1,0,29.0,1318.64,0,2025-09-21,2025-09-21,0,0
P000943,1,1,63.0,12615.41,0,2024-12-06,2024-12-06,0,0
P000944,1,0,25.0,126.05,0,2025-09-26,2025-09-26,0,0
P000945,1,0,23.0,678.71,0,2024-03-04,2024-03-04,0,0
P000946,2,1,115.0,9844.45,0,2024-10-09,2024-12-01,1,0
P000947,1,0,62.0,624.07,0,2026-02-18,2026-02-18,0,0
P000948,2,0,42.5,1838.99,0,2025-01-15,2025-07-22,1,0
P000949,1,0,15.0,363.11,0,2024-11-23,2024-11-23,0,0
P000950,1,1,22.0,18661.45,0,2025-09-23,2025-09-23,0,0
P000951,2,1,44.0,10008.95,0,2024-07-16,2025-03-19,1,0
P000952,4,2,43.75,19479.83,0,2024-05-27,2025-05-24,1,1
P000953,3,1,71.0,11096.359999999999,0,2026-01-14,2026-09-10,1,0
P000954,2,1,48.5,11810.91,0,2025-05-13,2025-10-15,1,0
P000955,1,0,47.0,389.04,0,2026-08-29,2026-08-29,0,0
P000956,1,1,72.0,5481.39,0,2025-10-18,2025-10-18,0,0
P000957,1,0,28.0,569.81,0,2024-01-03,2024-01-03,0,0
P000958,1,1,42.0,12516.98,0,2025-10-17,2025-10-17,0,0
P000959,1,0,9.0,670.69,0,2025-04-11,2025-04-11,0,0
P000960,1,0,21.0,548.8,0,2026-04-07,2026-04-07,0,0
P000961,1,0,13.0,392.48,0,2025-04-26,2025-04-26,0,0
P000962,4,2,37.25,15507.41,0,2024-03-23,2024-09-25,1,1
P000963,3,3,45.333333333333336,20410.54,0,2026-07-27,2026-09-19,1,0
P000964,1,1,63.0,5504.52,0,2024-06-09,2024-06-09,0,0
P000965,1,1,32.0,5444.37,0,2024-12-16,2024-12-16,0,0
P000966,1,0,15.0,958.83,0,2024-02-14,2024-02-14,0,0
P000967,2,0,13.5,844.98,0,2025-10-28,2026-01-16,1,0
P000968,1,0,60.0,839.22,0,2026-01-12,2026-01-12,0,0
P000969,1,0,19.0,707.01,0,2025-03-15,2025-03-15,0,0
P000970,2,1,91.0,7258.84,0,2026-09-03,2026-09-29,1,0
P000971,1,1,39.0,5158.92,0,2024-08-09,2024-08-09,0,0
P000972,1,1,71.0,2116.99,0,2026-05-26,2026-05-26,0,0
P000973,1,0,40.0,580.34,0,2025-05-02,2025-05-02,0,0
P000974,2,1,30.0,12814.09,0,2024-07-21,2025-04-09,1,0
P000975,1,1,75.0,7075.62,0,2025-10-07,2025-10-07,0,0
P000976,2,0,40.5,1240.9699999999998,0,2026-04-13,2026-09-29,1,0
P000977,1,0,55.0,630.82,0,2025-01-08,2025-01-08,0,0
P000978,1,0,90.0,1282.11,0,2024-03-02,2024-03-02,0,0
P000979,2,0,18.5,2021.54,0,2024-02-15,2025-01-17,1,0
P000980,1,0,10.0,959.18,0,2024-09-30,2024-09-30,0,0
P000981,1,0,192.0,1569.06,0,2026-05-15,2026-05-15,0,0
P000982,1,0,31.0,348.13,0,2024-03-14,2024-03-14,0,0
P000983,1,1,77.0,5589.14,0,2024-11-07,2024-11-07,0,0
P000984,2,0,31.5,1146.73,0,2026-08-28,2026-09-19,1,0
P000985,1,1,95.0,7524.27,0,2026-03-03,2026-03-03,0,0
P000986,1,1,79.0,6993.37,0,2024-05-19,2024-05-19,0,0
P000987,2,0,21.0,802.05,0,2025-03-25,2026-05-03,1,0
P000988,1,0,19.0,871.65,0,2025-02-02,2025-02-02,0,0
P000989,4,1,66.5,10909.68,0,2024-09-04,2026-09-15,1,1
P000990,3,1,21.0,11993.01,0,2025-08-18,2026-08-05,1,0
P000991,1,0,22.0,543.44,0,2026-01-31,2026-01-31,0,0
P000992,1,0,31.0,248.12,0,2024-04-02,2024-04-02,0,0
P000993,5,1,58.6,22094.879999999997,0,2026-07-01,2026-09-24,1,1
P000994,1,0,60.0,938.73,0,2026-02-01,2026-02-01,0,0
P000995,3,0,55.666666666666664,3150.12,0,2025-02-20,2026-04-05,1,0
P000996,1,0,92.0,1292.18,0,2025-12-22,2025-12-22,0,0
P000997,2,1,31.0,10244.35,0,2026-08-09,2026-09-17,1,0
P000998,1,1,41.0,2906.25,0,2024-08-09,2024-08-09,0,0
P000999,3,2,36.0,12045.51,0,2024-06-02,2025-07-05,1,0
P001000,1,0,25.0,428.3,0,2025-01-27,2025-01-27,0,0
P001001,1,0,39.0,261.15,0,2025-11-03,2025-11-03,0,0
P001002,4,0,18.0,1840.6999999999998,0,2026-01-04,2026-09-21,1,1
P001003,2,1,60.0,11670.039999999999,0,2025-05-09,2026-04-24,1,0
P001004,1,1,60.0,5808.71,0,2024-09-08,2024-09-08,0,0
P001005,1,0,32.0,349.39,0,2024-01-07,2024-01-07,0,0
P001006,1,0,98.0,891.24,0,2025-03-10,2025-03-10,0,0
P001007,1,0,23.0,520.72,0,2024-05-26,2024-05-26,0,0
P001008,4,1,25.5,11775.81,0,2024-10-12,2025-07-31,1,1
P001009,1,0,29.0,525.2,0,2025-04-21,2025-04-21,0,0
P001010,1,0,12.0,459.3,0,2026-08-30,2026-08-30,0,0
P001011,1,0,25.0,456.2,0,2025-10-11,2025-10-11,0,0
P001012,1,0,91.0,1618.95,0,2025-05-26,2025-05-26,0,0
P001013,1,1,64.0,9341.69,0,2026-03-09,2026-03-09,0,0
P001014,1,1,64.0,4730.28,0,2026-01-03,2026-01-03,0,0
P001015,1,0,18.0,687.93,0,2026-03-19,2026-03-19,0,0
P001016,1,0,30.0,678.69,0,2024-12-20,2024-12-20,0,0
P001017,1,1,56.0,5923.49,0,2025-02-08,2025-02-08,0,0
P001018,1,0,62.0,1568.59,0,2024-08-22,2024-08-22,0,0
P001019,2,0,16.5,612.7,0,2024-02-22,2024-03-14,1,0
P001020,1,0,14.0,350.93,0,2024-01-16,2024-01-16,0,0
P001021,1,0,23.0,299.99,0,2026-04-16,2026-04-16,0,0
P001022,1,0,31.0,529.33,0,2025-02-28,2025-02-28,0,0
P001023,2,0,35.5,623.94,0,2025-11-11,2025-12-09,1,0
P001024,1,0,7.0,620.07,0,2025-02-23,2025-02-23,0,0
P001025,2,1,57.0,4263.6900000000005,0,2025-07-25,2025-12-21,1,0
P001026,1,0,48.0,647.63,0,2024-09-25,2024-09-25,0,0
P001027,2,1,36.5,4248.19,0,2026-09-19,2026-09-23,1,0
P001028,1,1,50.0,9170.23,0,2024-11-04,2024-11-04,0,0
P001029,3,0,36.0,870.38,0,2024-07-20,2025-11-16,1,0
P001030,1,0,14.0,612.45,0,2026-07-18,2026-07-18,0,0
P001031,1,0,24.0,849.29,0,2026-09-05,2026-09-05,0,0
P001032,4,0,41.5,1858.5900000000001,0,2026-09-20,2026-09-30,1,1
P001033,2,1,81.5,4638.63,0,2025-08-20,2025-11-07,1,0
P001034,1,0,67.0,639.93,0,2025-04-13,2025-04-13,0,0
P001035,2,1,45.5,18676.96,0,2024-10-25,2024-12-22,1,0
P001036,1,0,62.0,751.44,0,2026-01-01,2026-01-01,0,0
P001037,1,0,45.0,368.67,0,2024-12-22,2024-12-22,0,0
P001038,2,2,80.0,31906.660000000003,0,2025-12-23,2026-09-24,1,0
P001039,6,2,32.833333333333336,23496.16,0,2025-02-25,2025-12-30,1,1
P001040,2,0,29.0,1492.58,0,2025-02-02,2025-11-30,1,0
P001041,1,0,36.0,920.21,0,2026-01-11,2026-01-11,0,0
P001042,1,1,32.0,2371.02,0,2025-10-17,2025-10-17,0,0
P001043,1,1,82.0,5976.88,0,2026-09-22,2026-09-22,0,0
P001044,1,0,20.0,210.22,0,2026-07-22,2026-07-22,0,0
P001045,2,1,31.5,13759.64,0,2024-10-16,2025-11-04,1,0
P001046,1,0,18.0,206.65,0,2026-01-23,2026-01-23,0,0
P001047,1,0,14.0,213.11,0,2025-12-01,2025-12-01,0,0
P001048,4,1,21.0,9264.33,0,2025-01-24,2026-06-14,1,1
P001049,1,0,14.0,512.28,0,2025-05-20,2025-05-20,0,0
P001050,1,0,55.0,907.47,0,2025-09-13,2025-09-13,0,0
P001051,1,1,79.0,1210.97,0,2025-10-07,2025-10-07,0,0
P001052,1,0,31.0,488.46,0,2024-07-22,2024-07-22,0,0
P001053,1,1,47.0,1631.86,0,2025-12-22,2025-12-22,0,0
P001054,1,1,29.0,2146.02,0,2024-12-21,2024-12-21,0,0
P001055,1,1,29.0,10068.21,0,2026-08-05,2026-08-05,0,0
P001056,1,0,78.0,1169.11,0,2025-10-10,2025-10-10,0,0
P001057,1,0,30.0,561.7,0,2026-04-26,2026-04-26,0,0
P001058,4,0,46.75,2199.3199999999997,0,2025-09-13,2026-09-27,1,1
P001059,1,0,27.0,183.29,0,2025-06-18,2025-06-18,0,0
P001060,1,1,48.0,10413.18,0,2024-03-30,2024-03-30,0,0
P001061,2,1,109.0,21539.06,0,2024-08-09,2025-03-12,1,0
P001062,3,1,29.0,3997.27,0,2025-03-28,2026-03-12,1,0
P001063,3,2,81.66666666666667,13929.58,0,2025-04-27,2026-07-06,1,0
P001064,1,1,40.0,1078.92,0,2025-05-15,2025-05-15,0,0
P001065,1,1,36.0,5535.07,0,2026-08-08,2026-08-08,0,0
P001066,2,0,42.0,944.28,0,2026-01-28,2026-04-19,1,0
P001067,5,1,31.2,15893.349999999999,1,2025-06-01,2026-09-21,1,1
P001068,1,0,61.0,467.94,0,2024-01-07,2024-01-07,0,0
P001069,1,1,127.0,16812.28,0,2024-05-17,2024-05-17,0,0
P001070,2,0,92.0,1795.6299999999999,0,2026-05-31,2026-07-12,1,0
P001071,2,0,47.5,1927.67,0,2025-11-16,2025-12-08,1,0
P001072,1,0,222.0,628.47,0,2026-08-28,2026-08-28,0,0
P001073,1,1,23.0,2487.63,0,2025-01-17,2025-01-17,0,0
P001074,3,1,43.0,17781.500000000004,0,2026-07-30,2026-09-26,1,0
P001075,1,1,162.0,1554.38,0,2025-10-05,2025-10-05,0,0
P001076,2,1,38.5,8919.34,0,2026-09-17,2026-09-27,1,0
P001077,1,1,157.0,8636.67,0,2026-02-10,2026-02-10,0,0
P001078,2,1,21.5,11615.28,0,2025-06-04,2025-11-13,1,0
P001079,1,0,27.0,560.44,0,2025-05-19,2025-05-19,0,0
P001080,3,1,49.0,16165.35,0,2026-02-01,2026-09-24,1,0
P001081,3,3,64.33333333333333,31604.670000000002,0,2025-01-17,2026-09-22,1,0
P001082,1,0,32.0,456.99,0,2026-08-05,2026-08-05,0,0
P001083,1,1,59.0,15680.2,0,2026-04-25,2026-04-25,0,0
P001084,3,0,54.666666666666664,4892.21,0,2024-03-20,2024-09-15,1,0
P001085,2,0,61.0,946.6800000000001,0,2024-03-06,2025-01-04,1,0
P001086,3,2,46.333333333333336,26315.550000000003,1,2024-02-27,2024-06-08,1,0
P001087,2,0,88.5,2267.87,0,2026-05-22,2026-09-12,1,0
P001088,2,2,111.0,18369.67,0,2025-07-21,2026-02-12,1,0
P001089,1,1,17.0,30353.6,0,2026-08-21,2026-08-21,0,0
P001090,1,0,58.0,143.87,0,2024-03-31,2024-03-31,0,0
P001091,2,0,48.5,1071.86,0,2026-02-08,2026-03-11,1,0
P001092,1,1,77.0,6832.09,0,2024-09-18,2024-09-18,0,0
P001093,4,1,21.0,6618.66,0,2025-10-21,2026-05-15,1,1
P001094,1,0,35.0,664.83,0,2024-07-20,2024-07-20,0,0
P001095,1,0,47.0,405.32,0,2026-07-22,2026-07-22,0,0
P001096,1,1,128.0,7695.38,0,2025-04-05,2025-04-05,0,0
P001097,1,0,45.0,209.28,0,2024-02-06,2024-02-06,0,0
P001098,1,1,83.0,7050.95,0,2025-01-12,2025-01-12,0,0
P001099,1,0,9.0,281.65,0,2026-05-19,2026-05-19,0,0
P001100,1,0,99.0,2090.77,0,2025-06-03,2025-06-03,0,0
P001101,1,0,27.0,319.43,0,2025-11-04,2025-11-04,0,0
P001102,1,1,81.0,2793.26,0,2026-03-16,2026-03-16,0,0
P001103,1,0,29.0,195.68,0,2025-08-12,2025-08-12,0,0
P001104,6,1,42.666666666666664,8205.01,0,2024-05-20,2026-07-20,1,1
P001105,1,0,89.0,951.67,0,2024-04-05,2024-04-05,0,0
P001106,1,0,31.0,450.24,0,2025-12-03,2025-12-03,0,0
P001107,2,2,55.0,21987.75,0,2025-01-20,2025-05-01,1,0
P001108,1,0,32.0,543.87,0,2024-05-22,2024-05-22,0,0
P001109,1,0,17.0,117.5,0,2026-04-19,2026-04-19,0,0
P001110,3,1,52.333333333333336,12405.199999999999,0,2024-05-17,2024-11-08,1,0
P001111,2,2,69.5,18143.28,0,2025-03-26,2026-03-28,1,0
P001112,1,0,74.0,294.6,0,2025-03-08,2025-03-08,0,0
P001113,1,0,35.0,1118.24,0,2026-05-17,2026-05-17,0,0
P001114,1,0,148.0,1025.77,0,2024-11-16,2024-11-16,0,0
P001115,1,0,51.0,1976.89,0,2025-02-03,2025-02-03,0,0
P001116,1,0,28.0,384.12,0,2025-05-25,2025-05-25,0,0
P001117,2,1,47.5,4616.77,0,2024-02-11,2024-05-08,1,0
P001118,2,0,52.5,1995.7800000000002,0,2025-03-14,2026-01-02,1,0
P001119,1,0,87.0,1493.46,0,2024-01-19,2024-01-19,0,0
P001120,1,0,109.0,667.06,0,2026-06-06,2026-06-06,0,0
P001121,1,1,46.0,7535.23,0,2024-10-20,2024-10-20,0,0
P001122,4,0,29.5,2648.21,0,2026-03-15,2026-09-26,1,1
P001123,2,0,107.5,2843.5,0,2026-09-16,2026-09-20,1,0
P001124,1,0,37.0,546.93,0,2024-07-10,2024-07-10,0,0
P001125,1,0,25.0,769.63,0,2024-03-27,2024-03-27,0,0
P001126,1,1,172.0,9809.8,0,2025-12-20,2025-12-20,0,0
P001127,2,0,42.0,1183.4,0,2024-05-08,2025-05-07,1,0
P001128,1,0,178.0,736.98,0,2026-07-19,2026-07-19,0,0
P001129,1,0,50.0,1375.57,0,2024-01-16,2024-01-16,0,0
P001130,2,0,27.5,974.85,0,2026-06-26,2026-09-15,1,0
P001131,1,1,47.0,22211.27,0,2026-07-15,2026-07-15,0,0
P001132,2,0,65.0,1626.97,0,2025-05-06,2025-12-21,1,0
P001133,1,1,61.0,1345.74,0,2025-03-21,2025-03-21,0,0
P001134,1,1,57.0,1732.2,0,2025-10-30,2025-10-30,0,0
P001135,2,1,29.0,1748.54,0,2024-07-12,2025-08-31,1,0
P001136,2,1,48.5,10469.34,0,2026-07-31,2026-08-16,1,0
P001137,1,1,77.0,3913.86,0,2024-04-04,2024-04-04,0,0
P001138,1,0,15.0,538.76,0,2025-08-16,2025-08-16,0,0
P001139,1,0,22.0,357.61,0,2025-12-05,2025-12-05,0,0
P001140,2,1,42.5,3230.04,0,2024-09-16,2025-05-04,1,0
P001141,1,0,26.0,92.96,0,2026-09-30,2026-09-30,0,0
P001142,1,0,27.0,408.52,0,2026-09-15,2026-09-15,0,0
P001143,1,1,66.0,17552.93,0,2025-05-25,2025-05-25,0,0
P001144,2,1,45.0,7526.08,0,2025-12-11,2026-06-30,1,0
P001145,4,1,44.5,36528.92,0,2024-01-06,2026-09-23,1,1
P001146,1,0,137.0,1210.04,0,2026-06-14,2026-06-14,0,0
P001147,1,0,22.0,446.31,0,2026-09-22,2026-09-22,0,0
P001148,2,1,36.0,9791.19,1,2026-01-31,2026-02-13,1,0
P001149,1,1,79.0,6555.89,0,2025-10-31,2025-10-31,0,0
P001150,5,1,62.6,11122.57,0,2025-05-20,2026-09-30,1,1
P001151,1,1,83.0,10265.92,0,2024-02-25,2024-02-25,0,0
P001152,1,0,75.0,740.69,0,2024-12-23,2024-12-23,0,0
P001153,3,2,58.333333333333336,24723.43,0,2026-03-15,2026-09-16,1,0
P001154,2,0,19.5,1323.36,0,2025-06-16,2026-08-05,1,0
P001155,1,0,23.0,498.42,0,2024-11-18,2024-11-18,0,0
P001156,2,0,30.0,2231.8,0,2026-07-07,2026-09-14,1,0
P001157,1,0,81.0,842.37,0,2026-08-20,2026-08-20,0,0
P001158,3,1,72.33333333333333,21368.59,0,2024-04-09,2024-12-17,1,0
P001159,1,1,59.0,14968.75,0,2024-08-06,2024-08-06,0,0
P001160,1,1,128.0,13857.36,0,2025-12-22,2025-12-22,0,0
P001161,1,0,17.0,257.71,0,2024-12-17,2024-12-17,0,0
P001162,2,0,20.5,2302.0,0,2025-09-23,2025-10-23,1,0
P001163,1,1,67.0,3625.74,0,2026-02-06,2026-02-06,0,0
P001164,2,1,109.0,3368.2999999999997,0,2024-05-22,2024-09-20,1,0
P001165,1,0,30.0,514.93,0,2024-10-03,2024-10-03,0,0
P001166,1,0,34.0,494.82,0,2026-03-12,2026-03-12,0,0
P001167,1,1,80.0,6628.14,0,2025-11-18,2025-11-18,0,0
P001168,1,0,28.0,742.56,0,2026-01-20,2026-01-20,0,0
P001169,2,0,59.0,2104.28,0,2024-10-19,2025-09-07,1,0
P001170,1,0,210.0,440.73,0,2024-04-07,2024-04-07,0,0
P001171,1,0,39.0,290.97,0,2024-02-03,2024-02-03,0,0
P001172,1,0,19.0,302.4,0,2025-01-30,2025-01-30,0,0
P001173,2,2,50.5,28443.83,0,2025-12-02,2026-07-15,1,0
P001174,1,0,85.0,720.96,0,2025-10-22,2025-10-22,0,0
P001175,4,2,49.5,13223.61,0,2025-07-28,2026-05-04,1,1
P001176,3,0,64.33333333333333,2871.29,0,2024-04-22,2025-09-24,1,0
P001177,1,1,38.0,8798.47,0,2025-05-29,2025-05-29,0,0
P001178,3,2,49.0,23910.280000000002,1,2026-07-09,2026-08-21,1,0
P001179,1,0,42.0,349.28,0,2024-11-18,2024-11-18,0,0
P001180,1,0,34.0,336.33,0,2026-07-04,2026-07-04,0,0
P001181,1,1,58.0,20264.21,0,2025-07-31,2025-07-31,0,0
P001182,1,1,48.0,10738.07,0,2024-09-28,2024-09-28,0,0
P001183,1,1,151.0,4166.05,0,2025-08-16,2025-08-16,0,0
P001184,1,0,104.0,698.82,0,2024-03-07,2024-03-07,0,0
P001185,1,0,27.0,207.03,0,2026-06-18,2026-06-18,0,0
P001186,6,2,59.833333333333336,10775.96,0,2026-04-15,2026-09-24,1,1
P001187,1,0,40.0,1908.93,0,2024-02-15,2024-02-15,0,0
P001188,2,1,53.5,11672.0,0,2026-01-16,2026-01-23,1,0
P001189,1,0,35.0,356.28,0,2025-08-04,2025-08-04,0,0
P001190,2,0,222.5,2025.37,0,2024-12-23,2025-02-23,1,0
P001191,4,1,29.25,7956.32,0,2025-06-11,2026-09-16,1,1
P001192,2,0,28.5,867.63,0,2024-06-22,2025-04-10,1,0
P001193,1,0,25.0,533.97,0,2024-05-26,2024-05-26,0,0
P001194,1,0,94.0,497.08,0,2024-07-07,2024-07-07,0,0
P001195,1,1,57.0,5051.49,0,2024-07-29,2024-07-29,0,0
P001196,2,1,87.0,8758.61,0,2025-09-14,2025-11-10,1,0
P001197,2,0,63.5,1345.1,0,2024-07-01,2024-07-19,1,0
P001198,1,0,41.0,716.27,0,2024-12-07,2024-12-07,0,0
P001199,1,1,39.0,1476.62,0,2026-07-14,2026-07-14,0,0
P001200,1,0,25.0,336.98,0,2024-07-02,2024-07-02,0,0
P001201,3,1,45.333333333333336,10100.82,0,2024-08-06,2025-05-31,1,0
P001202,1,0,23.0,442.78,0,2026-08-11,2026-08-11,0,0
P001203,3,2,67.33333333333333,6829.91,0,2025-06-01,2026-05-03,1,0
P001204,1,1,34.0,1119.53,0,2024-02-27,2024-02-27,0,0
P001205,1,0,47.0,1446.11,0,2024-04-04,2024-04-04,0,0
P001206,1,1,47.0,960.06,0,2024-06-06,2024-06-06,0,0
P001207,1,1,124.0,1963.42,0,2024-03-05,2024-03-05,0,0
P001208,2,0,17.5,700.99,0,2024-11-04,2024-12-04,1,0
P001209,1,0,210.0,844.11,0,2026-02-22,2026-02-22,0,0
P001210,1,0,10.0,347.57,0,2024-02-10,2024-02-10,0,0
P001211,1,0,53.0,378.16,0,2024-01-08,2024-01-08,0,0
P001212,3,3,37.333333333333336,19001.26,0,2025-09-26,2026-09-19,1,0
P001213,2,0,35.5,776.1500000000001,0,2025-08-21,2026-05-19,1,0
P001214,2,0,60.0,2053.33,0,2024-03-05,2024-07-21,1,0
P001215,2,1,62.0,5371.45,0,2026-02-02,2026-09-14,1,0
P001216,1,0,22.0,299.47,0,2025-01-28,2025-01-28,0,0
P001217,1,0,61.0,989.71,0,2025-06-12,2025-06-12,0,0
P001218,2,0,21.5,649.5,0,2025-05-21,2025-12-10,1,0
P001219,1,1,55.0,11199.31,0,2025-07-02,2025-07-02,0,0
P001220,2,2,56.5,10208.77,0,2026-06-29,2026-09-17,1,0
P001221,1,0,21.0,642.4,0,2024-06-30,2024-06-30,0,0
P001222,1,0,49.0,824.13,0,2024-01-07,2024-01-07,0,0
P001223,1,1,117.0,16153.94,0,2025-05-07,2025-05-07,0,0
P001224,6,2,57.333333333333336,9599.97,1,2024-10-24,2026-09-25,1,1
P001225,1,0,44.0,509.83,0,2025-06-12,2025-06-12,0,0
P001226,1,0,31.0,968.86,0,2025-02-12,2025-02-12,0,0
P001227,2,0,22.0,1940.56,0,2026-05-10,2026-05-24,1,0
P001228,1,0,43.0,777.61,0,2026-05-28,2026-05-28,0,0
P001229,3,0,31.666666666666668,851.88,0,2025-06-07,2026-04-01,1,0
P001230,1,1,35.0,7025.98,0,2025-02-16,2025-02-16,0,0
P001231,1,0,30.0,507.9,0,2026-05-15,2026-05-15,0,0
P001232,1,0,66.0,834.15,0,2026-09-18,2026-09-18,0,0
P001233,2,1,40.0,2198.0,0,2026-08-25,2026-09-29,1,0
P001234,1,0,19.0,835.63,0,2024-06-24,2024-06-24,0,0
P001235,1,0,43.0,1167.6,0,2026-09-12,2026-09-12,0,0
P001236,2,1,32.5,12664.84,0,2025-09-13,2026-08-11,1,0
P001237,2,0,27.0,1486.02,0,2024-05-27,2024-08-02,1,0
P001238,1,1,42.0,4151.16,0,2026-02-01,2026-02-01,0,0
P001239,2,1,58.0,10399.84,0,2024-07-12,2024-10-09,1,0
P001240,1,1,64.0,17862.02,0,2026-05-29,2026-05-29,0,0
P001241,1,0,90.0,1108.71,0,2026-02-23,2026-02-23,0,0
P001242,1,0,47.0,259.72,0,2024-10-17,2024-10-17,0,0
P001243,1,1,63.0,5300.2,0,2026-01-03,2026-01-03,0,0
P001244,4,0,23.75,1942.57,0,2025-12-21,2026-09-24,1,1
P001245,1,0,153.0,1461.25,0,2024-07-30,2024-07-30,0,0
P001246,1,1,149.0,13004.38,0,2025-05-19,2025-05-19,0,0
P001247,1,0,89.0,1473.33,0,2024-05-11,2024-05-11,0,0
P001248,2,1,67.0,5460.16,0,2024-06-21,2024-08-23,1,0
P001249,1,0,48.0,175.42,0,2026-07-26,2026-07-26,0,0
P001250,1,0,57.0,243.67,0,2026-01-17,2026-01-17,0,0
P001251,1,0,50.0,591.85,0,2025-01-05,2025-01-05,0,0
P001252,1,0,45.0,461.61,0,2025-12-01,2025-12-01,0,0
P001253,1,0,29.0,399.64,0,2026-07-08,2026-07-08,0,0
P001254,1,0,131.0,2548.87,0,2026-04-29,2026-04-29,0,0
P001255,1,0,65.0,762.56,0,2024-03-18,2024-03-18,0,0
P001256,1,1,30.0,2283.22,0,2024-03-01,2024-03-01,0,0
P001257,1,0,13.0,398.03,0,2026-08-18,2026-08-18,0,0
P001258,3,1,54.0,9339.550000000001,0,2024-07-01,2025-02-15,1,0
P001259,2,1,125.5,12326.48,0,2025-04-21,2025-06-23,1,0
P001260,1,0,163.0,1284.1,0,2025-06-30,2025-06-30,0,0
P001261,1,0,37.0,395.72,0,2025-02-04,2025-02-04,0,0
P001262,1,0,18.0,332.6,0,2024-10-08,2024-10-08,0,0
P001263,1,1,56.0,8012.65,0,2024-05-05,2024-05-05,0,0
P001264,3,2,42.0,13227.14,0,2026-07-11,2026-09-16,1,0
P001265,1,0,22.0,318.08,0,2024-06-04,2024-06-04,0,0
P001266,2,1,42.0,11755.87,0,2025-08-11,2026-06-27,1,0
P001267,1,0,14.0,232.93,0,2025-01-12,2025-01-12,0,0
P001268,2,2,125.5,10938.33,0,2024-12-13,2025-04-23,1,0
P001269,1,0,22.0,183.9,0,2024-05-15,2024-05-15,0,0
P001270,1,0,36.0,126.67,0,2024-04-22,2024-04-22,0,0
P001271,1,0,59.0,353.83,0,2025-09-06,2025-09-06,0,0
P001272,1,0,26.0,300.18,0,2025-01-15,2025-01-15,0,0
P001273,5,4,68.4,21973.22,0,2024-06-27,2025-12-15,1,1
P001274,1,0,51.0,1115.34,0,2025-02-03,2025-02-03,0,0
P001275,1,0,44.0,893.54,0,2024-09-09,2024-09-09,0,0
P001276,1,0,22.0,382.92,0,2026-01-26,2026-01-26,0,0
P001277,2,1,20.0,1832.95,0,2025-04-05,2025-11-18,1,0
P001278,1,1,74.0,1992.24,0,2025-04-21,2025-04-21,0,0
P001279,1,0,40.0,1310.84,0,2025-03-29,2025-03-29,0,0
P001280,1,0,29.0,566.69,0,2025-03-02,2025-03-02,0,0
P001281,1,0,24.0,396.23,0,2024-05-22,2024-05-22,0,0
P001282,1,1,44.0,1831.81,0,2025-10-20,2025-10-20,0,0
P001283,1,0,16.0,396.65,0,2025-08-15,2025-08-15,0,0
P001284,2,1,48.0,971.1200000000001,0,2025-03-05,2025-10-08,1,0
P001285,2,0,28.0,1047.48,0,2026-03-02,2026-09-23,1,0
P001286,1,0,47.0,1724.73,0,2024-10-04,2024-10-04,0,0
P001287,1,0,59.0,652.5,0,2026-02-07,2026-02-07,0,0
P001288,1,0,71.0,1756.32,0,2025-11-23,2025-11-23,0,0
P001289,1,0,23.0,541.46,0,2026-02-09,2026-02-09,0,0
P001290,1,0,13.0,1325.95,0,2025-02-04,2025-02-04,0,0
P001291,1,0,45.0,402.02,0,2025-12-23,2025-12-23,0,0
P001292,1,0,167.0,432.57,0,2024-08-09,2024-08-09,0,0
P001293,5,1,70.2,14414.5,0,2024-01-18,2025-10-22,1,1
P001294,1,1,20.0,9272.35,0,2025-01-20,2025-01-20,0,0
P001295,2,1,81.0,12325.83,0,2025-10-11,2026-01-07,1,0
P001296,1,1,52.0,13466.44,0,2025-07-30,2025-07-30,0,0
P001297,5,0,30.4,2948.91,0,2025-05-13,2026-09-24,1,1
P001298,2,0,16.0,402.14,0,2025-04-16,2025-12-12,1,0
P001299,1,0,32.0,1733.42,0,2025-02-10,2025-02-10,0,0
P001300,1,1,43.0,22575.24,0,2024-01-01,2024-01-01,0,0
P001301,1,1,131.0,3635.12,0,2025-09-19,2025-09-19,0,0
P001302,1,1,34.0,10845.85,0,2025-09-05,2025-09-05,0,0
P001303,2,1,64.0,9145.189999999999,0,2025-10-01,2026-03-08,1,0
P001304,1,1,45.0,19750.78,0,2025-10-04,2025-10-04,0,0
P001305,1,1,105.0,2209.88,0,2026-07-01,2026-07-01,0,0
P001306,2,1,25.0,20352.09,0,2025-02-26,2025-04-10,1,0
P001307,3,1,80.33333333333333,21204.8,0,2026-02-24,2026-09-14,1,0
P001308,1,0,25.0,410.97,0,2024-07-23,2024-07-23,0,0
P001309,1,0,12.0,190.75,0,2024-05-15,2024-05-15,0,0
P001310,1,1,103.0,5110.51,0,2026-03-03,2026-03-03,0,0
P001311,1,1,51.0,3903.42,0,2025-10-21,2025-10-21,0,0
P001312,2,2,88.0,13176.99,0,2025-10-10,2026-08-13,1,0
P001313,2,1,46.0,2866.92,0,2024-01-07,2024-10-28,1,0
P001314,2,1,56.0,18942.649999999998,0,2025-04-17,2026-02-01,1,0
P001315,1,0,16.0,565.36,0,2024-03-23,2024-03-23,0,0
P001316,2,0,57.5,1769.02,0,2026-04-27,2026-09-12,1,0
P001317,1,0,93.0,894.56,0,2024-01-29,2024-01-29,0,0
P001318,2,0,38.5,1635.46,0,2024-01-04,2025-02-14,1,0
P001319,1,0,27.0,221.6,0,2026-07-30,2026-07-30,0,0
P001320,2,1,35.0,10252.300000000001,0,2026-01-10,2026-03-06,1,0
P001321,1,0,38.0,1159.77,0,2026-02-04,2026-02-04,0,0
P001322,5,2,39.0,20110.89,0,2024-02-04,2026-06-24,1,1
P001323,1,0,17.0,669.44,0,2025-10-18,2025-10-18,0,0
P001324,2,1,52.5,11380.79,0,2024-10-06,2024-10-18,1,0
P001325,1,0,41.0,179.46,0,2024-12-11,2024-12-11,0,0
P001326,2,0,28.0,1733.27,0,2024-04-26,2025-02-19,1,0
P001327,1,1,92.0,7400.7,0,2025-07-27,2025-07-27,0,0
P001328,1,0,23.0,116.4,0,2024-02-23,2024-02-23,0,0
P001329,2,1,76.5,24304.640000000003,0,2024-03-07,2024-11-06,1,0
P001330,1,0,15.0,246.39,0,2025-01-24,2025-01-24,0,0
P001331,1,0,24.0,399.99,0,2025-02-22,2025-02-22,0,0
P001332,1,0,18.0,554.45,0,2026-02-17,2026-02-17,0,0
P001333,3,2,34.0,16574.14,0,2024-01-01,2025-08-17,1,0
P001334,2,1,43.0,3630.53,1,2026-02-10,2026-02-23,1,0
P001335,1,0,77.0,684.68,0,2024-07-08,2024-07-08,0,0
P001336,1,0,32.0,569.24,0,2024-12-04,2024-12-04,0,0
P001337,1,0,17.0,380.09,0,2025-11-25,2025-11-25,0,0
P001338,1,1,61.0,6653.53,0,2025-10-11,2025-10-11,0,0
P001339,1,1,83.0,17480.26,0,2026-04-13,2026-04-13,0,0
P001340,2,0,21.0,1211.4299999999998,0,2024-03-12,2025-05-04,1,0
P001341,1,0,35.0,198.63,0,2026-03-07,2026-03-07,0,0
P001342,1,0,15.0,362.23,0,2026-03-22,2026-03-22,0,0
P001343,1,0,21.0,223.54,0,2025-04-18,2025-04-18,0,0
P001344,1,1,143.0,8248.5,0,2025-03-31,2025-03-31,0,0
P001345,1,0,26.0,561.04,0,2026-08-18,2026-08-18,0,0
P001346,2,0,30.5,1631.9699999999998,0,2026-01-24,2026-09-01,1,0
P001347,4,2,41.25,35423.13,0,2025-04-12,2026-09-01,1,1
P001348,2,1,76.5,5119.19,0,2024-12-20,2025-06-02,1,0
P001349,2,1,47.5,35600.270000000004,0,2024-12-24,2025-09-14,1,0
P001350,2,0,44.5,766.62,0,2026-07-22,2026-09-21,1,0
P001351,5,3,41.6,22101.09,0,2024-06-15,2026-09-19,1,1
P001352,1,0,21.0,667.64,0,2026-07-06,2026-07-06,0,0
P001353,1,1,35.0,10409.59,0,2025-09-15,2025-09-15,0,0
P001354,1,0,67.0,1339.09,0,2025-05-16,2025-05-16,0,0
P001355,1,0,145.0,445.39,0,2024-09-08,2024-09-08,0,0
P001356,1,1,70.0,7953.68,0,2026-01-17,2026-01-17,0,0
P001357,1,1,73.0,14263.94,0,2026-02-27,2026-02-27,0,0
P001358,1,0,46.0,396.95,0,2025-04-20,2025-04-20,0,0
P001359,1,0,93.0,841.9,0,2025-01-14,2025-01-14,0,0
P001360,1,0,50.0,1421.54,0,2024-09-12,2024-09-12,0,0
P001361,2,0,44.0,1926.57,0,2025-10-21,2025-12-16,1,0
P001362,1,0,27.0,682.13,0,2025-05-13,2025-05-13,0,0
P001363,1,0,24.0,515.77,0,2026-02-16,2026-02-16,0,0
P001364,1,1,22.0,1823.16,0,2024-03-22,2024-03-22,0,0
P001365,1,0,17.0,471.06,0,2026-09-24,2026-09-24,0,0
P001366,1,1,37.0,6408.87,0,2024-07-04,2024-07-04,0,0
P001367,1,0,42.0,394.87,0,2026-09-08,2026-09-08,0,0
P001368,3,0,42.666666666666664,2135.76,0,2026-08-16,2026-09-18,1,0
P001369,2,2,88.5,12424.76,0,2024-08-27,2024-10-05,1,0
P001370,1,0,46.0,519.34,0,2025-05-07,2025-05-07,0,0
P001371,4,2,41.75,40313.420000000006,0,2025-01-25,2026-09-30,1,1
P001372,2,0,61.5,697.4300000000001,0,2026-03-01,2026-03-28,1,0
P001373,6,1,40.333333333333336,17391.81,0,2024-10-07,2026-03-05,1,1
P001374,1,1,46.0,1044.5,0,2025-10-08,2025-10-08,0,0
P001375,1,0,24.0,876.23,0,2024-06-24,2024-06-24,0,0
P001376,1,0,28.0,418.92,0,2025-07-07,2025-07-07,0,0
P001377,1,0,150.0,1106.1,0,2025-01-28,2025-01-28,0,0
P001378,2,0,97.5,1083.23,0,2025-02-21,2025-12-20,1,0
P001379,2,1,65.0,9295.31,0,2025-11-12,2026-01-03,1,0
P001380,2,1,104.0,8878.0,0,2026-02-16,2026-08-22,1,0
P001381,2,1,43.5,4519.45,0,2026-07-10,2026-09-25,1,0
P001382,1,0,87.0,352.9,0,2024-05-29,2024-05-29,0,0
P001383,2,0,21.0,774.25,0,2024-08-22,2025-08-30,1,0
P001384,1,1,37.0,9434.73,0,2025-05-08,2025-05-08,0,0
P001385,3,1,53.666666666666664,13309.289999999999,0,2024-02-13,2025-07-03,1,0
P001386,2,0,62.5,1296.1100000000001,0,2026-01-07,2026-07-22,1,0
P001387,1,0,46.0,1580.45,0,2025-09-26,2025-09-26,0,0
P001388,1,1,53.0,16378.81,0,2026-01-01,2026-01-01,0,0
P001389,1,1,55.0,8799.67,0,2026-07-11,2026-07-11,0,0
P001390,2,2,47.5,10653.3,0,2025-12-05,2026-05-02,1,0
P001391,2,0,19.5,1022.24,0,2025-08-25,2026-04-17,1,0
P001392,1,0,19.0,347.4,0,2025-03-27,2025-03-27,0,0
P001393,5,1,35.4,4534.36,0,2025-12-11,2026-09-23,1,1
P001394,1,0,30.0,429.55,0,2025-08-30,2025-08-30,0,0
P001395,4,0,42.75,2124.13,0,2026-07-19,2026-09-30,1,1
P001396,3,1,61.333333333333336,2488.05,0,2024-05-15,2025-10-28,1,0
P001397,2,0,45.5,804.18,0,2025-11-29,2026-09-16,1,0
P001398,3,2,49.333333333333336,12584.960000000001,0,2026-09-11,2026-09-26,1,0
P001399,1,1,48.0,1959.58,0,2025-03-07,2025-03-07,0,0
P001400,2,1,45.5,17928.449999999997,1,2026-08-31,2026-09-20,1,0
P001401,1,0,61.0,1241.83,0,2026-02-05,2026-02-05,0,0
P001402,1,0,18.0,381.74,0,2026-08-02,2026-08-02,0,0
P001403,4,2,43.5,28564.760000000002,0,2025-02-19,2026-09-04,1,1
P001404,2,1,61.5,23272.0,0,2026-05-15,2026-09-20,1,0
P001405,2,0,20.0,560.79,0,2024-08-06,2024-12-24,1,0
P001406,3,2,56.666666666666664,34078.19,0,2026-03-09,2026-09-29,1,0
P001407,1,1,56.0,10850.58,0,2025-01-22,2025-01-22,0,0
P001408,1,0,13.0,247.67,0,2025-06-18,2025-06-18,0,0
P001409,1,0,40.0,747.53,0,2026-04-29,2026-04-29,0,0
P001410,2,1,49.5,7187.11,0,2024-09-23,2025-09-27,1,0
P001411,1,0,76.0,524.81,0,2026-08-30,2026-08-30,0,0
P001412,1,1,46.0,4849.61,0,2024-06-19,2024-06-19,0,0
P001413,1,0,37.0,1053.03,0,2024-12-26,2024-12-26,0,0
P001414,1,0,10.0,259.02,0,2026-03-27,2026-03-27,0,0
P001415,1,0,213.0,1117.06,0,2026-04-29,2026-04-29,0,0
P001416,5,1,46.2,7407.78,0,2024-01-25,2026-08-29,1,1
P001417,1,1,60.0,7947.52,0,2024-04-04,2024-04-04,0,0
P001418,1,0,46.0,1126.95,0,2025-01-08,2025-01-08,0,0
P001419,1,0,25.0,534.8,0,2024-09-29,2024-09-29,0,0
P001420,1,0,25.0,263.84,0,2025-10-05,2025-10-05,0,0
P001421,2,2,95.5,14841.78,0,2026-01-28,2026-09-17,1,0
P001422,1,0,105.0,1352.19,0,2025-11-29,2025-11-29,0,0
P001423,1,0,28.0,321.44,0,2026-01-14,2026-01-14,0,0
P001424,1,0,18.0,370.85,0,2025-07-22,2025-07-22,0,0
P001425,3,1,45.666666666666664,20821.36,0,2025-07-31,2026-09-30,1,0
P001426,1,0,28.0,966.31,0,2025-04-06,2025-04-06,0,0
P001427,1,0,40.0,231.93,0,2025-11-23,2025-11-23,0,0
P001428,1,1,64.0,1618.73,0,2025-01-14,2025-01-14,0,0
P001429,1,0,53.0,580.48,0,2026-08-16,2026-08-16,0,0
P001430,2,2,84.5,17173.27,0,2025-02-27,2025-03-20,1,0
P001431,3,1,126.66666666666667,2866.09,0,2024-10-18,2025-02-09,1,0
P001432,3,1,41.0,17079.43,0,2024-06-20,2024-07-29,1,0
P001433,1,1,25.0,4387.97,0,2025-09-08,2025-09-08,0,0
P001434,1,1,27.0,7542.04,0,2024-11-25,2024-11-25,0,0
P001435,1,1,44.0,10497.56,0,2026-03-22,2026-03-22,0,0
P001436,1,1,43.0,927.73,0,2024-10-15,2024-10-15,0,0
P001437,1,1,61.0,8289.97,0,2026-01-25,2026-01-25,0,0
P001438,2,1,78.5,3310.2799999999997,0,2025-04-24,2025-06-21,1,0
P001439,1,0,24.0,273.0,0,2024-04-28,2024-04-28,0,0
P001440,1,0,17.0,1941.71,0,2024-10-28,2024-10-28,0,0
P001441,1,1,99.0,5988.84,0,2024-05-20,2024-05-20,0,0
P001442,1,1,44.0,1765.5,0,2024-09-25,2024-09-25,0,0
P001443,1,1,32.0,7076.89,0,2025-09-12,2025-09-12,0,0
P001444,1,1,75.0,6400.89,0,2025-10-01,2025-10-01,0,0
P001445,1,1,43.0,9772.01,0,2025-11-27,2025-11-27,0,0
P001446,1,1,64.0,3521.72,0,2025-11-13,2025-11-13,0,0
P001447,1,0,25.0,366.79,0,2026-08-13,2026-08-13,0,0
P001448,2,0,48.5,1742.5,0,2025-04-20,2025-06-09,1,0
P001449,1,0,25.0,654.27,0,2024-08-10,2024-08-10,0,0
P001450,2,0,137.0,5045.47,0,2025-04-24,2026-04-18,1,0
P001451,1,0,13.0,365.43,0,2024-06-18,2024-06-18,0,0
P001452,1,0,19.0,468.67,0,2025-04-23,2025-04-23,0,0
P001453,1,0,16.0,521.7,0,2026-08-05,2026-08-05,0,0
P001454,2,0,44.0,1972.13,0,2026-04-18,2026-07-15,1,0
P001455,2,0,39.0,1587.03,0,2026-03-11,2026-04-21,1,0
P001456,2,0,39.5,1381.92,0,2024-12-17,2025-04-23,1,0
P001457,2,2,80.5,20826.79,0,2025-12-15,2026-07-15,1,0
P001458,3,1,37.0,4390.0,0,2026-09-21,2026-09-28,1,0
P001459,1,0,54.0,783.15,0,2025-07-11,2025-07-11,0,0
P001460,2,1,77.5,15080.09,0,2026-07-06,2026-09-11,1,0
P001461,2,1,52.5,11169.74,0,2026-09-03,2026-09-17,1,0
P001462,3,0,22.0,2685.9700000000003,0,2025-07-10,2026-09-20,1,0
P001463,3,2,71.66666666666667,14113.66,0,2024-03-12,2025-03-26,1,0
P001464,2,1,52.5,5719.09,0,2024-12-27,2025-09-02,1,0
P001465,1,1,54.0,12107.09,0,2025-05-27,2025-05-27,0,0
P001466,1,0,13.0,285.75,0,2024-08-16,2024-08-16,0,0
P001467,1,0,43.0,624.24,0,2024-12-01,2024-12-01,0,0
P001468,5,1,46.6,25059.39,0,2026-09-06,2026-09-22,1,1
P001469,1,0,137.0,1001.37,0,2024-03-02,2024-03-02,0,0
P001470,1,1,109.0,8998.52,0,2025-07-13,2025-07-13,0,0
P001471,1,0,20.0,377.81,0,2026-07-19,2026-07-19,0,0
P001472,1,0,23.0,201.68,0,2026-08-20,2026-08-20,0,0
P001473,2,2,50.5,34704.770000000004,0,2026-01-02,2026-02-24,1,0
P001474,4,1,52.75,14218.119999999999,0,2024-02-03,2025-07-22,1,1
P001475,4,3,57.5,15726.34,0,2025-12-23,2026-09-28,1,1
P001476,1,0,76.0,1447.56,0,2025-12-04,2025-12-04,0,0
P001477,2,1,65.0,9502.57,0,2024-02-09,2025-02-05,1,0
P001478,2,0,16.0,735.75,0,2024-12-11,2026-01-19,1,0
P001479,2,1,57.0,4376.41,0,2024-11-17,2025-03-22,1,0
P001480,3,1,57.666666666666664,11278.44,0,2024-10-14,2025-11-02,1,0
P001481,3,0,70.0,2900.8900000000003,0,2024-09-23,2025-04-27,1,0
P001482,5,2,71.0,21318.700000000004,1,2026-03-22,2026-09-20,1,1
P001483,1,0,30.0,273.47,0,2026-09-23,2026-09-23,0,0
P001484,2,0,44.5,2159.13,0,2025-03-31,2026-03-08,1,0
P001485,1,0,33.0,1437.86,0,2025-12-09,2025-12-09,0,0
P001486,3,2,41.0,55923.560000000005,0,2025-06-03,2026-09-27,1,0
P001487,2,1,34.5,3319.71,0,2026-06-12,2026-08-07,1,0
P001488,1,0,56.0,800.62,0,2024-06-13,2024-06-13,0,0
P001489,1,0,25.0,188.27,0,2024-01-03,2024-01-03,0,0
P001490,3,2,64.66666666666667,15414.48,0,2024-11-15,2026-08-20,1,0
P001491,2,1,30.0,4351.79,0,2026-07-26,2026-09-15,1,0
P001492,2,1,31.5,3944.34,0,2025-06-01,2025-07-15,1,0
P001493,3,0,69.66666666666667,1999.58,0,2025-10-23,2026-09-13,1,0
P001494,1,0,29.0,235.05,0,2024-10-05,2024-10-05,0,0
P001495,2,1,24.0,11612.4,0,2025-04-28,2025-09-09,1,0
P001496,1,1,70.0,17184.16,0,2025-11-05,2025-11-05,0,0
P001497,2,1,89.0,5404.679999999999,0,2025-05-16,2025-08-08,1,0
P001498,1,1,37.0,1874.26,0,2024-01-21,2024-01-21,0,0
P001499,2,0,35.0,919.4100000000001,0,2024-12-22,2025-07-13,1,0
P001500,1,1,64.0,9539.29,0,2024-02-03,2024-02-03,0,0
P001501,1,0,81.0,917.78,0,2025-11-15,2025-11-15,0,0
P001502,2,1,39.5,10102.029999999999,0,2024-06-05,2024-09-10,1,0
P001503,2,0,30.5,883.71,0,2024-12-14,2025-02-26,1,0
P001504,1,1,54.0,8223.24,0,2026-07-17,2026-07-17,0,0
P001505,1,0,103.0,824.58,0,2026-05-17,2026-05-17,0,0
P001506,2,1,68.5,13760.0,1,2026-07-12,2026-07-25,1,0
P001507,4,1,49.75,8603.439999999999,0,2024-04-27,2025-07-16,1,1
P001508,3,1,50.0,6333.240000000001,0,2024-10-22,2025-06-12,1,0
P001509,2,0,54.5,1769.71,0,2024-11-19,2025-11-19,1,0
P001510,1,0,17.0,669.2,0,2025-11-05,2025-11-05,0,0
P001511,1,0,31.0,699.91,0,2024-12-28,2024-12-28,0,0
P001512,3,2,61.333333333333336,22747.55,0,2026-04-23,2026-07-19,1,0
P001513,1,0,43.0,1504.08,0,2024-03-02,2024-03-02,0,0
P001514,1,0,40.0,152.01,0,2026-02-03,2026-02-03,0,0
P001515,3,2,45.333333333333336,20816.51,1,2025-08-21,2026-06-17,1,0
P001516,2,0,49.0,929.51,0,2024-03-17,2025-04-25,1,0
P001517,1,1,70.0,27218.1,0,2024-11-02,2024-11-02,0,0
P001518,1,1,61.0,25193.0,0,2026-07-15,2026-07-15,0,0
P001519,5,2,60.8,20968.36,1,2024-01-02,2025-12-17,1,1
P001520,2,0,27.0,687.04,0,2026-02-03,2026-04-28,1,0
P001521,4,1,44.5,9835.789999999999,0,2024-09-29,2025-08-01,1,1
P001522,1,1,114.0,8651.6,0,2025-06-29,2025-06-29,0,0
P001523,5,1,36.4,9032.91,0,2025-03-04,2025-11-29,1,1
P001524,1,0,24.0,391.39,0,2024-08-08,2024-08-08,0,0
P001525,1,0,66.0,455.84,0,2024-07-01,2024-07-01,0,0
P001526,2,1,38.5,1263.63,0,2025-06-27,2026-05-02,1,0
P001527,1,1,51.0,9587.19,0,2026-01-13,2026-01-13,0,0
P001528,1,1,65.0,17164.39,0,2026-09-15,2026-09-15,0,0
P001529,6,2,86.5,13501.1,0,2024-02-07,2026-07-02,1,1
P001530,4,4,34.5,35273.04,2,2026-06-24,2026-09-26,1,1
P001531,3,1,39.666666666666664,8462.6,0,2025-02-11,2025-11-30,1,0
P001532,1,0,46.0,437.32,0,2026-04-23,2026-04-23,0,0
P001533,6,3,41.5,16979.86,1,2025-11-09,2026-09-30,1,1
P001534,1,1,97.0,16558.71,0,2026-08-03,2026-08-03,0,0
P001535,1,0,15.0,532.33,0,2026-01-20,2026-01-20,0,0
P001536,1,1,42.0,9324.53,0,2026-04-29,2026-04-29,0,0
P001537,2,0,74.0,1739.04,0,2024-04-13,2024-09-01,1,0
P001538,2,0,16.0,644.31,0,2025-07-07,2025-10-08,1,0
P001539,4,1,39.25,8783.24,0,2024-06-09,2025-05-01,1,1
P001540,1,0,34.0,1052.19,0,2025-11-17,2025-11-17,0,0
P001541,1,0,45.0,199.12,0,2025-03-23,2025-03-23,0,0
P001542,1,0,60.0,997.23,0,2024-10-29,2024-10-29,0,0
P001543,2,1,61.5,2173.25,0,2026-02-21,2026-03-10,1,0
P001544,4,3,44.25,25586.63,0,2025-01-19,2026-06-23,1,1
P001545,1,0,25.0,1040.33,0,2025-04-29,2025-04-29,0,0
P001546,1,0,75.0,284.6,0,2025-01-30,2025-01-30,0,0
P001547,1,0,102.0,916.65,0,2026-02-05,2026-02-05,0,0
P001548,1,0,33.0,264.44,0,2025-04-29,2025-04-29,0,0
P001549,1,0,148.0,799.97,0,2025-07-03,2025-07-03,0,0
P001550,1,0,68.0,727.67,0,2026-06-03,2026-06-03,0,0
P001551,1,1,82.0,4019.54,0,2024-12-17,2024-12-17,0,0
P001552,3,1,64.0,8291.69,0,2025-05-02,2026-08-23,1,0
P001553,1,0,16.0,1804.38,0,2024-06-04,2024-06-04,0,0
P001554,1,1,42.0,4641.18,0,2024-10-18,2024-10-18,0,0
P001555,2,1,58.0,11946.539999999999,0,2025-04-14,2025-09-28,1,0
P001556,1,0,89.0,539.71,0,2025-01-09,2025-01-09,0,0
P001557,3,1,42.0,7647.4,0,2025-03-08,2025-08-25,1,0
P001558,2,1,79.0,6520.209999999999,0,2024-10-01,2025-01-22,1,0
P001559,3,0,52.0,1954.85,0,2026-08-07,2026-09-27,1,0
P001560,5,2,52.2,15130.88,0,2026-01-08,2026-09-28,1,1
P001561,1,0,39.0,1218.75,0,2025-07-15,2025-07-15,0,0
P001562,2,1,35.5,2245.12,0,2025-06-10,2025-11-22,1,0
P001563,6,1,58.666666666666664,13614.9,0,2025-12-16,2026-09-28,1,1
P001564,1,0,16.0,386.81,0,2026-03-10,2026-03-10,0,0
P001565,2,0,70.0,2025.4,0,2025-07-20,2026-01-22,1,0
P001566,1,1,27.0,2205.58,0,2024-01-04,2024-01-04,0,0
P001567,2,0,19.0,617.48,0,2024-04-08,2024-05-12,1,0
P001568,1,0,27.0,571.08,0,2024-08-06,2024-08-06,0,0
P001569,3,0,26.0,1083.46,0,2025-06-27,2025-09-11,1,0
P001570,1,0,66.0,480.11,0,2024-10-26,2024-10-26,0,0
P001571,2,1,34.5,3359.71,0,2025-05-13,2025-07-11,1,0
P001572,2,1,21.5,7662.79,0,2024-09-13,2025-08-27,1,0
P001573,1,0,34.0,628.18,0,2024-05-19,2024-05-19,0,0
P001574,2,1,19.0,8815.330000000002,0,2026-05-08,2026-07-15,1,0
P001575,1,1,80.0,10294.12,0,2024-05-15,2024-05-15,0,0
P001576,2,1,51.5,8274.46,0,2025-01-27,2025-12-14,1,0
P001577,1,0,43.0,1397.87,0,2024-08-24,2024-08-24,0,0
P001578,2,1,32.0,14643.35,0,2025-05-21,2026-01-31,1,0
P001579,4,2,47.75,24998.910000000003,0,2026-01-14,2026-09-29,1,1
P001580,1,1,57.0,9314.88,0,2026-06-08,2026-06-08,0,0
P001581,2,0,75.0,1872.69,0,2025-11-17,2026-01-03,1,0
P001582,2,1,62.5,6543.83,0,2026-04-24,2026-06-26,1,0
P001583,2,0,27.5,1800.04,0,2026-05-15,2026-09-12,1,0
P001584,4,0,47.75,3534.55,0,2025-08-29,2026-09-24,1,1
P001585,3,2,48.0,15237.62,0,2024-03-25,2024-11-22,1,0
P001586,1,1,20.0,9714.18,0,2024-04-16,2024-04-16,0,0
P001587,1,0,65.0,1196.92,0,2026-05-18,2026-05-18,0,0
P001588,5,0,63.6,2100.36,0,2024-03-02,2026-09-30,1,1
P001589,1,1,45.0,1343.85,0,2024-10-10,2024-10-10,0,0
P001590,1,1,55.0,3197.93,0,2024-01-22,2024-01-22,0,0
P001591,1,0,11.0,277.93,0,2024-02-07,2024-02-07,0,0
P001592,2,0,21.5,1117.6599999999999,0,2024-12-08,2025-10-26,1,0
P001593,1,0,69.0,1447.09,0,2025-06-23,2025-06-23,0,0
P001594,2,0,20.0,771.35,0,2026-07-19,2026-09-20,1,0
P001595,1,1,55.0,20193.61,0,2025-01-23,2025-01-23,0,0
P001596,1,0,16.0,549.9,0,2024-01-22,2024-01-22,0,0
P001597,1,1,97.0,7091.54,0,2026-01-15,2026-01-15,0,0
P001598,1,0,118.0,1325.74,0,2026-03-03,2026-03-03,0,0
P001599,1,0,63.0,1809.16,0,2024-07-07,2024-07-07,0,0
P001600,2,1,44.5,6990.150000000001,0,2024-03-29,2025-01-02,1,0
P001601,1,0,24.0,344.97,0,2026-06-15,2026-06-15,0,0
P001602,1,0,54.0,549.09,0,2025-02-04,2025-02-04,0,0
P001603,1,0,79.0,476.96,0,2025-11-23,2025-11-23,0,0
P001604,2,1,41.0,9912.67,0,2026-06-25,2026-08-16,1,0
P001605,2,0,20.5,523.0699999999999,0,2026-01-26,2026-02-10,1,0
P001606,1,1,85.0,10070.19,0,2025-09-21,2025-09-21,0,0
P001607,2,0,20.5,927.1500000000001,0,2025-02-05,2025-09-11,1,0
P001608,1,1,84.0,10968.31,0,2024-08-04,2024-08-04,0,0
P001609,2,0,101.5,1857.3000000000002,0,2026-05-09,2026-05-22,1,0
P001610,1,0,41.0,778.13,0,2026-04-15,2026-04-15,0,0
P001611,4,0,86.25,2236.1,0,2024-02-26,2024-11-20,1,1
P001612,1,0,31.0,1234.06,0,2024-06-03,2024-06-03,0,0
P001613,1,0,33.0,295.37,0,2024-10-08,2024-10-08,0,0
P001614,1,0,48.0,478.75,0,2026-05-27,2026-05-27,0,0
P001615,1,1,24.0,1044.38,0,2024-01-20,2024-01-20,0,0
P001616,1,1,141.0,12667.38,0,2025-10-15,2025-10-15,0,0
P001617,1,0,48.0,1303.27,0,2024-06-17,2024-06-17,0,0
P001618,2,0,77.5,1760.13,0,2025-02-11,2025-11-24,1,0
P001619,1,1,107.0,13356.91,0,2024-06-16,2024-06-16,0,0
P001620,4,1,115.0,9801.36,0,2025-11-18,2026-09-23,1,1
P001621,1,1,36.0,6368.7,0,2025-04-19,2025-04-19,0,0
P001622,1,0,78.0,254.37,0,2025-03-31,2025-03-31,0,0
P001623,2,0,27.5,1498.77,0,2025-02-02,2025-09-01,1,0
P001624,1,1,97.0,8618.08,0,2025-06-19,2025-06-19,0,0
P001625,1,0,14.0,618.21,0,2026-07-31,2026-07-31,0,0
P001626,1,1,46.0,4973.71,0,2025-01-02,2025-01-02,0,0
P001627,2,1,111.5,6736.639999999999,0,2025-11-04,2026-05-30,1,0
P001628,1,1,82.0,3837.01,0,2026-07-26,2026-07-26,0,0
P001629,1,1,57.0,4751.07,0,2025-05-13,2025-05-13,0,0
P001630,4,1,41.25,4350.45,0,2025-11-18,2026-09-21,1,1
P001631,2,0,24.0,1063.0700000000002,0,2024-03-17,2024-08-27,1,0
P001632,2,0,14.5,1147.97,0,2024-08-09,2024-09-24,1,0
P001633,3,0,66.66666666666667,1470.35,0,2026-02-01,2026-09-30,1,0
P001634,1,0,81.0,1246.37,0,2026-01-22,2026-01-22,0,0
P001635,3,1,30.666666666666668,7014.59,0,2026-03-16,2026-05-30,1,0
P001636,1,0,31.0,627.4,0,2025-08-12,2025-08-12,0,0
P001637,1,0,43.0,367.92,0,2026-04-16,2026-04-16,0,0
P001638,1,0,35.0,363.97,0,2025-04-21,2025-04-21,0,0
P001639,1,0,100.0,589.48,0,2025-01-05,2025-01-05,0,0
P001640,2,2,54.5,24451.4,0,2025-05-29,2025-08-23,1,0
P001641,1,0,76.0,606.71,0,2024-08-03,2024-08-03,0,0
P001642,2,1,46.0,2072.54,0,2026-02-12,2026-09-16,1,0
P001643,1,1,72.0,3899.04,0,2026-03-02,2026-03-02,0,0
P001644,1,0,35.0,836.55,0,2025-09-12,2025-09-12,0,0
P001645,1,0,63.0,444.27,0,2025-07-14,2025-07-14,0,0
P001646,1,0,17.0,294.55,0,2025-07-04,2025-07-04,0,0
P001647,4,1,20.25,2958.39,0,2025-04-26,2026-09-08,1,1
P001648,1,1,83.0,2728.2,0,2024-06-06,2024-06-06,0,0
P001649,3,1,47.666666666666664,15414.390000000001,0,2025-04-24,2025-09-10,1,0
P001650,4,1,49.75,7794.68,0,2025-06-16,2026-08-17,1,1
P001651,1,0,14.0,631.72,0,2026-09-13,2026-09-13,0,0
P001652,1,1,35.0,4920.56,0,2025-09-29,2025-09-29,0,0
P001653,1,1,48.0,8887.33,0,2026-05-31,2026-05-31,0,0
P001654,2,1,85.0,13198.15,0,2024-03-28,2024-04-25,1,0
P001655,1,0,49.0,1586.99,0,2025-01-20,2025-01-20,0,0
P001656,2,2,65.0,27207.15,0,2024-04-22,2025-02-22,1,0
P001657,1,1,36.0,22132.58,0,2026-05-15,2026-05-15,0,0
P001658,3,0,21.333333333333332,1168.47,0,2024-10-15,2025-06-01,1,0
P001659,3,0,49.333333333333336,1642.08,0,2026-05-12,2026-09-20,1,0
P001660,1,1,34.0,2563.39,0,2024-02-12,2024-02-12,0,0
P001661,2,0,18.0,816.7,0,2024-03-02,2024-03-18,1,0
P001662,1,1,60.0,2290.35,0,2025-01-23,2025-01-23,0,0
P001663,1,0,52.0,1703.0,0,2024-07-31,2024-07-31,0,0
P001664,1,0,30.0,445.03,0,2025-02-14,2025-02-14,0,0
P001665,1,1,29.0,5337.41,0,2024-02-07,2024-02-07,0,0
P001666,1,1,72.0,2639.31,0,2024-10-22,2024-10-22,0,0
P001667,1,0,238.0,317.95,0,2025-12-13,2025-12-13,0,0
P001668,2,0,77.0,1874.9099999999999,0,2025-02-26,2025-04-15,1,0
P001669,2,1,108.5,13301.49,0,2025-10-23,2026-09-26,1,0
P001670,1,1,88.0,1370.15,0,2024-09-29,2024-09-29,0,0
P001671,3,2,46.0,25575.97,0,2024-06-05,2026-05-12,1,0
P001672,5,0,21.0,2376.24,0,2025-09-16,2026-09-23,1,1
P001673,2,0,24.0,978.89,0,2025-11-10,2026-03-30,1,0
P001674,2,0,28.5,2055.7,0,2026-06-01,2026-09-26,1,0
P001675,1,0,162.0,1251.47,0,2026-05-14,2026-05-14,0,0
P001676,2,0,35.5,1061.17,0,2025-09-11,2025-10-30,1,0
P001677,2,0,73.5,1592.82,0,2025-10-25,2025-11-19,1,0
P001678,1,0,57.0,539.3,0,2024-05-05,2024-05-05,0,0
P001679,1,0,92.0,1135.98,0,2025-05-20,2025-05-20,0,0
P001680,1,0,17.0,330.78,0,2025-03-03,2025-03-03,0,0
P001681,1,0,27.0,204.55,0,2026-05-20,2026-05-20,0,0
P001682,1,0,43.0,546.81,0,2025-02-13,2025-02-13,0,0
P001683,1,0,24.0,277.56,0,2025-01-14,2025-01-14,0,0
P001684,1,0,14.0,238.15,0,2024-07-06,2024-07-06,0,0
P001685,2,0,49.5,1925.48,0,2024-04-30,2024-06-13,1,0
P001686,3,2,48.666666666666664,8368.94,0,2024-01-08,2025-04-02,1,0
P001687,2,1,61.5,15205.17,0,2026-01-11,2026-09-18,1,0
P001688,2,0,71.5,1962.0,0,2026-01-04,2026-02-28,1,0
P001689,1,1,28.0,8351.44,0,2026-08-31,2026-08-31,0,0
P001690,1,1,59.0,9627.47,0,2025-08-03,2025-08-03,0,0
P001691,1,1,127.0,4727.05,0,2026-07-16,2026-07-16,0,0
P001692,1,0,81.0,1732.53,0,2025-11-23,2025-11-23,0,0
P001693,1,0,162.0,427.57,0,2024-04-29,2024-04-29,0,0
P001694,3,1,39.666666666666664,15251.46,0,2025-12-04,2026-09-27,1,0
P001695,1,1,72.0,7130.07,0,2026-03-23,2026-03-23,0,0
P001696,1,0,94.0,761.86,0,2024-04-30,2024-04-30,0,0
P001697,3,1,30.666666666666668,6763.84,0,2024-11-14,2026-03-07,1,0
P001698,1,0,14.0,215.59,0,2026-09-02,2026-09-02,0,0
P001699,2,1,59.5,12801.5,0,2026-04-29,2026-09-22,1,0
P001700,2,1,53.0,8824.82,0,2026-09-14,2026-09-20,1,0
P001701,1,1,84.0,9490.66,0,2026-02-18,2026-02-18,0,0
P001702,1,0,28.0,333.88,0,2025-03-04,2025-03-04,0,0
P001703,1,0,14.0,656.2,0,2026-07-30,2026-07-30,0,0
P001704,2,0,20.5,991.13,0,2025-07-04,2025-10-24,1,0
P001705,1,1,54.0,5622.8,0,2024-04-06,2024-04-06,0,0
P001706,1,1,38.0,6816.32,0,2026-01-14,2026-01-14,0,0
P001707,1,0,14.0,453.21,0,2025-09-15,2025-09-15,0,0
P001708,4,1,71.75,13824.669999999998,0,2024-07-04,2026-09-26,1,1
P001709,5,0,62.8,3664.2200000000003,0,2024-04-30,2025-06-28,1,1
P001710,1,0,43.0,688.04,0,2026-05-01,2026-05-01,0,0
P001711,2,2,40.5,9387.869999999999,0,2024-10-16,2024-12-11,1,0
P001712,2,2,59.5,7185.78,0,2026-08-30,2026-09-12,1,0
P001713,4,0,104.25,3582.82,0,2024-03-26,2026-05-25,1,1
P001714,2,1,41.5,7927.74,0,2026-06-28,2026-09-16,1,0
P001715,3,1,37.0,15342.6,1,2026-02-16,2026-09-23,1,0
P001716,1,1,41.0,11401.45,0,2024-10-03,2024-10-03,0,0
P001717,1,0,23.0,628.05,0,2025-06-21,2025-06-21,0,0
P001718,3,2,42.333333333333336,3316.52,0,2025-07-29,2026-03-23,1,0
P001719,1,1,49.0,12459.48,0,2024-02-10,2024-02-10,0,0
P001720,1,0,20.0,351.55,0,2024-09-23,2024-09-23,0,0
P001721,3,1,53.0,10917.539999999999,0,2025-06-10,2026-09-30,1,0
P001722,4,2,67.25,22200.86,0,2026-06-02,2026-09-19,1,1
P001723,2,1,72.5,12975.09,0,2024-05-22,2024-06-10,1,0
P001724,5,3,44.0,5953.91,0,2024-08-15,2026-09-30,1,1
P001725,1,1,50.0,4820.41,0,2025-12-08,2025-12-08,0,0
P001726,1,0,47.0,541.66,0,2025-02-04,2025-02-04,0,0
P001727,1,0,16.0,379.57,0,2026-01-31,2026-01-31,0,0
P001728,2,1,38.5,5450.87,0,2024-05-15,2024-09-04,1,0
P001729,1,1,155.0,17316.48,0,2025-03-04,2025-03-04,0,0
P001730,2,0,97.0,2885.37,0,2026-06-26,2026-09-25,1,0
P001731,2,0,65.0,3278.25,0,2026-06-16,2026-07-06,1,0
P001732,1,0,26.0,351.16,0,2024-04-17,2024-04-17,0,0
P001733,1,0,17.0,505.34,0,2025-10-16,2025-10-16,0,0
P001734,1,0,71.0,946.02,0,2026-03-20,2026-03-20,0,0
P001735,2,1,75.5,27750.179999999997,0,2025-08-29,2025-09-08,1,0
P001736,1,0,106.0,1515.46,0,2025-08-25,2025-08-25,0,0
P001737,1,0,57.0,685.71,0,2025-11-03,2025-11-03,0,0
P001738,3,1,44.666666666666664,26880.1,0,2025-05-25,2025-08-20,1,0
P001739,3,0,90.66666666666667,2574.21,0,2026-06-12,2026-09-21,1,0
P001740,3,0,64.0,1507.47,0,2026-09-13,2026-09-17,1,0
P001741,1,0,37.0,455.08,0,2026-01-24,2026-01-24,0,0
P001742,1,0,25.0,288.9,0,2025-05-29,2025-05-29,0,0
P001743,5,1,67.4,5727.599999999999,0,2025-06-11,2026-09-11,1,1
P001744,1,1,64.0,10377.17,0,2025-09-07,2025-09-07,0,0
P001745,2,1,54.0,3937.48,0,2025-01-20,2025-06-09,1,0
P001746,1,1,96.0,9789.64,0,2025-03-29,2025-03-29,0,0
P001747,2,1,55.0,9003.6,0,2026-04-17,2026-09-02,1,0
P001748,1,0,13.0,1400.55,0,2025-12-04,2025-12-04,0,0
P001749,3,1,77.66666666666667,7867.0,0,2025-05-22,2025-12-09,1,0
P001750,3,0,34.333333333333336,1557.48,0,2025-11-15,2026-09-23,1,0
P001751,3,2,47.333333333333336,12570.2,0,2024-12-03,2025-03-13,1,0
P001752,1,0,33.0,751.4,0,2024-05-12,2024-05-12,0,0
P001753,3,0,78.33333333333333,3475.48,0,2024-03-13,2025-02-09,1,0
P001754,1,1,50.0,8735.65,0,2026-06-02,2026-06-02,0,0
P001755,1,0,28.0,757.92,0,2024-04-27,2024-04-27,0,0
P001756,1,1,49.0,3912.3,0,2024-11-16,2024-11-16,0,0
P001757,1,1,31.0,17261.8,0,2025-03-18,2025-03-18,0,0
P001758,2,2,53.0,17627.61,0,2024-06-18,2025-07-28,1,0
P001759,2,0,18.0,981.73,0,2024-01-25,2024-11-25,1,0
P001760,1,0,10.0,412.71,0,2025-07-11,2025-07-11,0,0
P001761,1,0,79.0,550.3,0,2025-01-30,2025-01-30,0,0
P001762,1,1,65.0,10141.39,0,2025-02-28,2025-02-28,0,0
P001763,3,1,84.0,2375.54,0,2024-06-20,2025-01-10,1,0
P001764,1,1,51.0,9392.28,0,2025-09-17,2025-09-17,0,0
P001765,1,1,64.0,2725.16,0,2025-08-19,2025-08-19,0,0
P001766,1,0,60.0,440.19,0,2025-05-22,2025-05-22,0,0
P001767,1,1,35.0,9874.02,0,2025-10-17,2025-10-17,0,0
P001768,1,0,51.0,1303.36,0,2024-06-19,2024-06-19,0,0
P001769,1,0,126.0,488.04,0,2024-02-13,2024-02-13,0,0
P001770,2,1,33.5,10810.02,0,2024-05-09,2024-09-22,1,0
P001771,1,1,76.0,5033.16,0,2026-04-22,2026-04-22,0,0
P001772,1,1,57.0,3658.77,0,2024-12-08,2024-12-08,0,0
P001773,5,0,38.4,3358.36,0,2025-07-26,2026-09-29,1,1
P001774,1,0,20.0,208.74,0,2026-06-08,2026-06-08,0,0
P001775,2,1,28.0,8585.28,0,2026-02-17,2026-03-24,1,0
P001776,1,1,49.0,7953.71,0,2025-11-26,2025-11-26,0,0
P001777,1,0,115.0,2157.56,0,2025-05-26,2025-05-26,0,0
P001778,3,1,57.666666666666664,15214.240000000002,0,2024-10-27,2025-09-17,1,0
P001779,3,2,58.666666666666664,6672.200000000001,0,2025-01-16,2026-03-28,1,0
P001780,4,1,52.0,5192.26,0,2024-09-18,2026-09-27,1,1
P001781,4,0,27.0,3498.44,0,2024-06-23,2025-08-07,1,1
P001782,1,0,46.0,502.15,0,2024-05-14,2024-05-14,0,0
P001783,1,1,77.0,1405.6,0,2024-11-11,2024-11-11,0,0
P001784,4,2,84.25,11769.04,0,2024-02-05,2025-12-29,1,1
P001785,1,0,180.0,1428.16,0,2025-10-29,2025-10-29,0,0
P001786,1,0,21.0,233.35,0,2025-01-26,2025-01-26,0,0
P001787,1,1,15.0,13390.78,0,2024-07-30,2024-07-30,0,0
P001788,4,1,28.5,3267.32,0,2025-02-22,2025-12-17,1,1
P001789,1,1,46.0,13849.74,0,2025-12-26,2025-12-26,0,0
P001790,3,2,33.666666666666664,21220.52,0,2025-04-22,2025-08-30,1,0
P001791,2,1,36.5,17475.62,0,2025-04-02,2026-03-02,1,0
P001792,1,0,22.0,344.07,0,2025-04-28,2025-04-28,0,0
P001793,4,0,49.25,4670.12,0,2025-08-01,2026-01-15,1,1
P001794,5,1,80.2,8204.13,0,2024-03-11,2026-09-16,1,1
P001795,3,2,39.666666666666664,33577.67,0,2025-02-04,2025-04-21,1,0
P001796,4,1,68.5,3176.5299999999997,0,2026-06-25,2026-09-21,1,1
P001797,1,1,47.0,18404.45,0,2024-09-17,2024-09-17,0,0
P001798,1,0,13.0,161.98,0,2026-05-22,2026-05-22,0,0
P001799,1,1,69.0,15468.39,0,2025-12-15,2025-12-15,0,0
P001800,1,0,22.0,668.09,0,2024-01-29,2024-01-29,0,0
P001801,3,2,49.333333333333336,26016.18,0,2026-07-29,2026-09-10,1,0
P001802,3,1,41.333333333333336,18873.010000000002,0,2024-02-06,2024-09-29,1,0
P001803,1,0,24.0,578.54,0,2025-02-12,2025-02-12,0,0
P001804,1,0,52.0,1483.81,0,2024-11-25,2024-11-25,0,0
P001805,1,1,35.0,1837.05,0,2026-06-25,2026-06-25,0,0
P001806,5,2,67.8,18746.89,2,2025-06-21,2026-09-29,1,1
P001807,2,0,30.5,1753.0900000000001,0,2025-03-28,2025-09-10,1,0
P001808,3,0,54.666666666666664,2706.73,0,2025-07-03,2026-09-23,1,0
P001809,4,1,52.5,10783.1,0,2024-04-10,2026-05-16,1,1
P001810,1,0,27.0,558.34,0,2026-04-10,2026-04-10,0,0
P001811,1,0,70.0,1239.93,0,2024-11-07,2024-11-07,0,0
P001812,2,0,38.5,1446.28,0,2024-06-07,2024-12-19,1,0
P001813,5,0,55.4,4345.63,0,2026-08-31,2026-09-26,1,1
P001814,2,0,18.0,664.96,0,2026-09-22,2026-09-29,1,0
P001815,1,1,47.0,3370.09,0,2025-08-18,2025-08-18,0,0
P001816,3,1,47.666666666666664,4302.77,0,2025-06-15,2026-08-03,1,0
P001817,4,1,34.25,9920.58,0,2024-12-03,2026-04-06,1,1
P001818,2,0,30.0,992.53,0,2025-08-21,2026-04-24,1,0
P001819,1,0,40.0,1921.76,0,2026-07-21,2026-07-21,0,0
P001820,2,0,64.5,1739.3899999999999,0,2025-08-24,2025-09-10,1,0
P001821,2,0,16.0,785.46,0,2025-02-17,2025-07-24,1,0
P001822,4,0,38.0,3086.77,0,2026-03-29,2026-09-24,1,1
P001823,1,0,145.0,1032.72,0,2024-01-27,2024-01-27,0,0
P001824,4,1,21.5,16529.37,0,2025-02-28,2026-06-09,1,1
P001825,2,1,26.5,6788.0599999999995,0,2024-04-17,2024-05-09,1,0
P001826,4,1,27.25,12025.11,0,2025-06-24,2026-09-12,1,1
P001827,4,1,28.75,3251.8500000000004,0,2024-07-07,2025-12-03,1,1
P001828,1,0,43.0,200.87,0,2025-03-04,2025-03-04,0,0
P001829,1,0,26.0,932.28,0,2026-09-01,2026-09-01,0,0
P001830,1,1,41.0,13890.03,0,2025-04-21,2025-04-21,0,0
P001831,1,1,30.0,8002.32,0,2025-09-08,2025-09-08,0,0
P001832,1,1,69.0,11359.03,0,2026-01-30,2026-01-30,0,0
P001833,1,1,35.0,8254.47,0,2026-09-13,2026-09-13,0,0
P001834,1,0,86.0,635.03,0,2025-01-17,2025-01-17,0,0
P001835,1,1,39.0,10754.49,0,2024-04-14,2024-04-14,0,0
P001836,3,1,43.0,11338.25,0,2026-03-21,2026-09-28,1,0
P001837,1,0,36.0,526.11,0,2026-06-05,2026-06-05,0,0
P001838,1,0,43.0,801.7,0,2025-10-01,2025-10-01,0,0
P001839,3,2,48.666666666666664,19608.03,0,2024-03-03,2026-02-12,1,0
P001840,2,0,43.0,1527.65,0,2026-08-23,2026-09-13,1,0
P001841,4,1,70.25,11058.3,1,2025-07-29,2026-09-20,1,1
P001842,1,1,101.0,15177.0,0,2024-03-19,2024-03-19,0,0
P001843,1,0,70.0,434.89,0,2026-01-07,2026-01-07,0,0
P001844,1,0,124.0,599.31,0,2024-03-08,2024-03-08,0,0
P001845,1,0,12.0,152.41,0,2026-07-04,2026-07-04,0,0
P001846,1,0,25.0,264.42,0,2025-04-30,2025-04-30,0,0
P001847,2,0,41.0,1167.52,0,2025-11-14,2026-03-30,1,0
P001848,2,0,43.0,2290.2,0,2025-05-09,2025-10-18,1,0
P001849,3,0,78.33333333333333,5268.39,0,2024-11-24,2026-02-23,1,0
P001850,3,0,67.33333333333333,3243.0,0,2025-11-05,2026-08-09,1,0
P001851,4,3,73.0,19572.719999999998,0,2025-01-18,2025-08-30,1,1
P001852,1,0,46.0,707.67,0,2024-04-01,2024-04-01,0,0
P001853,2,2,35.5,10250.97,0,2024-09-28,2024-10-10,1,0
P001854,3,1,56.666666666666664,16636.52,0,2024-11-27,2025-07-18,1,0
P001855,2,0,31.5,1110.25,0,2024-01-29,2024-08-20,1,0
P001856,1,0,87.0,730.84,0,2026-08-17,2026-08-17,0,0
P001857,1,1,46.0,582.26,0,2025-05-11,2025-05-11,0,0
P001858,3,0,55.0,4034.58,0,2025-07-30,2026-09-27,1,0
P001859,2,0,51.0,1433.79,0,2025-11-06,2026-03-11,1,0
P001860,1,0,32.0,307.43,0,2024-09-16,2024-09-16,0,0
P001861,2,0,78.0,1142.1399999999999,0,2025-01-12,2025-10-12,1,0
P001862,4,1,71.5,5543.22,0,2024-11-30,2026-09-19,1,1
P001863,1,1,135.0,11825.48,0,2025-07-07,2025-07-07,0,0
P001864,1,0,23.0,303.21,0,2025-05-16,2025-05-16,0,0
P001865,1,0,25.0,359.72,0,2026-07-19,2026-07-19,0,0
P001866,1,1,26.0,13589.76,0,2024-10-08,2024-10-08,0,0
P001867,2,2,56.0,9405.73,0,2024-01-08,2024-07-24,1,0
P001868,1,1,106.0,1021.8,0,2026-07-17,2026-07-17,0,0
P001869,1,1,64.0,8353.27,0,2025-11-18,2025-11-18,0,0
P001870,2,0,19.0,1072.63,0,2024-04-15,2025-02-28,1,0
P001871,2,1,71.5,10593.32,0,2025-08-11,2025-10-23,1,0
P001872,1,0,40.0,910.22,0,2026-09-04,2026-09-04,0,0
P001873,1,0,25.0,1418.93,0,2025-12-13,2025-12-13,0,0
P001874,1,0,25.0,451.43,0,2025-09-03,2025-09-03,0,0
P001875,1,0,60.0,476.09,0,2026-01-26,2026-01-26,0,0
P001876,2,0,26.0,619.5799999999999,0,2025-06-29,2025-07-24,1,0
P001877,4,1,51.75,3465.3900000000003,0,2025-06-18,2026-09-22,1,1
P001878,1,0,26.0,519.69,0,2026-09-25,2026-09-25,0,0
P001879,1,1,28.0,11222.4,0,2025-02-27,2025-02-27,0,0
P001880,1,0,33.0,534.05,0,2024-11-28,2024-11-28,0,0
P001881,1,0,26.0,314.55,0,2025-10-13,2025-10-13,0,0
P001882,1,0,59.0,2149.97,0,2025-11-08,2025-11-08,0,0
P001883,1,0,111.0,660.26,0,2026-02-17,2026-02-17,0,0
P001884,2,1,91.5,11644.11,0,2026-03-16,2026-09-13,1,0
P001885,1,0,44.0,189.47,0,2025-01-04,2025-01-04,0,0
P001886,1,0,16.0,352.19,0,2026-03-26,2026-03-26,0,0
P001887,1,0,29.0,399.26,0,2024-09-13,2024-09-13,0,0
P001888,1,0,11.0,465.92,0,2025-07-23,2025-07-23,0,0
P001889,1,0,38.0,2188.91,0,2026-01-17,2026-01-17,0,0
P001890,4,1,71.5,9129.87,0,2024-06-01,2026-03-07,1,1
P001891,3,0,24.666666666666668,1415.0300000000002,0,2024-10-28,2024-12-19,1,0
P001892,2,0,21.5,787.24,0,2025-03-10,2025-12-18,1,0
P001893,3,0,102.0,1848.22,0,2025-10-17,2026-09-30,1,0
P001894,3,0,70.0,2783.8100000000004,0,2026-08-17,2026-09-28,1,0
P001895,1,1,61.0,1593.75,0,2026-01-08,2026-01-08,0,0
P001896,1,1,62.0,23084.89,0,2026-08-31,2026-08-31,0,0
P001897,1,0,31.0,483.06,0,2026-02-17,2026-02-17,0,0
P001898,1,0,38.0,278.58,0,2024-06-07,2024-06-07,0,0
P001899,2,1,62.5,6539.34,0,2024-02-03,2024-10-14,1,0
P001900,1,1,29.0,7081.44,0,2026-02-05,2026-02-05,0,0
P001901,1,0,17.0,263.35,0,2026-06-17,2026-06-17,0,0
P001902,1,0,82.0,670.75,0,2025-01-02,2025-01-02,0,0
P001903,4,0,37.25,3461.83,0,2025-05-26,2026-09-26,1,1
P001904,1,0,164.0,1476.51,0,2026-06-05,2026-06-05,0,0
P001905,1,1,48.0,21218.68,0,2025-06-22,2025-06-22,0,0
P001906,2,1,35.5,17383.539999999997,0,2024-05-13,2024-06-20,1,0
P001907,1,1,50.0,1138.5,0,2025-05-11,2025-05-11,0,0
P001908,4,1,77.0,11959.400000000001,1,2026-09-11,2026-09-27,1,1
P001909,1,0,20.0,324.89,0,2024-03-20,2024-03-20,0,0
P001910,2,1,61.5,4966.76,0,2024-08-30,2024-11-07,1,0
P001911,1,0,147.0,1546.11,0,2026-07-26,2026-07-26,0,0
P001912,1,0,24.0,659.94,0,2024-03-19,2024-03-19,0,0
P001913,1,0,12.0,273.75,0,2026-01-01,2026-01-01,0,0
P001914,2,0,98.5,1511.5,0,2025-09-10,2025-10-12,1,0
P001915,3,0,21.666666666666668,1886.13,0,2025-12-29,2026-09-27,1,0
P001916,1,1,89.0,10615.37,0,2024-11-08,2024-11-08,0,0
P001917,4,1,84.25,7888.91,0,2024-04-21,2025-07-28,1,1
P001918,1,0,107.0,1309.28,0,2024-01-23,2024-01-23,0,0
P001919,1,1,35.0,11283.88,0,2025-08-24,2025-08-24,0,0
P001920,1,1,83.0,8216.78,0,2025-07-14,2025-07-14,0,0
P001921,2,0,43.5,1075.85,0,2025-07-15,2026-01-27,1,0
P001922,2,1,26.5,5503.34,0,2024-12-22,2025-11-23,1,0
P001923,1,0,29.0,394.46,0,2025-12-13,2025-12-13,0,0
P001924,1,1,44.0,15830.13,0,2024-09-29,2024-09-29,0,0
P001925,1,0,33.0,222.75,0,2025-11-30,2025-11-30,0,0
P001926,1,0,62.0,1822.76,0,2026-09-10,2026-09-10,0,0
P001927,1,0,50.0,332.13,0,2024-03-13,2024-03-13,0,0
P001928,1,0,18.0,164.96,0,2024-02-25,2024-02-25,0,0
P001929,1,0,125.0,736.36,0,2024-01-21,2024-01-21,0,0
P001930,4,3,62.25,20986.21,1,2025-07-29,2025-11-03,1,1
P001931,1,0,49.0,1554.11,0,2026-06-09,2026-06-09,0,0
P001932,3,2,53.0,2413.34,0,2025-07-20,2026-06-07,1,0
P001933,1,0,62.0,289.28,0,2024-11-23,2024-11-23,0,0
P001934,5,3,85.8,48304.55,0,2025-04-25,2026-09-25,1,1
P001935,1,0,26.0,973.05,0,2024-09-06,2024-09-06,0,0
P001936,1,0,33.0,402.55,0,2025-09-03,2025-09-03,0,0
P001937,1,0,14.0,744.69,0,2026-04-03,2026-04-03,0,0
P001938,1,1,61.0,4392.03,0,2026-01-01,2026-01-01,0,0
P001939,1,0,27.0,363.46,0,2026-01-04,2026-01-04,0,0
P001940,1,1,47.0,1181.79,0,2025-04-16,2025-04-16,0,0
P001941,1,1,15.0,8892.69,0,2026-04-29,2026-04-29,0,0
P001942,1,0,19.0,188.67,0,2024-03-29,2024-03-29,0,0
P001943,1,0,8.0,506.74,0,2025-09-22,2025-09-22,0,0
P001944,3,0,102.0,2640.8,0,2024-12-17,2025-08-06,1,0
P001945,2,1,33.5,12294.67,0,2025-10-16,2026-01-14,1,0
P001946,1,1,58.0,7231.14,0,2026-07-08,2026-07-08,0,0
P001947,1,0,12.0,610.96,0,2026-04-22,2026-04-22,0,0
P001948,1,1,80.0,12135.73,0,2024-09-11,2024-09-11,0,0
P001949,2,0,96.0,1123.8700000000001,0,2025-08-01,2025-10-22,1,0
P001950,1,0,34.0,1133.58,0,2024-12-16,2024-12-16,0,0
P001951,3,1,61.0,8451.17,0,2025-08-28,2025-10-18,1,0
P001952,1,1,16.0,8916.17,0,2025-10-19,2025-10-19,0,0
P001953,1,0,26.0,486.14,0,2025-09-18,2025-09-18,0,0
P001954,1,0,32.0,211.0,0,2024-01-27,2024-01-27,0,0
P001955,1,0,23.0,207.86,0,2025-10-25,2025-10-25,0,0
P001956,6,0,63.333333333333336,4373.91,0,2024-12-26,2026-09-19,1,1
P001957,2,0,30.0,792.17,0,2026-06-26,2026-09-27,1,0
P001958,1,1,60.0,2798.64,0,2025-08-15,2025-08-15,0,0
P001959,1,1,53.0,5500.24,0,2025-12-27,2025-12-27,0,0
P001960,4,0,52.25,5731.79,0,2026-06-27,2026-09-27,1,1
P001961,1,0,65.0,536.86,0,2026-06-25,2026-06-25,0,0
P001962,1,1,46.0,1720.48,0,2026-05-27,2026-05-27,0,0
P001963,1,0,58.0,674.74,0,2025-04-20,2025-04-20,0,0
P001964,2,0,16.5,376.68,0,2026-02-05,2026-03-17,1,0
P001965,1,0,37.0,1151.27,0,2025-08-04,2025-08-04,0,0
P001966,1,0,19.0,246.58,0,2025-08-12,2025-08-12,0,0
P001967,1,0,36.0,280.61,0,2024-08-08,2024-08-08,0,0
P001968,3,0,33.0,1791.54,0,2026-02-04,2026-09-14,1,0
P001969,1,1,23.0,6701.49,0,2025-12-10,2025-12-10,0,0
P001970,1,1,93.0,1495.47,0,2025-05-11,2025-05-11,0,0
P001971,1,0,25.0,415.9,0,2026-01-12,2026-01-12,0,0
P001972,2,0,26.5,913.39,0,2025-02-21,2025-04-25,1,0
P001973,2,1,43.5,7227.63,0,2025-06-22,2026-05-20,1,0
P001974,1,0,17.0,2238.71,0,2025-10-16,2025-10-16,0,0
P001975,2,0,84.0,930.2,0,2026-02-06,2026-09-12,1,0
P001976,1,0,11.0,275.38,0,2024-10-01,2024-10-01,0,0
P001977,1,0,26.0,1612.46,0,2025-09-14,2025-09-14,0,0
P001978,1,0,12.0,153.89,0,2024-06-02,2024-06-02,0,0
P001979,1,1,15.0,2357.1,0,2025-12-07,2025-12-07,0,0
P001980,1,1,80.0,6211.8,0,2024-11-23,2024-11-23,0,0
P001981,1,0,33.0,741.23,0,2026-01-02,2026-01-02,0,0
P001982,1,1,69.0,2495.19,0,2026-02-24,2026-02-24,0,0
P001983,3,0,55.666666666666664,2001.07,0,2024-02-05,2024-10-09,1,0
P001984,1,0,17.0,327.34,0,2026-07-30,2026-07-30,0,0
P001985,3,1,63.0,2377.52,0,2024-01-15,2024-11-15,1,0
P001986,1,0,30.0,499.35,0,2026-06-25,2026-06-25,0,0
P001987,1,0,32.0,506.0,0,2025-10-19,2025-10-19,0,0
P001988,2,0,23.0,869.1700000000001,0,2024-12-19,2025-12-22,1,0
P001989,1,0,27.0,472.88,0,2024-09-18,2024-09-18,0,0
P001990,1,1,84.0,11652.78,0,2025-08-26,2025-08-26,0,0
P001991,2,0,59.5,1982.75,0,2025-10-09,2026-04-11,1,0
P001992,2,1,25.5,1671.23,0,2025-10-10,2025-10-30,1,0
P001993,1,0,17.0,813.62,0,2024-03-21,2024-03-21,0,0
P001994,1,0,37.0,257.89,0,2024-02-15,2024-02-15,0,0
P001995,1,0,48.0,471.35,0,2024-04-15,2024-04-15,0,0
P001996,2,0,71.5,915.28,0,2026-05-07,2026-07-17,1,0
P001997,1,1,45.0,8433.12,0,2026-06-30,2026-06-30,0,0
P001998,1,0,127.0,1151.16,0,2024-03-24,2024-03-24,0,0
P001999,1,1,57.0,9646.1,0,2024-09-14,2024-09-14,0,0
P002000,1,1,78.0,16653.03,0,2024-08-19,2024-08-19,0,0
P002001,2,1,20.0,4857.51,0,2024-11-26,2025-01-21,1,0
P002002,1,0,37.0,1151.21,0,2025-03-14,2025-03-14,0,0
P002003,2,1,26.0,17142.320000000003,0,2026-05-01,2026-09-29,1,0
P002004,2,1,35.0,12032.26,0,2026-05-02,2026-09-21,1,0
P002005,1,1,48.0,5511.87,0,2024-10-11,2024-10-11,0,0
P002006,1,1,30.0,2426.7,0,2026-02-26,2026-02-26,0,0
P002007,1,0,21.0,1038.44,0,2025-06-06,2025-06-06,0,0
P002008,1,0,22.0,491.4,0,2024-11-10,2024-11-10,0,0
P002009,2,0,34.0,1080.23,0,2024-05-26,2025-01-16,1,0
P002010,1,1,49.0,6213.15,0,2024-03-20,2024-03-20,0,0
P002011,1,1,84.0,2203.55,0,2024-07-12,2024-07-12,0,0
P002012,1,0,32.0,554.7,0,2024-03-01,2024-03-01,0,0
P002013,1,0,22.0,300.86,0,2024-12-09,2024-12-09,0,0
P002014,1,1,67.0,16787.82,0,2026-07-05,2026-07-05,0,0
P002015,1,1,84.0,8897.68,0,2026-07-10,2026-07-10,0,0
P002016,1,0,59.0,859.32,0,2026-02-10,2026-02-10,0,0
P002017,1,1,60.0,9784.1,0,2024-05-10,2024-05-10,0,0
P002018,1,1,40.0,6983.61,0,2025-01-27,2025-01-27,0,0
P002019,1,1,66.0,6431.18,0,2025-03-06,2025-03-06,0,0
P002020,1,0,39.0,130.86,0,2025-12-15,2025-12-15,0,0
P002021,1,0,10.0,362.12,0,2024-01-28,2024-01-28,0,0
P002022,1,1,194.0,4607.78,0,2025-01-28,2025-01-28,0,0
P002023,5,2,52.2,21969.760000000002,0,2025-03-19,2026-09-16,1,1
P002024,2,1,66.0,2913.35,0,2025-09-24,2026-04-06,1,0
P002025,1,0,26.0,668.65,0,2024-12-04,2024-12-04,0,0
P002026,1,0,130.0,1239.99,0,2026-09-11,2026-09-11,0,0
P002027,2,1,89.5,8702.699999999999,0,2024-03-31,2024-11-07,1,0
P002028,2,1,30.5,2823.63,0,2024-10-13,2024-11-13,1,0
P002029,1,0,184.0,2695.41,0,2025-06-22,2025-06-22,0,0
P002030,1,0,65.0,806.21,0,2025-02-06,2025-02-06,0,0
P002031,1,1,97.0,14672.91,0,2024-08-18,2024-08-18,0,0
P002032,1,0,46.0,245.11,0,2025-09-10,2025-09-10,0,0
P002033,1,0,26.0,475.94,0,2025-01-15,2025-01-15,0,0
P002034,1,0,13.0,528.01,0,2025-12-16,2025-12-16,0,0
P002035,1,0,14.0,442.67,0,2026-05-17,2026-05-17,0,0
P002036,1,0,14.0,375.09,0,2024-10-22,2024-10-22,0,0
P002037,4,1,48.75,12946.36,0,2025-12-19,2026-09-21,1,1
P002038,1,0,49.0,1291.8,0,2024-08-13,2024-08-13,0,0
P002039,1,0,46.0,558.23,0,2024-12-24,2024-12-24,0,0
P002040,1,0,114.0,1998.45,0,2025-05-31,2025-05-31,0,0
P002041,1,1,69.0,8598.54,0,2025-09-23,2025-09-23,0,0
P002042,1,0,17.0,664.49,0,2025-08-21,2025-08-21,0,0
P002043,1,0,53.0,458.48,0,2025-10-23,2025-10-23,0,0
P002044,1,0,35.0,295.26,0,2024-05-19,2024-05-19,0,0
P002045,1,1,57.0,10164.42,0,2026-09-13,2026-09-13,0,0
P002046,3,2,44.333333333333336,16009.15,0,2026-03-07,2026-09-25,1,0
P002047,1,0,12.0,503.2,0,2024-07-08,2024-07-08,0,0
P002048,1,0,63.0,897.17,0,2026-02-11,2026-02-11,0,0
P002049,2,1,47.5,6600.94,0,2026-08-30,2026-09-21,1,0
P002050,1,0,75.0,1010.47,0,2025-10-01,2025-10-01,0,0
P002051,5,2,44.0,24742.11,0,2026-06-13,2026-09-30,1,1
P002052,1,0,17.0,126.48,0,2025-01-31,2025-01-31,0,0
P002053,1,0,55.0,307.36,0,2024-12-11,2024-12-11,0,0
P002054,1,0,25.0,1157.64,0,2025-11-16,2025-11-16,0,0
P002055,1,0,35.0,1187.25,0,2026-03-09,2026-03-09,0,0
P002056,1,0,31.0,176.34,0,2025-09-16,2025-09-16,0,0
P002057,1,0,21.0,305.48,0,2024-02-02,2024-02-02,0,0
P002058,2,1,36.5,2588.48,0,2025-01-26,2025-04-23,1,0
P002059,3,2,98.0,16771.010000000002,0,2026-06-17,2026-09-26,1,0
P002060,1,0,13.0,266.9,0,2025-11-30,2025-11-30,0,0
P002061,3,2,58.666666666666664,18235.46,0,2026-08-28,2026-09-25,1,0
P002062,1,0,41.0,451.29,0,2025-09-24,2025-09-24,0,0
P002063,6,1,50.333333333333336,10467.74,0,2024-07-30,2026-09-19,1,1
P002064,2,1,42.5,10745.97,0,2024-04-09,2024-10-29,1,0
P002065,1,0,42.0,917.26,0,2024-11-26,2024-11-26,0,0
P002066,1,0,61.0,1032.35,0,2024-10-14,2024-10-14,0,0
P002067,1,0,31.0,443.61,0,2024-04-10,2024-04-10,0,0
P002068,1,0,52.0,617.42,0,2024-08-24,2024-08-24,0,0
P002069,1,0,77.0,908.93,0,2024-02-02,2024-02-02,0,0
P002070,1,0,70.0,719.82,0,2025-07-26,2025-07-26,0,0
P002071,2,2,60.5,5722.98,0,2024-08-31,2025-05-27,1,0
P002072,2,0,23.5,1454.0,0,2024-10-13,2025-01-23,1,0
P002073,1,0,26.0,248.34,0,2024-11-29,2024-11-29,0,0
P002074,1,0,44.0,1282.66,0,2024-10-10,2024-10-10,0,0
P002075,1,1,99.0,7447.58,0,2025-12-15,2025-12-15,0,0
P002076,1,1,51.0,2733.51,0,2025-08-13,2025-08-13,0,0
P002077,2,0,48.0,1089.96,0,2024-04-17,2024-06-26,1,0
P002078,3,0,45.666666666666664,1731.57,0,2025-08-11,2026-03-19,1,0
P002079,1,0,101.0,384.07,0,2025-03-27,2025-03-27,0,0
P002080,1,1,53.0,6611.74,0,2025-02-18,2025-02-18,0,0
P002081,1,0,11.0,525.33,0,2026-06-12,2026-06-12,0,0
P002082,1,0,104.0,712.17,0,2024-01-14,2024-01-14,0,0
P002083,1,1,65.0,4394.03,0,2024-04-06,2024-04-06,0,0
P002084,3,0,53.333333333333336,2189.33,0,2024-08-14,2026-04-23,1,0
P002085,1,0,23.0,571.1,0,2025-01-18,2025-01-18,0,0
P002086,1,1,57.0,2694.92,0,2024-02-11,2024-02-11,0,0
P002087,3,1,63.666666666666664,16356.1,0,2025-10-24,2026-06-16,1,0
P002088,1,0,26.0,237.84,0,2024-04-26,2024-04-26,0,0
P002089,2,2,75.5,21222.8,0,2025-03-14,2025-12-14,1,0
P002090,2,0,48.0,1318.9299999999998,0,2024-03-24,2024-06-29,1,0
P002091,1,0,64.0,1220.99,0,2024-10-12,2024-10-12,0,0
P002092,1,0,24.0,517.19,0,2026-07-25,2026-07-25,0,0
P002093,3,0,31.666666666666668,3714.65,0,2025-10-03,2026-09-28,1,0
P002094,1,1,27.0,2272.03,0,2024-09-10,2024-09-10,0,0
P002095,3,2,43.333333333333336,16530.08,0,2025-05-17,2026-05-08,1,0
P002096,1,1,59.0,7256.54,0,2024-01-04,2024-01-04,0,0
P002097,1,0,15.0,201.76,0,2024-08-24,2024-08-24,0,0
P002098,3,1,52.666666666666664,9398.21,0,2026-07-18,2026-09-30,1,0
P002099,1,1,132.0,5352.9,0,2025-06-10,2025-06-10,0,0
P002100,1,0,77.0,943.07,0,2026-02-25,2026-02-25,0,0
P002101,1,0,21.0,566.2,0,2026-03-20,2026-03-20,0,0
P002102,2,1,32.0,4488.400000000001,0,2026-08-20,2026-08-31,1,0
P002103,2,1,27.5,9262.01,0,2025-03-23,2025-11-24,1,0
P002104,1,0,37.0,551.5,0,2026-06-28,2026-06-28,0,0
P002105,1,0,14.0,624.59,0,2026-01-31,2026-01-31,0,0
P002106,1,1,54.0,16621.53,0,2024-12-24,2024-12-24,0,0
P002107,1,0,112.0,1085.44,0,2024-10-16,2024-10-16,0,0
P002108,4,1,56.25,4311.42,0,2026-06-15,2026-09-23,1,1
P002109,6,2,38.666666666666664,16715.21,0,2024-11-10,2026-09-21,1,1
P002110,1,1,70.0,9218.83,0,2026-03-22,2026-03-22,0,0
P002111,1,0,126.0,1676.86,0,2024-02-03,2024-02-03,0,0
P002112,2,0,38.0,779.67,0,2026-06-20,2026-09-29,1,0
P002113,2,0,40.5,1237.49,0,2026-02-27,2026-05-06,1,0
P002114,1,0,30.0,1001.8,0,2024-12-19,2024-12-19,0,0
P002115,3,0,41.666666666666664,1623.99,0,2026-01-19,2026-09-20,1,0
P002116,5,1,55.6,9115.87,0,2024-07-01,2026-09-23,1,1
P002117,1,1,44.0,12260.24,0,2025-06-12,2025-06-12,0,0
P002118,6,2,55.666666666666664,27932.01,1,2025-11-06,2026-09-23,1,1
P002119,1,1,66.0,4648.0,0,2024-05-08,2024-05-08,0,0
P002120,1,0,17.0,686.43,0,2025-10-22,2025-10-22,0,0
P002121,2,1,75.5,9560.35,1,2026-07-02,2026-07-29,1,0
P002122,3,0,26.666666666666668,2147.7400000000002,0,2025-04-02,2026-08-22,1,0
P002123,6,1,75.5,25208.98,0,2025-02-05,2026-09-22,1,1
P002124,1,0,144.0,523.01,0,2024-11-10,2024-11-10,0,0
P002125,2,0,55.0,870.62,0,2025-03-29,2025-04-21,1,0
P002126,1,0,43.0,502.95,0,2024-08-20,2024-08-20,0,0
P002127,5,0,32.2,2291.55,0,2025-09-26,2026-03-03,1,1
P002128,1,0,27.0,521.19,0,2025-02-18,2025-02-18,0,0
P002129,2,0,25.5,661.42,0,2024-09-20,2025-10-28,1,0
P002130,1,1,79.0,44516.99,0,2024-03-10,2024-03-10,0,0
P002131,2,0,52.0,588.4,0,2025-03-16,2025-05-07,1,0
P002132,1,1,86.0,7336.57,0,2026-01-29,2026-01-29,0,0
P002133,1,0,87.0,976.91,0,2026-06-19,2026-06-19,0,0
P002134,2,0,102.0,1735.21,0,2026-01-08,2026-02-20,1,0
P002135,1,0,18.0,632.62,0,2024-10-11,2024-10-11,0,0
P002136,1,0,42.0,515.64,0,2026-05-08,2026-05-08,0,0
P002137,1,1,56.0,5310.8,0,2026-02-20,2026-02-20,0,0
P002138,4,1,104.5,18704.57,0,2025-02-15,2026-03-04,1,1
P002139,1,1,34.0,2264.11,0,2025-03-02,2025-03-02,0,0
P002140,2,1,51.0,10485.939999999999,1,2026-09-05,2026-09-15,1,0
P002141,3,1,54.333333333333336,16613.91,0,2026-09-03,2026-09-20,1,0
P002142,1,0,38.0,450.66,0,2024-01-08,2024-01-08,0,0
P002143,1,0,51.0,822.11,0,2025-10-24,2025-10-24,0,0
P002144,2,0,72.0,2195.06,0,2025-02-24,2026-01-24,1,0
P002145,3,1,39.666666666666664,2093.44,0,2024-03-24,2025-07-24,1,0
P002146,1,0,26.0,731.75,0,2025-03-27,2025-03-27,0,0
P002147,1,0,127.0,428.63,0,2024-08-28,2024-08-28,0,0
P002148,1,0,64.0,610.7,0,2024-09-20,2024-09-20,0,0
P002149,1,0,40.0,1056.08,0,2025-04-11,2025-04-11,0,0
P002150,1,0,60.0,719.12,0,2025-06-22,2025-06-22,0,0
P002151,1,0,37.0,704.21,0,2025-08-24,2025-08-24,0,0
P002152,2,0,61.5,745.96,0,2026-09-17,2026-09-25,1,0
P002153,1,0,39.0,366.22,0,2024-02-20,2024-02-20,0,0
P002154,1,0,164.0,1217.24,0,2024-02-04,2024-02-04,0,0
P002155,1,0,59.0,412.73,0,2026-09-04,2026-09-04,0,0
P002156,1,0,46.0,504.97,0,2024-03-13,2024-03-13,0,0
P002157,1,0,71.0,1206.16,0,2026-03-25,2026-03-25,0,0
P002158,1,0,38.0,1318.25,0,2025-09-15,2025-09-15,0,0
P002159,1,0,25.0,483.73,0,2025-06-21,2025-06-21,0,0
P002160,1,1,53.0,8934.93,0,2025-09-23,2025-09-23,0,0
P002161,1,0,39.0,323.79,0,2024-07-03,2024-07-03,0,0
P002162,2,1,26.5,8483.7,0,2025-05-23,2026-06-21,1,0
P002163,1,1,84.0,10179.82,0,2026-08-13,2026-08-13,0,0
P002164,3,0,53.0,1452.26,0,2025-12-31,2026-09-23,1,0
P002165,4,0,40.75,3397.01,0,2024-11-22,2025-10-15,1,1
P002166,2,1,24.0,1937.63,0,2025-07-15,2025-09-14,1,0
P002167,1,0,13.0,276.94,0,2026-05-27,2026-05-27,0,0
P002168,1,1,25.0,15516.0,0,2026-09-30,2026-09-30,0,0
P002169,1,1,90.0,4436.47,0,2025-07-25,2025-07-25,0,0
P002170,1,0,31.0,1094.53,0,2024-09-25,2024-09-25,0,0
P002171,2,2,60.5,9952.34,0,2024-02-12,2024-03-10,1,0
P002172,6,1,42.833333333333336,13173.98,0,2026-05-10,2026-09-28,1,1
P002173,2,1,50.0,13622.48,0,2026-02-08,2026-09-15,1,0
P002174,1,0,24.0,156.14,0,2025-04-16,2025-04-16,0,0
P002175,2,0,112.0,1345.6999999999998,0,2024-10-25,2024-11-09,1,0
P002176,4,2,50.5,9050.59,1,2025-07-09,2026-09-23,1,1
P002177,1,0,23.0,606.58,0,2024-05-22,2024-05-22,0,0
P002178,1,1,53.0,2407.09,0,2024-05-07,2024-05-07,0,0
P002179,1,0,24.0,420.54,0,2024-11-05,2024-11-05,0,0
P002180,2,0,42.5,1280.51,0,2025-07-04,2025-08-18,1,0
P002181,1,0,19.0,234.1,0,2024-01-14,2024-01-14,0,0
P002182,1,0,23.0,371.8,0,2026-01-09,2026-01-09,0,0
P002183,2,1,33.0,3091.6000000000004,0,2025-12-11,2026-03-03,1,0
P002184,1,1,58.0,5011.77,0,2025-06-03,2025-06-03,0,0
P002185,1,0,25.0,161.87,0,2024-02-18,2024-02-18,0,0
P002186,4,1,71.5,4575.73,1,2025-05-29,2026-09-27,1,1
P002187,2,1,77.0,16202.619999999999,0,2025-08-06,2026-04-17,1,0
P002188,4,1,45.75,9608.11,0,2024-10-03,2026-09-29,1,1
P002189,1,0,10.0,336.53,0,2026-06-21,2026-06-21,0,0
P002190,1,1,67.0,6276.67,0,2026-04-19,2026-04-19,0,0
P002191,1,1,51.0,18464.53,0,2024-10-10,2024-10-10,0,0
P002192,1,0,120.0,950.15,0,2026-07-29,2026-07-29,0,0
P002193,4,1,21.5,2974.06,0,2024-05-28,2026-06-14,1,1
P002194,2,0,31.0,2090.23,0,2025-11-15,2025-12-17,1,0
P002195,1,0,44.0,652.25,0,2025-10-09,2025-10-09,0,0
P002196,1,1,61.0,7915.42,0,2024-01-31,2024-01-31,0,0
P002197,1,0,25.0,253.58,0,2025-01-04,2025-01-04,0,0
P002198,1,0,69.0,615.97,0,2026-09-12,2026-09-12,0,0
P002199,2,1,29.0,7856.54,0,2024-06-16,2024-11-07,1,0
P002200,2,1,47.5,9661.64,0,2024-09-05,2025-04-02,1,0
P002201,1,1,57.0,30373.99,0,2024-12-13,2024-12-13,0,0
P002202,2,1,41.0,11566.369999999999,0,2025-04-24,2025-06-11,1,0
P002203,1,0,65.0,273.47,0,2024-05-13,2024-05-13,0,0
P002204,3,0,43.0,1541.04,0,2024-05-16,2025-10-15,1,0
P002205,1,0,24.0,873.72,0,2024-05-10,2024-05-10,0,0
P002206,2,1,20.0,2875.53,0,2025-04-29,2025-05-16,1,0
P002207,5,0,47.4,4608.4400000000005,0,2024-03-05,2025-09-08,1,1
P002208,1,1,26.0,6323.44,0,2025-05-26,2025-05-26,0,0
P002209,1,0,47.0,1826.04,0,2025-10-23,2025-10-23,0,0
P002210,2,0,34.5,926.47,0,2026-03-04,2026-03-24,1,0
P002211,2,1,163.5,3268.98,0,2025-01-12,2025-03-10,1,0
P002212,4,2,25.5,11142.12,0,2024-12-13,2025-09-14,1,1
P002213,1,0,18.0,723.76,0,2024-09-30,2024-09-30,0,0
P002214,1,0,60.0,1275.56,0,2024-02-13,2024-02-13,0,0
P002215,1,1,29.0,2744.47,0,2024-09-22,2024-09-22,0,0
P002216,4,1,34.25,21258.980000000003,0,2024-05-18,2025-07-15,1,1
P002217,3,1,42.666666666666664,10868.27,0,2026-02-11,2026-09-09,1,0
P002218,4,1,32.5,7176.79,0,2025-11-26,2026-09-27,1,1
P002219,1,0,20.0,2788.72,0,2026-08-13,2026-08-13,0,0
P002220,1,0,17.0,204.15,0,2025-08-14,2025-08-14,0,0
P002221,1,1,29.0,1938.28,0,2026-04-07,2026-04-07,0,0
P002222,1,0,87.0,831.01,0,2024-10-27,2024-10-27,0,0
P002223,3,0,63.0,1954.6999999999998,0,2024-11-24,2025-04-01,1,0
P002224,1,0,27.0,235.53,0,2026-01-11,2026-01-11,0,0
P002225,1,0,24.0,318.48,0,2024-09-27,2024-09-27,0,0
P002226,2,0,30.0,1468.59,0,2026-05-11,2026-09-26,1,0
P002227,1,0,21.0,294.11,0,2026-05-23,2026-05-23,0,0
P002228,4,3,55.75,15184.3,0,2024-02-19,2024-07-20,1,1
P002229,1,0,29.0,413.35,0,2024-07-30,2024-07-30,0,0
P002230,1,1,97.0,14940.41,0,2026-02-28,2026-02-28,0,0
P002231,2,2,111.5,10314.39,0,2025-11-26,2026-09-30,1,0
P002232,1,0,27.0,211.68,0,2024-11-02,2024-11-02,0,0
P002233,2,1,43.0,2160.95,1,2026-08-28,2026-09-27,1,0
P002234,2,1,67.5,11357.17,0,2026-05-06,2026-06-21,1,0
P002235,3,0,51.333333333333336,2408.12,0,2025-10-14,2026-07-13,1,0
P002236,2,2,66.5,28328.53,0,2025-05-09,2026-05-15,1,0
P002237,1,0,122.0,1379.53,0,2024-12-14,2024-12-14,0,0
P002238,3,1,62.666666666666664,28886.260000000002,0,2024-01-11,2024-11-23,1,0
P002239,1,0,15.0,235.28,0,2024-06-12,2024-06-12,0,0
P002240,2,0,30.5,2578.98,0,2026-08-11,2026-08-23,1,0
P002241,1,0,34.0,375.97,0,2026-07-29,2026-07-29,0,0
P002242,3,0,50.666666666666664,1983.79,0,2026-09-05,2026-09-13,1,0
P002243,2,0,15.5,1293.02,0,2024-03-04,2024-03-29,1,0
P002244,1,1,70.0,22069.45,0,2024-08-18,2024-08-18,0,0
P002245,2,1,65.5,16143.96,0,2025-02-17,2025-05-26,1,0
P002246,1,0,78.0,1323.82,0,2025-09-29,2025-09-29,0,0
P002247,1,0,14.0,522.78,0,2026-09-09,2026-09-09,0,0
P002248,1,1,33.0,2576.02,0,2025-01-13,2025-01-13,0,0
P002249,3,1,62.0,15945.36,0,2026-06-19,2026-09-11,1,0
P002250,1,0,11.0,1139.07,0,2025-02-18,2025-02-18,0,0
P002251,1,0,29.0,1065.8,0,2025-02-27,2025-02-27,0,0
P002252,1,1,68.0,9030.61,0,2026-05-27,2026-05-27,0,0
P002253,1,0,96.0,1223.04,0,2024-07-14,2024-07-14,0,0
P002254,1,0,13.0,130.81,0,2025-08-17,2025-08-17,0,0
P002255,1,1,59.0,1664.23,0,2025-05-03,2025-05-03,0,0
P002256,3,0,67.33333333333333,1494.31,0,2024-11-17,2025-05-10,1,0
P002257,2,1,64.0,1666.4199999999998,0,2025-05-11,2025-06-30,1,0
P002258,1,0,31.0,512.63,0,2026-09-06,2026-09-06,0,0
P002259,1,0,26.0,603.91,0,2026-07-20,2026-07-20,0,0
P002260,3,1,42.333333333333336,1236.27,0,2026-01-01,2026-09-13,1,0
P002261,1,0,27.0,1313.81,0,2026-07-02,2026-07-02,0,0
P002262,1,1,43.0,5300.9,0,2024-05-20,2024-05-20,0,0
P002263,1,1,65.0,15488.59,0,2024-10-04,2024-10-04,0,0
P002264,2,2,39.5,21490.75,0,2025-06-20,2025-07-01,1,0
P002265,1,0,38.0,1364.67,0,2025-08-10,2025-08-10,0,0
P002266,2,1,42.5,14269.18,0,2025-10-06,2026-09-25,1,0
P002267,2,1,21.5,2491.3599999999997,0,2025-08-02,2025-08-17,1,0
P002268,1,1,56.0,9631.59,0,2025-09-30,2025-09-30,0,0
P002269,2,0,60.0,651.74,0,2025-01-16,2025-11-17,1,0
P002270,1,1,74.0,7296.36,0,2024-04-30,2024-04-30,0,0
P002271,2,0,55.5,2135.71,0,2025-01-01,2025-02-18,1,0
P002272,1,0,18.0,249.57,0,2025-06-02,2025-06-02,0,0
P002273,3,1,68.33333333333333,12043.789999999999,0,2024-09-04,2026-09-24,1,0
P002274,1,1,49.0,5887.34,0,2024-12-04,2024-12-04,0,0
P002275,1,0,51.0,1316.17,0,2024-08-11,2024-08-11,0,0
P002276,2,0,25.0,1024.77,0,2025-01-19,2026-01-13,1,0
P002277,2,0,61.5,1457.08,0,2025-08-09,2026-03-22,1,0
P002278,1,1,56.0,17529.87,0,2024-02-04,2024-02-04,0,0
P002279,2,1,39.5,2250.6499999999996,0,2024-02-04,2024-11-15,1,0
P002280,3,0,40.333333333333336,1274.18,0,2024-11-19,2026-09-21,1,0
P002281,1,0,51.0,455.25,0,2024-08-18,2024-08-18,0,0
P002282,2,0,41.5,463.65,0,2025-01-26,2025-08-24,1,0
P002283,1,0,24.0,317.38,0,2025-07-26,2025-07-26,0,0
P002284,1,0,49.0,356.29,0,2025-03-12,2025-03-12,0,0
P002285,5,1,33.2,3731.77,0,2026-04-08,2026-09-28,1,1
P002286,1,1,86.0,16277.21,0,2025-07-08,2025-07-08,0,0
P002287,1,0,41.0,948.29,0,2025-03-01,2025-03-01,0,0
P002288,1,0,13.0,268.83,0,2025-12-24,2025-12-24,0,0
P002289,1,1,43.0,1426.22,0,2025-09-17,2025-09-17,0,0
P002290,1,1,47.0,7456.3,0,2024-04-01,2024-04-01,0,0
P002291,1,1,65.0,1682.8,0,2025-10-02,2025-10-02,0,0
P002292,1,1,63.0,34360.66,0,2025-04-02,2025-04-02,0,0
P002293,1,0,156.0,563.42,0,2025-08-05,2025-08-05,0,0
P002294,4,1,54.25,3834.9,0,2026-02-03,2026-09-29,1,1
P002295,1,1,37.0,4818.53,0,2026-07-11,2026-07-11,0,0
P002296,2,1,45.5,3238.58,0,2026-04-15,2026-05-27,1,0
P002297,1,0,50.0,1296.57,0,2025-07-31,2025-07-31,0,0
P002298,1,0,33.0,804.48,0,2025-02-06,2025-02-06,0,0
P002299,3,1,63.666666666666664,10812.12,0,2024-12-26,2025-03-02,1,0
P002300,2,1,46.0,5381.0199999999995,0,2024-03-20,2024-03-30,1,0
P002301,1,1,43.0,16603.06,0,2025-12-10,2025-12-10,0,0
P002302,1,0,143.0,1054.86,0,2026-04-17,2026-04-17,0,0
P002303,1,0,134.0,423.08,0,2024-01-16,2024-01-16,0,0
P002304,2,0,20.5,730.6999999999999,0,2024-01-08,2024-07-24,1,0
P002305,1,1,40.0,7861.39,0,2026-02-16,2026-02-16,0,0
P002306,1,1,63.0,14952.51,0,2026-03-24,2026-03-24,0,0
P002307,1,0,182.0,908.03,0,2024-12-07,2024-12-07,0,0
P002308,1,0,13.0,393.59,0,2024-07-05,2024-07-05,0,0
P002309,5,1,42.0,5825.639999999999,0,2025-04-10,2026-08-23,1,1
P002310,1,0,22.0,323.0,0,2026-03-12,2026-03-12,0,0
P002311,1,0,31.0,535.7,0,2026-03-26,2026-03-26,0,0
P002312,1,0,32.0,765.95,0,2024-01-14,2024-01-14,0,0
P002313,3,0,26.666666666666668,2159.78,0,2025-03-01,2025-09-18,1,0
P002314,1,0,33.0,243.6,0,2024-01-11,2024-01-11,0,0
P002315,5,1,37.6,3918.21,1,2025-11-19,2026-09-28,1,1
P002316,2,1,54.0,4629.82,0,2026-07-07,2026-09-24,1,0
P002317,1,1,49.0,3641.16,0,2026-08-17,2026-08-17,0,0
P002318,1,0,63.0,371.14,0,2026-06-23,2026-06-23,0,0
P002319,1,1,58.0,8149.61,0,2026-04-04,2026-04-04,0,0
P002320,1,0,83.0,794.78,0,2026-02-16,2026-02-16,0,0
P002321,2,1,54.0,4255.26,0,2026-09-16,2026-09-18,1,0
P002322,3,0,30.666666666666668,3520.42,0,2024-11-10,2026-03-03,1,0
P002323,1,1,96.0,6302.82,0,2026-09-28,2026-09-28,0,0
P002324,1,0,10.0,461.44,0,2024-05-06,2024-05-06,0,0
P002325,3,2,58.333333333333336,15967.289999999999,0,2025-05-17,2026-04-03,1,0
P002326,1,1,27.0,6175.31,0,2026-01-16,2026-01-16,0,0
P002327,1,0,24.0,355.8,0,2025-02-24,2025-02-24,0,0
P002328,1,0,20.0,527.57,0,2025-11-07,2025-11-07,0,0
P002329,2,0,52.5,1545.55,0,2026-09-08,2026-09-22,1,0
P002330,1,0,35.0,876.59,0,2025-12-23,2025-12-23,0,0
P002331,1,0,67.0,1116.39,0,2025-05-28,2025-05-28,0,0
P002332,1,0,30.0,614.38,0,2024-05-02,2024-05-02,0,0
P002333,1,0,38.0,256.38,0,2024-01-13,2024-01-13,0,0
P002334,1,0,71.0,1423.44,0,2026-02-15,2026-02-15,0,0
P002335,1,0,34.0,229.24,0,2024-08-16,2024-08-16,0,0
P002336,1,0,7.0,697.19,0,2026-09-01,2026-09-01,0,0
P002337,1,0,17.0,192.1,0,2024-07-20,2024-07-20,0,0
P002338,2,0,61.0,1784.0900000000001,0,2026-09-07,2026-09-22,1,0
P002339,1,1,68.0,9710.41,0,2024-12-02,2024-12-02,0,0
P002340,2,2,65.5,5765.54,0,2024-04-13,2025-01-31,1,0
P002341,2,0,64.5,2504.8599999999997,0,2024-01-09,2024-02-21,1,0
P002342,5,2,44.4,23672.77,1,2026-01-01,2026-09-23,1,1
P002343,2,0,47.0,1087.3799999999999,0,2026-01-06,2026-09-26,1,0
P002344,2,0,27.0,875.9100000000001,0,2025-06-16,2026-07-20,1,0
P002345,1,0,56.0,919.62,0,2025-10-30,2025-10-30,0,0
P002346,1,1,23.0,948.89,0,2024-08-30,2024-08-30,0,0
P002347,1,1,60.0,1499.73,0,2025-09-20,2025-09-20,0,0
P002348,1,1,88.0,7076.52,0,2025-05-04,2025-05-04,0,0
P002349,1,0,10.0,337.48,0,2024-01-24,2024-01-24,0,0
P002350,1,0,228.0,1372.42,0,2026-08-13,2026-08-13,0,0
P002351,5,1,58.0,14490.81,0,2024-11-16,2026-03-10,1,1
P002352,1,0,25.0,515.15,0,2025-01-03,2025-01-03,0,0
P002353,1,0,16.0,1240.82,0,2025-03-15,2025-03-15,0,0
P002354,1,0,228.0,519.77,0,2024-05-22,2024-05-22,0,0
P002355,1,0,36.0,235.16,0,2026-07-24,2026-07-24,0,0
P002356,1,1,58.0,6418.72,0,2025-05-13,2025-05-13,0,0
P002357,1,0,23.0,289.74,0,2025-08-31,2025-08-31,0,0
P002358,1,1,42.0,2570.15,0,2025-12-08,2025-12-08,0,0
P002359,1,0,26.0,246.12,0,2026-05-27,2026-05-27,0,0
P002360,1,0,16.0,299.56,0,2026-03-28,2026-03-28,0,0
P002361,1,0,26.0,275.13,0,2025-09-27,2025-09-27,0,0
P002362,1,0,70.0,773.91,0,2024-05-06,2024-05-06,0,0
P002363,1,0,104.0,637.01,0,2026-02-19,2026-02-19,0,0
P002364,1,0,15.0,267.01,0,2025-06-10,2025-06-10,0,0
P002365,2,1,48.0,39277.670000000006,0,2024-05-09,2025-05-22,1,0
P002366,1,1,32.0,8988.95,0,2026-01-14,2026-01-14,0,0
P002367,1,0,39.0,611.49,0,2025-05-14,2025-05-14,0,0
P002368,1,0,14.0,486.2,0,2024-12-26,2024-12-26,0,0
P002369,1,0,19.0,330.7,0,2026-05-29,2026-05-29,0,0
P002370,1,0,58.0,1028.9,0,2025-02-10,2025-02-10,0,0
P002371,2,1,19.0,15388.92,0,2025-01-26,2025-08-03,1,0
P002372,2,0,117.5,1253.81,0,2024-12-08,2025-01-23,1,0
P002373,1,1,26.0,5054.16,0,2025-03-08,2025-03-08,0,0
P002374,1,1,170.0,9379.42,0,2024-08-21,2024-08-21,0,0
P002375,1,1,130.0,3039.7,0,2026-09-17,2026-09-17,0,0
P002376,1,0,115.0,540.04,0,2024-03-13,2024-03-13,0,0
P002377,1,0,170.0,896.85,0,2025-03-14,2025-03-14,0,0
P002378,3,1,43.666666666666664,2649.39,0,2025-10-09,2026-01-15,1,0
P002379,2,1,37.5,11852.02,0,2026-01-06,2026-02-22,1,0
P002380,1,0,49.0,1100.68,0,2026-05-17,2026-05-17,0,0
P002381,1,0,31.0,315.85,0,2025-12-04,2025-12-04,0,0
P002382,1,0,33.0,1657.58,0,2024-09-14,2024-09-14,0,0
P002383,1,0,20.0,594.07,0,2025-05-04,2025-05-04,0,0
P002384,2,0,37.5,931.97,0,2025-05-19,2026-03-08,1,0
P002385,1,1,66.0,36312.0,0,2024-12-03,2024-12-03,0,0
P002386,1,0,24.0,732.57,0,2026-02-25,2026-02-25,0,0
P002387,1,1,45.0,5386.17,0,2026-07-15,2026-07-15,0,0
P002388,4,0,69.5,2811.52,0,2024-04-02,2025-06-11,1,1
P002389,1,1,45.0,6261.12,0,2025-05-23,2025-05-23,0,0
P002390,4,2,74.25,9602.470000000001,0,2026-06-02,2026-09-30,1,1
P002391,1,0,29.0,182.23,0,2024-01-16,2024-01-16,0,0
P002392,1,0,81.0,1610.67,0,2025-09-29,2025-09-29,0,0
P002393,1,0,57.0,1145.64,0,2024-12-17,2024-12-17,0,0
P002394,1,1,44.0,1467.43,0,2026-03-11,2026-03-11,0,0
P002395,4,2,60.0,17057.16,0,2025-05-20,2026-09-23,1,1
P002396,1,0,30.0,220.65,0,2025-10-08,2025-10-08,0,0
P002397,2,0,46.0,1410.9899999999998,0,2024-06-26,2025-02-01,1,0
P002398,1,0,177.0,515.75,0,2024-05-12,2024-05-12,0,0
P002399,1,0,28.0,2350.84,0,2026-08-10,2026-08-10,0,0
P002400,2,0,46.5,762.0899999999999,0,2024-03-03,2024-10-30,1,0
P002401,1,1,27.0,10400.76,0,2025-10-08,2025-10-08,0,0
P002402,1,0,91.0,655.97,0,2024-11-05,2024-11-05,0,0
P002403,2,0,21.0,1143.47,0,2026-01-27,2026-03-15,1,0
P002404,1,0,27.0,675.78,0,2024-09-25,2024-09-25,0,0
P002405,1,0,60.0,210.38,0,2025-08-12,2025-08-12,0,0
P002406,1,1,34.0,2663.13,0,2024-09-21,2024-09-21,0,0
P002407,1,0,56.0,615.48,0,2025-04-30,2025-04-30,0,0
P002408,1,1,41.0,6674.94,0,2024-02-29,2024-02-29,0,0
P002409,1,0,27.0,365.42,0,2024-10-05,2024-10-05,0,0
P002410,1,1,37.0,1014.95,0,2026-03-31,2026-03-31,0,0
P002411,1,1,34.0,11851.97,0,2025-10-24,2025-10-24,0,0
P002412,2,1,49.0,8980.119999999999,1,2024-01-04,2024-01-26,1,0
P002413,1,0,36.0,2216.8,0,2024-03-19,2024-03-19,0,0
P002414,3,0,59.0,3204.17,0,2025-06-13,2026-03-29,1,0
P002415,1,0,30.0,479.22,0,2024-07-10,2024-07-10,0,0
P002416,2,0,33.5,1332.56,0,2026-05-08,2026-07-11,1,0
P002417,1,0,14.0,815.32,0,2026-07-14,2026-07-14,0,0
P002418,1,1,49.0,1228.69,0,2026-08-29,2026-08-29,0,0
P002419,2,2,105.0,3978.49,0,2025-07-23,2026-07-22,1,0
P002420,1,0,113.0,1818.02,0,2024-02-10,2024-02-10,0,0
P002421,1,1,162.0,8357.29,0,2024-09-01,2024-09-01,0,0
P002422,1,1,34.0,7984.67,0,2026-07-13,2026-07-13,0,0
P002423,1,1,30.0,6288.57,0,2025-02-18,2025-02-18,0,0
P002424,1,0,70.0,1541.46,0,2025-11-23,2025-11-23,0,0
P002425,1,1,59.0,10505.01,0,2025-04-08,2025-04-08,0,0
P002426,2,0,29.0,1284.83,0,2025-10-09,2026-08-27,1,0
P002427,2,0,21.5,699.42,0,2024-09-06,2025-05-02,1,0
P002428,1,0,21.0,107.76,0,2026-08-13,2026-08-13,0,0
P002429,2,1,172.0,9857.23,0,2025-07-05,2025-08-18,1,0
P002430,2,0,52.0,1238.67,0,2026-07-17,2026-09-22,1,0
P002431,1,1,30.0,3632.09,0,2025-05-12,2025-05-12,0,0
P002432,1,0,29.0,356.48,0,2026-05-11,2026-05-11,0,0
P002433,1,1,123.0,10110.26,0,2026-01-16,2026-01-16,0,0
P002434,1,1,96.0,5212.28,0,2024-07-28,2024-07-28,0,0
P002435,1,0,20.0,332.52,0,2026-07-06,2026-07-06,0,0
P002436,1,0,17.0,566.48,0,2024-08-31,2024-08-31,0,0
P002437,3,1,38.0,22017.03,0,2025-06-05,2026-09-12,1,0
P002438,1,1,35.0,7406.17,0,2026-03-22,2026-03-22,0,0
P002439,2,1,52.0,10202.88,0,2025-05-28,2025-07-24,1,0
P002440,3,1,45.666666666666664,7649.85,1,2026-01-12,2026-09-14,1,0
P002441,1,0,23.0,2612.92,0,2024-03-05,2024-03-05,0,0
P002442,1,0,72.0,227.69,0,2026-09-16,2026-09-16,0,0
P002443,2,0,48.0,1117.87,0,2025-02-15,2025-07-17,1,0
P002444,1,1,94.0,13882.94,0,2025-01-25,2025-01-25,0,0
P002445,3,1,41.0,6232.95,0,2025-06-11,2026-09-13,1,0
P002446,5,1,42.4,13576.19,1,2026-05-28,2026-09-29,1,1
P002447,2,0,31.5,1007.6800000000001,0,2025-12-14,2026-09-20,1,0
P002448,1,0,38.0,291.95,0,2025-03-17,2025-03-17,0,0
P002449,1,1,28.0,1165.22,0,2025-10-25,2025-10-25,0,0
P002450,2,2,31.0,19204.5,1,2025-03-20,2025-04-08,1,0
P002451,1,0,24.0,214.85,0,2024-11-21,2024-11-21,0,0
P002452,3,1,44.666666666666664,7760.83,0,2024-02-27,2025-09-11,1,0
P002453,1,0,15.0,1177.36,0,2026-08-27,2026-08-27,0,0
P002454,1,1,40.0,7460.83,0,2025-02-02,2025-02-02,0,0
P002455,4,0,43.5,3054.58,0,2024-05-18,2025-04-19,1,1
P002456,2,0,50.0,2454.74,0,2024-12-29,2025-10-31,1,0
P002457,2,1,40.0,5975.5,0,2025-06-08,2026-03-21,1,0
P002458,1,0,25.0,324.1,0,2025-03-14,2025-03-14,0,0
P002459,1,0,65.0,437.89,0,2024-08-22,2024-08-22,0,0
P002460,3,1,45.333333333333336,5348.98,0,2026-03-01,2026-06-30,1,0
P002461,1,1,60.0,20313.23,0,2025-05-15,2025-05-15,0,0
P002462,1,0,14.0,418.18,0,2026-08-29,2026-08-29,0,0
P002463,3,1,41.333333333333336,13325.57,0,2024-06-19,2026-09-20,1,0
P002464,2,2,62.5,13311.220000000001,0,2025-06-23,2026-03-31,1,0
P002465,1,1,51.0,7098.3,0,2026-01-26,2026-01-26,0,0
P002466,2,0,39.5,1735.01,0,2025-07-04,2025-09-14,1,0
P002467,1,1,69.0,19721.18,0,2024-11-13,2024-11-13,0,0
P002468,1,0,61.0,810.66,0,2024-10-01,2024-10-01,0,0
P002469,1,0,29.0,249.56,0,2025-04-09,2025-04-09,0,0
P002470,1,1,74.0,9322.62,0,2026-08-01,2026-08-01,0,0
P002471,3,1,80.66666666666667,22796.46,0,2026-03-12,2026-09-30,1,0
P002472,2,1,39.5,12968.470000000001,0,2026-05-16,2026-07-05,1,0
P002473,4,2,74.0,25743.129999999997,1,2025-12-28,2026-09-29,1,1
P002474,2,1,34.0,10649.93,0,2024-04-25,2024-07-02,1,0
P002475,2,0,37.0,3937.91,0,2025-11-23,2026-08-08,1,0
P002476,1,1,182.0,4664.17,0,2024-02-02,2024-02-02,0,0
P002477,1,0,24.0,392.38,0,2025-10-20,2025-10-20,0,0
P002478,1,1,40.0,13553.3,0,2025-05-21,2025-05-21,0,0
P002479,1,0,22.0,470.94,0,2026-04-12,2026-04-12,0,0
P002480,3,2,65.33333333333333,27416.93,0,2024-01-06,2025-03-13,1,0
P002481,1,0,47.0,616.77,0,2024-07-22,2024-07-22,0,0
P002482,3,1,32.666666666666664,9779.4,0,2026-06-13,2026-09-26,1,0
P002483,3,1,101.0,3487.8900000000003,0,2026-01-28,2026-03-29,1,0
P002484,5,2,34.8,20165.52,0,2025-09-18,2026-09-18,1,1
P002485,1,0,23.0,441.89,0,2024-12-21,2024-12-21,0,0
P002486,3,0,47.333333333333336,1439.38,0,2025-01-08,2026-05-01,1,0
P002487,2,0,25.0,1660.59,0,2025-11-20,2026-09-16,1,0
P002488,1,0,31.0,252.88,0,2024-06-14,2024-06-14,0,0
P002489,2,0,22.5,575.01,0,2024-01-10,2024-10-12,1,0
P002490,1,0,30.0,289.96,0,2026-02-21,2026-02-21,0,0
P002491,1,1,60.0,9326.73,0,2024-07-28,2024-07-28,0,0
P002492,2,2,81.0,28117.239999999998,0,2025-06-01,2025-12-06,1,0
P002493,1,1,53.0,13386.21,0,2025-02-24,2025-02-24,0,0
P002494,1,1,68.0,7176.18,0,2024-06-04,2024-06-04,0,0
P002495,3,0,39.666666666666664,1396.0,0,2025-06-04,2025-08-25,1,0
P002496,1,0,63.0,1012.17,0,2024-05-06,2024-05-06,0,0
P002497,1,0,20.0,476.06,0,2026-09-15,2026-09-15,0,0
P002498,5,1,61.0,9445.24,0,2024-09-10,2026-09-22,1,1
P002499,1,0,16.0,819.95,0,2025-05-26,2025-05-26,0,0
P002500,1,1,54.0,4959.26,0,2024-03-30,2024-03-30,0,0
P002501,3,0,42.666666666666664,2428.56,0,2026-05-09,2026-09-28,1,0
P002502,2,0,57.0,1088.9,0,2026-07-20,2026-09-21,1,0
P002503,1,0,186.0,517.89,0,2024-08-07,2024-08-07,0,0
P002504,1,0,51.0,2843.25,0,2025-01-25,2025-01-25,0,0
P002505,1,1,98.0,24657.15,0,2024-08-24,2024-08-24,0,0
P002506,1,1,130.0,3571.6,0,2026-01-26,2026-01-26,0,0
P002507,2,2,79.0,17271.77,0,2026-07-31,2026-09-30,1,0
P002508,3,1,66.33333333333333,4660.57,0,2026-08-26,2026-09-20,1,0
P002509,1,0,32.0,705.5,0,2026-07-08,2026-07-08,0,0
P002510,1,0,47.0,1397.47,0,2025-05-16,2025-05-16,0,0
P002511,1,0,20.0,747.54,0,2026-01-03,2026-01-03,0,0
P002512,3,1,37.0,12838.7,0,2025-06-04,2026-09-11,1,0
P002513,2,1,74.5,7063.54,0,2024-10-25,2025-06-25,1,0
P002514,1,0,21.0,338.08,0,2025-04-18,2025-04-18,0,0
P002515,1,1,129.0,16268.96,0,2026-05-27,2026-05-27,0,0
P002516,1,0,35.0,879.35,0,2026-03-24,2026-03-24,0,0
P002517,3,1,50.0,33949.62,0,2025-11-04,2026-04-30,1,0
P002518,2,2,44.5,11833.05,0,2026-04-16,2026-07-05,1,0
P002519,1,1,34.0,11587.61,0,2026-02-07,2026-02-07,0,0
P002520,1,1,26.0,9028.44,0,2024-02-16,2024-02-16,0,0
P002521,1,0,38.0,706.65,0,2024-07-08,2024-07-08,0,0
P002522,1,1,58.0,17160.01,0,2024-08-27,2024-08-27,0,0
P002523,4,0,33.75,3920.0299999999997,0,2025-07-28,2026-09-27,1,1
P002524,1,1,58.0,6689.51,0,2024-10-21,2024-10-21,0,0
P002525,2,1,57.0,15847.63,0,2024-04-20,2024-11-03,1,0
P002526,2,1,41.5,1948.23,0,2025-10-26,2025-11-18,1,0
P002527,1,0,164.0,409.13,0,2026-03-16,2026-03-16,0,0
P002528,2,1,57.0,2855.0099999999998,0,2024-07-01,2025-04-24,1,0
P002529,1,0,44.0,444.61,0,2024-12-31,2024-12-31,0,0
P002530,3,0,19.0,1832.03,0,2024-07-27,2026-02-05,1,0
P002531,4,0,60.0,4133.63,0,2024-10-17,2025-10-18,1,1
P002532,2,1,47.0,12280.59,0,2026-08-23,2026-09-30,1,0
P002533,1,0,81.0,779.07,0,2025-03-17,2025-03-17,0,0
P002534,1,0,56.0,1843.09,0,2025-09-27,2025-09-27,0,0
P002535,1,1,82.0,12354.68,0,2025-12-11,2025-12-11,0,0
P002536,2,0,75.5,1904.5900000000001,0,2024-06-20,2024-08-26,1,0
P002537,5,2,49.4,23334.37,0,2024-11-22,2025-12-24,1,1
P002538,4,0,99.75,2993.6899999999996,0,2025-09-25,2026-09-29,1,1
P002539,1,0,50.0,1311.19,0,2026-07-20,2026-07-20,0,0
P002540,1,0,26.0,427.68,0,2024-12-10,2024-12-10,0,0
P002541,1,0,120.0,685.0,0,2024-05-27,2024-05-27,0,0
P002542,1,1,81.0,10531.87,0,2024-06-07,2024-06-07,0,0
P002543,1,0,39.0,625.81,0,2024-10-09,2024-10-09,0,0
P002544,1,0,28.0,583.75,0,2025-07-12,2025-07-12,0,0
P002545,1,1,41.0,2786.08,0,2024-03-17,2024-03-17,0,0
P002546,3,3,59.666666666666664,26822.28,1,2026-08-01,2026-09-21,1,0
P002547,1,1,33.0,2075.24,0,2025-02-07,2025-02-07,0,0
P002548,2,1,53.5,12538.75,0,2024-11-02,2025-01-17,1,0
P002549,2,0,20.5,1245.2,0,2024-10-22,2025-05-30,1,0
P002550,1,1,56.0,2541.15,0,2025-01-28,2025-01-28,0,0
P002551,1,0,24.0,297.12,0,2026-06-21,2026-06-21,0,0
P002552,1,1,56.0,1339.76,0,2025-10-30,2025-10-30,0,0
P002553,1,0,15.0,308.25,0,2025-11-20,2025-11-20,0,0
P002554,1,0,23.0,475.88,0,2026-05-06,2026-05-06,0,0
P002555,1,0,11.0,262.75,0,2026-06-25,2026-06-25,0,0
P002556,1,1,129.0,5495.88,0,2026-04-25,2026-04-25,0,0
P002557,1,0,32.0,1427.75,0,2024-11-26,2024-11-26,0,0
P002558,2,0,41.5,1763.94,0,2024-08-07,2025-05-25,1,0
P002559,4,0,65.75,2745.52,0,2026-06-04,2026-09-30,1,1
P002560,2,1,40.0,7894.57,0,2025-03-01,2025-10-30,1,0
P002561,1,0,17.0,467.63,0,2025-02-19,2025-02-19,0,0
P002562,1,0,21.0,384.63,0,2026-05-14,2026-05-14,0,0
P002563,3,0,57.333333333333336,2525.11,0,2025-02-13,2025-09-04,1,0
P002564,5,2,85.4,21186.16,0,2025-09-15,2026-09-26,1,1
P002565,4,1,63.5,11407.11,0,2026-05-07,2026-09-30,1,1
P002566,4,1,82.25,8284.13,0,2026-08-30,2026-09-20,1,1
P002567,2,1,56.5,1710.04,0,2024-11-26,2025-03-04,1,0
P002568,1,1,41.0,6828.04,0,2024-08-31,2024-08-31,0,0
P002569,4,2,43.0,15438.67,0,2025-06-03,2026-08-17,1,1
P002570,1,0,130.0,1178.92,0,2024-09-18,2024-09-18,0,0
P002571,1,0,91.0,729.01,0,2026-08-29,2026-08-29,0,0
P002572,1,0,16.0,391.49,0,2025-07-06,2025-07-06,0,0
P002573,1,0,137.0,735.33,0,2024-02-14,2024-02-14,0,0
P002574,6,2,59.333333333333336,46998.509999999995,0,2026-01-29,2026-09-30,1,1
P002575,1,0,241.0,847.15,0,2024-09-03,2024-09-03,0,0
P002576,1,1,30.0,9949.77,0,2025-02-06,2025-02-06,0,0
P002577,1,0,20.0,586.17,0,2025-02-28,2025-02-28,0,0
P002578,2,1,26.5,2352.16,0,2024-11-11,2025-07-28,1,0
P002579,3,0,74.33333333333333,3157.03,0,2026-07-28,2026-09-26,1,0
P002580,1,1,42.0,2001.88,0,2024-07-24,2024-07-24,0,0
P002581,1,1,49.0,7051.3,0,2024-09-07,2024-09-07,0,0
P002582,3,1,87.33333333333333,4918.46,0,2026-05-05,2026-09-22,1,0
P002583,3,1,24.666666666666668,8101.74,0,2026-01-25,2026-09-28,1,0
P002584,1,1,63.0,4882.43,0,2025-09-11,2025-09-11,0,0
P002585,2,1,106.5,2891.48,0,2024-04-08,2024-06-20,1,0
P002586,2,0,21.0,828.19,0,2026-03-22,2026-05-30,1,0
P002587,3,1,61.0,8538.16,0,2025-05-11,2026-09-10,1,0
P002588,2,1,33.0,10648.4,0,2025-10-23,2026-09-05,1,0
P002589,1,0,75.0,2656.48,0,2026-05-25,2026-05-25,0,0
P002590,3,2,47.0,19933.989999999998,0,2026-07-19,2026-09-27,1,0
P002591,1,1,79.0,2031.02,0,2025-01-21,2025-01-21,0,0
P002592,3,0,31.333333333333332,906.01,0,2026-03-04,2026-09-26,1,0
P002593,2,0,56.0,2019.55,0,2026-03-30,2026-05-05,1,0
P002594,1,0,12.0,248.75,0,2024-09-09,2024-09-09,0,0
P002595,1,0,57.0,292.23,0,2024-04-19,2024-04-19,0,0
P002596,1,0,71.0,881.91,0,2024-02-25,2024-02-25,0,0
P002597,1,0,24.0,250.69,0,2025-11-28,2025-11-28,0,0
P002598,1,0,27.0,416.7,0,2026-05-26,2026-05-26,0,0
P002599,2,1,73.0,2774.05,0,2025-07-27,2025-08-19,1,0
P002600,3,2,65.0,24060.41,0,2025-03-30,2026-03-18,1,0
P002601,1,0,42.0,542.51,0,2024-11-13,2024-11-13,0,0
P002602,1,0,20.0,364.25,0,2025-03-31,2025-03-31,0,0
P002603,1,1,36.0,8057.13,0,2026-08-30,2026-08-30,0,0
P002604,1,1,80.0,1845.04,0,2025-08-02,2025-08-02,0,0
P002605,3,1,58.666666666666664,19701.43,0,2025-03-22,2026-06-08,1,0
P002606,1,1,30.0,5753.39,0,2024-10-20,2024-10-20,0,0
P002607,1,1,60.0,11623.35,0,2024-11-06,2024-11-06,0,0
P002608,1,0,20.0,539.01,0,2024-01-13,2024-01-13,0,0
P002609,2,1,36.5,6104.45,0,2024-08-13,2024-09-25,1,0
P002610,1,0,25.0,508.34,0,2025-06-27,2025-06-27,0,0
P002611,1,0,156.0,1801.45,0,2026-01-03,2026-01-03,0,0
P002612,1,1,29.0,5535.88,0,2025-12-06,2025-12-06,0,0
P002613,3,1,104.66666666666667,3762.21,0,2026-04-03,2026-09-29,1,0
P002614,1,0,28.0,453.14,0,2025-08-26,2025-08-26,0,0
P002615,1,1,79.0,7489.86,0,2025-02-02,2025-02-02,0,0
P002616,1,0,21.0,630.98,0,2025-03-20,2025-03-20,0,0
P002617,4,1,48.5,8563.33,0,2024-06-02,2025-02-19,1,1
P002618,2,0,35.0,735.93,0,2026-07-04,2026-07-23,1,0
P002619,1,0,25.0,613.15,0,2024-04-12,2024-04-12,0,0
P002620,2,0,79.0,3100.63,0,2024-11-28,2024-12-09,1,0
P002621,1,1,35.0,1676.49,0,2025-09-22,2025-09-22,0,0
P002622,1,0,47.0,791.22,0,2025-08-27,2025-08-27,0,0
P002623,1,0,21.0,324.03,0,2026-07-14,2026-07-14,0,0
P002624,1,0,32.0,200.79,0,2026-07-19,2026-07-19,0,0
P002625,4,1,87.5,14410.11,0,2024-03-13,2024-09-28,1,1
P002626,1,0,13.0,346.11,0,2026-07-05,2026-07-05,0,0
P002627,1,0,55.0,1184.08,0,2024-06-16,2024-06-16,0,0
P002628,2,0,39.5,1538.88,0,2026-02-23,2026-09-21,1,0
P002629,1,0,30.0,522.07,0,2024-03-12,2024-03-12,0,0
P002630,1,1,240.0,7619.19,0,2025-03-19,2025-03-19,0,0
P002631,1,0,138.0,394.92,0,2025-03-21,2025-03-21,0,0
P002632,1,0,26.0,153.3,0,2024-08-21,2024-08-21,0,0
P002633,1,0,19.0,262.31,0,2026-08-22,2026-08-22,0,0
P002634,1,0,21.0,906.42,0,2025-07-13,2025-07-13,0,0
P002635,6,0,34.5,6374.8099999999995,0,2025-01-13,2026-05-15,1,1
P002636,3,0,49.666666666666664,1599.01,0,2025-09-13,2026-05-31,1,0
P002637,1,0,38.0,506.44,0,2026-03-05,2026-03-05,0,0
P002638,2,0,69.5,3824.69,0,2024-12-17,2025-03-28,1,0
P002639,1,1,67.0,5957.12,0,2024-09-23,2024-09-23,0,0
P002640,1,0,35.0,560.2,0,2024-11-29,2024-11-29,0,0
P002641,3,0,76.66666666666667,2452.5,0,2024-09-23,2026-01-28,1,0
P002642,1,0,51.0,521.79,0,2025-01-17,2025-01-17,0,0
P002643,1,0,46.0,336.65,0,2025-12-30,2025-12-30,0,0
P002644,1,0,35.0,483.72,0,2024-06-21,2024-06-21,0,0
P002645,1,0,30.0,760.27,0,2026-08-17,2026-08-17,0,0
P002646,2,1,111.5,14172.910000000002,0,2026-01-21,2026-02-06,1,0
P002647,1,0,110.0,452.65,0,2025-05-10,2025-05-10,0,0
P002648,2,0,29.5,2624.87,0,2024-11-14,2024-12-21,1,0
P002649,1,1,62.0,3316.91,0,2025-03-11,2025-03-11,0,0
P002650,1,1,66.0,1422.81,0,2024-04-22,2024-04-22,0,0
P002651,4,1,53.0,9697.35,1,2026-05-16,2026-08-04,1,1
P002652,1,0,58.0,438.03,0,2024-05-08,2024-05-08,0,0
P002653,1,1,31.0,5920.78,0,2024-12-12,2024-12-12,0,0
P002654,3,0,31.0,1352.03,0,2024-01-25,2024-05-01,1,0
P002655,1,0,39.0,573.63,0,2024-07-09,2024-07-09,0,0
P002656,1,1,49.0,3126.89,0,2026-02-20,2026-02-20,0,0
P002657,4,1,65.5,13055.8,1,2025-12-25,2026-09-29,1,1
P002658,1,1,58.0,7638.05,0,2026-02-09,2026-02-09,0,0
P002659,1,0,21.0,248.76,0,2026-09-17,2026-09-17,0,0
P002660,2,2,27.5,9828.98,0,2024-07-24,2024-08-12,1,0
P002661,2,1,56.0,14890.95,0,2026-04-30,2026-09-12,1,0
P002662,2,1,43.0,11185.82,0,2026-02-01,2026-09-10,1,0
P002663,2,0,37.0,938.79,0,2025-07-30,2025-10-24,1,0
P002664,1,0,38.0,2121.96,0,2026-08-01,2026-08-01,0,0
P002665,1,0,73.0,1229.5,0,2025-02-26,2025-02-26,0,0
P002666,3,0,25.333333333333332,1926.62,0,2026-04-10,2026-09-26,1,0
P002667,1,0,45.0,561.04,0,2026-03-29,2026-03-29,0,0
P002668,1,0,23.0,403.32,0,2026-08-01,2026-08-01,0,0
P002669,2,1,48.0,5990.94,0,2025-07-18,2026-02-12,1,0
P002670,1,0,40.0,291.42,0,2025-01-03,2025-01-03,0,0
P002671,1,0,80.0,864.84,0,2026-01-03,2026-01-03,0,0
P002672,1,0,27.0,224.21,0,2025-01-12,2025-01-12,0,0
P002673,3,0,20.666666666666668,1539.08,0,2025-11-19,2026-06-20,1,0
P002674,1,0,58.0,1806.91,0,2025-01-30,2025-01-30,0,0
P002675,1,0,112.0,1460.6,0,2024-12-16,2024-12-16,0,0
P002676,2,0,58.0,1609.0300000000002,0,2024-03-04,2025-04-18,1,0
P002677,2,1,54.0,10954.029999999999,0,2025-01-25,2025-06-28,1,0
P002678,1,0,27.0,475.62,0,2025-11-21,2025-11-21,0,0
P002679,1,0,32.0,474.12,0,2024-04-23,2024-04-23,0,0
P002680,1,0,23.0,729.74,0,2024-07-24,2024-07-24,0,0
P002681,2,1,47.0,2131.45,0,2025-12-01,2026-01-23,1,0
P002682,1,0,58.0,1698.52,0,2025-02-18,2025-02-18,0,0
P002683,2,1,49.5,6226.339999999999,1,2026-01-21,2026-02-13,1,0
P002684,3,0,21.333333333333332,1435.28,0,2025-02-12,2026-03-22,1,0
P002685,1,1,22.0,1271.44,0,2024-04-11,2024-04-11,0,0
P002686,2,1,32.0,4033.44,0,2025-05-27,2025-09-13,1,0
P002687,1,0,12.0,676.16,0,2024-11-08,2024-11-08,0,0
P002688,3,1,39.0,6833.65,0,2024-11-25,2025-01-15,1,0
P002689,1,0,11.0,904.04,0,2024-07-16,2024-07-16,0,0
P002690,1,0,13.0,598.91,0,2025-02-18,2025-02-18,0,0
P002691,2,1,89.5,8792.66,0,2025-03-05,2025-07-19,1,0
P002692,1,0,22.0,253.14,0,2024-09-19,2024-09-19,0,0
P002693,1,0,16.0,307.73,0,2024-03-13,2024-03-13,0,0
P002694,3,0,29.0,3265.27,0,2024-05-25,2025-12-09,1,0
P002695,2,1,40.0,16551.27,0,2024-12-18,2025-10-09,1,0
P002696,1,0,18.0,191.82,0,2026-01-02,2026-01-02,0,0
P002697,4,0,53.25,3268.07,0,2025-03-06,2026-08-25,1,1
P002698,1,0,32.0,190.06,0,2025-03-27,2025-03-27,0,0
P002699,5,2,94.8,25381.37,0,2026-06-04,2026-09-28,1,1
P002700,1,0,78.0,606.52,0,2026-03-20,2026-03-20,0,0
P002701,1,1,77.0,12964.64,0,2026-07-06,2026-07-06,0,0
P002702,2,0,57.5,1899.08,0,2024-05-18,2024-07-09,1,0
P002703,2,1,73.0,2538.79,0,2025-02-14,2025-05-13,1,0
P002704,2,0,43.5,959.75,0,2025-03-15,2025-04-03,1,0
P002705,2,0,126.5,1672.0700000000002,0,2026-09-05,2026-09-17,1,0
P002706,1,0,22.0,264.45,0,2024-08-09,2024-08-09,0,0
P002707,4,2,43.25,17004.14,0,2025-12-26,2026-09-29,1,1
P002708,1,1,57.0,40345.1,0,2024-02-04,2024-02-04,0,0
P002709,2,1,36.5,1641.07,0,2024-11-06,2024-11-28,1,0
P002710,3,0,62.666666666666664,3305.14,0,2025-05-03,2026-06-11,1,0
P002711,1,1,46.0,15793.99,0,2025-07-26,2025-07-26,0,0
P002712,1,0,68.0,893.46,0,2025-02-28,2025-02-28,0,0
P002713,1,0,23.0,149.48,0,2026-08-21,2026-08-21,0,0
P002714,1,0,100.0,331.2,0,2025-07-22,2025-07-22,0,0
P002715,1,0,27.0,260.93,0,2024-04-13,2024-04-13,0,0
P002716,3,1,70.66666666666667,20564.530000000002,0,2024-01-28,2024-11-07,1,0
P002717,1,1,49.0,21344.27,0,2025-05-16,2025-05-16,0,0
P002718,2,1,28.5,3800.37,0,2025-02-20,2025-06-04,1,0
P002719,3,0,117.66666666666667,1969.39,0,2025-11-08,2026-08-24,1,0
P002720,1,0,13.0,374.92,0,2024-11-02,2024-11-02,0,0
P002721,3,0,43.0,1092.28,0,2024-08-08,2025-02-11,1,0
P002722,4,2,32.5,16034.08,0,2026-01-22,2026-09-24,1,1
P002723,1,0,40.0,822.7,0,2025-08-29,2025-08-29,0,0
P002724,3,0,102.33333333333333,4418.34,0,2026-03-20,2026-09-13,1,0
P002725,1,0,14.0,324.98,0,2026-09-17,2026-09-17,0,0
P002726,1,0,27.0,751.67,0,2026-07-31,2026-07-31,0,0
P002727,1,0,22.0,292.71,0,2026-07-21,2026-07-21,0,0
P002728,1,0,32.0,655.27,0,2024-05-01,2024-05-01,0,0
P002729,1,1,103.0,7794.71,0,2025-07-29,2025-07-29,0,0
P002730,1,0,45.0,637.95,0,2026-08-06,2026-08-06,0,0
P002731,3,2,38.0,24389.219999999998,0,2024-11-22,2026-01-11,1,0
P002732,1,0,23.0,397.17,0,2025-08-01,2025-08-01,0,0
P002733,1,0,19.0,806.84,0,2025-03-24,2025-03-24,0,0
P002734,2,0,7.5,1307.57,0,2025-03-14,2025-03-21,1,0
P002735,1,0,21.0,649.93,0,2024-04-07,2024-04-07,0,0
P002736,2,1,49.5,1661.0,0,2026-01-13,2026-05-19,1,0
P002737,2,1,66.5,11900.080000000002,0,2025-10-12,2025-11-12,1,0
P002738,2,2,89.0,11794.3,0,2025-06-29,2026-07-28,1,0
P002739,1,1,50.0,1104.21,0,2025-11-20,2025-11-20,0,0
P002740,2,0,51.5,2267.29,0,2024-03-06,2024-11-04,1,0
P002741,5,2,68.4,30992.149999999998,0,2024-08-05,2026-09-17,1,1
P002742,3,1,45.0,10589.74,0,2025-10-06,2026-09-22,1,0
P002743,1,0,15.0,726.24,0,2026-01-01,2026-01-01,0,0
P002744,2,0,18.5,518.31,0,2026-03-06,2026-05-09,1,0
P002745,3,0,29.666666666666668,1911.73,0,2025-02-04,2025-11-08,1,0
P002746,1,0,98.0,2304.25,0,2024-06-02,2024-06-02,0,0
P002747,1,0,17.0,248.48,0,2026-06-07,2026-06-07,0,0
P002748,3,0,35.0,1833.78,0,2025-04-19,2025-11-07,1,0
P002749,4,2,56.0,19457.77,0,2024-03-18,2026-05-19,1,1
P002750,1,0,40.0,215.62,0,2025-04-03,2025-04-03,0,0
P002751,1,1,115.0,11539.02,0,2026-08-31,2026-08-31,0,0
P002752,1,0,126.0,1897.28,0,2026-06-22,2026-06-22,0,0
P002753,1,0,23.0,289.33,0,2026-07-15,2026-07-15,0,0
P002754,1,0,118.0,928.34,0,2025-08-19,2025-08-19,0,0
P002755,1,1,57.0,31095.44,0,2024-12-19,2024-12-19,0,0
P002756,1,0,21.0,891.35,0,2026-09-17,2026-09-17,0,0
P002757,4,1,55.5,13786.87,0,2024-04-07,2025-05-29,1,1
P002758,1,1,97.0,10351.51,0,2026-03-10,2026-03-10,0,0
P002759,1,0,41.0,378.99,0,2026-03-09,2026-03-09,0,0
P002760,2,1,25.5,13698.64,0,2025-01-10,2025-06-20,1,0
P002761,1,1,49.0,19491.3,0,2025-01-13,2025-01-13,0,0
P002762,1,1,71.0,14586.4,0,2024-11-17,2024-11-17,0,0
P002763,1,0,29.0,428.59,0,2026-02-10,2026-02-10,0,0
P002764,1,1,50.0,1146.74,0,2024-09-03,2024-09-03,0,0
P002765,2,0,18.0,760.97,0,2024-03-15,2024-11-03,1,0
P002766,2,0,96.0,1523.42,0,2024-04-26,2024-07-15,1,0
P002767,2,1,62.5,15642.68,0,2026-05-16,2026-07-27,1,0
P002768,1,0,19.0,525.79,0,2026-05-01,2026-05-01,0,0
P002769,1,0,46.0,339.21,0,2025-10-28,2025-10-28,0,0
P002770,1,0,17.0,876.64,0,2026-01-09,2026-01-09,0,0
P002771,4,1,34.25,2997.02,0,2026-04-17,2026-08-29,1,1
P002772,5,0,39.0,2717.7,0,2025-01-26,2026-01-04,1,1
P002773,1,0,29.0,269.95,0,2024-11-18,2024-11-18,0,0
P002774,1,0,32.0,643.67,0,2024-04-12,2024-04-12,0,0
P002775,3,2,74.66666666666667,22467.79,0,2025-03-04,2026-04-15,1,0
P002776,1,0,20.0,147.42,0,2025-03-17,2025-03-17,0,0
P002777,1,0,70.0,618.41,0,2026-08-22,2026-08-22,0,0
P002778,1,0,35.0,235.62,0,2024-01-25,2024-01-25,0,0
P002779,1,0,16.0,284.14,0,2025-08-07,2025-08-07,0,0
P002780,1,1,94.0,26526.32,0,2025-05-16,2025-05-16,0,0
P002781,3,0,73.33333333333333,2461.4300000000003,0,2026-09-13,2026-09-20,1,0
P002782,1,0,99.0,1040.1,0,2026-08-30,2026-08-30,0,0
P002783,1,1,73.0,2202.85,0,2025-06-23,2025-06-23,0,0
P002784,1,1,54.0,1348.11,0,2024-09-27,2024-09-27,0,0
P002785,1,0,27.0,648.31,0,2026-05-05,2026-05-05,0,0
P002786,5,1,31.8,5047.15,1,2024-12-30,2026-09-25,1,1
P002787,1,1,86.0,11685.19,0,2025-06-10,2025-06-10,0,0
P002788,1,0,105.0,1486.96,0,2025-04-10,2025-04-10,0,0
P002789,2,0,77.0,1608.8500000000001,0,2025-08-25,2025-11-20,1,0
P002790,1,0,26.0,414.93,0,2025-05-17,2025-05-17,0,0
P002791,1,0,31.0,1166.13,0,2024-12-18,2024-12-18,0,0
P002792,5,0,41.2,4144.85,0,2025-09-02,2026-09-26,1,1
P002793,1,0,31.0,578.91,0,2025-12-19,2025-12-19,0,0
P002794,3,1,74.0,7891.39,1,2025-11-24,2026-09-20,1,0
P002795,1,0,57.0,791.53,0,2025-07-24,2025-07-24,0,0
P002796,1,0,242.0,935.46,0,2024-06-30,2024-06-30,0,0
P002797,1,0,21.0,2028.06,0,2025-06-13,2025-06-13,0,0
P002798,1,0,46.0,1210.82,0,2025-03-07,2025-03-07,0,0
P002799,1,0,99.0,815.2,0,2026-07-23,2026-07-23,0,0
P002800,1,1,45.0,10379.54,0,2025-12-08,2025-12-08,0,0
P002801,1,0,9.0,768.86,0,2025-09-21,2025-09-21,0,0
P002802,3,0,104.66666666666667,3490.6000000000004,0,2024-09-01,2026-08-31,1,0
P002803,2,1,83.0,2330.52,0,2026-02-25,2026-04-24,1,0
P002804,1,1,62.0,14329.39,0,2024-07-09,2024-07-09,0,0
P002805,1,1,80.0,7351.71,0,2025-11-30,2025-11-30,0,0
P002806,2,2,101.0,15057.16,0,2025-04-20,2025-11-02,1,0
P002807,1,1,37.0,1483.43,0,2025-01-30,2025-01-30,0,0
P002808,3,1,63.666666666666664,1868.72,0,2024-05-05,2024-11-17,1,0
P002809,1,0,26.0,680.04,0,2024-04-04,2024-04-04,0,0
P002810,1,0,21.0,928.97,0,2024-08-23,2024-08-23,0,0
P002811,1,0,43.0,762.71,0,2025-09-05,2025-09-05,0,0
P002812,1,0,32.0,806.12,0,2025-11-16,2025-11-16,0,0
P002813,1,1,55.0,10519.35,0,2026-03-31,2026-03-31,0,0
P002814,2,1,34.5,2370.84,0,2024-11-29,2025-07-20,1,0
P002815,1,0,66.0,1992.09,0,2025-04-26,2025-04-26,0,0
P002816,1,0,23.0,226.79,0,2026-05-16,2026-05-16,0,0
P002817,2,1,53.0,23427.649999999998,0,2025-09-16,2026-03-11,1,0
P002818,2,0,15.0,1061.97,0,2026-09-07,2026-09-21,1,0
P002819,2,0,14.0,889.23,0,2025-02-21,2025-10-30,1,0
P002820,2,1,50.5,18909.5,0,2025-12-22,2026-09-19,1,0
P002821,1,0,152.0,669.78,0,2024-06-20,2024-06-20,0,0
P002822,2,1,69.0,4578.87,0,2025-01-31,2026-01-04,1,0
P002823,1,1,34.0,8492.38,0,2025-11-16,2025-11-16,0,0
P002824,1,0,82.0,548.39,0,2024-10-19,2024-10-19,0,0
P002825,2,2,44.5,10061.07,0,2024-12-19,2025-03-14,1,0
P002826,1,0,16.0,266.55,0,2026-03-01,2026-03-01,0,0
P002827,1,1,50.0,6983.86,0,2026-05-14,2026-05-14,0,0
P002828,2,1,29.0,11313.710000000001,0,2024-10-02,2024-11-08,1,0
P002829,1,1,77.0,8552.44,0,2025-07-11,2025-07-11,0,0
P002830,1,1,21.0,2225.27,0,2025-02-21,2025-02-21,0,0
P002831,4,2,44.0,16040.85,0,2025-04-12,2026-09-29,1,1
P002832,1,0,30.0,779.78,0,2025-04-12,2025-04-12,0,0
P002833,2,2,41.0,19871.17,0,2024-01-17,2025-01-31,1,0
P002834,2,2,89.0,18073.26,0,2026-03-27,2026-04-21,1,0
P002835,1,1,61.0,1670.53,0,2026-02-09,2026-02-09,0,0
P002836,1,0,50.0,588.29,0,2025-06-17,2025-06-17,0,0
P002837,2,0,34.5,906.46,0,2024-03-13,2024-05-30,1,0
P002838,2,2,47.0,20285.55,0,2025-07-19,2025-07-27,1,0
P002839,3,1,33.666666666666664,11589.02,0,2025-07-15,2026-05-13,1,0
P002840,3,0,31.333333333333332,3098.93,0,2025-08-01,2025-12-07,1,0
P002841,2,1,56.5,5491.79,0,2025-12-05,2026-08-10,1,0
P002842,1,1,64.0,10220.25,0,2024-03-30,2024-03-30,0,0
P002843,1,1,48.0,3616.68,0,2025-09-05,2025-09-05,0,0
P002844,1,0,27.0,357.69,0,2026-05-10,2026-05-10,0,0
P002845,1,0,14.0,179.2,0,2025-07-08,2025-07-08,0,0
P002846,2,1,48.5,3817.2200000000003,0,2024-05-09,2025-01-04,1,0
P002847,1,0,37.0,192.81,0,2024-09-11,2024-09-11,0,0
P002848,1,1,41.0,10950.23,0,2026-04-24,2026-04-24,0,0
P002849,1,1,71.0,27300.43,0,2025-08-10,2025-08-10,0,0
P002850,1,1,84.0,4841.04,0,2024-03-31,2024-03-31,0,0
P002851,1,0,114.0,854.77,0,2025-01-17,2025-01-17,0,0
P002852,1,1,34.0,7563.33,0,2025-05-07,2025-05-07,0,0
P002853,4,1,59.5,9722.01,0,2024-04-21,2025-11-10,1,1
P002854,2,0,42.0,1356.33,0,2026-02-27,2026-06-21,1,0
P002855,1,0,59.0,360.96,0,2024-05-18,2024-05-18,0,0
P002856,1,0,30.0,461.61,0,2026-05-29,2026-05-29,0,0
P002857,1,0,17.0,856.64,0,2025-11-18,2025-11-18,0,0
P002858,1,1,59.0,9101.99,0,2025-05-08,2025-05-08,0,0
P002859,3,1,25.333333333333332,2353.35,1,2025-10-03,2026-09-20,1,0
P002860,1,0,48.0,2104.11,0,2025-07-30,2025-07-30,0,0
P002861,1,0,20.0,283.3,0,2025-06-06,2025-06-06,0,0
P002862,1,0,32.0,386.26,0,2026-01-18,2026-01-18,0,0
P002863,1,1,68.0,5930.31,0,2024-02-05,2024-02-05,0,0
P002864,1,1,20.0,11411.79,0,2024-11-29,2024-11-29,0,0
P002865,1,0,38.0,159.86,0,2024-09-10,2024-09-10,0,0
P002866,2,0,64.5,2401.6400000000003,0,2024-12-10,2025-06-27,1,0
P002867,1,1,115.0,10621.22,0,2024-04-23,2024-04-23,0,0
P002868,1,1,73.0,9266.97,0,2025-04-27,2025-04-27,0,0
P002869,1,0,28.0,773.17,0,2025-06-03,2025-06-03,0,0
P002870,4,2,43.75,7203.9,0,2024-03-11,2026-02-12,1,1
P002871,2,0,67.0,692.85,0,2024-08-10,2025-08-15,1,0
P002872,1,1,85.0,15438.83,0,2024-04-04,2024-04-04,0,0
P002873,2,1,123.5,5921.84,0,2026-02-05,2026-09-13,1,0
P002874,3,0,48.666666666666664,2957.17,0,2026-01-05,2026-09-14,1,0
P002875,1,0,19.0,246.75,0,2024-09-20,2024-09-20,0,0
P002876,3,1,51.666666666666664,14423.279999999999,0,2024-12-29,2026-07-30,1,0
P002877,1,1,63.0,3918.97,0,2024-12-31,2024-12-31,0,0
P002878,1,0,22.0,416.88,0,2026-08-13,2026-08-13,0,0
P002879,1,0,149.0,788.94,0,2026-02-20,2026-02-20,0,0
P002880,2,0,72.0,1113.82,0,2025-03-27,2025-08-01,1,0
P002881,1,0,14.0,279.72,0,2026-08-08,2026-08-08,0,0
P002882,1,0,109.0,947.11,0,2025-11-24,2025-11-24,0,0
P002883,1,0,13.0,759.6,0,2024-11-05,2024-11-05,0,0
P002884,1,0,25.0,460.19,0,2024-12-20,2024-12-20,0,0
P002885,1,0,16.0,318.08,0,2026-08-31,2026-08-31,0,0
P002886,1,0,41.0,314.11,0,2025-12-18,2025-12-18,0,0
P002887,4,1,31.5,37042.43,0,2025-01-29,2026-03-28,1,1
P002888,1,0,34.0,1109.72,0,2024-07-07,2024-07-07,0,0
P002889,1,0,19.0,303.27,0,2024-05-14,2024-05-14,0,0
P002890,1,0,139.0,386.57,0,2025-05-10,2025-05-10,0,0
P002891,1,1,49.0,1668.51,0,2026-05-20,2026-05-20,0,0
P002892,2,0,18.5,595.95,0,2025-01-22,2025-09-04,1,0
P002893,1,1,69.0,8486.2,0,2025-04-29,2025-04-29,0,0
P002894,1,0,89.0,1106.6,0,2025-05-20,2025-05-20,0,0
P002895,1,1,65.0,13464.25,0,2025-06-01,2025-06-01,0,0
P002896,2,0,84.5,3201.34,0,2025-05-07,2025-09-14,1,0
P002897,4,1,31.5,12261.55,0,2025-01-26,2026-08-17,1,1
P002898,1,0,52.0,407.44,0,2025-10-10,2025-10-10,0,0
P002899,1,0,17.0,425.42,0,2024-07-24,2024-07-24,0,0
P002900,2,1,65.5,4297.16,0,2024-06-08,2025-03-04,1,0
P002901,1,1,65.0,2909.94,0,2025-07-04,2025-07-04,0,0
P002902,1,0,26.0,427.27,0,2024-05-15,2024-05-15,0,0
P002903,3,1,30.0,16076.5,0,2025-11-23,2026-09-22,1,0
P002904,3,2,49.666666666666664,28023.6,0,2025-06-24,2026-02-16,1,0
P002905,1,0,35.0,378.08,0,2024-08-28,2024-08-28,0,0
P002906,1,1,59.0,6258.19,0,2025-02-05,2025-02-05,0,0
P002907,1,0,29.0,177.2,0,2024-06-28,2024-06-28,0,0
P002908,1,0,32.0,779.93,0,2025-08-19,2025-08-19,0,0
P002909,1,0,36.0,258.79,0,2024-08-07,2024-08-07,0,0
P002910,4,0,28.25,1208.8000000000002,0,2025-03-20,2026-09-20,1,1
P002911,3,2,83.0,14903.93,0,2024-11-15,2025-03-05,1,0
P002912,2,0,53.0,2002.8400000000001,0,2025-02-26,2025-12-14,1,0
P002913,2,0,29.5,998.21,0,2024-09-11,2025-09-30,1,0
P002914,6,1,48.666666666666664,15188.36,0,2024-12-05,2026-09-23,1,1
P002915,2,0,27.0,474.68,0,2025-05-15,2025-05-30,1,0
P002916,2,1,47.0,4953.09,0,2024-10-29,2024-11-26,1,0
P002917,1,1,69.0,2787.4,0,2026-06-12,2026-06-12,0,0
P002918,1,0,47.0,330.96,0,2025-12-29,2025-12-29,0,0
P002919,1,0,72.0,400.91,0,2024-12-21,2024-12-21,0,0
P002920,1,1,48.0,1391.39,0,2025-06-09,2025-06-09,0,0
P002921,1,0,99.0,1250.25,0,2024-09-14,2024-09-14,0,0
P002922,1,1,30.0,2499.52,0,2024-12-29,2024-12-29,0,0
P002923,1,0,67.0,462.03,0,2026-07-08,2026-07-08,0,0
P002924,1,0,38.0,535.8,0,2025-04-21,2025-04-21,0,0
P002925,2,0,64.5,2120.26,0,2025-05-21,2026-06-09,1,0
P002926,1,0,13.0,1513.38,0,2024-10-03,2024-10-03,0,0
P002927,2,1,53.5,13100.67,0,2026-08-12,2026-09-15,1,0
P002928,6,2,50.5,24334.39,0,2026-09-03,2026-09-30,1,1
P002929,2,1,21.0,10553.539999999999,0,2025-10-03,2025-11-17,1,0
P002930,2,0,43.0,795.44,0,2025-12-04,2026-04-05,1,0
P002931,3,0,50.0,1640.09,0,2025-10-13,2026-01-22,1,0
P002932,2,1,78.5,21520.719999999998,0,2026-07-14,2026-09-16,1,0
P002933,5,1,41.8,6033.87,0,2025-10-25,2026-09-14,1,1
P002934,1,0,84.0,800.48,0,2025-08-21,2025-08-21,0,0
P002935,1,0,64.0,996.69,0,2024-11-04,2024-11-04,0,0
P002936,1,1,84.0,13163.01,0,2026-06-02,2026-06-02,0,0
P002937,1,1,39.0,2768.98,0,2025-12-12,2025-12-12,0,0
P002938,1,1,71.0,18830.48,0,2025-01-27,2025-01-27,0,0
P002939,2,0,77.5,1375.3600000000001,0,2025-02-10,2025-10-27,1,0
P002940,1,0,22.0,139.22,0,2025-09-14,2025-09-14,0,0
P002941,1,0,84.0,1038.56,0,2025-01-18,2025-01-18,0,0
P002942,1,0,15.0,370.27,0,2025-11-11,2025-11-11,0,0
P002943,4,1,54.0,3204.91,0,2024-08-27,2026-09-29,1,1
P002944,1,0,18.0,631.99,0,2025-06-28,2025-06-28,0,0
P002945,1,1,65.0,1815.86,0,2024-12-22,2024-12-22,0,0
P002946,2,0,25.5,509.26,0,2024-12-12,2025-07-09,1,0
P002947,2,0,54.0,4533.26,0,2025-07-02,2026-07-09,1,0
P002948,6,1,49.5,10402.68,0,2024-06-05,2026-07-07,1,1
P002949,3,0,63.0,2714.96,0,2026-01-21,2026-09-19,1,0
P002950,2,2,44.0,21909.809999999998,0,2025-08-28,2026-03-30,1,0
P002951,1,1,50.0,7004.64,0,2024-02-28,2024-02-28,0,0
P002952,3,1,33.333333333333336,6672.09,0,2026-05-12,2026-09-28,1,0
P002953,1,0,99.0,449.23,0,2025-02-04,2025-02-04,0,0
P002954,2,0,23.0,582.17,0,2026-09-10,2026-09-23,1,0
P002955,1,1,63.0,5592.65,0,2024-02-12,2024-02-12,0,0
P002956,2,1,62.5,12900.26,0,2025-08-01,2025-11-21,1,0
P002957,1,0,28.0,271.57,0,2026-07-05,2026-07-05,0,0
P002958,1,0,221.0,685.05,0,2024-02-27,2024-02-27,0,0
P002959,1,1,41.0,5785.28,0,2026-03-18,2026-03-18,0,0
P002960,2,1,21.5,10911.07,0,2024-11-18,2025-02-11,1,0
P002961,2,1,37.5,14299.02,0,2025-12-28,2026-08-17,1,0
P002962,1,0,20.0,457.97,0,2025-11-19,2025-11-19,0,0
P002963,2,0,96.5,1470.33,0,2025-09-15,2026-07-01,1,0
P002964,1,0,54.0,565.38,0,2026-04-06,2026-04-06,0,0
P002965,1,0,14.0,724.35,0,2026-06-04,2026-06-04,0,0
P002966,1,0,35.0,918.83,0,2024-12-21,2024-12-21,0,0
P002967,2,0,36.0,1045.8899999999999,0,2026-02-17,2026-09-25,1,0
P002968,4,2,56.75,23945.350000000002,0,2024-03-30,2025-04-06,1,1
P002969,3,1,34.333333333333336,4605.95,0,2026-02-09,2026-09-18,1,0
P002970,1,0,69.0,418.4,0,2025-05-10,2025-05-10,0,0
P002971,1,0,124.0,1361.72,0,2024-04-16,2024-04-16,0,0
P002972,1,0,34.0,378.22,0,2025-11-07,2025-11-07,0,0
P002973,1,0,41.0,705.69,0,2024-03-22,2024-03-22,0,0
P002974,1,0,18.0,218.13,0,2024-08-18,2024-08-18,0,0
P002975,1,0,70.0,296.97,0,2025-09-23,2025-09-23,0,0
P002976,1,1,67.0,2338.38,0,2026-04-05,2026-04-05,0,0
P002977,1,0,49.0,809.62,0,2026-09-15,2026-09-15,0,0
P002978,1,0,71.0,398.81,0,2024-12-23,2024-12-23,0,0
P002979,1,1,69.0,2722.31,0,2025-05-12,2025-05-12,0,0
P002980,1,0,8.0,264.35,0,2024-02-22,2024-02-22,0,0
P002981,2,1,82.5,3179.55,0,2026-04-25,2026-05-24,1,0
P002982,1,0,24.0,329.03,0,2024-08-11,2024-08-11,0,0
P002983,3,0,91.0,1519.64,0,2026-09-13,2026-09-23,1,0
P002984,2,0,36.5,1390.96,0,2024-12-20,2025-05-22,1,0
P002985,4,2,62.5,14935.49,0,2024-07-07,2026-09-30,1,1
P002986,1,0,285.0,2612.81,0,2024-07-05,2024-07-05,0,0
P002987,1,0,11.0,484.13,0,2024-12-29,2024-12-29,0,0
P002988,1,0,26.0,2500.62,0,2025-07-18,2025-07-18,0,0
P002989,1,0,21.0,520.87,0,2024-03-14,2024-03-14,0,0
P002990,1,1,226.0,11627.49,0,2026-08-19,2026-08-19,0,0
P002991,2,0,65.0,2251.95,0,2026-01-08,2026-09-26,1,0
P002992,3,1,21.333333333333332,6536.089999999999,0,2025-08-15,2026-09-23,1,0
P002993,1,0,57.0,1185.75,0,2024-11-11,2024-11-11,0,0
P002994,3,1,69.33333333333333,8771.11,0,2026-05-29,2026-07-16,1,0
P002995,1,1,74.0,6011.57,0,2026-09-07,2026-09-07,0,0
P002996,1,1,69.0,4608.21,0,2024-01-11,2024-01-11,0,0
P002997,1,0,54.0,425.92,0,2026-01-27,2026-01-27,0,0
P002998,1,0,42.0,377.98,0,2025-04-09,2025-04-09,0,0
P002999,1,0,30.0,749.84,0,2026-01-22,2026-01-22,0,0
P003000,1,0,39.0,458.87,0,2026-08-05,2026-08-05,0,0
P003001,1,0,68.0,717.6,0,2026-02-01,2026-02-01,0,0
P003002,1,0,17.0,219.8,0,2025-04-28,2025-04-28,0,0
P003003,1,1,81.0,14554.94,0,2025-11-29,2025-11-29,0,0
P003004,1,0,22.0,637.8,0,2025-04-21,2025-04-21,0,0
P003005,1,1,35.0,4352.8,0,2025-08-05,2025-08-05,0,0
P003006,1,0,109.0,1137.85,0,2025-04-13,2025-04-13,0,0
P003007,3,2,70.66666666666667,6332.75,0,2024-07-02,2024-11-30,1,0
P003008,2,1,53.5,5292.68,0,2024-04-08,2024-09-25,1,0
P003009,1,0,23.0,908.64,0,2024-06-06,2024-06-06,0,0
P003010,4,3,70.0,31814.91,1,2026-04-28,2026-09-25,1,1
P003011,2,1,30.5,7652.41,0,2025-01-12,2025-05-12,1,0
P003012,2,1,83.5,9551.369999999999,0,2026-09-02,2026-09-21,1,0
P003013,1,1,34.0,18921.62,0,2026-04-29,2026-04-29,0,0
P003014,2,0,17.0,1409.99,0,2026-08-05,2026-09-14,1,0
P003015,2,2,37.5,7497.99,0,2025-07-18,2025-08-13,1,0
P003016,1,0,11.0,340.88,0,2025-09-30,2025-09-30,0,0
P003017,1,0,33.0,504.46,0,2024-12-31,2024-12-31,0,0
P003018,1,0,57.0,788.26,0,2026-07-01,2026-07-01,0,0
P003019,3,1,49.0,2137.37,0,2024-09-13,2024-12-11,1,0
P003020,1,0,13.0,483.24,0,2025-03-03,2025-03-03,0,0
P003021,1,1,50.0,3871.74,0,2026-04-07,2026-04-07,0,0
P003022,1,1,52.0,13154.57,0,2025-12-20,2025-12-20,0,0
P003023,1,0,166.0,885.91,0,2026-09-29,2026-09-29,0,0
P003024,1,0,21.0,449.99,0,2024-03-09,2024-03-09,0,0
P003025,1,1,61.0,7327.6,0,2026-01-22,2026-01-22,0,0
P003026,1,0,19.0,357.93,0,2024-07-31,2024-07-31,0,0
P003027,1,0,21.0,184.81,0,2024-11-03,2024-11-03,0,0
P003028,1,0,22.0,458.73,0,2024-09-20,2024-09-20,0,0
P003029,1,0,28.0,808.03,0,2026-07-06,2026-07-06,0,0
P003030,5,3,54.0,28294.260000000002,1,2025-08-04,2026-09-24,1,1
P003031,2,0,22.0,559.84,0,2024-04-10,2024-04-26,1,0
P003032,1,0,86.0,1914.03,0,2026-07-26,2026-07-26,0,0
P003033,1,1,63.0,3366.1,0,2025-12-27,2025-12-27,0,0
P003034,4,0,34.0,2592.58,0,2024-03-24,2025-09-20,1,1
P003035,1,0,40.0,708.7,0,2024-11-26,2024-11-26,0,0
P003036,1,0,29.0,519.77,0,2025-01-31,2025-01-31,0,0
P003037,1,0,40.0,827.38,0,2024-07-09,2024-07-09,0,0
P003038,1,0,23.0,344.74,0,2026-02-16,2026-02-16,0,0
P003039,1,0,24.0,911.36,0,2026-08-21,2026-08-21,0,0
P003040,1,0,64.0,288.35,0,2026-03-04,2026-03-04,0,0
P003041,1,1,75.0,3373.19,0,2026-03-29,2026-03-29,0,0
P003042,2,1,78.0,5669.8099999999995,0,2025-01-02,2026-01-21,1,0
P003043,1,0,34.0,421.38,0,2024-05-25,2024-05-25,0,0
P003044,3,2,67.0,20624.13,0,2024-07-22,2025-03-23,1,0
P003045,3,2,47.0,8846.81,0,2025-11-25,2026-09-19,1,0
P003046,2,1,45.5,5476.68,0,2026-07-04,2026-07-26,1,0
P003047,1,1,57.0,1903.17,0,2026-03-01,2026-03-01,0,0
P003048,1,0,45.0,853.0,0,2024-03-09,2024-03-09,0,0
P003049,1,0,19.0,413.14,0,2025-05-19,2025-05-19,0,0
P003050,3,1,99.66666666666667,19558.079999999998,0,2025-11-20,2026-07-17,1,0
P003051,5,1,37.4,11086.49,0,2026-05-27,2026-09-25,1,1
P003052,3,1,77.33333333333333,21472.82,0,2025-05-07,2025-12-06,1,0
P003053,1,0,23.0,368.96,0,2025-10-05,2025-10-05,0,0
P003054,1,1,44.0,10211.87,0,2026-03-01,2026-03-01,0,0
P003055,1,1,20.0,2332.6,0,2025-12-23,2025-12-23,0,0
P003056,3,1,63.0,14070.91,0,2024-05-19,2026-01-27,1,0
P003057,1,0,59.0,1929.67,0,2025-04-04,2025-04-04,0,0
P003058,2,0,14.5,1195.95,0,2025-02-19,2025-03-01,1,0
P003059,1,1,73.0,11473.34,0,2025-03-19,2025-03-19,0,0
P003060,3,1,36.333333333333336,2505.12,0,2026-03-04,2026-09-28,1,0
P003061,1,1,74.0,1261.06,0,2025-11-18,2025-11-18,0,0
P003062,1,0,32.0,221.55,0,2024-06-14,2024-06-14,0,0
P003063,1,0,24.0,173.72,0,2026-09-24,2026-09-24,0,0
P003064,4,1,45.5,9695.380000000001,0,2024-06-12,2026-07-08,1,1
P003065,1,0,22.0,188.84,0,2024-01-29,2024-01-29,0,0
P003066,1,0,45.0,788.03,0,2025-11-30,2025-11-30,0,0
P003067,2,1,65.0,14059.0,0,2025-01-11,2025-03-26,1,0
P003068,1,0,29.0,582.66,0,2024-09-10,2024-09-10,0,0
P003069,1,0,320.0,617.07,0,2025-12-19,2025-12-19,0,0
P003070,4,2,40.25,22934.14,0,2024-02-14,2024-07-27,1,1
P003071,1,0,56.0,1542.8,0,2026-03-26,2026-03-26,0,0
P003072,2,0,42.0,1452.7,0,2025-02-05,2025-02-19,1,0
P003073,1,0,110.0,573.84,0,2024-12-24,2024-12-24,0,0
P003074,1,1,52.0,2207.13,0,2024-03-17,2024-03-17,0,0
P003075,1,1,51.0,11360.33,0,2024-09-11,2024-09-11,0,0
P003076,3,0,20.333333333333332,1635.6799999999998,0,2025-05-27,2026-05-21,1,0
P003077,1,1,70.0,2481.27,0,2024-01-17,2024-01-17,0,0
P003078,2,0,99.5,1133.4299999999998,0,2024-04-18,2024-09-03,1,0
P003079,4,2,65.0,27761.68,0,2025-06-29,2026-09-23,1,1
P003080,1,0,33.0,3332.77,0,2025-12-08,2025-12-08,0,0
P003081,2,1,40.0,11040.18,0,2026-08-17,2026-09-14,1,0
P003082,3,0,53.666666666666664,2701.2,0,2024-03-09,2024-09-26,1,0
P003083,1,0,26.0,574.7,0,2024-03-08,2024-03-08,0,0
P003084,1,0,31.0,308.01,0,2024-04-24,2024-04-24,0,0
P003085,2,0,37.5,2226.46,0,2024-12-29,2026-01-22,1,0
P003086,1,0,60.0,581.18,0,2025-10-04,2025-10-04,0,0
P003087,1,0,34.0,439.45,0,2024-10-18,2024-10-18,0,0
P003088,2,2,35.0,18068.14,0,2024-07-20,2024-08-04,1,0
P003089,2,0,48.5,1167.69,0,2026-04-21,2026-09-05,1,0
P003090,1,1,65.0,5366.77,0,2024-08-17,2024-08-17,0,0
P003091,1,0,111.0,2320.88,0,2024-03-26,2024-03-26,0,0
P003092,3,1,55.666666666666664,4250.450000000001,0,2024-12-27,2026-09-30,1,0
P003093,2,1,57.5,10861.82,0,2024-08-11,2024-09-11,1,0
P003094,1,0,126.0,767.3,0,2025-04-09,2025-04-09,0,0
P003095,1,0,27.0,557.34,0,2026-09-17,2026-09-17,0,0
P003096,1,1,48.0,9680.25,0,2025-09-01,2025-09-01,0,0
P003097,4,0,64.5,3100.66,0,2024-09-09,2026-01-11,1,1
P003098,1,0,31.0,199.91,0,2025-03-06,2025-03-06,0,0
P003099,1,1,32.0,1747.31,0,2024-01-11,2024-01-11,0,0
P003100,2,0,23.0,1991.3400000000001,0,2024-01-14,2024-09-13,1,0
P003101,1,0,23.0,316.19,0,2025-11-16,2025-11-16,0,0
P003102,2,0,27.0,1271.62,0,2024-08-19,2025-08-11,1,0
P003103,1,1,36.0,11380.33,0,2025-06-16,2025-06-16,0,0
P003104,2,1,33.0,15585.78,0,2025-08-02,2026-03-18,1,0
P003105,1,1,107.0,1734.61,0,2024-01-09,2024-01-09,0,0
P003106,2,0,31.0,1222.74,0,2026-01-14,2026-09-10,1,0
P003107,1,0,22.0,650.37,0,2025-05-31,2025-05-31,0,0
P003108,5,2,68.2,17179.510000000002,1,2025-10-20,2026-09-10,1,1
P003109,1,1,68.0,1432.66,0,2024-06-10,2024-06-10,0,0
P003110,4,1,48.0,12563.25,0,2024-05-02,2025-09-26,1,1
P003111,2,2,33.5,12606.04,0,2025-05-07,2025-11-18,1,0
P003112,1,1,43.0,7625.23,0,2026-01-07,2026-01-07,0,0
P003113,1,0,21.0,532.27,0,2024-07-20,2024-07-20,0,0
P003114,1,0,26.0,622.0,0,2024-01-22,2024-01-22,0,0
P003115,1,0,80.0,1337.06,0,2025-02-09,2025-02-09,0,0
P003116,4,0,41.0,1348.98,0,2026-02-22,2026-09-22,1,1
P003117,1,1,68.0,7162.32,0,2024-11-03,2024-11-03,0,0
P003118,3,0,38.666666666666664,958.0699999999999,0,2024-12-17,2025-11-22,1,0
P003119,1,0,24.0,711.33,0,2024-06-29,2024-06-29,0,0
P003120,1,1,61.0,12428.15,0,2026-06-13,2026-06-13,0,0
P003121,1,1,20.0,28535.1,0,2025-06-20,2025-06-20,0,0
P003122,2,0,48.0,1474.25,0,2024-10-24,2025-11-10,1,0
P003123,4,0,50.0,3214.15,0,2024-04-23,2026-09-21,1,1
P003124,3,0,42.333333333333336,3046.8199999999997,0,2025-08-12,2025-10-11,1,0
P003125,1,0,68.0,1225.43,0,2024-11-29,2024-11-29,0,0
P003126,1,0,29.0,473.62,0,2024-12-08,2024-12-08,0,0
P003127,1,0,30.0,563.31,0,2024-07-28,2024-07-28,0,0
P003128,2,0,56.0,1157.58,0,2025-08-20,2026-04-18,1,0
P003129,1,1,67.0,19304.29,0,2025-03-03,2025-03-03,0,0
P003130,2,0,102.5,1589.47,0,2025-07-09,2025-07-19,1,0
P003131,5,0,50.8,5054.849999999999,0,2026-02-25,2026-09-26,1,1
P003132,2,1,65.0,13077.09,0,2024-06-04,2025-04-02,1,0
P003133,1,0,225.0,824.94,0,2026-07-08,2026-07-08,0,0
P003134,4,2,53.25,17255.03,1,2026-02-24,2026-09-28,1,1
P003135,1,0,128.0,1739.65,0,2026-04-06,2026-04-06,0,0
P003136,3,1,83.0,2755.7,0,2025-07-16,2026-09-23,1,0
P003137,5,2,40.8,19572.21,0,2025-10-12,2026-09-23,1,1
P003138,2,0,17.0,1054.69,0,2024-01-31,2024-08-25,1,0
P003139,1,0,119.0,757.84,0,2026-02-28,2026-02-28,0,0
P003140,1,1,46.0,8266.16,0,2024-06-22,2024-06-22,0,0
P003141,2,1,64.5,1544.71,0,2026-07-23,2026-09-12,1,0
P003142,1,1,98.0,11415.49,0,2025-04-02,2025-04-02,0,0
P003143,1,0,55.0,829.0,0,2025-06-05,2025-06-05,0,0
P003144,2,1,30.0,5398.129999999999,0,2024-11-13,2025-07-27,1,0
P003145,1,0,27.0,767.83,0,2025-04-08,2025-04-08,0,0
P003146,1,1,53.0,4210.78,0,2025-01-07,2025-01-07,0,0
P003147,3,3,51.666666666666664,18058.32,0,2024-04-20,2025-02-11,1,0
P003148,1,1,38.0,11848.61,0,2024-12-30,2024-12-30,0,0
P003149,5,2,53.4,39585.22,0,2026-08-07,2026-09-30,1,1
P003150,3,2,42.0,15179.550000000001,1,2025-11-06,2026-09-16,1,0
P003151,1,0,38.0,1549.14,0,2025-01-06,2025-01-06,0,0
P003152,4,1,72.25,2422.06,0,2025-12-09,2026-08-23,1,1
P003153,3,1,53.666666666666664,21400.11,0,2024-02-09,2025-04-14,1,0
P003154,1,1,57.0,14381.96,0,2025-10-08,2025-10-08,0,0
P003155,2,0,83.5,1807.8000000000002,0,2025-08-27,2026-01-23,1,0
P003156,1,0,124.0,1722.8,0,2024-07-06,2024-07-06,0,0
P003157,4,1,24.75,7922.25,0,2025-04-03,2026-09-30,1,1
P003158,1,0,65.0,654.56,0,2025-06-19,2025-06-19,0,0
P003159,2,0,19.5,1540.4099999999999,0,2026-01-31,2026-09-20,1,0
P003160,1,0,29.0,455.58,0,2025-08-16,2025-08-16,0,0
P003161,1,1,40.0,4001.86,0,2025-11-25,2025-11-25,0,0
P003162,1,1,53.0,13092.28,0,2025-01-28,2025-01-28,0,0
P003163,2,0,30.0,1056.17,0,2026-05-18,2026-09-20,1,0
P003164,1,0,14.0,341.01,0,2024-07-28,2024-07-28,0,0
P003165,2,0,33.5,2467.7700000000004,0,2024-11-19,2024-12-24,1,0
P003166,3,2,45.0,11744.630000000001,0,2026-05-15,2026-09-12,1,0
P003167,2,1,53.0,10809.74,0,2024-04-26,2024-06-16,1,0
P003168,1,0,11.0,370.86,0,2026-02-01,2026-02-01,0,0
P003169,2,0,12.0,998.5799999999999,0,2026-04-10,2026-09-12,1,0
P003170,1,0,23.0,485.07,0,2025-01-22,2025-01-22,0,0
P003171,1,0,100.0,1228.15,0,2024-03-09,2024-03-09,0,0
P003172,1,0,28.0,380.35,0,2025-12-03,2025-12-03,0,0
P003173,2,1,102.5,2283.88,0,2025-10-23,2026-01-31,1,0
P003174,1,1,73.0,4438.15,0,2025-12-04,2025-12-04,0,0
P003175,1,0,30.0,908.88,0,2025-04-25,2025-04-25,0,0
P003176,1,0,74.0,686.68,0,2024-03-30,2024-03-30,0,0
P003177,2,1,66.0,1773.0900000000001,0,2025-11-18,2025-12-10,1,0
P003178,1,0,42.0,2129.1,0,2026-03-21,2026-03-21,0,0
P003179,5,2,40.0,4771.54,1,2026-01-17,2026-09-19,1,1
P003180,5,3,46.4,53586.4,1,2026-02-16,2026-09-29,1,1
P003181,1,0,32.0,1117.98,0,2025-12-01,2025-12-01,0,0
P003182,4,2,53.25,16507.98,0,2024-07-23,2025-03-09,1,1
P003183,2,1,30.5,2860.76,0,2025-08-10,2025-08-25,1,0
P003184,2,1,49.0,10685.0,0,2024-09-09,2025-07-16,1,0
P003185,4,0,81.5,3718.24,0,2024-11-20,2026-09-20,1,1
P003186,1,0,70.0,953.6,0,2026-02-23,2026-02-23,0,0
P003187,1,1,116.0,5043.61,0,2024-06-08,2024-06-08,0,0
P003188,1,0,36.0,419.87,0,2025-11-26,2025-11-26,0,0
P003189,1,0,53.0,2049.98,0,2024-12-23,2024-12-23,0,0
P003190,1,0,178.0,2205.38,0,2024-07-05,2024-07-05,0,0
P003191,2,0,97.5,3761.84,0,2024-06-04,2024-06-13,1,0
P003192,1,0,62.0,1090.93,0,2024-10-23,2024-10-23,0,0
P003193,1,1,50.0,19140.09,0,2024-02-03,2024-02-03,0,0
P003194,1,1,46.0,15390.36,0,2025-12-11,2025-12-11,0,0
P003195,2,1,89.5,4365.76,0,2025-11-17,2026-01-07,1,0
P003196,1,0,70.0,1458.87,0,2024-07-13,2024-07-13,0,0
P003197,4,0,29.25,3745.26,0,2024-02-22,2025-02-02,1,1
P003198,1,0,24.0,687.85,0,2025-11-29,2025-11-29,0,0
P003199,6,1,48.666666666666664,12023.529999999999,0,2024-08-09,2026-09-19,1,1
P003200,1,0,26.0,867.86,0,2025-08-12,2025-08-12,0,0
P003201,2,0,74.5,867.18,0,2025-03-27,2025-09-03,1,0
P003202,1,0,19.0,272.22,0,2025-12-24,2025-12-24,0,0
P003203,1,1,108.0,19749.71,0,2025-04-30,2025-04-30,0,0
P003204,1,0,103.0,503.61,0,2025-12-07,2025-12-07,0,0
P003205,2,0,40.5,1115.8799999999999,0,2026-09-08,2026-09-21,1,0
P003206,1,0,28.0,214.43,0,2024-05-12,2024-05-12,0,0
P003207,4,1,52.75,3831.05,0,2026-07-05,2026-09-27,1,1
P003208,1,0,65.0,635.55,0,2026-02-24,2026-02-24,0,0
P003209,3,1,47.0,14994.57,0,2024-10-30,2024-12-13,1,0
P003210,2,1,34.0,12785.2,0,2024-12-09,2025-09-10,1,0
P003211,1,1,26.0,1669.29,0,2024-03-26,2024-03-26,0,0
P003212,3,0,21.0,839.4,0,2025-02-18,2025-12-29,1,0
P003213,1,0,32.0,291.98,0,2024-05-11,2024-05-11,0,0
P003214,6,1,48.5,8405.19,0,2024-09-08,2026-09-26,1,1
P003215,1,0,80.0,2786.43,0,2025-01-12,2025-01-12,0,0
P003216,5,3,78.4,20603.19,0,2024-05-04,2024-12-31,1,1
P003217,3,3,34.666666666666664,13787.1,0,2026-04-08,2026-09-21,1,0
P003218,1,1,36.0,6184.63,0,2024-09-02,2024-09-02,0,0
P003219,5,3,45.0,14589.15,1,2025-12-01,2026-09-25,1,1
P003220,1,1,60.0,4723.26,0,2025-09-16,2025-09-16,0,0
P003221,4,0,71.25,3795.13,0,2024-04-18,2026-05-07,1,1
P003222,3,0,16.333333333333332,819.89,0,2024-09-20,2025-01-29,1,0
P003223,1,0,206.0,607.46,0,2026-01-04,2026-01-04,0,0
P003224,1,0,52.0,1803.01,0,2025-05-02,2025-05-02,0,0
P003225,1,0,127.0,552.86,0,2024-11-16,2024-11-16,0,0
P003226,1,0,17.0,417.79,0,2024-02-05,2024-02-05,0,0
P003227,1,0,26.0,786.58,0,2024-12-11,2024-12-11,0,0
P003228,1,0,27.0,469.87,0,2026-07-01,2026-07-01,0,0
P003229,1,0,35.0,315.41,0,2025-03-12,2025-03-12,0,0
P003230,1,0,42.0,322.97,0,2025-12-29,2025-12-29,0,0
P003231,1,1,19.0,13469.9,0,2025-02-11,2025-02-11,0,0
P003232,1,0,19.0,633.86,0,2025-07-16,2025-07-16,0,0
P003233,2,1,45.5,13264.66,1,2025-12-22,2026-01-08,1,0
P003234,1,0,31.0,340.61,0,2026-01-31,2026-01-31,0,0
P003235,1,0,21.0,120.88,0,2025-02-07,2025-02-07,0,0
P003236,1,0,94.0,625.3,0,2026-06-12,2026-06-12,0,0
P003237,3,1,49.666666666666664,2794.9700000000003,0,2025-10-11,2026-09-25,1,0
P003238,3,2,77.66666666666667,17688.29,0,2025-07-16,2026-09-25,1,0
P003239,2,0,21.0,1239.65,0,2025-03-20,2026-02-04,1,0
P003240,1,0,19.0,610.6,0,2025-03-25,2025-03-25,0,0
P003241,1,0,66.0,1820.62,0,2026-05-09,2026-05-09,0,0
P003242,1,1,49.0,5546.67,0,2024-02-11,2024-02-11,0,0
P003243,1,0,14.0,696.65,0,2026-07-16,2026-07-16,0,0
P003244,1,1,81.0,9898.2,0,2024-08-10,2024-08-10,0,0
P003245,2,1,73.0,7271.77,0,2025-10-29,2025-12-13,1,0
P003246,1,0,120.0,1641.51,0,2024-02-16,2024-02-16,0,0
P003247,1,0,46.0,883.84,0,2025-09-14,2025-09-14,0,0
P003248,1,1,69.0,8437.82,0,2024-01-20,2024-01-20,0,0
P003249,3,1,94.33333333333333,25610.95,0,2024-08-13,2025-10-10,1,0
P003250,1,1,64.0,9308.66,0,2024-06-30,2024-06-30,0,0
P003251,1,0,25.0,344.82,0,2025-08-20,2025-08-20,0,0
P003252,1,0,67.0,800.05,0,2025-07-18,2025-07-18,0,0
P003253,2,0,68.0,1130.76,0,2025-08-10,2025-09-09,1,0
P003254,2,0,87.0,1965.75,0,2025-09-24,2025-12-01,1,0
P003255,1,0,29.0,402.16,0,2025-11-01,2025-11-01,0,0
P003256,1,1,35.0,6461.45,0,2025-09-23,2025-09-23,0,0
P003257,3,0,51.666666666666664,1768.28,0,2026-01-24,2026-09-16,1,0
P003258,1,1,48.0,5252.46,0,2026-06-20,2026-06-20,0,0
P003259,1,0,199.0,1093.23,0,2024-08-19,2024-08-19,0,0
P003260,1,1,124.0,29302.81,0,2026-04-23,2026-04-23,0,0
P003261,1,0,17.0,233.51,0,2024-10-26,2024-10-26,0,0
P003262,1,0,11.0,285.33,0,2025-12-31,2025-12-31,0,0
P003263,3,1,24.333333333333332,3805.52,0,2024-06-07,2025-05-17,1,0
P003264,1,0,32.0,386.54,0,2025-01-13,2025-01-13,0,0
P003265,2,0,106.0,1140.83,0,2024-10-27,2024-11-25,1,0
P003266,1,0,56.0,1364.47,0,2025-07-29,2025-07-29,0,0
P003267,2,0,39.0,1230.1,0,2024-05-16,2024-11-16,1,0
P003268,1,1,59.0,1322.53,0,2025-07-10,2025-07-10,0,0
P003269,1,0,60.0,382.93,0,2024-05-25,2024-05-25,0,0
P003270,2,1,74.5,2107.29,0,2024-04-30,2024-12-18,1,0
P003271,1,0,14.0,592.97,0,2024-08-18,2024-08-18,0,0
P003272,2,0,115.5,2155.07,0,2025-12-28,2026-09-17,1,0
P003273,2,1,34.0,14069.0,0,2026-08-04,2026-09-09,1,0
P003274,3,1,22.0,11113.869999999999,0,2025-12-02,2026-06-09,1,0
P003275,2,1,26.5,11923.800000000001,0,2024-12-25,2026-01-12,1,0
P003276,1,0,15.0,164.04,0,2024-05-16,2024-05-16,0,0
P003277,1,1,104.0,13993.42,0,2025-10-17,2025-10-17,0,0
P003278,1,0,63.0,413.06,0,2024-02-27,2024-02-27,0,0
P003279,2,2,45.0,28914.23,0,2025-10-04,2026-01-04,1,0
P003280,1,0,108.0,702.42,0,2024-08-31,2024-08-31,0,0
P003281,2,0,69.5,2525.54,0,2026-09-24,2026-09-27,1,0
P003282,1,1,46.0,2372.31,0,2025-03-11,2025-03-11,0,0
P003283,1,0,15.0,620.78,0,2024-02-02,2024-02-02,0,0
P003284,1,0,25.0,374.94,0,2026-02-09,2026-02-09,0,0
P003285,2,1,54.0,12118.69,0,2026-05-28,2026-09-29,1,0
P003286,1,1,39.0,1300.73,0,2025-01-25,2025-01-25,0,0
P003287,2,1,79.5,11116.08,0,2026-03-14,2026-09-19,1,0
P003288,3,1,49.0,14545.56,0,2025-10-02,2026-09-26,1,0
P003289,1,1,51.0,1261.77,0,2026-07-06,2026-07-06,0,0
P003290,1,0,98.0,767.32,0,2026-03-19,2026-03-19,0,0
P003291,1,1,42.0,9336.87,0,2025-10-14,2025-10-14,0,0
P003292,2,2,62.0,27631.68,0,2025-10-01,2025-10-27,1,0
P003293,1,1,31.0,7747.07,0,2024-08-02,2024-08-02,0,0
P003294,2,2,89.0,26952.230000000003,0,2025-06-22,2025-12-27,1,0
P003295,1,0,16.0,276.13,0,2026-06-27,2026-06-27,0,0
P003296,1,0,23.0,756.85,0,2024-12-04,2024-12-04,0,0
P003297,1,0,45.0,164.94,0,2026-09-15,2026-09-15,0,0
P003298,3,1,64.66666666666667,2583.19,1,2025-05-19,2026-06-28,1,0
P003299,1,0,35.0,1720.14,0,2025-01-31,2025-01-31,0,0
P003300,1,0,12.0,110.74,0,2026-08-03,2026-08-03,0,0
P003301,1,0,17.0,385.78,0,2024-07-16,2024-07-16,0,0
P003302,1,0,31.0,592.35,0,2024-08-13,2024-08-13,0,0
P003303,1,0,26.0,759.88,0,2024-08-11,2024-08-11,0,0
P003304,2,0,27.0,662.11,0,2026-04-20,2026-09-22,1,0
P003305,1,1,63.0,1923.61,0,2026-06-17,2026-06-17,0,0
P003306,1,1,63.0,6298.07,0,2024-05-25,2024-05-25,0,0
P003307,3,0,20.0,1624.8600000000001,0,2025-08-07,2026-04-21,1,0
P003308,1,0,9.0,444.23,0,2026-07-13,2026-07-13,0,0
P003309,1,1,70.0,10624.85,0,2024-08-30,2024-08-30,0,0
P003310,1,0,21.0,376.72,0,2024-12-06,2024-12-06,0,0
P003311,4,0,46.5,3404.98,0,2024-12-25,2026-09-14,1,1
P003312,2,0,52.5,1342.87,0,2026-01-28,2026-09-10,1,0
P003313,1,0,52.0,2109.05,0,2026-07-03,2026-07-03,0,0
P003314,1,1,68.0,18268.72,0,2026-06-18,2026-06-18,0,0
P003315,1,1,44.0,13984.77,0,2025-09-19,2025-09-19,0,0
P003316,3,2,40.666666666666664,12588.92,0,2025-08-13,2026-01-31,1,0
P003317,1,0,53.0,613.2,0,2024-09-10,2024-09-10,0,0
P003318,1,0,22.0,631.57,0,2026-05-13,2026-05-13,0,0
P003319,1,1,87.0,10044.47,0,2025-03-22,2025-03-22,0,0
P003320,2,0,65.0,1777.25,0,2025-06-28,2025-09-27,1,0
P003321,2,1,78.5,2733.88,0,2026-03-04,2026-09-28,1,0
P003322,1,0,133.0,970.2,0,2024-11-16,2024-11-16,0,0
P003323,1,1,64.0,3580.72,0,2024-09-14,2024-09-14,0,0
P003324,2,2,73.5,14531.82,0,2026-02-19,2026-08-10,1,0
P003325,1,1,70.0,2399.23,0,2026-01-11,2026-01-11,0,0
P003326,1,0,17.0,247.87,0,2026-01-29,2026-01-29,0,0
P003327,2,0,44.5,3054.0,0,2026-06-01,2026-08-01,1,0
P003328,1,0,20.0,326.3,0,2024-02-20,2024-02-20,0,0
P003329,1,0,78.0,498.71,0,2024-11-11,2024-11-11,0,0
P003330,2,1,30.0,9784.25,0,2024-12-07,2025-11-02,1,0
P003331,3,0,18.333333333333332,2228.73,0,2025-05-13,2025-06-12,1,0
P003332,3,0,19.666666666666668,2100.44,0,2024-02-18,2024-10-11,1,0
P003333,2,0,30.5,522.34,0,2024-03-19,2024-05-15,1,0
P003334,1,0,32.0,389.4,0,2024-04-16,2024-04-16,0,0
P003335,1,0,44.0,829.95,0,2026-09-23,2026-09-23,0,0
P003336,1,1,31.0,2501.84,0,2025-12-25,2025-12-25,0,0
P003337,3,2,58.333333333333336,5875.889999999999,0,2025-03-29,2026-06-16,1,0
P003338,3,0,32.0,1658.64,0,2024-09-21,2025-09-08,1,0
P003339,1,1,56.0,3205.7,0,2024-09-08,2024-09-08,0,0
P003340,5,2,44.6,18521.52,1,2025-03-30,2026-09-30,1,1
P003341,1,0,17.0,575.22,0,2025-08-13,2025-08-13,0,0
P003342,3,2,85.66666666666667,17492.14,0,2025-01-20,2026-08-30,1,0
P003343,1,0,9.0,751.1,0,2025-08-27,2025-08-27,0,0
P003344,3,1,45.0,3035.4400000000005,0,2024-04-27,2025-06-06,1,0
P003345,2,0,32.5,923.47,0,2025-03-21,2025-08-26,1,0
P003346,1,1,24.0,2211.46,0,2025-09-22,2025-09-22,0,0
P003347,1,0,235.0,845.23,0,2026-07-13,2026-07-13,0,0
P003348,2,1,53.5,5513.87,0,2026-03-22,2026-09-27,1,0
P003349,3,1,56.0,2839.66,0,2026-04-03,2026-09-16,1,0
P003350,1,0,17.0,611.52,0,2026-07-11,2026-07-11,0,0
P003351,1,0,28.0,616.7,0,2026-01-28,2026-01-28,0,0
P003352,1,1,49.0,12815.22,0,2025-09-12,2025-09-12,0,0
P003353,1,0,23.0,246.17,0,2025-11-12,2025-11-12,0,0
P003354,3,0,77.33333333333333,1770.02,0,2025-04-21,2026-09-16,1,0
P003355,1,0,40.0,923.03,0,2024-01-13,2024-01-13,0,0
P003356,1,0,13.0,275.98,0,2024-03-03,2024-03-03,0,0
P003357,2,1,44.5,2092.05,0,2024-05-28,2025-05-09,1,0
P003358,2,1,52.0,10811.78,0,2025-02-24,2025-06-01,1,0
P003359,1,1,95.0,1942.61,0,2026-01-11,2026-01-11,0,0
P003360,5,4,101.4,28635.99,0,2026-03-26,2026-09-12,1,1
P003361,1,1,146.0,18180.19,0,2024-02-28,2024-02-28,0,0
P003362,1,1,116.0,17511.69,0,2025-08-20,2025-08-20,0,0
P003363,3,0,18.333333333333332,1379.19,0,2024-10-19,2026-01-04,1,0
P003364,3,1,52.333333333333336,11138.67,0,2024-10-05,2024-12-23,1,0
P003365,1,1,69.0,7790.9,0,2026-05-29,2026-05-29,0,0
P003366,1,0,9.0,806.0,0,2025-09-22,2025-09-22,0,0
P003367,2,0,21.5,808.97,0,2024-10-26,2024-11-12,1,0
P003368,1,0,11.0,208.22,0,2025-09-26,2025-09-26,0,0
P003369,1,0,37.0,243.52,0,2024-12-31,2024-12-31,0,0
P003370,1,1,59.0,5517.19,0,2025-03-24,2025-03-24,0,0
P003371,1,0,19.0,284.57,0,2024-07-29,2024-07-29,0,0
P003372,2,1,88.0,11961.310000000001,0,2024-06-24,2024-11-13,1,0
P003373,1,0,22.0,263.06,0,2024-08-01,2024-08-01,0,0
P003374,1,1,124.0,1773.01,0,2024-11-16,2024-11-16,0,0
P003375,1,0,18.0,514.75,0,2024-10-21,2024-10-21,0,0
P003376,1,0,44.0,251.93,0,2024-06-18,2024-06-18,0,0
P003377,1,1,20.0,36768.26,0,2026-07-05,2026-07-05,0,0
P003378,4,2,96.25,19646.03,0,2025-08-11,2026-05-18,1,1
P003379,1,1,240.0,6501.27,0,2024-08-29,2024-08-29,0,0
P003380,2,1,47.5,3596.4900000000002,0,2026-03-06,2026-05-23,1,0
P003381,2,1,58.5,14881.71,0,2025-02-16,2026-01-07,1,0
P003382,1,0,16.0,211.88,0,2026-04-30,2026-04-30,0,0
P003383,1,0,40.0,719.62,0,2024-12-10,2024-12-10,0,0
P003384,1,0,186.0,1424.39,0,2024-05-09,2024-05-09,0,0
P003385,1,0,25.0,208.39,0,2024-07-30,2024-07-30,0,0
P003386,1,0,25.0,533.42,0,2026-01-24,2026-01-24,0,0
P003387,1,0,29.0,253.0,0,2024-12-10,2024-12-10,0,0
P003388,2,0,18.0,757.73,0,2024-05-10,2025-06-01,1,0
P003389,1,0,27.0,1139.37,0,2024-07-15,2024-07-15,0,0
P003390,1,0,69.0,1337.26,0,2026-01-04,2026-01-04,0,0
P003391,1,0,29.0,236.28,0,2025-10-06,2025-10-06,0,0
P003392,1,0,43.0,433.97,0,2026-08-29,2026-08-29,0,0
P003393,1,0,40.0,370.44,0,2024-12-30,2024-12-30,0,0
P003394,1,0,11.0,124.4,0,2024-01-11,2024-01-11,0,0
P003395,1,0,20.0,808.62,0,2024-10-02,2024-10-02,0,0
P003396,1,1,49.0,12053.39,0,2025-08-18,2025-08-18,0,0
P003397,1,0,62.0,1770.78,0,2026-07-31,2026-07-31,0,0
P003398,2,2,63.0,43720.44,0,2025-01-09,2025-02-01,1,0
P003399,2,1,103.5,3223.83,0,2025-12-13,2026-03-01,1,0
P003400,1,0,19.0,511.57,0,2026-03-30,2026-03-30,0,0
P003401,1,1,35.0,3471.14,0,2025-07-17,2025-07-17,0,0
P003402,2,0,29.5,1136.46,0,2025-11-14,2026-01-01,1,0
P003403,1,0,54.0,1468.2,0,2025-02-03,2025-02-03,0,0
P003404,1,0,31.0,277.82,0,2026-04-09,2026-04-09,0,0
P003405,3,1,46.666666666666664,3169.4500000000003,0,2026-04-02,2026-09-26,1,0
P003406,2,0,22.0,985.39,0,2025-07-29,2026-01-29,1,0
P003407,4,0,45.0,2440.39,0,2025-08-07,2026-09-25,1,1
P003408,3,1,65.33333333333333,14555.95,0,2024-08-27,2025-10-01,1,0
P003409,5,3,76.4,21179.510000000002,0,2026-02-14,2026-09-20,1,1
P003410,2,0,19.5,779.56,0,2025-06-20,2026-05-19,1,0
P003411,3,1,111.0,17446.120000000003,0,2026-08-02,2026-09-25,1,0
P003412,2,0,47.5,2436.35,0,2025-08-04,2026-06-14,1,0
P003413,1,1,51.0,14319.2,0,2024-05-24,2024-05-24,0,0
P003414,2,0,57.0,1620.4099999999999,0,2025-02-26,2025-03-16,1,0
P003415,1,1,20.0,1872.55,0,2024-04-05,2024-04-05,0,0
P003416,1,1,42.0,13696.17,0,2025-01-29,2025-01-29,0,0
P003417,1,1,82.0,9704.35,0,2026-05-17,2026-05-17,0,0
P003418,1,0,32.0,1125.62,0,2026-03-28,2026-03-28,0,0
P003419,1,0,27.0,809.14,0,2026-01-15,2026-01-15,0,0
P003420,1,0,102.0,904.26,0,2026-07-17,2026-07-17,0,0
P003421,1,1,67.0,6881.82,0,2024-04-14,2024-04-14,0,0
P003422,2,1,92.5,10562.65,0,2025-06-15,2026-07-18,1,0
P003423,1,0,11.0,575.89,0,2025-12-30,2025-12-30,0,0
P003424,1,0,7.0,337.67,0,2025-06-14,2025-06-14,0,0
P003425,1,0,56.0,1536.16,0,2026-01-15,2026-01-15,0,0
P003426,1,1,70.0,3098.82,0,2025-01-12,2025-01-12,0,0
P003427,1,0,13.0,601.4,0,2024-12-16,2024-12-16,0,0
P003428,3,1,52.0,6968.48,1,2024-03-21,2025-05-16,1,0
P003429,5,2,73.2,37774.29,0,2025-02-09,2026-09-20,1,1
P003430,1,0,29.0,480.32,0,2026-02-26,2026-02-26,0,0
P003431,1,0,24.0,803.12,0,2026-08-06,2026-08-06,0,0
P003432,2,0,42.5,1110.58,0,2025-12-14,2026-06-18,1,0
P003433,2,1,77.0,8261.09,0,2026-07-23,2026-09-13,1,0
P003434,4,1,30.75,8647.97,0,2026-08-09,2026-09-28,1,1
P003435,1,0,28.0,1131.55,0,2025-10-15,2025-10-15,0,0
P003436,1,0,21.0,262.3,0,2024-09-10,2024-09-10,0,0
P003437,1,1,41.0,2858.5,0,2025-09-27,2025-09-27,0,0
P003438,1,0,24.0,416.06,0,2025-08-12,2025-08-12,0,0
P003439,1,0,26.0,888.02,0,2026-07-17,2026-07-17,0,0
P003440,1,0,149.0,1042.77,0,2026-08-25,2026-08-25,0,0
P003441,1,0,23.0,2096.4,0,2025-06-27,2025-06-27,0,0
P003442,1,0,66.0,1209.1,0,2025-11-16,2025-11-16,0,0
P003443,1,0,150.0,1238.6,0,2026-03-18,2026-03-18,0,0
P003444,3,0,45.333333333333336,2501.67,0,2025-10-31,2026-05-08,1,0
P003445,3,1,45.666666666666664,4349.4,0,2024-05-25,2024-09-12,1,0
P003446,2,1,69.5,12333.66,0,2026-04-25,2026-05-27,1,0
P003447,2,2,38.5,29741.39,0,2024-07-29,2025-07-16,1,0
P003448,3,2,27.0,21525.65,0,2024-01-25,2025-01-14,1,0
P003449,1,1,45.0,7447.68,0,2025-02-05,2025-02-05,0,0
P003450,2,1,55.5,3537.22,0,2025-01-02,2025-04-07,1,0
P003451,1,0,34.0,1428.08,0,2026-01-11,2026-01-11,0,0
P003452,2,0,27.0,1175.6399999999999,0,2026-01-12,2026-09-11,1,0
P003453,2,2,106.0,34061.11,0,2025-02-09,2025-09-15,1,0
P003454,2,1,33.5,8457.730000000001,0,2024-04-16,2024-05-24,1,0
P003455,1,0,18.0,407.98,0,2026-06-02,2026-06-02,0,0
P003456,2,1,102.0,9798.08,0,2024-03-10,2024-06-07,1,0
P003457,5,0,45.4,3509.35,0,2025-02-07,2026-09-28,1,1
P003458,1,1,36.0,18226.06,0,2025-08-10,2025-08-10,0,0
P003459,1,0,77.0,1097.03,0,2025-07-05,2025-07-05,0,0
P003460,1,0,44.0,710.17,0,2025-02-02,2025-02-02,0,0
P003461,1,1,60.0,7305.53,0,2025-08-30,2025-08-30,0,0
P003462,6,0,68.66666666666667,2940.48,0,2025-06-28,2026-04-01,1,1
P003463,2,0,39.5,949.8800000000001,0,2024-01-03,2024-01-28,1,0
P003464,1,0,21.0,392.97,0,2024-06-07,2024-06-07,0,0
P003465,1,0,71.0,765.11,0,2024-06-17,2024-06-17,0,0
P003466,2,1,51.5,10448.6,0,2025-03-28,2025-11-16,1,0
P003467,1,0,37.0,982.08,0,2025-02-08,2025-02-08,0,0
P003468,1,0,88.0,564.08,0,2024-03-01,2024-03-01,0,0
P003469,1,0,93.0,1349.11,0,2026-06-08,2026-06-08,0,0
P003470,1,0,13.0,578.67,0,2026-05-02,2026-05-02,0,0
P003471,2,1,33.0,12898.16,0,2025-11-03,2025-11-26,1,0
P003472,1,0,92.0,541.72,0,2026-08-17,2026-08-17,0,0
P003473,1,0,24.0,379.31,0,2025-02-20,2025-02-20,0,0
P003474,2,1,27.5,9461.67,1,2024-05-18,2024-06-10,1,0
P003475,2,0,25.5,1307.87,0,2025-04-22,2025-09-19,1,0
P003476,1,0,14.0,157.01,0,2024-11-03,2024-11-03,0,0
P003477,3,0,29.0,1811.13,0,2024-10-03,2025-04-16,1,0
P003478,1,0,54.0,2213.61,0,2026-05-18,2026-05-18,0,0
P003479,1,0,19.0,215.13,0,2025-02-09,2025-02-09,0,0
P003480,4,0,28.75,2382.54,0,2024-01-20,2026-05-31,1,1
P003481,2,1,64.0,2631.13,1,2024-01-10,2024-01-22,1,0
P003482,1,0,22.0,537.99,0,2025-10-28,2025-10-28,0,0
P003483,1,0,37.0,238.95,0,2025-01-12,2025-01-12,0,0
P003484,1,0,18.0,238.09,0,2024-09-25,2024-09-25,0,0
P003485,2,0,56.0,902.31,0,2025-05-23,2025-08-15,1,0
P003486,5,1,32.8,3318.56,1,2026-03-11,2026-09-13,1,1
P003487,2,0,12.0,1096.22,0,2024-06-25,2024-07-09,1,0
P003488,4,2,48.0,25374.99,0,2024-01-22,2024-08-23,1,1
P003489,1,1,50.0,8368.72,0,2024-02-04,2024-02-04,0,0
P003490,1,0,32.0,807.74,0,2026-02-12,2026-02-12,0,0
P003491,1,0,31.0,275.27,0,2025-12-15,2025-12-15,0,0
P003492,3,0,25.666666666666668,807.49,0,2024-04-19,2026-05-06,1,0
P003493,3,0,72.0,2610.7200000000003,0,2026-08-04,2026-09-25,1,0
P003494,1,0,44.0,298.55,0,2025-04-01,2025-04-01,0,0
P003495,1,0,17.0,294.49,0,2024-04-03,2024-04-03,0,0
P003496,2,0,35.5,827.8,0,2024-11-23,2025-01-16,1,0
P003497,2,0,68.0,711.27,0,2024-11-23,2024-12-16,1,0
P003498,1,0,13.0,477.73,0,2024-03-25,2024-03-25,0,0
P003499,3,0,31.0,4060.44,0,2025-02-27,2026-09-20,1,0
P003500,2,1,64.0,6755.6,0,2024-07-06,2024-12-05,1,0
P003501,3,2,30.333333333333332,22442.61,0,2026-09-25,2026-09-28,1,0
P003502,4,2,47.75,10371.539999999999,0,2024-05-06,2025-06-09,1,1
P003503,1,1,119.0,14980.7,0,2024-09-20,2024-09-20,0,0
P003504,1,1,99.0,2885.4,0,2024-10-16,2024-10-16,0,0
P003505,1,1,22.0,4257.58,0,2026-06-15,2026-06-15,0,0
P003506,2,1,31.0,5169.72,0,2024-07-17,2025-03-08,1,0
P003507,4,1,36.5,4157.62,0,2024-03-12,2025-09-13,1,1
P003508,5,2,39.4,29900.72,0,2025-01-29,2026-09-30,1,1
P003509,1,0,107.0,2542.85,0,2026-02-26,2026-02-26,0,0
P003510,3,0,52.666666666666664,1105.12,0,2025-03-23,2025-06-14,1,0
P003511,2,1,63.5,2227.6800000000003,0,2025-04-02,2026-02-04,1,0
P003512,2,1,58.5,4866.31,0,2025-09-12,2026-05-05,1,0
P003513,3,0,51.0,2720.76,0,2024-04-07,2026-02-04,1,0
P003514,1,0,28.0,182.18,0,2025-05-10,2025-05-10,0,0
P003515,3,3,58.666666666666664,10851.51,0,2026-04-30,2026-09-12,1,0
P003516,1,0,53.0,853.49,0,2024-09-15,2024-09-15,0,0
P003517,1,0,62.0,1004.3,0,2024-08-06,2024-08-06,0,0
P003518,1,0,60.0,1458.17,0,2025-12-02,2025-12-02,0,0
P003519,1,1,83.0,4822.06,0,2024-08-29,2024-08-29,0,0
P003520,2,0,20.5,1464.35,0,2026-02-25,2026-05-29,1,0
P003521,2,0,50.5,1080.76,0,2024-06-16,2024-09-21,1,0
P003522,2,1,71.5,8954.160000000002,0,2026-07-23,2026-08-22,1,0
P003523,1,0,10.0,866.58,0,2024-06-22,2024-06-22,0,0
P003524,3,2,29.333333333333332,12380.7,0,2026-09-23,2026-09-28,1,0
P003525,1,0,34.0,1177.93,0,2025-02-02,2025-02-02,0,0
P003526,1,0,23.0,319.24,0,2024-11-16,2024-11-16,0,0
P003527,1,0,14.0,705.3,0,2026-02-03,2026-02-03,0,0
P003528,4,1,41.25,8157.55,0,2026-08-05,2026-09-28,1,1
P003529,1,0,45.0,441.82,0,2025-07-02,2025-07-02,0,0
P003530,1,0,38.0,444.97,0,2025-03-15,2025-03-15,0,0
P003531,2,1,28.5,10521.84,0,2026-02-25,2026-08-26,1,0
P003532,1,1,93.0,10026.25,0,2024-03-06,2024-03-06,0,0
P003533,1,1,53.0,2309.04,0,2026-01-25,2026-01-25,0,0
P003534,1,0,60.0,1058.58,0,2026-08-29,2026-08-29,0,0
P003535,1,0,31.0,598.82,0,2024-06-24,2024-06-24,0,0
P003536,1,0,239.0,1536.37,0,2026-07-25,2026-07-25,0,0
P003537,3,2,77.0,15066.74,0,2024-02-28,2024-12-18,1,0
P003538,1,1,48.0,1760.31,0,2026-05-01,2026-05-01,0,0
P003539,1,0,156.0,802.02,0,2026-05-20,2026-05-20,0,0
P003540,2,0,30.5,675.1300000000001,0,2026-08-24,2026-09-13,1,0
P003541,1,1,48.0,18141.07,0,2025-12-05,2025-12-05,0,0
P003542,2,1,45.0,2178.04,0,2025-02-23,2025-08-22,1,0
P003543,1,1,60.0,27103.62,0,2026-01-28,2026-01-28,0,0
P003544,1,0,45.0,716.14,0,2025-02-20,2025-02-20,0,0
P003545,3,1,29.0,5390.3,0,2024-10-01,2026-09-10,1,0
P003546,1,0,19.0,624.44,0,2024-10-24,2024-10-24,0,0
P003547,1,1,17.0,5631.37,0,2024-09-28,2024-09-28,0,0
P003548,4,2,59.0,12421.21,0,2025-01-23,2026-08-29,1,1
P003549,1,0,64.0,816.61,0,2026-04-17,2026-04-17,0,0
P003550,3,2,48.666666666666664,14603.029999999999,0,2026-07-10,2026-09-21,1,0
P003551,1,0,12.0,359.08,0,2026-09-15,2026-09-15,0,0
P003552,4,2,84.75,8288.94,0,2024-07-16,2026-03-03,1,1
P003553,1,0,61.0,1125.77,0,2024-04-20,2024-04-20,0,0
P003554,1,0,75.0,1184.26,0,2026-02-24,2026-02-24,0,0
P003555,1,1,56.0,4776.71,0,2024-06-09,2024-06-09,0,0
P003556,1,1,93.0,4910.49,0,2025-07-04,2025-07-04,0,0
P003557,5,2,32.6,12445.06,0,2024-02-27,2026-09-22,1,1
P003558,3,2,83.66666666666667,15201.07,0,2024-05-19,2024-11-27,1,0
P003559,1,0,77.0,1087.88,0,2024-12-24,2024-12-24,0,0
P003560,6,0,30.0,1935.18,0,2025-02-14,2026-09-28,1,1
P003561,1,0,14.0,555.88,0,2024-06-23,2024-06-23,0,0
P003562,3,1,47.333333333333336,13501.37,0,2026-01-15,2026-09-27,1,0
P003563,4,0,51.5,4950.969999999999,0,2024-11-11,2025-03-22,1,1
P003564,1,0,43.0,454.18,0,2026-07-18,2026-07-18,0,0
P003565,1,1,30.0,15654.52,0,2025-11-17,2025-11-17,0,0
P003566,1,0,16.0,312.61,0,2024-04-24,2024-04-24,0,0
P003567,2,1,26.0,1555.6200000000001,0,2025-12-12,2026-09-15,1,0
P003568,3,1,55.0,18555.22,0,2026-01-28,2026-09-23,1,0
P003569,2,1,25.0,2255.54,0,2025-10-14,2025-11-15,1,0
P003570,1,0,17.0,404.67,0,2025-04-28,2025-04-28,0,0
P003571,1,0,38.0,451.12,0,2026-03-21,2026-03-21,0,0
P003572,2,0,22.5,1128.31,0,2025-09-14,2025-12-15,1,0
P003573,1,1,33.0,1036.24,0,2024-07-05,2024-07-05,0,0
P003574,1,0,44.0,418.08,0,2026-09-27,2026-09-27,0,0
P003575,1,0,17.0,404.73,0,2026-08-30,2026-08-30,0,0
P003576,1,0,15.0,276.19,0,2025-06-20,2025-06-20,0,0
P003577,1,0,48.0,705.07,0,2024-05-05,2024-05-05,0,0
P003578,2,0,20.5,1671.79,0,2026-08-20,2026-09-16,1,0
P003579,1,0,17.0,917.56,0,2025-03-07,2025-03-07,0,0
P003580,2,0,36.5,2689.37,0,2026-08-29,2026-09-25,1,0
P003581,2,1,32.0,2832.2799999999997,0,2025-02-11,2025-05-04,1,0
P003582,1,0,19.0,468.21,0,2026-08-06,2026-08-06,0,0
P003583,1,0,17.0,793.38,0,2024-08-01,2024-08-01,0,0
P003584,2,1,43.5,20356.37,0,2026-05-28,2026-09-17,1,0
P003585,2,1,63.5,3523.98,0,2025-12-19,2026-01-07,1,0
P003586,1,1,55.0,1914.93,0,2025-07-18,2025-07-18,0,0
P003587,2,1,31.5,9162.12,0,2026-06-03,2026-09-22,1,0
P003588,1,1,91.0,5509.06,0,2024-11-17,2024-11-17,0,0
P003589,1,0,320.0,1073.37,0,2025-10-17,2025-10-17,0,0
P003590,2,2,57.0,16768.12,0,2025-09-26,2026-09-10,1,0
P003591,1,1,50.0,10829.04,0,2025-10-30,2025-10-30,0,0
P003592,1,0,13.0,255.58,0,2024-06-07,2024-06-07,0,0
P003593,1,1,84.0,6389.18,0,2025-04-17,2025-04-17,0,0
P003594,1,1,52.0,2306.42,0,2025-11-24,2025-11-24,0,0
P003595,4,2,63.5,13876.71,0,2024-09-22,2026-02-18,1,1
P003596,1,1,94.0,21082.3,0,2026-03-07,2026-03-07,0,0
P003597,1,1,43.0,10444.13,0,2025-07-27,2025-07-27,0,0
P003598,1,1,34.0,7162.46,0,2026-08-26,2026-08-26,0,0
P003599,2,0,23.0,753.5799999999999,0,2026-08-26,2026-09-11,1,0
P003600,1,0,9.0,245.03,0,2024-08-17,2024-08-17,0,0
P003601,2,0,45.0,1762.01,0,2025-05-10,2025-12-26,1,0
P003602,1,0,28.0,354.25,0,2025-01-14,2025-01-14,0,0
P003603,2,0,60.5,1310.75,0,2025-10-24,2026-08-04,1,0
P003604,2,1,100.5,3546.0,0,2026-03-04,2026-09-24,1,0
P003605,1,1,67.0,8641.3,0,2024-05-05,2024-05-05,0,0
P003606,2,0,50.5,1012.52,0,2025-04-27,2025-06-06,1,0
P003607,1,0,38.0,746.48,0,2026-01-05,2026-01-05,0,0
P003608,1,0,17.0,143.7,0,2025-07-22,2025-07-22,0,0
P003609,1,0,13.0,538.56,0,2025-10-20,2025-10-20,0,0
P003610,1,1,67.0,6646.2,0,2026-01-09,2026-01-09,0,0
P003611,1,0,43.0,1002.0,0,2024-03-20,2024-03-20,0,0
P003612,2,1,36.0,3253.09,0,2026-05-12,2026-05-23,1,0
P003613,2,0,45.0,1238.35,0,2024-06-20,2025-03-26,1,0
P003614,1,0,37.0,356.32,0,2025-04-30,2025-04-30,0,0
P003615,1,1,42.0,999.55,0,2025-05-19,2025-05-19,0,0
P003616,1,0,19.0,311.34,0,2025-07-14,2025-07-14,0,0
P003617,1,1,47.0,8839.25,0,2025-04-10,2025-04-10,0,0
P003618,2,0,86.5,1293.84,0,2026-01-04,2026-09-12,1,0
P003619,1,0,17.0,570.27,0,2026-04-30,2026-04-30,0,0
P003620,1,0,78.0,1638.33,0,2026-07-26,2026-07-26,0,0
P003621,2,0,41.0,1758.02,0,2024-12-20,2025-01-31,1,0
P003622,5,1,44.4,9083.47,0,2026-04-01,2026-09-25,1,1
P003623,2,0,27.5,1055.76,0,2025-05-28,2025-06-25,1,0
P003624,2,0,36.0,1920.3,0,2025-01-23,2025-10-27,1,0
P003625,1,0,49.0,1737.44,0,2025-11-27,2025-11-27,0,0
P003626,1,0,65.0,1076.72,0,2024-05-20,2024-05-20,0,0
P003627,1,0,13.0,464.84,0,2024-06-05,2024-06-05,0,0
P003628,1,0,35.0,250.09,0,2026-01-20,2026-01-20,0,0
P003629,1,1,58.0,7136.94,0,2025-08-20,2025-08-20,0,0
P003630,1,1,53.0,19841.09,0,2025-11-21,2025-11-21,0,0
P003631,1,0,12.0,485.89,0,2026-07-25,2026-07-25,0,0
P003632,2,1,25.5,3470.01,0,2026-05-24,2026-09-25,1,0
P003633,3,0,52.666666666666664,1556.97,0,2025-08-12,2026-09-20,1,0
P003634,1,1,37.0,7258.93,0,2026-06-06,2026-06-06,0,0
P003635,1,1,39.0,10949.71,0,2024-07-10,2024-07-10,0,0
P003636,4,2,84.5,30349.51,0,2025-01-26,2026-09-20,1,1
P003637,3,1,37.0,6318.69,0,2024-03-22,2024-06-08,1,0
P003638,2,1,55.0,3471.6899999999996,0,2024-09-02,2024-11-10,1,0
P003639,2,1,38.5,11901.86,0,2026-07-29,2026-09-28,1,0
P003640,1,0,41.0,169.95,0,2024-07-27,2024-07-27,0,0
P003641,1,0,28.0,241.5,0,2025-12-08,2025-12-08,0,0
P003642,1,1,107.0,12179.62,0,2025-05-15,2025-05-15,0,0
P003643,1,0,17.0,563.58,0,2025-08-03,2025-08-03,0,0
P003644,1,0,20.0,279.95,0,2025-12-20,2025-12-20,0,0
P003645,1,0,22.0,217.35,0,2025-04-20,2025-04-20,0,0
P003646,1,0,28.0,713.47,0,2026-04-20,2026-04-20,0,0
P003647,1,0,28.0,197.26,0,2026-06-12,2026-06-12,0,0
P003648,2,1,36.0,3492.96,0,2025-06-23,2025-08-11,1,0
P003649,1,0,91.0,904.22,0,2026-09-24,2026-09-24,0,0
P003650,3,1,35.333333333333336,12936.37,0,2026-08-27,2026-09-22,1,0
P003651,3,1,34.666666666666664,3354.89,0,2024-02-15,2025-05-19,1,0
P003652,1,0,238.0,867.88,0,2026-05-02,2026-05-02,0,0
P003653,1,0,19.0,237.09,0,2026-01-31,2026-01-31,0,0
P003654,2,1,71.0,2232.7200000000003,0,2024-11-09,2024-12-17,1,0
P003655,1,1,50.0,15500.31,0,2024-08-12,2024-08-12,0,0
P003656,1,1,62.0,9556.58,0,2024-09-01,2024-09-01,0,0
P003657,1,0,23.0,740.18,0,2025-07-15,2025-07-15,0,0
P003658,1,0,56.0,647.66,0,2025-10-26,2025-10-26,0,0
P003659,1,1,23.0,1585.71,0,2024-09-11,2024-09-11,0,0
P003660,1,1,34.0,2281.07,0,2024-03-27,2024-03-27,0,0
P003661,1,1,211.0,8248.76,0,2026-02-09,2026-02-09,0,0
P003662,4,1,57.5,6379.509999999999,1,2025-05-21,2025-07-21,1,1
P003663,1,1,56.0,21433.26,0,2024-09-19,2024-09-19,0,0
P003664,1,0,15.0,750.6,0,2025-11-04,2025-11-04,0,0
P003665,1,0,48.0,443.91,0,2025-04-11,2025-04-11,0,0
P003666,1,0,25.0,429.9,0,2026-01-24,2026-01-24,0,0
P003667,1,1,192.0,14011.05,0,2025-07-12,2025-07-12,0,0
P003668,1,0,27.0,657.47,0,2025-10-29,2025-10-29,0,0
P003669,2,1,104.5,1767.21,0,2025-06-11,2026-02-07,1,0
P003670,1,0,37.0,643.03,0,2026-01-16,2026-01-16,0,0
P003671,1,0,26.0,821.23,0,2025-01-26,2025-01-26,0,0
P003672,3,1,55.0,5711.58,0,2025-12-10,2026-05-18,1,0
P003673,3,1,44.333333333333336,18254.89,0,2024-08-14,2025-03-09,1,0
P003674,1,0,8.0,256.68,0,2024-06-10,2024-06-10,0,0
P003675,1,0,28.0,863.39,0,2026-04-18,2026-04-18,0,0
P003676,1,0,27.0,1301.58,0,2024-08-29,2024-08-29,0,0
P003677,4,0,56.5,2180.56,0,2025-10-16,2026-09-20,1,1
P003678,1,0,114.0,744.12,0,2026-04-22,2026-04-22,0,0
P003679,1,0,27.0,426.06,0,2026-01-21,2026-01-21,0,0
P003680,1,1,71.0,1097.11,0,2024-03-27,2024-03-27,0,0
P003681,1,1,39.0,3255.22,0,2025-05-17,2025-05-17,0,0
P003682,1,1,58.0,1215.28,0,2025-01-20,2025-01-20,0,0
P003683,1,1,95.0,5201.53,0,2024-11-18,2024-11-18,0,0
P003684,1,0,101.0,1170.09,0,2025-12-22,2025-12-22,0,0
P003685,1,1,39.0,16346.53,0,2026-03-14,2026-03-14,0,0
P003686,1,1,27.0,11237.46,0,2026-07-25,2026-07-25,0,0
P003687,1,0,15.0,249.18,0,2025-09-22,2025-09-22,0,0
P003688,1,0,58.0,1206.65,0,2025-12-15,2025-12-15,0,0
P003689,2,2,77.5,23471.2,0,2024-01-06,2024-04-21,1,0
P003690,3,1,39.666666666666664,8756.33,0,2024-12-05,2026-01-04,1,0
P003691,2,2,65.0,7088.09,0,2024-01-11,2024-12-12,1,0
P003692,1,0,22.0,267.18,0,2025-08-05,2025-08-05,0,0
P003693,1,0,67.0,2027.23,0,2026-02-02,2026-02-02,0,0
P003694,1,1,96.0,8465.85,0,2024-07-17,2024-07-17,0,0
P003695,1,0,5.0,347.12,0,2025-12-03,2025-12-03,0,0
P003696,1,0,31.0,1644.49,0,2024-06-27,2024-06-27,0,0
P003697,2,1,25.5,10026.68,0,2026-07-16,2026-09-11,1,0
P003698,1,0,86.0,851.49,0,2025-02-08,2025-02-08,0,0
P003699,2,0,23.0,1094.48,0,2026-05-15,2026-05-30,1,0
P003700,1,0,15.0,592.59,0,2025-05-19,2025-05-19,0,0
P003701,1,0,9.0,670.74,0,2025-10-29,2025-10-29,0,0
P003702,1,0,64.0,785.63,0,2026-07-06,2026-07-06,0,0
P003703,1,0,135.0,1856.58,0,2025-12-23,2025-12-23,0,0
P003704,2,1,52.0,7560.41,0,2024-01-01,2024-08-16,1,0
P003705,1,0,68.0,754.72,0,2025-11-19,2025-11-19,0,0
P003706,3,0,114.0,2067.4,0,2025-03-19,2025-07-23,1,0
P003707,2,0,82.0,1203.09,0,2025-08-07,2025-08-23,1,0
P003708,5,1,33.6,13477.13,0,2025-11-28,2026-09-21,1,1
P003709,2,2,150.5,15304.740000000002,0,2025-04-13,2026-04-25,1,0
P003710,1,0,22.0,1119.82,0,2024-02-20,2024-02-20,0,0
P003711,3,0,31.333333333333332,2246.07,0,2025-11-14,2026-08-26,1,0
P003712,2,0,77.0,822.67,0,2026-03-19,2026-03-31,1,0
P003713,1,0,16.0,1060.17,0,2025-12-07,2025-12-07,0,0
P003714,1,0,128.0,896.82,0,2024-05-26,2024-05-26,0,0
P003715,1,1,20.0,3420.84,0,2025-10-26,2025-10-26,0,0
P003716,2,0,20.5,688.6700000000001,0,2026-09-07,2026-09-23,1,0
P003717,1,0,44.0,221.96,0,2026-08-24,2026-08-24,0,0
P003718,2,2,32.5,8755.65,0,2026-08-04,2026-09-15,1,0
P003719,1,0,16.0,380.23,0,2025-09-23,2025-09-23,0,0
P003720,1,0,25.0,646.98,0,2024-04-08,2024-04-08,0,0
P003721,5,0,61.4,6040.62,0,2026-01-08,2026-09-30,1,1
P003722,1,0,9.0,363.12,0,2024-10-14,2024-10-14,0,0
P003723,1,0,52.0,385.09,0,2024-02-11,2024-02-11,0,0
P003724,1,0,15.0,235.1,0,2026-03-02,2026-03-02,0,0
P003725,1,0,28.0,219.8,0,2025-03-14,2025-03-14,0,0
P003726,1,0,62.0,1206.08,0,2025-05-29,2025-05-29,0,0
P003727,1,0,21.0,569.0,0,2026-02-02,2026-02-02,0,0
P003728,5,4,44.2,24553.12,1,2025-12-22,2026-09-23,1,1
P003729,4,2,57.5,6905.48,1,2025-01-10,2025-11-10,1,1
P003730,1,0,127.0,535.94,0,2025-01-20,2025-01-20,0,0
P003731,1,0,17.0,407.13,0,2026-05-19,2026-05-19,0,0
P003732,1,0,55.0,1821.81,0,2025-11-07,2025-11-07,0,0
P003733,3,1,68.33333333333333,5272.37,0,2025-12-30,2026-09-29,1,0
P003734,1,0,67.0,563.06,0,2024-10-09,2024-10-09,0,0
P003735,1,0,101.0,988.23,0,2025-02-01,2025-02-01,0,0
P003736,3,1,92.0,7383.05,0,2026-08-22,2026-09-20,1,0
P003737,1,0,14.0,185.02,0,2024-02-12,2024-02-12,0,0
P003738,4,3,47.5,36780.79,0,2026-03-31,2026-09-27,1,1
P003739,3,1,40.333333333333336,16636.98,0,2026-07-08,2026-09-15,1,0
P003740,3,0,31.0,2482.34,0,2024-01-31,2024-11-23,1,0
P003741,2,0,25.5,587.73,0,2025-03-12,2025-12-22,1,0
P003742,1,0,79.0,275.7,0,2026-04-06,2026-04-06,0,0
P003743,1,1,115.0,6207.9,0,2026-02-19,2026-02-19,0,0
P003744,2,0,70.5,1578.35,0,2025-12-15,2026-06-18,1,0
P003745,1,1,55.0,33190.9,0,2026-07-01,2026-07-01,0,0
P003746,4,2,55.0,24656.08,0,2025-06-06,2026-04-10,1,1
P003747,3,0,30.0,777.83,0,2025-04-15,2026-09-26,1,0
P003748,2,0,31.0,1295.71,0,2025-08-12,2026-03-07,1,0
P003749,1,0,15.0,209.81,0,2025-06-26,2025-06-26,0,0
P003750,4,1,51.0,13934.69,0,2026-07-05,2026-09-23,1,1
P003751,2,0,19.5,972.47,0,2026-02-22,2026-09-11,1,0
P003752,1,0,27.0,368.38,0,2024-06-19,2024-06-19,0,0
P003753,1,0,18.0,275.03,0,2024-11-11,2024-11-11,0,0
P003754,1,0,35.0,713.76,0,2026-03-27,2026-03-27,0,0
P003755,2,0,36.5,2622.8999999999996,0,2026-05-13,2026-07-15,1,0
P003756,3,2,42.0,7595.55,0,2024-01-18,2024-11-04,1,0
P003757,1,1,69.0,7305.81,0,2024-08-23,2024-08-23,0,0
P003758,1,0,57.0,338.71,0,2025-04-08,2025-04-08,0,0
P003759,1,1,84.0,19952.27,0,2024-04-19,2024-04-19,0,0
P003760,1,1,38.0,2428.01,0,2024-05-01,2024-05-01,0,0
P003761,1,0,17.0,755.64,0,2025-09-15,2025-09-15,0,0
P003762,1,1,88.0,907.31,0,2026-04-26,2026-04-26,0,0
P003763,1,1,104.0,12795.7,0,2026-06-22,2026-06-22,0,0
P003764,1,0,45.0,1413.15,0,2025-05-31,2025-05-31,0,0
P003765,2,0,56.5,926.55,0,2026-09-04,2026-09-18,1,0
P003766,1,1,88.0,4418.92,0,2025-06-08,2025-06-08,0,0
P003767,1,0,59.0,1174.96,0,2024-03-09,2024-03-09,0,0
P003768,1,0,54.0,1783.59,0,2024-12-01,2024-12-01,0,0
P003769,1,1,39.0,1819.21,0,2024-02-14,2024-02-14,0,0
P003770,2,0,67.5,2974.24,0,2025-11-17,2025-12-01,1,0
P003771,4,2,77.75,20410.940000000002,0,2024-05-27,2025-04-12,1,1
P003772,1,0,118.0,739.67,0,2024-09-25,2024-09-25,0,0
P003773,1,1,31.0,1679.25,0,2025-09-03,2025-09-03,0,0
P003774,1,1,42.0,9438.71,0,2024-06-06,2024-06-06,0,0
P003775,1,0,22.0,513.92,0,2024-09-30,2024-09-30,0,0
P003776,1,1,50.0,10249.54,0,2024-06-24,2024-06-24,0,0
P003777,3,1,36.666666666666664,11918.59,0,2025-10-16,2025-11-13,1,0
P003778,1,1,74.0,6603.3,0,2026-07-19,2026-07-19,0,0
P003779,2,1,83.0,7097.040000000001,0,2024-03-12,2025-03-27,1,0
P003780,1,1,218.0,7157.44,0,2024-01-26,2024-01-26,0,0
P003781,4,1,91.75,20377.370000000003,0,2026-01-22,2026-09-30,1,1
P003782,1,0,39.0,655.17,0,2025-01-15,2025-01-15,0,0
P003783,1,0,48.0,1872.83,0,2026-07-15,2026-07-15,0,0
P003784,1,0,31.0,378.64,0,2025-11-23,2025-11-23,0,0
P003785,3,2,53.0,10028.68,0,2024-07-08,2026-06-26,1,0
P003786,1,0,45.0,448.2,0,2025-01-14,2025-01-14,0,0
P003787,1,0,21.0,261.96,0,2025-03-31,2025-03-31,0,0
P003788,2,1,31.5,4495.51,0,2026-06-19,2026-07-19,1,0
P003789,5,1,26.4,7505.3,0,2024-04-17,2026-09-21,1,1
P003790,3,1,31.666666666666668,4173.83,0,2024-07-11,2025-07-13,1,0
P003791,1,0,56.0,2347.78,0,2024-08-27,2024-08-27,0,0
P003792,1,0,47.0,1738.85,0,2024-08-16,2024-08-16,0,0
P003793,3,0,65.66666666666667,2577.95,0,2025-12-18,2026-09-11,1,0
P003794,1,0,27.0,347.39,0,2025-02-13,2025-02-13,0,0
P003795,1,0,29.0,581.14,0,2025-02-24,2025-02-24,0,0
P003796,1,0,14.0,604.84,0,2026-01-02,2026-01-02,0,0
P003797,6,3,34.333333333333336,24423.68,0,2025-12-09,2026-09-28,1,1
P003798,3,1,39.666666666666664,2672.7700000000004,0,2024-05-08,2025-06-01,1,0
P003799,2,1,75.5,9504.1,0,2025-04-24,2026-04-20,1,0
P003800,2,0,85.5,4242.66,0,2026-06-04,2026-06-23,1,0
P003801,1,0,56.0,447.96,0,2026-03-30,2026-03-30,0,0
P003802,1,0,21.0,392.6,0,2024-07-22,2024-07-22,0,0
P003803,1,0,95.0,424.38,0,2025-08-08,2025-08-08,0,0
P003804,2,0,38.5,617.8,0,2024-02-08,2024-07-30,1,0
P003805,1,0,129.0,734.77,0,2025-12-15,2025-12-15,0,0
P003806,2,1,55.0,13535.06,0,2026-01-18,2026-01-27,1,0
P003807,2,2,48.0,19250.83,0,2025-07-08,2025-11-16,1,0
P003808,3,2,48.0,13832.39,0,2025-09-27,2026-07-08,1,0
P003809,1,0,18.0,522.37,0,2024-06-10,2024-06-10,0,0
P003810,1,0,12.0,589.99,0,2025-06-09,2025-06-09,0,0
P003811,2,1,27.0,14250.859999999999,0,2024-09-04,2024-11-04,1,0
P003812,2,0,22.5,797.47,0,2025-05-18,2025-12-28,1,0
P003813,3,1,43.666666666666664,8238.12,0,2026-06-11,2026-09-22,1,0
P003814,1,1,58.0,4243.89,0,2024-08-25,2024-08-25,0,0
P003815,2,1,45.0,2025.8400000000001,0,2026-04-28,2026-09-28,1,0
P003816,4,0,31.0,2212.64,0,2024-06-01,2025-12-17,1,1
P003817,1,0,9.0,181.72,0,2026-08-18,2026-08-18,0,0
P003818,2,1,80.0,12905.25,0,2025-03-30,2025-04-21,1,0
P003819,1,0,55.0,944.03,0,2024-03-26,2024-03-26,0,0
P003820,1,0,19.0,318.64,0,2025-02-05,2025-02-05,0,0
P003821,4,0,27.0,3056.3199999999997,0,2024-05-01,2026-05-19,1,1
P003822,1,1,49.0,5495.6,0,2025-11-30,2025-11-30,0,0
P003823,1,0,13.0,205.45,0,2025-11-11,2025-11-11,0,0
P003824,1,0,13.0,571.48,0,2025-01-05,2025-01-05,0,0
P003825,3,1,19.0,4390.900000000001,0,2025-01-27,2025-07-14,1,0
P003826,1,0,27.0,1278.57,0,2026-07-12,2026-07-12,0,0
P003827,1,0,24.0,344.58,0,2026-06-27,2026-06-27,0,0
P003828,2,1,22.5,6546.62,0,2024-02-28,2024-03-10,1,0
P003829,1,0,16.0,495.66,0,2024-12-05,2024-12-05,0,0
P003830,1,1,98.0,1921.71,0,2025-05-17,2025-05-17,0,0
P003831,1,1,69.0,10157.78,0,2025-03-27,2025-03-27,0,0
P003832,1,0,33.0,435.96,0,2024-04-05,2024-04-05,0,0
P003833,1,0,52.0,837.4,0,2026-06-06,2026-06-06,0,0
P003834,1,1,63.0,9262.81,0,2025-12-01,2025-12-01,0,0
P003835,3,0,23.666666666666668,1540.14,0,2024-11-10,2025-06-17,1,0
P003836,5,4,72.8,49903.13,0,2025-05-12,2026-09-25,1,1
P003837,2,1,31.0,13876.25,0,2026-05-08,2026-09-11,1,0
P003838,1,0,53.0,549.14,0,2024-12-03,2024-12-03,0,0
P003839,1,0,41.0,431.9,0,2024-02-09,2024-02-09,0,0
P003840,1,0,32.0,618.08,0,2024-11-06,2024-11-06,0,0
P003841,1,0,24.0,225.21,0,2026-04-30,2026-04-30,0,0
P003842,2,1,38.0,3873.36,0,2025-04-22,2026-01-08,1,0
P003843,1,0,19.0,836.44,0,2025-01-25,2025-01-25,0,0
P003844,2,0,23.0,690.3199999999999,0,2025-07-27,2025-12-28,1,0
P003845,1,0,21.0,505.02,0,2025-02-20,2025-02-20,0,0
P003846,3,1,85.33333333333333,5827.03,0,2025-02-09,2025-05-08,1,0
P003847,2,1,51.0,1271.1,0,2024-09-07,2025-04-26,1,0
P003848,1,0,17.0,234.99,0,2026-05-08,2026-05-08,0,0
P003849,1,0,25.0,408.52,0,2025-04-02,2025-04-02,0,0
P003850,1,1,62.0,5360.71,0,2025-12-26,2025-12-26,0,0
P003851,3,0,45.333333333333336,1543.74,0,2025-10-17,2025-12-25,1,0
P003852,1,0,7.0,556.11,0,2026-02-05,2026-02-05,0,0
P003853,1,0,16.0,687.18,0,2026-07-09,2026-07-09,0,0
P003854,2,1,29.5,8500.02,0,2024-09-23,2025-09-21,1,0
P003855,2,2,55.0,19435.29,1,2026-09-16,2026-09-26,1,0
P003856,1,0,47.0,895.04,0,2024-12-16,2024-12-16,0,0
P003857,1,1,107.0,12911.07,0,2024-02-29,2024-02-29,0,0
P003858,1,0,117.0,623.19,0,2025-07-05,2025-07-05,0,0
P003859,1,1,33.0,1310.65,0,2025-11-12,2025-11-12,0,0
P003860,1,1,78.0,10983.7,0,2024-11-02,2024-11-02,0,0
P003861,2,0,39.5,820.04,0,2026-09-18,2026-09-19,1,0
P003862,2,1,39.5,2616.0099999999998,0,2025-08-08,2025-10-26,1,0
P003863,2,1,30.0,1449.6200000000001,0,2025-12-30,2026-03-12,1,0
P003864,1,0,36.0,1287.17,0,2024-08-15,2024-08-15,0,0
P003865,3,1,33.666666666666664,5814.29,0,2024-09-09,2026-04-17,1,0
P003866,1,1,43.0,6248.28,0,2026-09-23,2026-09-23,0,0
P003867,6,2,89.66666666666667,22546.04,0,2025-01-02,2026-06-13,1,1
P003868,2,0,33.5,1148.47,0,2024-02-28,2024-09-29,1,0
P003869,1,0,31.0,941.73,0,2026-03-15,2026-03-15,0,0
P003870,1,0,24.0,533.6,0,2025-04-02,2025-04-02,0,0
P003871,1,1,76.0,2950.12,0,2025-09-10,2025-09-10,0,0
P003872,1,1,46.0,4237.22,0,2024-01-19,2024-01-19,0,0
P003873,1,0,26.0,708.9,0,2025-07-14,2025-07-14,0,0
P003874,1,0,66.0,1365.45,0,2025-01-02,2025-01-02,0,0
P003875,2,0,125.5,3268.7700000000004,0,2024-01-11,2024-10-28,1,0
P003876,1,1,63.0,16422.55,0,2024-07-16,2024-07-16,0,0
P003877,2,0,87.0,1538.46,0,2025-12-09,2026-09-20,1,0
P003878,1,0,30.0,892.82,0,2025-07-07,2025-07-07,0,0
P003879,1,1,80.0,13002.06,0,2026-06-22,2026-06-22,0,0
P003880,1,1,141.0,10560.98,0,2024-01-17,2024-01-17,0,0
P003881,4,1,82.5,18044.59,0,2025-07-16,2026-09-15,1,1
P003882,1,0,5.0,887.94,0,2024-06-02,2024-06-02,0,0
P003883,1,1,66.0,3487.82,0,2025-11-22,2025-11-22,0,0
P003884,3,0,20.666666666666668,1225.79,0,2025-03-08,2026-01-08,1,0
P003885,2,1,43.0,2491.19,0,2024-01-25,2024-11-13,1,0
P003886,1,1,44.0,13264.65,0,2025-08-14,2025-08-14,0,0
P003887,1,1,73.0,9011.75,0,2024-04-01,2024-04-01,0,0
P003888,1,0,34.0,789.45,0,2026-08-22,2026-08-22,0,0
P003889,1,1,72.0,14472.02,0,2024-03-08,2024-03-08,0,0
P003890,1,1,145.0,6383.34,0,2025-05-08,2025-05-08,0,0
P003891,1,1,66.0,1383.61,0,2026-01-05,2026-01-05,0,0
P003892,1,1,23.0,16014.21,0,2025-11-05,2025-11-05,0,0
P003893,1,0,20.0,355.2,0,2025-02-24,2025-02-24,0,0
P003894,1,1,110.0,2373.05,0,2026-01-14,2026-01-14,0,0
P003895,1,0,16.0,340.75,0,2025-07-23,2025-07-23,0,0
P003896,1,0,17.0,247.55,0,2025-11-21,2025-11-21,0,0
P003897,5,2,19.0,13802.45,0,2025-02-20,2026-09-27,1,1
P003898,1,0,41.0,433.79,0,2026-01-05,2026-01-05,0,0
P003899,2,1,34.0,3049.76,0,2024-12-23,2025-08-17,1,0
P003900,2,1,58.5,6643.6900000000005,0,2025-06-30,2025-11-03,1,0
P003901,4,2,55.25,20106.64,0,2025-12-01,2026-09-25,1,1
P003902,3,1,30.666666666666668,11075.1,0,2026-08-06,2026-09-24,1,0
P003903,1,0,14.0,286.01,0,2025-04-23,2025-04-23,0,0
P003904,1,0,71.0,393.35,0,2026-09-17,2026-09-17,0,0
P003905,3,2,49.0,14879.6,0,2024-12-25,2025-12-24,1,0
P003906,3,1,47.333333333333336,5181.38,0,2026-06-25,2026-08-15,1,0
P003907,2,2,43.5,11858.71,0,2025-03-05,2025-09-20,1,0
P003908,6,1,57.333333333333336,9504.710000000001,0,2024-08-12,2025-12-04,1,1
P003909,2,1,65.5,4202.9800000000005,0,2026-03-15,2026-08-02,1,0
P003910,2,1,70.0,4178.05,0,2025-07-12,2025-07-24,1,0
P003911,4,2,58.75,31463.9,0,2026-01-30,2026-09-30,1,1
P003912,1,1,69.0,5037.22,0,2024-03-28,2024-03-28,0,0
P003913,1,1,38.0,8161.0,0,2025-04-23,2025-04-23,0,0
P003914,1,0,32.0,689.42,0,2026-01-20,2026-01-20,0,0
P003915,1,1,33.0,13920.52,0,2025-02-10,2025-02-10,0,0
P003916,1,0,83.0,1436.26,0,2025-11-20,2025-11-20,0,0
P003917,1,0,49.0,2006.47,0,2024-05-24,2024-05-24,0,0
P003918,1,0,15.0,274.12,0,2025-10-02,2025-10-02,0,0
P003919,4,4,69.0,14839.39,0,2025-11-20,2026-09-27,1,1
P003920,1,0,17.0,333.93,0,2025-07-12,2025-07-12,0,0
P003921,5,1,60.6,6983.12,0,2025-02-27,2026-09-19,1,1
P003922,1,1,99.0,10239.9,0,2024-01-30,2024-01-30,0,0
P003923,1,1,56.0,25272.16,0,2026-08-27,2026-08-27,0,0
P003924,1,0,28.0,567.93,0,2024-09-28,2024-09-28,0,0
P003925,1,0,221.0,642.55,0,2026-03-23,2026-03-23,0,0
P003926,2,0,18.0,1802.1,0,2024-11-28,2025-03-15,1,0
P003927,1,1,30.0,6309.83,0,2024-10-22,2024-10-22,0,0
P003928,1,0,23.0,510.89,0,2024-03-26,2024-03-26,0,0
P003929,1,0,14.0,380.33,0,2026-08-10,2026-08-10,0,0
P003930,1,0,60.0,810.61,0,2024-01-03,2024-01-03,0,0
P003931,1,0,26.0,692.84,0,2025-12-04,2025-12-04,0,0
P003932,1,0,34.0,227.31,0,2024-10-25,2024-10-25,0,0
P003933,1,0,101.0,548.24,0,2025-01-16,2025-01-16,0,0
P003934,2,1,29.0,10506.210000000001,0,2025-11-11,2026-05-25,1,0
P003935,3,0,24.333333333333332,1641.52,0,2024-01-02,2025-03-05,1,0
P003936,3,2,53.666666666666664,11575.060000000001,0,2026-07-15,2026-09-23,1,0
P003937,1,0,30.0,240.11,0,2025-12-08,2025-12-08,0,0
P003938,1,1,58.0,8195.21,0,2025-06-03,2025-06-03,0,0
P003939,5,3,104.8,19107.09,1,2025-07-20,2026-09-28,1,1
P003940,1,0,38.0,427.1,0,2026-06-01,2026-06-01,0,0
P003941,2,0,42.0,1185.8899999999999,0,2024-11-30,2025-01-10,1,0
P003942,5,1,28.2,6811.389999999999,0,2024-01-27,2026-09-22,1,1
P003943,1,0,56.0,709.5,0,2024-08-12,2024-08-12,0,0
P003944,2,0,65.0,2241.0,0,2025-06-09,2025-09-29,1,0
P003945,1,0,17.0,621.6,0,2026-08-29,2026-08-29,0,0
P003946,1,0,25.0,411.41,0,2025-09-09,2025-09-09,0,0
P003947,1,0,116.0,1805.74,0,2026-06-16,2026-06-16,0,0
P003948,1,1,69.0,8524.73,0,2026-09-01,2026-09-01,0,0
P003949,2,0,166.5,1479.3799999999999,0,2024-10-30,2024-12-05,1,0
P003950,5,0,64.8,3565.23,0,2025-06-23,2026-09-23,1,1
P003951,2,0,30.0,2195.25,0,2026-09-10,2026-09-17,1,0
P003952,1,0,134.0,474.97,0,2025-11-09,2025-11-09,0,0
P003953,1,0,41.0,1474.59,0,2024-12-06,2024-12-06,0,0
P003954,3,0,45.666666666666664,1452.83,0,2025-11-18,2026-09-26,1,0
P003955,2,1,46.0,1894.19,0,2024-07-16,2024-10-09,1,0
P003956,1,1,43.0,4480.68,0,2024-09-28,2024-09-28,0,0
P003957,1,1,64.0,3963.6,0,2026-07-11,2026-07-11,0,0
P003958,1,1,137.0,3854.9,0,2026-01-21,2026-01-21,0,0
P003959,1,0,24.0,122.46,0,2024-05-24,2024-05-24,0,0
P003960,1,1,49.0,4525.02,0,2025-09-26,2025-09-26,0,0
P003961,1,0,43.0,948.24,0,2024-07-23,2024-07-23,0,0
P003962,2,1,39.5,5878.599999999999,0,2024-11-09,2025-10-05,1,0
P003963,2,0,55.0,2101.94,0,2026-02-03,2026-05-02,1,0
P003964,1,0,74.0,1388.77,0,2026-09-25,2026-09-25,0,0
P003965,1,0,20.0,543.14,0,2024-06-17,2024-06-17,0,0
P003966,1,0,15.0,455.0,0,2025-08-15,2025-08-15,0,0
P003967,1,1,55.0,7786.58,0,2026-09-05,2026-09-05,0,0
P003968,1,0,83.0,956.4,0,2025-10-15,2025-10-15,0,0
P003969,1,0,49.0,561.1,0,2026-01-01,2026-01-01,0,0
P003970,5,2,57.0,17182.440000000002,0,2024-06-01,2026-09-16,1,1
P003971,2,1,45.0,6908.08,0,2024-03-13,2024-12-16,1,0
P003972,1,0,12.0,539.04,0,2026-05-04,2026-05-04,0,0
P003973,1,0,28.0,954.58,0,2025-02-11,2025-02-11,0,0
P003974,1,0,27.0,1249.44,0,2025-08-18,2025-08-18,0,0
P003975,1,0,132.0,1223.18,0,2025-09-06,2025-09-06,0,0
P003976,1,0,55.0,1242.64,0,2024-02-18,2024-02-18,0,0
P003977,2,1,59.0,1402.88,0,2024-08-12,2024-09-23,1,0
P003978,2,2,129.5,7241.72,0,2024-04-30,2025-02-13,1,0
P003979,2,1,53.5,22022.359999999997,0,2024-03-24,2024-07-15,1,0
P003980,1,0,21.0,662.19,0,2024-09-07,2024-09-07,0,0
P003981,2,0,92.0,1047.01,0,2024-01-29,2024-10-31,1,0
P003982,2,1,101.5,11445.87,0,2025-05-29,2025-08-09,1,0
P003983,5,1,59.8,12892.720000000001,0,2024-08-07,2026-09-13,1,1
P003984,1,0,15.0,494.06,0,2024-01-29,2024-01-29,0,0
P003985,1,1,33.0,3600.34,0,2024-07-19,2024-07-19,0,0
P003986,1,1,105.0,3074.85,0,2024-09-25,2024-09-25,0,0
P003987,1,0,37.0,464.42,0,2024-02-27,2024-02-27,0,0
P003988,2,0,47.5,1879.7799999999997,0,2026-04-26,2026-05-04,1,0
P003989,1,1,73.0,8991.31,0,2024-07-04,2024-07-04,0,0
P003990,1,0,64.0,408.31,0,2024-08-15,2024-08-15,0,0
P003991,2,1,32.0,2998.96,0,2026-09-09,2026-09-20,1,0
P003992,4,0,40.75,1589.1399999999999,0,2025-02-28,2026-01-26,1,1
P003993,2,2,35.0,11914.07,1,2024-07-24,2024-08-05,1,0
P003994,3,1,21.333333333333332,6558.650000000001,0,2026-09-05,2026-09-27,1,0
P003995,1,1,18.0,5761.62,0,2024-11-05,2024-11-05,0,0
P003996,1,1,33.0,8038.91,0,2024-01-31,2024-01-31,0,0
P003997,1,0,20.0,632.39,0,2025-06-28,2025-06-28,0,0
P003998,2,1,48.0,4495.65,0,2025-08-21,2026-04-11,1,0
P003999,2,0,57.0,1532.77,0,2024-11-03,2025-12-28,1,0
P004000,1,0,8.0,254.72,0,2025-02-05,2025-02-05,0,0
P004001,1,0,60.0,1745.53,0,2025-09-06,2025-09-06,0,0
P004002,1,0,77.0,937.42,0,2026-02-04,2026-02-04,0,0
P004003,1,0,87.0,1312.6,0,2024-08-27,2024-08-27,0,0
P004004,1,1,33.0,6445.52,0,2025-04-21,2025-04-21,0,0
P004005,1,0,39.0,575.66,0,2024-02-03,2024-02-03,0,0
P004006,2,0,19.0,1536.94,0,2026-09-16,2026-09-25,1,0
P004007,2,1,75.5,7283.889999999999,0,2025-05-09,2025-12-08,1,0
P004008,1,1,61.0,8447.38,0,2024-11-20,2024-11-20,0,0
P004009,1,0,12.0,289.02,0,2026-05-19,2026-05-19,0,0
P004010,1,1,51.0,1968.44,0,2024-05-19,2024-05-19,0,0
P004011,1,0,34.0,382.15,0,2025-05-02,2025-05-02,0,0
P004012,2,1,31.0,8486.63,0,2026-01-15,2026-09-29,1,0
P004013,3,0,40.0,3119.0,0,2025-01-11,2025-07-18,1,0
P004014,2,1,87.0,2565.74,0,2026-02-14,2026-09-02,1,0
P004015,1,0,26.0,191.38,0,2024-06-26,2024-06-26,0,0
P004016,1,1,30.0,9703.02,0,2026-06-15,2026-06-15,0,0
P004017,2,0,30.0,495.54999999999995,0,2024-07-03,2025-02-28,1,0
P004018,1,0,34.0,786.91,0,2026-05-05,2026-05-05,0,0
P004019,2,2,62.5,15382.73,0,2026-05-27,2026-09-29,1,0
P004020,1,0,52.0,1833.78,0,2025-06-03,2025-06-03,0,0
P004021,1,0,28.0,696.67,0,2026-07-15,2026-07-15,0,0
P004022,1,1,20.0,1868.9,0,2026-06-11,2026-06-11,0,0
P004023,2,1,45.5,4815.32,0,2024-09-16,2025-09-03,1,0
P004024,1,0,36.0,500.58,0,2024-04-03,2024-04-03,0,0
P004025,2,1,45.0,2062.98,0,2025-05-20,2025-10-19,1,0
P004026,1,0,35.0,1215.94,0,2024-09-24,2024-09-24,0,0
P004027,1,1,56.0,3827.69,0,2025-12-23,2025-12-23,0,0
P004028,2,0,56.0,776.9100000000001,0,2024-04-20,2024-11-16,1,0
P004029,2,1,100.0,3941.7700000000004,0,2024-01-07,2024-03-03,1,0
P004030,2,1,47.5,2710.5499999999997,0,2024-05-20,2025-04-13,1,0
P004031,2,1,131.0,9887.93,0,2025-05-12,2025-12-20,1,0
P004032,1,0,43.0,894.66,0,2024-11-03,2024-11-03,0,0
P004033,1,1,49.0,1081.55,0,2024-03-10,2024-03-10,0,0
P004034,3,1,65.0,13522.42,1,2026-01-22,2026-09-23,1,0
P004035,1,1,70.0,1570.27,0,2025-05-18,2025-05-18,0,0
P004036,1,1,93.0,6316.91,0,2025-01-18,2025-01-18,0,0
P004037,2,1,30.5,6898.389999999999,0,2025-10-21,2026-01-02,1,0
P004038,2,0,22.0,2163.74,0,2026-06-17,2026-09-30,1,0
P004039,1,0,82.0,683.79,0,2024-05-20,2024-05-20,0,0
P004040,2,0,23.0,572.11,0,2026-03-10,2026-07-05,1,0
P004041,2,1,52.0,8827.96,1,2026-05-28,2026-06-04,1,0
P004042,3,2,69.0,21105.23,0,2024-09-28,2026-01-21,1,0
P004043,2,1,41.5,10135.53,0,2024-02-20,2024-11-08,1,0
P004044,1,0,29.0,95.73,0,2025-07-03,2025-07-03,0,0
P004045,1,0,23.0,272.16,0,2024-12-08,2024-12-08,0,0
P004046,1,0,122.0,414.36,0,2026-04-24,2026-04-24,0,0
P004047,1,1,168.0,2946.49,0,2024-05-09,2024-05-09,0,0
P004048,4,3,89.0,65859.39000000001,0,2024-01-28,2025-07-24,1,1
P004049,2,1,47.0,7529.66,0,2024-11-16,2025-02-17,1,0
P004050,2,0,44.5,1896.98,0,2025-06-26,2026-03-23,1,0
P004051,2,0,81.0,2024.2599999999998,0,2026-04-13,2026-09-27,1,0
P004052,1,0,20.0,297.09,0,2024-03-04,2024-03-04,0,0
P004053,3,0,33.666666666666664,1951.87,0,2026-04-04,2026-09-04,1,0
P004054,1,0,23.0,197.33,0,2026-05-07,2026-05-07,0,0
P004055,1,0,54.0,287.41,0,2025-01-19,2025-01-19,0,0
P004056,1,1,71.0,6244.78,0,2024-08-21,2024-08-21,0,0
P004057,1,0,41.0,294.37,0,2025-04-24,2025-04-24,0,0
P004058,2,2,84.0,9582.97,0,2024-08-02,2024-09-14,1,0
P004059,2,1,74.0,11020.029999999999,0,2024-12-03,2026-01-19,1,0
P004060,1,0,58.0,1054.2,0,2025-01-01,2025-01-01,0,0
P004061,1,0,25.0,691.51,0,2024-08-14,2024-08-14,0,0
P004062,1,1,132.0,18556.09,0,2025-12-29,2025-12-29,0,0
P004063,3,1,72.66666666666667,12609.289999999999,0,2026-04-11,2026-09-30,1,0
P004064,1,0,26.0,254.93,0,2025-10-10,2025-10-10,0,0
P004065,1,1,73.0,12564.39,0,2025-06-05,2025-06-05,0,0
P004066,2,2,69.0,11071.8,0,2025-07-27,2026-06-24,1,0
P004067,3,1,49.666666666666664,10148.6,0,2026-08-13,2026-09-29,1,0
P004068,1,0,28.0,729.61,0,2024-01-30,2024-01-30,0,0
P004069,1,1,68.0,4398.01,0,2025-01-26,2025-01-26,0,0
P004070,5,1,27.4,8186.27,0,2024-10-07,2026-09-15,1,1
P004071,1,0,99.0,908.33,0,2025-06-15,2025-06-15,0,0
P004072,1,0,23.0,301.97,0,2024-01-18,2024-01-18,0,0
P004073,1,1,150.0,14027.26,0,2026-07-08,2026-07-08,0,0
P004074,3,0,45.0,3076.84,0,2025-04-12,2026-03-23,1,0
P004075,1,1,42.0,9706.19,0,2026-05-09,2026-05-09,0,0
P004076,1,0,10.0,483.58,0,2025-02-12,2025-02-12,0,0
P004077,2,0,26.5,700.65,0,2025-10-02,2026-05-15,1,0
P004078,3,1,52.666666666666664,11354.59,0,2025-12-25,2026-09-27,1,0
P004079,2,1,51.5,12147.689999999999,0,2025-02-08,2025-10-01,1,0
P004080,2,0,56.5,1215.42,0,2024-07-21,2024-11-02,1,0
P004081,1,0,20.0,468.8,0,2026-02-16,2026-02-16,0,0
P004082,1,0,68.0,469.9,0,2026-08-02,2026-08-02,0,0
P004083,1,1,32.0,1750.45,0,2024-01-27,2024-01-27,0,0
P004084,1,0,30.0,772.98,0,2024-09-13,2024-09-13,0,0
P004085,5,2,32.0,30747.47,0,2026-04-30,2026-09-25,1,1
P004086,1,1,81.0,3276.89,0,2024-10-28,2024-10-28,0,0
P004087,4,2,63.25,25317.09,1,2026-06-15,2026-09-26,1,1
P004088,2,0,18.5,594.33,0,2026-06-17,2026-09-01,1,0
P004089,2,1,48.0,9831.08,0,2024-08-12,2024-12-22,1,0
P004090,1,1,30.0,2893.44,0,2026-02-28,2026-02-28,0,0
P004091,1,0,14.0,555.09,0,2024-09-11,2024-09-11,0,0
P004092,2,1,29.0,15635.310000000001,0,2025-12-02,2026-07-10,1,0
P004093,2,1,31.5,8831.85,0,2025-06-20,2025-08-06,1,0
P004094,1,0,12.0,468.86,0,2024-12-05,2024-12-05,0,0
P004095,1,0,61.0,229.35,0,2024-01-27,2024-01-27,0,0
P004096,1,0,38.0,318.52,0,2025-12-14,2025-12-14,0,0
P004097,1,1,70.0,12350.79,0,2025-09-16,2025-09-16,0,0
P004098,1,0,52.0,1145.5,0,2024-03-19,2024-03-19,0,0
P004099,2,1,50.5,10605.019999999999,0,2026-09-06,2026-09-15,1,0
P004100,3,0,35.333333333333336,1513.99,0,2026-04-12,2026-09-26,1,0
P004101,2,1,60.5,4062.01,0,2025-04-12,2025-12-19,1,0
P004102,1,0,11.0,281.78,0,2024-11-13,2024-11-13,0,0
P004103,1,0,18.0,500.43,0,2024-09-16,2024-09-16,0,0
P004104,1,1,59.0,8259.28,0,2026-06-23,2026-06-23,0,0
P004105,2,1,41.0,15685.13,0,2025-11-01,2026-01-31,1,0
P004106,1,0,19.0,483.22,0,2024-10-21,2024-10-21,0,0
P004107,1,0,112.0,1355.69,0,2024-11-10,2024-11-10,0,0
P004108,1,1,38.0,3492.32,0,2024-09-26,2024-09-26,0,0
P004109,2,1,67.5,5068.139999999999,0,2024-04-19,2024-08-10,1,0
P004110,1,0,20.0,376.79,0,2024-04-03,2024-04-03,0,0
P004111,1,0,32.0,573.44,0,2025-12-15,2025-12-15,0,0
P004112,1,0,26.0,905.08,0,2024-10-19,2024-10-19,0,0
P004113,4,0,30.0,1680.6,0,2024-10-30,2026-09-29,1,1
P004114,1,0,67.0,952.56,0,2026-02-18,2026-02-18,0,0
P004115,1,0,25.0,481.9,0,2024-04-09,2024-04-09,0,0
P004116,1,0,26.0,1253.22,0,2026-03-09,2026-03-09,0,0
P004117,4,2,71.5,13761.669999999998,0,2026-03-11,2026-09-27,1,1
P004118,1,0,19.0,265.39,0,2024-03-12,2024-03-12,0,0
P004119,5,2,48.2,25021.93,0,2024-12-01,2026-09-17,1,1
P004120,1,1,86.0,1124.21,0,2025-01-11,2025-01-11,0,0
P004121,1,0,8.0,549.38,0,2024-03-12,2024-03-12,0,0
P004122,1,1,25.0,11372.51,0,2024-03-19,2024-03-19,0,0
P004123,3,0,57.333333333333336,1448.9499999999998,0,2026-01-02,2026-05-22,1,0
P004124,1,0,147.0,988.88,0,2025-08-09,2025-08-09,0,0
P004125,2,2,53.0,10965.539999999999,0,2026-04-14,2026-09-12,1,0
P004126,1,0,44.0,565.87,0,2024-01-29,2024-01-29,0,0
P004127,1,1,77.0,9141.24,0,2025-07-14,2025-07-14,0,0
P004128,1,0,13.0,531.09,0,2024-11-01,2024-11-01,0,0
P004129,1,1,68.0,1032.2,0,2026-01-02,2026-01-02,0,0
P004130,1,0,55.0,1269.42,0,2024-09-11,2024-09-11,0,0
P004131,1,1,20.0,9726.66,0,2026-07-05,2026-07-05,0,0
P004132,2,1,45.0,5067.71,0,2024-12-29,2025-07-27,1,0
P004133,1,1,47.0,5114.49,0,2025-08-17,2025-08-17,0,0
P004134,2,1,52.5,8140.58,0,2025-12-02,2026-03-29,1,0
P004135,3,0,127.0,2982.77,0,2025-02-04,2026-01-21,1,0
P004136,1,0,16.0,302.69,0,2024-06-13,2024-06-13,0,0
P004137,1,0,42.0,578.34,0,2025-07-17,2025-07-17,0,0
P004138,1,0,20.0,183.66,0,2026-01-08,2026-01-08,0,0
P004139,1,1,58.0,3316.04,0,2024-05-21,2024-05-21,0,0
P004140,1,0,33.0,475.3,0,2024-12-12,2024-12-12,0,0
P004141,1,1,76.0,12921.84,0,2024-02-25,2024-02-25,0,0
P004142,1,0,31.0,579.89,0,2024-06-26,2024-06-26,0,0
P004143,5,3,60.8,25533.19,0,2024-06-25,2026-09-17,1,1
P004144,1,1,39.0,14962.04,0,2025-01-15,2025-01-15,0,0
P004145,2,0,26.5,1340.49,0,2025-04-18,2025-12-16,1,0
P004146,3,1,54.666666666666664,5289.76,0,2025-02-12,2025-03-22,1,0
P004147,1,1,35.0,1906.6,0,2024-07-29,2024-07-29,0,0
P004148,2,0,51.0,2759.89,0,2026-06-28,2026-09-15,1,0
P004149,1,0,27.0,368.1,0,2025-02-11,2025-02-11,0,0
P004150,1,1,74.0,16760.95,0,2024-10-18,2024-10-18,0,0
P004151,3,1,37.0,2755.54,0,2024-01-26,2024-11-09,1,0
P004152,1,1,39.0,5158.05,0,2024-03-07,2024-03-07,0,0
P004153,1,0,8.0,290.07,0,2025-08-17,2025-08-17,0,0
P004154,1,0,10.0,238.59,0,2026-02-17,2026-02-17,0,0
P004155,1,1,88.0,7400.62,0,2026-03-17,2026-03-17,0,0
P004156,3,2,68.33333333333333,15139.79,0,2025-05-10,2026-09-30,1,0
P004157,2,1,36.0,4968.9,0,2026-02-22,2026-09-02,1,0
P004158,3,0,60.0,3809.23,0,2024-11-21,2026-03-09,1,0
P004159,2,1,90.0,8626.56,0,2026-02-19,2026-09-17,1,0
P004160,1,1,31.0,8894.59,0,2026-02-02,2026-02-02,0,0
P004161,1,1,44.0,7308.66,0,2026-04-20,2026-04-20,0,0
P004162,3,1,62.333333333333336,8563.68,0,2026-04-03,2026-09-07,1,0
P004163,1,0,18.0,626.0,0,2025-01-21,2025-01-21,0,0
P004164,1,1,44.0,3808.17,0,2024-02-21,2024-02-21,0,0
P004165,6,1,28.666666666666668,7968.72,0,2024-12-27,2026-09-27,1,1
P004166,4,0,21.75,1804.92,0,2024-09-11,2025-12-13,1,1
P004167,4,2,30.25,15767.69,0,2025-10-20,2026-09-13,1,1
P004168,2,1,52.0,12678.35,0,2025-01-20,2026-02-06,1,0
P004169,3,1,69.66666666666667,9123.29,0,2026-08-11,2026-09-25,1,0
P004170,2,0,31.5,573.36,0,2025-09-17,2026-01-12,1,0
P004171,2,0,36.5,750.8399999999999,0,2025-08-05,2025-11-24,1,0
P004172,2,1,31.5,12153.74,0,2025-05-17,2025-08-11,1,0
P004173,1,0,23.0,376.83,0,2026-02-21,2026-02-21,0,0
P004174,1,0,15.0,461.2,0,2026-05-10,2026-05-10,0,0
P004175,1,1,44.0,12982.21,0,2026-04-23,2026-04-23,0,0
P004176,2,0,45.5,774.56,0,2024-10-22,2025-10-22,1,0
P004177,2,2,45.5,17892.02,1,2026-07-11,2026-07-30,1,0
P004178,2,1,63.0,6970.72,0,2026-01-01,2026-03-09,1,0
P004179,1,0,25.0,407.48,0,2025-01-05,2025-01-05,0,0
P004180,2,1,80.0,4477.33,0,2025-11-07,2026-08-08,1,0
P004181,1,1,78.0,3101.68,0,2024-08-20,2024-08-20,0,0
P004182,4,0,36.25,3234.9300000000003,0,2024-06-17,2025-11-28,1,1
P004183,6,1,33.5,5760.97,0,2025-01-03,2026-07-02,1,1
P004184,1,0,20.0,767.57,0,2025-03-30,2025-03-30,0,0
P004185,1,0,34.0,959.05,0,2024-09-29,2024-09-29,0,0
P004186,1,0,116.0,889.27,0,2025-09-21,2025-09-21,0,0
P004187,1,0,146.0,497.86,0,2024-09-16,2024-09-16,0,0
P004188,1,0,41.0,209.99,0,2024-07-08,2024-07-08,0,0
P004189,6,1,63.666666666666664,23188.29,0,2024-02-20,2026-09-26,1,1
P004190,1,0,23.0,421.41,0,2025-12-26,2025-12-26,0,0
P004191,1,0,51.0,1434.08,0,2026-09-17,2026-09-17,0,0
P004192,3,1,46.333333333333336,7917.06,0,2024-11-30,2026-01-23,1,0
P004193,1,0,17.0,624.76,0,2026-07-18,2026-07-18,0,0
P004194,1,0,227.0,781.4,0,2026-09-03,2026-09-03,0,0
P004195,1,1,61.0,10565.6,0,2024-12-07,2024-12-07,0,0
P004196,2,0,23.0,885.46,0,2024-07-30,2025-01-17,1,0
P004197,2,1,54.0,5834.400000000001,0,2024-04-25,2024-06-02,1,0
P004198,1,0,28.0,1776.4,0,2024-05-14,2024-05-14,0,0
P004199,2,0,28.5,993.75,0,2025-07-11,2025-08-28,1,0
P004200,2,0,36.0,2005.4899999999998,0,2025-09-26,2025-12-17,1,0
P004201,1,1,39.0,8480.53,0,2026-05-22,2026-05-22,0,0
P004202,1,0,22.0,734.54,0,2026-05-24,2026-05-24,0,0
P004203,1,0,65.0,684.42,0,2026-04-08,2026-04-08,0,0
P004204,1,1,70.0,16473.8,0,2024-08-16,2024-08-16,0,0
P004205,1,0,72.0,881.72,0,2024-11-04,2024-11-04,0,0
P004206,1,0,53.0,1413.42,0,2024-12-22,2024-12-22,0,0
P004207,2,0,16.5,1060.9,0,2026-04-25,2026-09-29,1,0
P004208,2,1,23.0,13738.300000000001,0,2025-04-30,2025-07-16,1,0
P004209,1,0,17.0,552.34,0,2025-09-19,2025-09-19,0,0
P004210,6,3,63.333333333333336,26628.82,0,2024-01-03,2026-09-21,1,1
P004211,1,0,41.0,1718.85,0,2024-12-23,2024-12-23,0,0
P004212,1,0,22.0,581.78,0,2026-07-26,2026-07-26,0,0
P004213,1,1,50.0,7975.93,0,2024-05-03,2024-05-03,0,0
P004214,1,0,14.0,644.74,0,2025-11-12,2025-11-12,0,0
P004215,1,1,60.0,3707.97,0,2025-06-10,2025-06-10,0,0
P004216,3,0,36.666666666666664,1245.06,0,2025-05-15,2026-07-07,1,0
P004217,4,2,46.0,10616.98,0,2024-11-03,2026-07-15,1,1
P004218,1,1,23.0,3182.0,0,2026-05-24,2026-05-24,0,0
P004219,3,1,50.333333333333336,9971.9,0,2026-01-21,2026-09-17,1,0
P004220,2,1,44.5,8230.16,0,2026-01-07,2026-04-07,1,0
P004221,1,0,9.0,238.92,0,2025-08-29,2025-08-29,0,0
P004222,1,1,92.0,7770.86,0,2024-01-21,2024-01-21,0,0
P004223,1,1,37.0,14274.89,0,2025-08-04,2025-08-04,0,0
P004224,1,0,64.0,1332.47,0,2025-02-02,2025-02-02,0,0
P004225,2,0,40.5,1011.81,0,2024-12-20,2025-01-03,1,0
P004226,1,0,33.0,190.04,0,2026-03-16,2026-03-16,0,0
P004227,1,0,15.0,318.08,0,2026-01-03,2026-01-03,0,0
P004228,1,1,30.0,6919.51,0,2024-02-07,2024-02-07,0,0
P004229,1,0,92.0,415.73,0,2024-10-27,2024-10-27,0,0
P004230,4,3,49.25,47671.200000000004,0,2024-11-11,2026-01-05,1,1
P004231,2,2,38.0,12815.470000000001,0,2026-01-25,2026-03-21,1,0
P004232,1,1,91.0,1645.67,0,2024-10-23,2024-10-23,0,0
P004233,2,1,39.0,10643.35,0,2024-10-28,2024-11-12,1,0
P004234,4,2,45.25,4194.43,0,2025-05-05,2026-09-20,1,1
P004235,1,1,34.0,1192.8,0,2025-10-12,2025-10-12,0,0
P004236,1,0,47.0,537.86,0,2024-12-07,2024-12-07,0,0
P004237,2,0,119.0,2119.88,0,2024-11-18,2024-12-19,1,0
P004238,1,1,67.0,10451.28,0,2026-02-27,2026-02-27,0,0
P004239,1,1,30.0,15478.92,0,2025-11-05,2025-11-05,0,0
P004240,2,1,74.5,11982.08,0,2024-12-27,2025-02-04,1,0
P004241,1,0,60.0,663.87,0,2026-09-18,2026-09-18,0,0
P004242,2,0,79.0,1970.35,0,2026-01-24,2026-07-20,1,0
P004243,4,1,36.75,7071.25,0,2025-05-25,2026-05-26,1,1
P004244,1,1,50.0,18902.67,0,2025-09-26,2025-09-26,0,0
P004245,1,0,87.0,448.33,0,2026-04-27,2026-04-27,0,0
P004246,2,0,39.0,847.94,0,2025-10-28,2026-02-17,1,0
P004247,3,1,41.666666666666664,3536.3599999999997,0,2025-06-12,2025-12-12,1,0
P004248,1,0,62.0,411.37,0,2024-12-06,2024-12-06,0,0
P004249,1,1,25.0,6415.46,0,2025-10-09,2025-10-09,0,0
P004250,1,0,73.0,1128.49,0,2026-07-23,2026-07-23,0,0
P004251,2,0,44.5,2426.94,0,2025-09-05,2026-04-20,1,0
P004252,1,0,18.0,737.26,0,2026-01-14,2026-01-14,0,0
P004253,1,0,19.0,378.85,0,2025-07-06,2025-07-06,0,0
P004254,2,1,143.5,4955.63,0,2026-02-01,2026-09-26,1,0
P004255,2,1,33.5,1050.6,0,2024-10-22,2025-01-09,1,0
P004256,5,1,60.0,5046.9,0,2024-07-28,2026-08-03,1,1
P004257,2,1,53.0,12303.8,0,2025-08-18,2026-01-14,1,0
P004258,1,1,58.0,16954.53,0,2025-06-29,2025-06-29,0,0
P004259,1,1,37.0,13972.29,0,2026-09-11,2026-09-11,0,0
P004260,1,0,37.0,907.66,0,2025-07-25,2025-07-25,0,0
P004261,1,0,71.0,874.86,0,2025-03-19,2025-03-19,0,0
P004262,1,1,51.0,10343.78,0,2025-12-14,2025-12-14,0,0
P004263,3,0,51.666666666666664,2218.88,0,2024-05-10,2025-04-23,1,0
P004264,1,1,72.0,5047.12,0,2025-12-12,2025-12-12,0,0
P004265,3,1,42.0,22502.690000000002,0,2025-06-06,2026-09-04,1,0
P004266,1,0,122.0,1603.21,0,2024-03-30,2024-03-30,0,0
P004267,1,0,21.0,1151.35,0,2026-03-03,2026-03-03,0,0
P004268,4,1,49.75,15925.17,0,2026-04-11,2026-09-25,1,1
P004269,1,1,53.0,881.95,0,2024-06-18,2024-06-18,0,0
P004270,4,1,19.25,11175.87,1,2026-06-04,2026-09-28,1,1
P004271,1,0,19.0,285.08,0,2025-03-23,2025-03-23,0,0
P004272,1,1,76.0,8994.85,0,2026-09-09,2026-09-09,0,0
P004273,3,1,56.333333333333336,2811.44,0,2024-02-05,2024-10-17,1,0
P004274,1,1,90.0,8058.84,0,2024-04-09,2024-04-09,0,0
P004275,2,1,36.0,16272.76,0,2024-08-08,2025-04-25,1,0
P004276,1,1,53.0,11975.1,0,2024-08-20,2024-08-20,0,0
P004277,2,2,29.0,5530.08,0,2026-07-28,2026-09-26,1,0
P004278,2,0,20.0,597.87,0,2024-01-20,2024-03-28,1,0
P004279,2,1,53.0,9454.58,0,2024-12-25,2025-01-15,1,0
P004280,2,0,73.5,2049.8500000000004,0,2025-04-23,2026-04-08,1,0
P004281,1,0,38.0,385.57,0,2026-05-19,2026-05-19,0,0
P004282,1,0,13.0,129.67,0,2025-02-15,2025-02-15,0,0
P004283,1,0,66.0,799.3,0,2026-06-20,2026-06-20,0,0
P004284,2,1,84.0,17272.12,1,2026-08-05,2026-08-27,1,0
P004285,3,2,92.33333333333333,8725.76,0,2025-08-27,2025-11-15,1,0
P004286,1,0,16.0,247.91,0,2024-03-10,2024-03-10,0,0
P004287,1,1,46.0,13972.55,0,2026-07-28,2026-07-28,0,0
P004288,1,0,20.0,267.17,0,2024-07-20,2024-07-20,0,0
P004289,1,0,89.0,1326.61,0,2025-01-30,2025-01-30,0,0
P004290,1,1,46.0,16150.26,0,2024-07-16,2024-07-16,0,0
P004291,1,0,28.0,212.04,0,2026-06-06,2026-06-06,0,0
P004292,1,0,77.0,988.12,0,2024-10-01,2024-10-01,0,0
P004293,3,1,35.333333333333336,9980.25,0,2025-08-26,2026-02-15,1,0
P004294,5,1,109.8,33923.83,0,2025-09-15,2026-09-26,1,1
P004295,1,1,33.0,54557.58,0,2025-07-11,2025-07-11,0,0
P004296,2,1,98.5,3623.05,0,2024-05-09,2024-07-26,1,0
P004297,1,0,86.0,1980.15,0,2024-06-06,2024-06-06,0,0
P004298,2,0,94.5,1637.28,0,2025-10-17,2025-11-03,1,0
P004299,3,0,40.0,2754.83,0,2026-07-23,2026-09-27,1,0
P004300,1,0,29.0,408.76,0,2026-02-05,2026-02-05,0,0
P004301,1,1,63.0,1919.49,0,2025-10-08,2025-10-08,0,0
P004302,1,1,27.0,9292.68,0,2024-07-18,2024-07-18,0,0
P004303,1,0,73.0,2149.96,0,2025-01-05,2025-01-05,0,0
P004304,2,1,93.5,3525.95,0,2024-05-17,2025-02-13,1,0
P004305,3,1,50.666666666666664,18607.03,0,2025-08-20,2026-09-05,1,0
P004306,3,2,36.666666666666664,17026.969999999998,0,2026-01-01,2026-09-22,1,0
P004307,2,1,44.5,19695.44,0,2025-09-01,2026-06-21,1,0
P004308,1,0,54.0,737.21,0,2025-03-18,2025-03-18,0,0
P004309,2,0,28.0,839.71,0,2026-05-11,2026-09-20,1,0
P004310,1,0,38.0,278.89,0,2025-07-13,2025-07-13,0,0
P004311,1,0,75.0,1364.23,0,2026-03-07,2026-03-07,0,0
P004312,2,0,19.0,1066.79,0,2026-07-15,2026-09-26,1,0
P004313,2,2,40.0,19708.08,0,2026-04-19,2026-07-14,1,0
P004314,1,1,36.0,21963.38,0,2026-04-27,2026-04-27,0,0
P004315,3,1,46.333333333333336,14746.24,0,2024-03-10,2024-10-25,1,0
P004316,3,1,35.666666666666664,15884.7,0,2026-03-31,2026-07-02,1,0
P004317,3,1,18.666666666666668,9836.939999999999,0,2025-10-31,2026-07-13,1,0
P004318,1,1,49.0,11054.33,0,2025-11-18,2025-11-18,0,0
P004319,1,1,47.0,3400.66,0,2026-06-25,2026-06-25,0,0
P004320,1,0,21.0,292.03,0,2024-07-31,2024-07-31,0,0
P004321,1,1,131.0,13896.69,0,2024-09-27,2024-09-27,0,0
P004322,1,0,31.0,492.71,0,2024-01-18,2024-01-18,0,0
P004323,1,0,38.0,643.28,0,2025-12-24,2025-12-24,0,0
P004324,2,0,66.5,1300.74,0,2024-03-18,2024-10-09,1,0
P004325,3,2,52.666666666666664,12947.29,0,2026-06-26,2026-09-30,1,0
P004326,1,1,29.0,7946.5,0,2026-07-11,2026-07-11,0,0
P004327,1,1,30.0,7115.69,0,2025-08-30,2025-08-30,0,0
P004328,1,0,49.0,1112.74,0,2024-12-12,2024-12-12,0,0
P004329,3,1,46.333333333333336,8781.38,0,2025-07-16,2026-09-25,1,0
P004330,2,2,48.0,10448.71,0,2024-07-13,2025-09-03,1,0
P004331,1,0,31.0,706.87,0,2025-02-19,2025-02-19,0,0
P004332,1,0,19.0,184.11,0,2024-11-13,2024-11-13,0,0
P004333,2,2,43.5,13573.16,0,2024-01-01,2024-02-23,1,0
P004334,3,1,40.333333333333336,21284.93,0,2025-01-31,2025-09-20,1,0
P004335,1,0,21.0,364.05,0,2026-08-14,2026-08-14,0,0
P004336,2,1,50.5,12816.36,0,2024-04-04,2025-03-17,1,0
P004337,3,0,46.0,2755.27,0,2024-03-20,2025-02-18,1,0
P004338,2,0,22.5,1193.8899999999999,0,2024-08-08,2024-09-01,1,0
P004339,1,0,27.0,295.34,0,2024-02-16,2024-02-16,0,0
P004340,1,1,77.0,5041.83,0,2024-10-04,2024-10-04,0,0
P004341,1,0,34.0,337.61,0,2026-04-19,2026-04-19,0,0
P004342,1,1,49.0,2356.31,0,2026-08-03,2026-08-03,0,0
P004343,1,1,81.0,7215.39,0,2025-08-07,2025-08-07,0,0
P004344,1,1,50.0,13480.19,0,2026-07-07,2026-07-07,0,0
P004345,1,0,78.0,495.99,0,2025-03-09,2025-03-09,0,0
P004346,1,0,81.0,1091.13,0,2025-03-20,2025-03-20,0,0
P004347,2,1,34.5,2366.31,0,2026-02-13,2026-02-25,1,0
P004348,1,1,112.0,3865.38,0,2025-09-08,2025-09-08,0,0
P004349,3,3,91.0,23529.920000000002,0,2025-12-19,2026-08-02,1,0
P004350,1,0,60.0,246.86,0,2026-01-05,2026-01-05,0,0
P004351,1,0,50.0,1266.67,0,2026-09-21,2026-09-21,0,0
P004352,1,0,21.0,558.21,0,2024-09-02,2024-09-02,0,0
P004353,1,0,105.0,1149.27,0,2024-06-14,2024-06-14,0,0
P004354,1,0,42.0,275.58,0,2025-04-11,2025-04-11,0,0
P004355,1,0,12.0,270.57,0,2025-01-20,2025-01-20,0,0
P004356,6,2,56.833333333333336,30348.690000000002,1,2024-01-31,2025-05-29,1,1
P004357,1,1,63.0,1160.22,0,2024-09-17,2024-09-17,0,0
P004358,1,1,34.0,6590.13,0,2024-01-21,2024-01-21,0,0
P004359,2,0,46.5,1669.85,0,2024-03-08,2025-04-28,1,0
P004360,6,1,35.666666666666664,15505.73,0,2026-06-01,2026-09-26,1,1
P004361,4,0,42.0,3670.41,0,2024-09-22,2025-08-17,1,1
P004362,1,1,54.0,12524.06,0,2025-11-14,2025-11-14,0,0
P004363,2,1,91.0,3141.1000000000004,0,2026-08-31,2026-09-10,1,0
P004364,3,0,21.666666666666668,1003.49,0,2025-02-18,2025-09-22,1,0
P004365,3,1,53.333333333333336,8880.630000000001,0,2025-05-21,2026-07-30,1,0
P004366,2,1,53.0,6783.52,0,2024-11-08,2024-12-09,1,0
P004367,2,1,108.0,14452.98,0,2026-06-11,2026-06-27,1,0
P004368,2,1,104.0,5558.05,0,2025-04-08,2025-05-11,1,0
P004369,2,2,55.5,22919.83,0,2025-02-12,2025-02-28,1,0
P004370,1,0,42.0,873.92,0,2026-08-13,2026-08-13,0,0
P004371,1,0,65.0,1222.3,0,2024-01-03,2024-01-03,0,0
P004372,1,0,63.0,1478.91,0,2025-01-26,2025-01-26,0,0
P004373,1,0,66.0,1566.42,0,2025-08-19,2025-08-19,0,0
P004374,1,0,15.0,225.12,0,2025-09-30,2025-09-30,0,0
P004375,1,0,94.0,1263.93,0,2025-09-14,2025-09-14,0,0
P004376,3,0,28.666666666666668,2690.52,0,2025-08-30,2026-09-25,1,0
P004377,2,1,37.5,6028.08,0,2025-03-12,2025-05-20,1,0
P004378,1,0,17.0,440.38,0,2026-03-17,2026-03-17,0,0
P004379,1,1,42.0,20077.7,0,2024-04-08,2024-04-08,0,0
P004380,1,0,66.0,818.55,0,2025-04-11,2025-04-11,0,0
P004381,1,0,16.0,221.45,0,2026-01-22,2026-01-22,0,0
P004382,1,1,43.0,12255.41,0,2025-03-26,2025-03-26,0,0
P004383,1,1,44.0,2199.49,0,2026-09-11,2026-09-11,0,0
P004384,1,0,64.0,1021.57,0,2025-08-01,2025-08-01,0,0
P004385,2,0,20.0,1021.19,0,2024-05-29,2024-08-31,1,0
P004386,1,0,45.0,507.28,0,2025-01-07,2025-01-07,0,0
P004387,2,0,53.0,866.7,0,2026-02-10,2026-09-10,1,0
P004388,1,1,32.0,6567.7,0,2025-04-18,2025-04-18,0,0
P004389,1,0,119.0,405.02,0,2026-08-20,2026-08-20,0,0
P004390,1,0,17.0,377.4,0,2024-11-06,2024-11-06,0,0
P004391,2,0,24.5,764.61,0,2024-01-13,2025-03-06,1,0
P004392,1,0,26.0,443.47,0,2024-04-03,2024-04-03,0,0
P004393,1,0,52.0,192.69,0,2025-07-17,2025-07-17,0,0
P004394,3,1,31.333333333333332,12908.14,0,2024-08-16,2025-09-29,1,0
P004395,5,2,86.0,9157.99,0,2026-01-05,2026-09-23,1,1
P004396,2,1,36.0,4511.9800000000005,0,2026-09-13,2026-09-19,1,0
P004397,2,0,23.0,938.0699999999999,0,2026-07-14,2026-09-20,1,0
P004398,1,0,33.0,776.68,0,2025-01-20,2025-01-20,0,0
P004399,1,1,77.0,994.6,0,2026-04-24,2026-04-24,0,0
P004400,2,0,29.5,1408.1399999999999,0,2025-06-05,2026-06-02,1,0
P004401,1,0,53.0,1382.96,0,2025-11-21,2025-11-21,0,0
P004402,1,1,72.0,13861.07,0,2025-07-20,2025-07-20,0,0
P004403,3,3,49.0,11775.74,0,2024-08-10,2025-09-22,1,0
P004404,1,1,52.0,4940.71,0,2025-01-08,2025-01-08,0,0
P004405,1,0,25.0,367.86,0,2025-07-25,2025-07-25,0,0
P004406,1,0,13.0,494.85,0,2025-01-28,2025-01-28,0,0
P004407,1,0,15.0,445.26,0,2025-07-09,2025-07-09,0,0
P004408,1,0,46.0,1061.85,0,2024-07-17,2024-07-17,0,0
P004409,1,0,93.0,755.38,0,2025-08-15,2025-08-15,0,0
P004410,2,0,57.5,1137.85,0,2025-01-18,2025-09-11,1,0
P004411,1,0,29.0,289.95,0,2025-02-14,2025-02-14,0,0
P004412,1,0,33.0,322.51,0,2024-04-19,2024-04-19,0,0
P004413,2,1,34.5,1241.92,0,2026-09-03,2026-09-19,1,0
P004414,1,1,53.0,18837.31,0,2026-08-23,2026-08-23,0,0
P004415,1,0,37.0,496.92,0,2025-02-16,2025-02-16,0,0
P004416,1,1,17.0,14123.63,0,2024-06-25,2024-06-25,0,0
P004417,2,0,47.0,1433.22,0,2025-02-17,2025-07-11,1,0
P004418,1,1,15.0,28896.9,0,2026-07-20,2026-07-20,0,0
P004419,2,0,99.5,1707.31,0,2025-11-05,2026-09-24,1,0
P004420,1,0,25.0,288.24,0,2025-02-02,2025-02-02,0,0
P004421,1,0,34.0,410.49,0,2024-10-15,2024-10-15,0,0
P004422,1,0,15.0,437.0,0,2025-12-03,2025-12-03,0,0
P004423,2,2,39.5,9623.68,0,2024-04-18,2024-10-20,1,0
P004424,1,0,118.0,585.42,0,2026-09-15,2026-09-15,0,0
P004425,1,0,22.0,546.88,0,2025-11-09,2025-11-09,0,0
P004426,4,1,51.25,12787.82,1,2025-06-13,2026-08-20,1,1
P004427,1,0,53.0,392.28,0,2024-02-23,2024-02-23,0,0
P004428,1,0,20.0,1632.76,0,2024-08-03,2024-08-03,0,0
P004429,6,3,53.166666666666664,30952.59,0,2024-05-27,2026-09-25,1,1
P004430,1,0,25.0,479.24,0,2024-11-18,2024-11-18,0,0
P004431,1,1,111.0,11250.13,0,2026-08-03,2026-08-03,0,0
P004432,1,0,22.0,402.83,0,2025-10-14,2025-10-14,0,0
P004433,1,0,67.0,747.58,0,2025-04-21,2025-04-21,0,0
P004434,1,0,33.0,505.18,0,2026-07-05,2026-07-05,0,0
P004435,2,0,25.0,948.8699999999999,0,2026-02-27,2026-03-11,1,0
P004436,1,1,108.0,11425.76,0,2024-04-13,2024-04-13,0,0
P004437,1,0,10.0,385.14,0,2024-01-19,2024-01-19,0,0
P004438,1,0,66.0,696.87,0,2024-05-03,2024-05-03,0,0
P004439,4,0,46.0,1436.77,0,2024-10-12,2026-01-16,1,1
P004440,2,0,25.5,597.4,0,2026-09-28,2026-09-30,1,0
P004441,3,0,52.333333333333336,1884.05,0,2026-03-19,2026-09-24,1,0
P004442,2,1,45.0,17444.11,0,2024-01-02,2024-08-31,1,0
P004443,1,0,25.0,1030.37,0,2025-12-02,2025-12-02,0,0
P004444,3,1,48.666666666666664,7777.03,0,2025-03-16,2026-04-16,1,0
P004445,1,0,30.0,211.65,0,2024-02-06,2024-02-06,0,0
P004446,1,1,60.0,9176.69,0,2026-03-31,2026-03-31,0,0
P004447,2,0,29.5,1181.19,0,2024-05-03,2025-02-15,1,0
P004448,2,0,48.5,3693.7799999999997,0,2025-04-20,2025-11-22,1,0
P004449,3,1,50.0,16164.02,0,2026-06-25,2026-09-18,1,0
P004450,1,1,34.0,6231.87,0,2024-02-20,2024-02-20,0,0
P004451,2,0,31.0,1270.24,0,2026-02-10,2026-04-07,1,0
P004452,1,0,25.0,226.27,0,2026-05-15,2026-05-15,0,0
P004453,1,0,10.0,440.01,0,2026-06-06,2026-06-06,0,0
P004454,1,0,81.0,946.43,0,2024-05-29,2024-05-29,0,0
P004455,2,1,48.0,3521.62,0,2025-11-02,2026-06-18,1,0
P004456,1,0,16.0,701.24,0,2024-04-19,2024-04-19,0,0
P004457,1,0,34.0,383.51,0,2024-04-14,2024-04-14,0,0
P004458,2,0,28.0,906.1099999999999,0,2026-02-26,2026-04-28,1,0
P004459,1,0,33.0,113.02,0,2024-11-30,2024-11-30,0,0
P004460,1,0,18.0,635.41,0,2024-04-11,2024-04-11,0,0
P004461,2,0,56.0,1686.3400000000001,0,2025-12-07,2025-12-23,1,0
P004462,2,0,58.0,918.49,0,2026-04-04,2026-07-02,1,0
P004463,5,3,85.6,28635.92,2,2026-09-01,2026-09-29,1,1
P004464,4,0,25.75,3005.2799999999997,0,2025-01-05,2026-09-27,1,1
P004465,1,0,32.0,337.72,0,2026-02-15,2026-02-15,0,0
P004466,2,0,51.0,1265.06,0,2024-05-27,2024-12-26,1,0
P004467,1,0,23.0,326.43,0,2026-08-29,2026-08-29,0,0
P004468,1,0,13.0,683.46,0,2024-08-30,2024-08-30,0,0
P004469,1,0,40.0,571.58,0,2026-02-24,2026-02-24,0,0
P004470,1,1,25.0,5375.24,0,2026-03-22,2026-03-22,0,0
P004471,1,0,12.0,309.79,0,2026-08-28,2026-08-28,0,0
P004472,1,0,46.0,508.46,0,2025-10-30,2025-10-30,0,0
P004473,2,0,60.0,2865.37,0,2025-09-17,2026-09-28,1,0
P004474,1,1,63.0,9084.94,0,2025-01-06,2025-01-06,0,0
P004475,1,0,39.0,1551.03,0,2024-05-27,2024-05-27,0,0
P004476,2,1,93.0,13370.050000000001,0,2024-10-21,2025-08-16,1,0
P004477,1,0,36.0,266.91,0,2024-04-18,2024-04-18,0,0
P004478,1,1,37.0,4874.69,0,2024-02-01,2024-02-01,0,0
P004479,4,2,29.0,28545.87,0,2026-04-13,2026-09-30,1,1
P004480,1,1,35.0,10689.06,0,2026-03-07,2026-03-07,0,0
P004481,1,0,15.0,377.54,0,2024-01-04,2024-01-04,0,0
P004482,1,1,47.0,18844.94,0,2024-10-02,2024-10-02,0,0
P004483,3,1,58.666666666666664,3193.91,0,2024-04-23,2025-06-19,1,0
P004484,1,0,16.0,872.53,0,2026-02-24,2026-02-24,0,0
P004485,1,1,45.0,9357.92,0,2026-08-01,2026-08-01,0,0
P004486,1,1,142.0,2922.51,0,2026-06-26,2026-06-26,0,0
P004487,1,1,55.0,7573.28,0,2025-12-21,2025-12-21,0,0
P004488,2,1,44.0,4839.62,0,2026-08-27,2026-09-19,1,0
P004489,6,4,50.0,22871.050000000003,1,2026-02-15,2026-09-26,1,1
P004490,1,1,53.0,2307.73,0,2026-09-02,2026-09-02,0,0
P004491,1,0,25.0,911.67,0,2026-08-02,2026-08-02,0,0
P004492,3,2,63.666666666666664,9233.17,0,2026-05-23,2026-09-23,1,0
P004493,3,1,41.666666666666664,5567.63,0,2025-08-07,2026-07-24,1,0
P004494,4,2,71.5,11422.560000000001,0,2026-08-07,2026-09-22,1,1
P004495,1,0,12.0,481.66,0,2025-11-05,2025-11-05,0,0
P004496,2,1,48.0,28170.18,1,2025-10-05,2025-10-13,1,0
P004497,1,0,10.0,174.71,0,2026-08-08,2026-08-08,0,0
P004498,2,2,63.0,20368.129999999997,0,2026-02-05,2026-04-04,1,0
P004499,2,1,27.5,10264.949999999999,0,2024-01-27,2025-03-08,1,0
P004500,1,0,13.0,556.05,0,2024-02-17,2024-02-17,0,0
P004501,1,0,49.0,271.46,0,2024-09-11,2024-09-11,0,0
P004502,2,2,60.5,12903.41,0,2026-07-06,2026-09-25,1,0
P004503,3,3,43.666666666666664,16827.170000000002,0,2024-08-20,2024-10-19,1,0
P004504,1,1,104.0,8505.67,0,2025-07-14,2025-07-14,0,0
P004505,2,1,42.5,4530.360000000001,0,2024-08-11,2025-07-03,1,0
P004506,1,1,123.0,9435.87,0,2024-01-12,2024-01-12,0,0
P004507,1,1,144.0,16784.7,0,2026-09-07,2026-09-07,0,0
P004508,1,1,76.0,11638.11,0,2026-07-14,2026-07-14,0,0
P004509,2,1,52.0,10182.09,0,2026-04-18,2026-05-18,1,0
P004510,1,0,65.0,554.49,0,2026-04-01,2026-04-01,0,0
P004511,1,1,49.0,10721.7,0,2025-08-12,2025-08-12,0,0
P004512,1,1,52.0,19338.9,0,2026-06-02,2026-06-02,0,0
P004513,1,0,26.0,1752.37,0,2026-02-09,2026-02-09,0,0
P004514,1,0,23.0,307.92,0,2025-08-08,2025-08-08,0,0
P004515,1,0,64.0,1037.67,0,2024-03-05,2024-03-05,0,0
P004516,5,1,58.0,12200.390000000001,0,2026-08-04,2026-09-30,1,1
P004517,1,0,55.0,824.84,0,2024-01-27,2024-01-27,0,0
P004518,1,1,56.0,11919.06,0,2026-08-28,2026-08-28,0,0
P004519,2,0,80.5,1773.02,0,2024-10-20,2025-05-28,1,0
P004520,1,0,150.0,526.62,0,2024-11-17,2024-11-17,0,0
P004521,2,0,21.0,813.73,0,2025-03-10,2025-04-13,1,0
P004522,1,0,33.0,558.91,0,2025-01-24,2025-01-24,0,0
P004523,2,1,43.0,2498.3,0,2026-02-09,2026-03-21,1,0
P004524,2,0,36.5,597.79,0,2025-07-31,2025-09-05,1,0
P004525,2,2,54.5,8905.91,0,2024-08-08,2025-03-25,1,0
P004526,1,0,88.0,1000.96,0,2024-01-24,2024-01-24,0,0
P004527,1,0,52.0,355.45,0,2025-09-01,2025-09-01,0,0
P004528,1,0,67.0,568.31,0,2024-05-15,2024-05-15,0,0
P004529,1,1,58.0,11607.87,0,2024-01-14,2024-01-14,0,0
P004530,1,1,103.0,11031.24,0,2026-01-25,2026-01-25,0,0
P004531,1,0,24.0,223.95,0,2025-12-04,2025-12-04,0,0
P004532,3,1,24.666666666666668,13021.289999999999,0,2025-04-30,2025-09-08,1,0
P004533,1,1,86.0,4760.33,0,2026-06-14,2026-06-14,0,0
P004534,2,1,36.5,7812.83,0,2024-11-24,2025-10-05,1,0
P004535,1,0,23.0,226.17,0,2024-10-30,2024-10-30,0,0
P004536,1,1,78.0,21448.35,0,2025-01-23,2025-01-23,0,0
P004537,3,1,45.333333333333336,2721.0899999999997,0,2025-10-07,2026-07-19,1,0
P004538,1,0,60.0,226.61,0,2024-12-15,2024-12-15,0,0
P004539,1,1,61.0,9392.3,0,2025-01-02,2025-01-02,0,0
P004540,4,1,50.75,9009.96,1,2025-05-14,2026-09-23,1,1
P004541,1,0,53.0,339.41,0,2026-01-21,2026-01-21,0,0
P004542,2,0,10.5,1269.52,0,2026-07-07,2026-08-05,1,0
P004543,4,1,74.75,5831.15,0,2026-06-30,2026-09-26,1,1
P004544,1,0,9.0,865.19,0,2024-01-04,2024-01-04,0,0
P004545,2,0,40.5,951.06,0,2024-10-27,2024-11-12,1,0
P004546,2,1,39.0,2664.57,0,2024-10-22,2025-01-11,1,0
P004547,2,0,71.5,1135.95,0,2024-08-09,2025-09-22,1,0
P004548,3,0,74.0,1423.5700000000002,0,2025-10-26,2026-07-26,1,0
P004549,1,0,134.0,621.87,0,2025-02-20,2025-02-20,0,0
P004550,1,0,44.0,860.91,0,2026-04-28,2026-04-28,0,0
P004551,2,0,16.5,846.31,0,2024-09-14,2025-05-08,1,0
P004552,1,0,64.0,455.68,0,2024-10-31,2024-10-31,0,0
P004553,1,0,57.0,1734.09,0,2024-08-08,2024-08-08,0,0
P004554,1,0,5.0,183.51,0,2024-01-27,2024-01-27,0,0
P004555,3,1,45.333333333333336,13245.560000000001,0,2025-12-25,2026-09-15,1,0
P004556,1,0,22.0,466.26,0,2026-07-13,2026-07-13,0,0
P004557,1,0,25.0,218.48,0,2025-04-17,2025-04-17,0,0
P004558,3,2,62.333333333333336,30839.09,0,2024-04-12,2025-08-22,1,0
P004559,3,2,34.333333333333336,16016.15,0,2025-09-04,2026-09-14,1,0
P004560,1,1,92.0,8544.15,0,2024-01-04,2024-01-04,0,0
P004561,3,0,36.0,1954.04,0,2024-07-31,2025-01-03,1,0
P004562,1,1,26.0,5117.2,0,2025-12-01,2025-12-01,0,0
P004563,2,0,24.0,1270.58,0,2024-12-13,2025-10-31,1,0
P004564,2,2,34.5,14596.09,1,2024-05-05,2024-05-18,1,0
P004565,3,2,58.333333333333336,24625.379999999997,0,2026-01-11,2026-09-18,1,0
P004566,1,1,68.0,5033.43,0,2025-03-16,2025-03-16,0,0
P004567,3,0,51.333333333333336,2657.47,0,2025-09-04,2026-09-17,1,0
P004568,1,0,65.0,977.91,0,2025-06-02,2025-06-02,0,0
P004569,1,0,80.0,996.97,0,2025-01-22,2025-01-22,0,0
P004570,5,2,32.2,14987.720000000001,0,2024-12-28,2026-01-18,1,1
P004571,1,0,98.0,391.94,0,2024-11-04,2024-11-04,0,0
P004572,1,0,30.0,656.54,0,2026-07-25,2026-07-25,0,0
P004573,2,1,74.0,24407.24,1,2026-09-10,2026-09-22,1,0
P004574,1,0,13.0,374.51,0,2024-03-15,2024-03-15,0,0
P004575,2,1,31.0,10641.779999999999,0,2024-03-13,2024-12-24,1,0
P004576,1,0,22.0,296.29,0,2025-11-13,2025-11-13,0,0
P004577,1,0,91.0,787.63,0,2025-12-23,2025-12-23,0,0
P004578,1,0,23.0,610.8,0,2026-01-22,2026-01-22,0,0
P004579,3,0,32.333333333333336,3140.93,0,2025-04-27,2026-07-23,1,0
P004580,1,0,62.0,2138.23,0,2024-10-30,2024-10-30,0,0
P004581,1,1,123.0,8965.78,0,2026-05-31,2026-05-31,0,0
P004582,1,0,68.0,999.4,0,2024-12-24,2024-12-24,0,0
P004583,2,1,57.0,5481.849999999999,0,2026-05-23,2026-06-06,1,0
P004584,2,0,20.0,724.05,0,2026-04-17,2026-09-01,1,0
P004585,1,0,54.0,540.69,0,2026-03-02,2026-03-02,0,0
P004586,1,0,44.0,867.07,0,2026-01-31,2026-01-31,0,0
P004587,3,3,37.666666666666664,25839.52,0,2026-06-10,2026-09-10,1,0
P004588,1,0,33.0,623.13,0,2026-09-06,2026-09-06,0,0
P004589,2,1,70.0,4129.09,0,2024-11-17,2025-01-16,1,0
P004590,1,0,103.0,2206.48,0,2026-01-07,2026-01-07,0,0
P004591,1,0,39.0,626.32,0,2025-09-29,2025-09-29,0,0
P004592,2,1,56.5,11989.51,0,2024-05-15,2025-06-18,1,0
P004593,3,1,72.66666666666667,13037.51,0,2025-07-18,2026-05-15,1,0
P004594,2,1,70.5,8263.52,0,2024-07-01,2024-09-13,1,0
P004595,1,1,95.0,11516.77,0,2025-09-30,2025-09-30,0,0
P004596,1,0,19.0,661.13,0,2024-12-27,2024-12-27,0,0
P004597,2,0,61.5,807.52,0,2026-08-06,2026-09-22,1,0
P004598,1,0,16.0,445.22,0,2025-07-16,2025-07-16,0,0
P004599,1,1,41.0,8549.23,0,2026-01-18,2026-01-18,0,0
P004600,3,2,74.66666666666667,26138.28,1,2026-06-16,2026-09-21,1,0
P004601,3,1,59.666666666666664,7391.780000000001,0,2024-04-28,2025-07-01,1,0
P004602,1,0,84.0,1507.86,0,2024-10-23,2024-10-23,0,0
P004603,1,1,43.0,4940.07,0,2024-07-14,2024-07-14,0,0
P004604,1,0,21.0,287.3,0,2025-06-20,2025-06-20,0,0
P004605,1,0,7.0,474.61,0,2024-09-25,2024-09-25,0,0
P004606,1,0,31.0,635.57,0,2025-02-12,2025-02-12,0,0
P004607,1,0,11.0,225.55,0,2026-09-20,2026-09-20,0,0
P004608,1,0,10.0,405.32,0,2026-04-27,2026-04-27,0,0
P004609,1,0,22.0,310.55,0,2025-07-18,2025-07-18,0,0
P004610,2,0,59.5,1316.26,0,2025-01-03,2025-01-30,1,0
P004611,1,0,42.0,490.04,0,2024-03-08,2024-03-08,0,0
P004612,1,1,65.0,14673.48,0,2024-05-30,2024-05-30,0,0
P004613,5,2,52.6,16307.130000000001,0,2026-02-01,2026-09-02,1,1
P004614,1,1,36.0,3898.36,0,2025-09-14,2025-09-14,0,0
P004615,2,1,88.5,7546.39,0,2024-08-17,2025-01-24,1,0
P004616,1,1,48.0,10465.68,0,2025-12-19,2025-12-19,0,0
P004617,1,1,95.0,18180.68,0,2025-08-01,2025-08-01,0,0
P004618,3,1,71.33333333333333,7448.8,0,2024-04-11,2025-05-05,1,0
P004619,1,1,36.0,8266.68,0,2025-01-08,2025-01-08,0,0
P004620,2,1,18.0,12543.470000000001,0,2024-01-08,2024-06-15,1,0
P004621,1,0,37.0,1286.45,0,2025-03-10,2025-03-10,0,0
P004622,2,0,30.0,709.9200000000001,0,2024-08-01,2024-12-22,1,0
P004623,1,0,51.0,1515.21,0,2024-12-29,2024-12-29,0,0
P004624,1,1,69.0,10171.72,0,2025-12-31,2025-12-31,0,0
P004625,1,1,75.0,10511.85,0,2026-02-21,2026-02-21,0,0
P004626,1,0,24.0,151.45,0,2026-01-30,2026-01-30,0,0
P004627,1,0,17.0,376.6,0,2026-03-17,2026-03-17,0,0
P004628,2,1,64.5,8777.85,0,2026-08-06,2026-09-01,1,0
P004629,2,0,24.5,843.96,0,2024-01-09,2024-07-15,1,0
P004630,2,1,64.0,5594.599999999999,0,2026-03-07,2026-04-15,1,0
P004631,1,0,21.0,1654.25,0,2024-03-08,2024-03-08,0,0
P004632,1,0,78.0,1269.87,0,2026-05-30,2026-05-30,0,0
P004633,1,1,43.0,8194.73,0,2025-04-03,2025-04-03,0,0
P004634,1,1,53.0,8058.1,0,2026-06-22,2026-06-22,0,0
P004635,3,2,61.0,11626.99,0,2025-11-02,2026-09-25,1,0
P004636,1,0,104.0,1604.42,0,2026-04-16,2026-04-16,0,0
P004637,2,1,38.0,1699.79,1,2026-09-20,2026-09-22,1,0
P004638,1,0,61.0,2166.64,0,2024-01-05,2024-01-05,0,0
P004639,1,0,124.0,960.64,0,2024-02-23,2024-02-23,0,0
P004640,1,1,34.0,8089.21,0,2026-04-01,2026-04-01,0,0
P004641,2,0,59.5,1707.63,0,2025-07-12,2025-09-19,1,0
P004642,1,0,44.0,403.46,0,2025-07-25,2025-07-25,0,0
P004643,1,0,28.0,155.8,0,2025-10-14,2025-10-14,0,0
P004644,2,0,29.5,1294.97,0,2026-09-24,2026-09-30,1,0
P004645,2,1,48.5,2544.92,0,2026-06-09,2026-06-27,1,0
P004646,3,2,68.33333333333333,29817.079999999998,0,2025-08-03,2026-06-08,1,0
P004647,1,1,58.0,5978.77,0,2024-03-17,2024-03-17,0,0
P004648,2,1,52.5,22323.620000000003,0,2024-12-20,2025-01-16,1,0
P004649,1,0,79.0,1756.02,0,2024-12-16,2024-12-16,0,0
P004650,1,1,67.0,1090.0,0,2025-09-15,2025-09-15,0,0
P004651,1,0,28.0,313.85,0,2026-08-09,2026-08-09,0,0
P004652,4,1,52.0,6577.81,0,2025-01-10,2026-09-28,1,1
P004653,1,0,25.0,462.29,0,2024-04-25,2024-04-25,0,0
P004654,1,0,85.0,898.12,0,2024-11-09,2024-11-09,0,0
P004655,1,0,61.0,928.42,0,2024-02-08,2024-02-08,0,0
P004656,1,0,58.0,1100.47,0,2025-01-18,2025-01-18,0,0
P004657,1,0,17.0,246.1,0,2026-02-16,2026-02-16,0,0
P004658,1,0,26.0,433.99,0,2024-04-23,2024-04-23,0,0
P004659,1,1,104.0,8964.56,0,2024-12-29,2024-12-29,0,0
P004660,1,1,95.0,15202.05,0,2024-01-02,2024-01-02,0,0
P004661,1,0,39.0,1271.38,0,2025-04-04,2025-04-04,0,0
P004662,1,0,94.0,1046.52,0,2026-01-12,2026-01-12,0,0
P004663,1,1,33.0,1572.96,0,2025-06-02,2025-06-02,0,0
P004664,1,0,12.0,556.68,0,2025-03-25,2025-03-25,0,0
P004665,1,1,30.0,10369.21,0,2025-05-05,2025-05-05,0,0
P004666,1,0,58.0,3175.51,0,2026-07-04,2026-07-04,0,0
P004667,2,1,77.5,17713.88,0,2024-12-16,2025-01-01,1,0
P004668,1,0,18.0,278.57,0,2024-02-05,2024-02-05,0,0
P004669,1,0,29.0,699.77,0,2026-05-27,2026-05-27,0,0
P004670,4,1,21.75,19340.52,0,2026-02-24,2026-09-19,1,1
P004671,1,1,44.0,26350.69,0,2024-10-21,2024-10-21,0,0
P004672,1,0,17.0,846.04,0,2024-06-28,2024-06-28,0,0
P004673,1,1,86.0,2278.56,0,2025-06-02,2025-06-02,0,0
P004674,1,0,22.0,1164.62,0,2026-09-26,2026-09-26,0,0
P004675,2,1,42.0,6184.3,0,2025-02-23,2025-11-28,1,0
P004676,1,0,45.0,547.29,0,2025-04-14,2025-04-14,0,0
P004677,1,0,19.0,555.98,0,2026-04-20,2026-04-20,0,0
P004678,1,0,23.0,558.14,0,2025-08-02,2025-08-02,0,0
P004679,1,0,26.0,346.75,0,2024-05-14,2024-05-14,0,0
P004680,1,1,112.0,7274.87,0,2026-01-06,2026-01-06,0,0
P004681,1,1,93.0,10829.23,0,2024-09-27,2024-09-27,0,0
P004682,3,1,26.666666666666668,3430.9,0,2025-01-16,2025-05-04,1,0
P004683,1,0,94.0,2033.35,0,2024-02-13,2024-02-13,0,0
P004684,1,0,26.0,681.21,0,2026-07-18,2026-07-18,0,0
P004685,1,0,52.0,568.59,0,2024-04-29,2024-04-29,0,0
P004686,3,0,35.666666666666664,1680.44,0,2025-06-25,2025-09-17,1,0
P004687,2,1,30.5,3803.9,0,2024-08-27,2025-08-17,1,0
P004688,1,1,40.0,1877.71,0,2025-10-19,2025-10-19,0,0
P004689,1,0,9.0,164.22,0,2025-07-02,2025-07-02,0,0
P004690,1,0,26.0,607.32,0,2024-06-08,2024-06-08,0,0
P004691,1,0,69.0,1294.1,0,2026-09-29,2026-09-29,0,0
P004692,4,1,54.75,10794.87,0,2026-08-30,2026-09-26,1,1
P004693,1,1,162.0,5310.15,0,2025-07-28,2025-07-28,0,0
P004694,1,0,38.0,282.62,0,2024-10-26,2024-10-26,0,0
P004695,1,0,16.0,321.67,0,2025-12-28,2025-12-28,0,0
P004696,1,0,52.0,833.07,0,2025-08-08,2025-08-08,0,0
P004697,3,2,65.0,6854.49,0,2026-03-19,2026-09-30,1,0
P004698,1,0,29.0,819.54,0,2025-07-29,2025-07-29,0,0
P004699,4,1,45.25,4895.29,0,2025-12-29,2026-09-29,1,1
P004700,1,0,30.0,351.07,0,2026-05-24,2026-05-24,0,0
P004701,1,1,59.0,6534.77,0,2024-03-02,2024-03-02,0,0
P004702,2,1,41.5,1275.98,0,2025-06-19,2025-07-11,1,0
P004703,5,4,61.0,46612.090000000004,1,2026-01-14,2026-09-21,1,1
P004704,1,1,74.0,3305.82,0,2025-01-12,2025-01-12,0,0
P004705,1,0,17.0,446.59,0,2025-04-11,2025-04-11,0,0
P004706,1,1,29.0,4833.07,0,2026-02-19,2026-02-19,0,0
P004707,3,2,88.33333333333333,13776.82,0,2025-04-30,2026-04-23,1,0
P004708,1,1,73.0,12563.39,0,2024-05-10,2024-05-10,0,0
P004709,1,1,20.0,6662.06,0,2026-07-26,2026-07-26,0,0
P004710,3,1,29.0,2040.23,0,2026-02-01,2026-03-25,1,0
P004711,5,1,70.8,9019.98,0,2026-02-16,2026-09-20,1,1
P004712,1,0,22.0,289.69,0,2025-09-07,2025-09-07,0,0
P004713,4,1,95.5,31599.88,0,2026-03-19,2026-09-24,1,1
P004714,1,1,66.0,4200.38,0,2024-05-18,2024-05-18,0,0
P004715,1,0,65.0,914.64,0,2026-08-05,2026-08-05,0,0
P004716,1,0,27.0,330.7,0,2025-11-13,2025-11-13,0,0
P004717,2,1,44.0,3513.01,0,2025-08-23,2026-01-03,1,0
P004718,2,1,41.5,10057.31,0,2024-02-14,2024-04-25,1,0
P004719,1,0,29.0,377.08,0,2026-09-07,2026-09-07,0,0
P004720,1,1,115.0,8175.63,0,2026-09-10,2026-09-10,0,0
P004721,3,2,41.0,14021.490000000002,0,2024-10-27,2025-03-19,1,0
P004722,1,0,25.0,384.81,0,2024-11-07,2024-11-07,0,0
P004723,1,0,45.0,823.83,0,2024-05-17,2024-05-17,0,0
P004724,1,0,28.0,1278.15,0,2025-08-29,2025-08-29,0,0
P004725,1,1,82.0,7316.99,0,2026-06-24,2026-06-24,0,0
P004726,1,0,85.0,744.87,0,2025-02-15,2025-02-15,0,0
P004727,6,1,28.333333333333332,20076.42,0,2025-12-11,2026-09-24,1,1
P004728,1,0,83.0,1825.38,0,2026-03-31,2026-03-31,0,0
P004729,1,0,30.0,208.76,0,2026-04-25,2026-04-25,0,0
P004730,2,0,77.5,1278.3899999999999,0,2026-02-27,2026-05-02,1,0
P004731,2,1,38.5,6388.259999999999,0,2026-01-25,2026-02-15,1,0
P004732,1,0,144.0,684.33,0,2024-06-16,2024-06-16,0,0
P004733,6,2,37.333333333333336,10253.66,0,2024-09-11,2026-09-15,1,1
P004734,1,0,7.0,507.4,0,2026-05-18,2026-05-18,0,0
P004735,2,1,41.0,9668.06,0,2025-04-04,2025-05-16,1,0
P004736,2,1,68.5,2928.67,0,2026-01-24,2026-07-26,1,0
P004737,1,0,33.0,444.26,0,2026-01-03,2026-01-03,0,0
P004738,4,0,38.0,1973.3500000000001,0,2025-07-05,2026-06-01,1,1
P004739,5,0,34.8,5678.96,0,2024-06-27,2025-09-08,1,1
P004740,2,0,66.5,3666.25,0,2026-07-15,2026-08-20,1,0
P004741,1,0,14.0,295.81,0,2025-11-21,2025-11-21,0,0
P004742,2,0,21.0,594.5,0,2026-03-18,2026-09-23,1,0
P004743,1,1,95.0,22666.85,0,2026-05-22,2026-05-22,0,0
P004744,2,0,40.5,605.83,0,2024-10-02,2024-10-26,1,0
P004745,1,1,21.0,5683.1,0,2025-04-28,2025-04-28,0,0
P004746,2,1,75.5,17664.670000000002,0,2025-01-17,2025-02-16,1,0
P004747,3,1,50.666666666666664,12694.48,0,2026-07-06,2026-09-18,1,0
P004748,2,0,20.0,1827.68,0,2024-08-02,2025-05-03,1,0
P004749,1,0,59.0,345.56,0,2025-05-26,2025-05-26,0,0
P004750,1,0,9.0,253.91,0,2025-02-03,2025-02-03,0,0
P004751,1,0,130.0,1111.73,0,2024-05-15,2024-05-15,0,0
P004752,2,1,72.0,3948.26,0,2024-01-30,2024-04-17,1,0
P004753,2,0,21.5,985.75,0,2025-09-04,2025-11-15,1,0
P004754,4,0,37.5,2575.5299999999997,0,2024-05-23,2026-09-13,1,1
P004755,2,0,14.0,730.31,0,2026-08-05,2026-09-21,1,0
P004756,1,0,28.0,767.19,0,2024-04-29,2024-04-29,0,0
P004757,2,1,63.0,10921.369999999999,0,2025-11-21,2026-03-11,1,0
P004758,1,0,68.0,1650.05,0,2024-01-17,2024-01-17,0,0
P004759,1,0,118.0,921.04,0,2024-09-28,2024-09-28,0,0
P004760,1,0,19.0,635.39,0,2026-01-14,2026-01-14,0,0
P004761,4,0,54.0,5584.41,0,2025-04-25,2026-09-28,1,1
P004762,1,1,45.0,4331.4,0,2024-05-06,2024-05-06,0,0
P004763,1,0,24.0,331.0,0,2025-12-28,2025-12-28,0,0
P004764,1,0,35.0,274.85,0,2026-06-10,2026-06-10,0,0
P004765,2,0,34.0,968.15,0,2024-05-08,2024-08-20,1,0
P004766,1,1,70.0,17506.59,0,2025-07-11,2025-07-11,0,0
P004767,1,0,44.0,384.3,0,2025-04-11,2025-04-11,0,0
P004768,1,0,28.0,881.98,0,2026-03-10,2026-03-10,0,0
P004769,3,2,103.66666666666667,24989.829999999998,0,2026-04-23,2026-09-19,1,0
P004770,2,1,100.5,12548.57,0,2025-03-09,2026-04-17,1,0
P004771,4,2,100.5,25402.91,0,2025-07-14,2026-09-20,1,1
P004772,1,0,110.0,812.82,0,2024-02-26,2024-02-26,0,0
P004773,2,0,38.5,3146.44,0,2026-07-30,2026-09-25,1,0
P004774,1,1,104.0,14643.19,0,2026-02-02,2026-02-02,0,0
P004775,1,0,22.0,197.05,0,2025-12-25,2025-12-25,0,0
P004776,1,1,42.0,6094.2,0,2024-04-25,2024-04-25,0,0
P004777,5,3,49.2,48848.47,0,2024-02-27,2026-06-09,1,1
P004778,1,0,42.0,415.89,0,2025-10-13,2025-10-13,0,0
P004779,1,1,73.0,7107.39,0,2026-07-19,2026-07-19,0,0
P004780,1,0,23.0,286.35,0,2026-06-29,2026-06-29,0,0
P004781,1,0,24.0,749.11,0,2025-02-20,2025-02-20,0,0
P004782,1,0,23.0,647.37,0,2025-06-27,2025-06-27,0,0
P004783,2,1,115.5,4382.72,0,2026-03-08,2026-05-25,1,0
P004784,1,1,55.0,8645.7,0,2026-08-08,2026-08-08,0,0
P004785,1,0,31.0,557.73,0,2024-01-16,2024-01-16,0,0
P004786,1,0,17.0,425.31,0,2026-07-30,2026-07-30,0,0
P004787,3,1,40.666666666666664,2297.26,1,2026-09-13,2026-09-18,1,0
P004788,3,2,87.66666666666667,21868.5,1,2026-08-27,2026-09-27,1,0
P004789,2,0,27.0,2114.32,0,2024-08-18,2025-01-16,1,0
P004790,3,1,26.666666666666668,8817.58,0,2025-11-15,2026-09-25,1,0
P004791,3,1,32.0,7473.990000000001,1,2024-10-15,2025-06-22,1,0
P004792,1,0,10.0,479.67,0,2025-12-21,2025-12-21,0,0
P004793,1,0,25.0,690.29,0,2025-01-13,2025-01-13,0,0
P004794,3,0,51.333333333333336,5424.55,0,2025-12-04,2026-02-17,1,0
P004795,1,0,62.0,545.34,0,2026-08-13,2026-08-13,0,0
P004796,2,0,41.5,2165.41,0,2026-07-11,2026-09-17,1,0
P004797,2,1,42.0,9847.39,0,2026-01-07,2026-08-31,1,0
P004798,2,1,105.5,8027.88,0,2026-01-08,2026-09-17,1,0
P004799,1,0,60.0,1054.62,0,2026-08-08,2026-08-08,0,0
P004800,1,0,23.0,750.31,0,2024-08-26,2024-08-26,0,0
P004801,2,0,54.0,892.73,0,2026-07-03,2026-07-12,1,0
P004802,2,0,30.5,1622.23,0,2025-01-22,2025-08-09,1,0
P004803,1,0,36.0,303.48,0,2025-05-13,2025-05-13,0,0
P004804,1,1,32.0,13432.69,0,2025-01-11,2025-01-11,0,0
P004805,1,1,60.0,10322.47,0,2025-10-21,2025-10-21,0,0
P004806,2,0,78.0,2012.0900000000001,0,2025-07-30,2025-10-20,1,0
P004807,1,0,18.0,264.39,0,2024-09-25,2024-09-25,0,0
P004808,1,0,45.0,1247.63,0,2024-03-01,2024-03-01,0,0
P004809,4,0,45.5,3523.13,0,2024-02-01,2025-04-10,1,1
P004810,1,0,32.0,230.09,0,2026-01-01,2026-01-01,0,0
P004811,3,1,24.333333333333332,2156.29,0,2026-05-17,2026-09-25,1,0
P004812,1,0,11.0,234.33,0,2025-05-30,2025-05-30,0,0
P004813,2,1,98.0,11129.01,0,2024-09-01,2024-09-28,1,0
P004814,1,0,13.0,788.99,0,2024-04-07,2024-04-07,0,0
P004815,2,0,20.0,1210.88,0,2024-11-13,2025-08-06,1,0
P004816,3,0,38.333333333333336,2553.2,0,2026-09-13,2026-09-18,1,0
P004817,2,0,34.0,1032.12,0,2024-02-18,2024-03-12,1,0
P004818,1,0,58.0,155.42,0,2025-09-11,2025-09-11,0,0
P004819,1,0,20.0,252.18,0,2024-12-25,2024-12-25,0,0
P004820,1,0,76.0,558.36,0,2024-04-29,2024-04-29,0,0
P004821,1,0,61.0,1128.35,0,2024-11-08,2024-11-08,0,0
P004822,2,1,38.0,7518.55,0,2026-05-12,2026-09-26,1,0
P004823,1,1,71.0,3235.1,0,2025-08-02,2025-08-02,0,0
P004824,4,2,56.0,27345.920000000002,0,2024-10-01,2026-05-24,1,1
P004825,1,0,30.0,1653.04,0,2024-01-26,2024-01-26,0,0
P004826,4,0,59.5,3430.79,0,2025-08-27,2026-05-14,1,1
P004827,3,1,69.0,29970.19,0,2025-11-22,2026-09-28,1,0
P004828,4,1,54.75,12277.130000000001,0,2024-01-11,2024-12-23,1,1
P004829,2,1,25.0,3379.94,0,2025-01-13,2025-12-29,1,0
P004830,2,2,64.0,13783.07,0,2024-12-25,2025-08-07,1,0
P004831,1,0,10.0,785.59,0,2025-12-09,2025-12-09,0,0
P004832,5,1,23.4,11109.93,0,2025-12-12,2026-09-17,1,1
P004833,3,1,62.0,12920.84,0,2024-06-03,2025-08-16,1,0
P004834,1,0,82.0,1034.6,0,2024-12-10,2024-12-10,0,0
P004835,1,0,62.0,1386.28,0,2026-03-06,2026-03-06,0,0
P004836,1,0,45.0,201.62,0,2026-04-29,2026-04-29,0,0
P004837,1,1,20.0,2443.22,0,2026-09-16,2026-09-16,0,0
P004838,1,0,19.0,299.63,0,2024-05-24,2024-05-24,0,0
P004839,1,1,101.0,9885.48,0,2026-04-27,2026-04-27,0,0
P004840,1,0,113.0,495.86,0,2025-06-06,2025-06-06,0,0
P004841,5,3,50.6,35137.54,0,2026-06-24,2026-09-29,1,1
P004842,1,1,32.0,6092.02,0,2025-04-14,2025-04-14,0,0
P004843,1,0,20.0,365.66,0,2025-07-18,2025-07-18,0,0
P004844,1,0,14.0,1039.54,0,2025-06-07,2025-06-07,0,0
P004845,1,0,66.0,1272.76,0,2024-12-31,2024-12-31,0,0
P004846,3,1,52.333333333333336,3277.2799999999997,0,2026-05-19,2026-09-13,1,0
P004847,5,1,52.0,15290.86,0,2025-06-23,2026-09-29,1,1
P004848,1,0,24.0,352.43,0,2024-09-01,2024-09-01,0,0
P004849,2,0,39.5,531.75,0,2025-03-25,2025-12-14,1,0
P004850,2,1,54.0,13241.02,0,2026-08-22,2026-08-29,1,0
P004851,2,0,22.0,694.63,0,2025-06-09,2025-07-06,1,0
P004852,1,1,29.0,11362.74,0,2024-08-06,2024-08-06,0,0
P004853,1,0,25.0,874.58,0,2024-01-04,2024-01-04,0,0
P004854,2,0,36.0,589.46,0,2025-01-19,2025-12-25,1,0
P004855,3,1,74.66666666666667,12169.08,0,2025-04-17,2026-03-15,1,0
P004856,2,1,45.0,15049.22,0,2025-09-27,2026-05-04,1,0
P004857,2,2,51.0,20576.51,0,2025-01-20,2025-10-04,1,0
P004858,1,0,30.0,524.71,0,2024-08-17,2024-08-17,0,0
P004859,1,0,22.0,793.53,0,2025-05-17,2025-05-17,0,0
P004860,4,2,39.0,3460.4,0,2024-04-14,2026-09-30,1,1
P004861,1,0,31.0,929.61,0,2024-12-08,2024-12-08,0,0
P004862,1,1,68.0,6668.64,0,2024-10-26,2024-10-26,0,0
P004863,1,0,18.0,610.16,0,2026-02-20,2026-02-20,0,0
P004864,1,1,54.0,10061.66,0,2026-05-13,2026-05-13,0,0
P004865,1,1,105.0,9219.63,0,2025-08-14,2025-08-14,0,0
P004866,1,1,27.0,19878.11,0,2024-01-10,2024-01-10,0,0
P004867,1,0,17.0,935.85,0,2025-02-13,2025-02-13,0,0
P004868,1,0,22.0,323.76,0,2024-04-14,2024-04-14,0,0
P004869,1,0,88.0,1115.29,0,2024-01-04,2024-01-04,0,0
P004870,1,1,61.0,6769.19,0,2025-06-14,2025-06-14,0,0
P004871,4,1,72.75,12825.59,0,2024-06-01,2024-09-12,1,1
P004872,1,0,95.0,1327.99,0,2025-03-11,2025-03-11,0,0
P004873,2,0,34.5,1793.08,0,2026-08-14,2026-09-18,1,0
P004874,1,0,38.0,433.06,0,2025-12-17,2025-12-17,0,0
P004875,1,0,18.0,444.02,0,2024-03-23,2024-03-23,0,0
P004876,1,1,134.0,3420.99,0,2024-09-10,2024-09-10,0,0
P004877,1,0,111.0,881.64,0,2026-09-24,2026-09-24,0,0
P004878,2,1,76.0,10558.699999999999,0,2025-04-16,2025-09-07,1,0
P004879,3,1,24.666666666666668,12767.359999999999,0,2025-01-20,2026-04-26,1,0
P004880,2,0,30.0,761.1,0,2025-02-25,2025-04-27,1,0
P004881,1,0,12.0,744.73,0,2025-09-24,2025-09-24,0,0
P004882,1,1,55.0,3470.02,0,2026-07-13,2026-07-13,0,0
P004883,1,1,41.0,9729.1,0,2025-12-19,2025-12-19,0,0
P004884,1,0,38.0,568.76,0,2025-01-04,2025-01-04,0,0
P004885,3,0,54.666666666666664,1484.5,0,2024-05-25,2024-08-20,1,0
P004886,3,1,33.333333333333336,15419.73,0,2026-03-08,2026-09-27,1,0
P004887,1,0,87.0,622.67,0,2026-05-26,2026-05-26,0,0
P004888,1,0,25.0,512.12,0,2024-10-19,2024-10-19,0,0
P004889,4,0,79.0,3134.0,0,2024-05-22,2026-05-30,1,1
P004890,1,0,63.0,815.09,0,2026-06-28,2026-06-28,0,0
P004891,1,0,91.0,673.03,0,2025-11-29,2025-11-29,0,0
P004892,1,0,102.0,894.44,0,2025-02-04,2025-02-04,0,0
P004893,1,0,21.0,382.95,0,2026-01-21,2026-01-21,0,0
P004894,2,0,75.5,2759.8,0,2026-01-15,2026-08-06,1,0
P004895,1,0,26.0,156.01,0,2025-05-13,2025-05-13,0,0
P004896,1,1,67.0,2854.52,0,2024-06-01,2024-06-01,0,0
P004897,2,1,72.5,5806.11,0,2026-04-26,2026-07-11,1,0
P004898,2,0,43.0,1479.32,0,2026-09-21,2026-09-26,1,0
P004899,1,0,15.0,1187.62,0,2026-06-20,2026-06-20,0,0
P004900,3,2,57.333333333333336,15547.81,0,2024-06-21,2026-03-10,1,0
P004901,1,0,30.0,630.57,0,2024-09-14,2024-09-14,0,0
P004902,1,0,52.0,1040.24,0,2024-09-27,2024-09-27,0,0
P004903,4,2,41.75,24006.45,0,2025-10-26,2026-09-14,1,1
P004904,1,1,113.0,2480.66,0,2024-05-20,2024-05-20,0,0
P004905,2,0,16.0,721.8,0,2025-04-15,2025-09-23,1,0
P004906,3,3,56.333333333333336,18902.94,1,2025-12-17,2026-01-24,1,0
P004907,1,0,22.0,184.54,0,2024-04-12,2024-04-12,0,0
P004908,1,1,53.0,2214.81,0,2026-07-01,2026-07-01,0,0
P004909,1,1,74.0,12726.61,0,2024-06-26,2024-06-26,0,0
P004910,1,0,9.0,376.46,0,2025-02-26,2025-02-26,0,0
P004911,2,0,18.5,1032.34,0,2024-11-21,2025-04-25,1,0
P004912,1,0,65.0,1905.45,0,2026-02-08,2026-02-08,0,0
P004913,3,1,43.666666666666664,12012.08,0,2024-04-14,2024-11-27,1,0
P004914,3,2,86.0,21665.620000000003,2,2026-09-12,2026-09-24,1,0
P004915,1,1,65.0,10925.03,0,2024-02-05,2024-02-05,0,0
P004916,2,0,60.0,1116.75,0,2026-08-23,2026-09-17,1,0
P004917,3,1,33.666666666666664,18389.230000000003,0,2026-02-09,2026-09-21,1,0
P004918,1,1,96.0,8313.33,0,2025-03-17,2025-03-17,0,0
P004919,1,0,92.0,1261.1,0,2026-03-19,2026-03-19,0,0
P004920,2,1,26.0,9409.34,0,2026-05-08,2026-09-19,1,0
P004921,1,0,15.0,629.08,0,2024-11-22,2024-11-22,0,0
P004922,1,1,87.0,6731.92,0,2026-09-17,2026-09-17,0,0
P004923,2,0,37.5,1616.27,0,2026-07-03,2026-08-03,1,0
P004924,2,0,43.0,2298.46,0,2026-05-04,2026-07-07,1,0
P004925,1,1,124.0,14726.02,0,2025-08-25,2025-08-25,0,0
P004926,1,1,80.0,1024.79,0,2026-04-25,2026-04-25,0,0
P004927,2,1,120.5,6246.46,0,2026-08-22,2026-09-26,1,0
P004928,1,0,27.0,363.46,0,2024-12-07,2024-12-07,0,0
P004929,4,2,57.75,18780.98,0,2025-06-13,2026-09-26,1,1
P004930,1,0,63.0,281.3,0,2024-06-02,2024-06-02,0,0
P004931,1,0,64.0,785.66,0,2024-09-10,2024-09-10,0,0
P004932,1,0,102.0,468.89,0,2025-01-25,2025-01-25,0,0
P004933,2,0,64.5,2742.38,0,2025-04-14,2025-06-13,1,0
P004934,1,0,37.0,294.17,0,2025-11-06,2025-11-06,0,0
P004935,2,1,48.5,3367.29,0,2026-05-18,2026-07-16,1,0
P004936,4,2,44.25,14820.98,0,2024-02-08,2025-10-18,1,1
P004937,2,1,45.5,7818.790000000001,0,2025-06-14,2026-02-04,1,0
P004938,2,0,60.0,1641.17,0,2025-08-18,2025-10-18,1,0
P004939,1,0,122.0,474.11,0,2026-04-02,2026-04-02,0,0
P004940,2,1,116.0,9776.599999999999,0,2026-08-16,2026-09-13,1,0
P004941,1,0,41.0,516.6,0,2024-06-21,2024-06-21,0,0
P004942,1,0,65.0,1327.49,0,2026-08-01,2026-08-01,0,0
P004943,1,1,90.0,4755.46,0,2024-06-29,2024-06-29,0,0
P004944,3,0,30.0,1402.73,0,2026-06-23,2026-09-30,1,0
P004945,1,0,22.0,248.33,0,2024-12-22,2024-12-22,0,0
P004946,1,1,39.0,11122.06,0,2026-01-23,2026-01-23,0,0
P004947,1,1,50.0,2411.56,0,2025-07-04,2025-07-04,0,0
P004948,1,1,64.0,2663.21,0,2025-04-25,2025-04-25,0,0
P004949,1,0,20.0,554.1,0,2025-08-23,2025-08-23,0,0
P004950,1,1,64.0,6275.83,0,2026-03-14,2026-03-14,0,0
P004951,2,1,79.5,3761.6099999999997,0,2025-02-28,2025-10-06,1,0
P004952,3,0,26.333333333333332,1339.3400000000001,0,2026-05-19,2026-09-24,1,0
P004953,1,0,12.0,466.77,0,2024-03-18,2024-03-18,0,0
P004954,1,0,53.0,708.2,0,2025-02-20,2025-02-20,0,0
P004955,3,2,64.0,34356.63,0,2025-12-06,2026-09-28,1,0
P004956,1,1,44.0,3899.44,0,2024-03-08,2024-03-08,0,0
P004957,1,1,47.0,6511.53,0,2024-01-16,2024-01-16,0,0
P004958,1,0,58.0,797.26,0,2024-01-09,2024-01-09,0,0
P004959,4,1,65.25,16917.88,0,2026-02-08,2026-09-22,1,1
P004960,2,0,25.5,1465.15,0,2026-07-19,2026-09-25,1,0
P004961,1,0,109.0,2408.64,0,2024-07-06,2024-07-06,0,0
P004962,1,0,22.0,841.94,0,2026-09-28,2026-09-28,0,0
P004963,2,0,21.5,556.21,0,2025-10-13,2025-11-13,1,0
P004964,1,1,69.0,12011.25,0,2024-05-25,2024-05-25,0,0
P004965,1,0,17.0,188.89,0,2025-01-20,2025-01-20,0,0
P004966,4,0,52.75,1738.13,0,2026-08-11,2026-09-23,1,1
P004967,1,1,48.0,3471.69,0,2025-12-11,2025-12-11,0,0
P004968,1,0,16.0,306.04,0,2024-02-03,2024-02-03,0,0
P004969,1,0,21.0,305.14,0,2025-01-31,2025-01-31,0,0
P004970,2,0,49.0,1139.99,0,2026-05-20,2026-09-12,1,0
P004971,1,0,17.0,361.23,0,2024-02-24,2024-02-24,0,0
P004972,3,1,42.333333333333336,25548.989999999998,0,2026-04-02,2026-09-19,1,0
P004973,1,0,129.0,1152.91,0,2025-11-03,2025-11-03,0,0
P004974,1,0,45.0,719.37,0,2026-02-10,2026-02-10,0,0
P004975,1,1,38.0,6262.8,0,2025-12-21,2025-12-21,0,0
P004976,1,0,95.0,452.9,0,2026-08-27,2026-08-27,0,0
P004977,1,0,97.0,1064.6,0,2024-08-15,2024-08-15,0,0
P004978,3,0,84.0,4454.38,0,2024-10-04,2025-04-03,1,0
P004979,1,0,17.0,478.43,0,2026-04-02,2026-04-02,0,0
P004980,1,0,70.0,1353.02,0,2025-02-12,2025-02-12,0,0
P004981,2,0,102.0,1438.13,0,2025-08-15,2025-10-11,1,0
P004982,1,0,12.0,300.82,0,2025-08-22,2025-08-22,0,0
P004983,2,0,49.5,1522.3200000000002,0,2024-03-30,2024-12-01,1,0
P004984,1,0,67.0,1101.67,0,2024-03-20,2024-03-20,0,0
P004985,1,0,19.0,649.48,0,2025-06-26,2025-06-26,0,0
P004986,2,1,45.5,2503.7799999999997,0,2026-05-11,2026-09-13,1,0
P004987,2,0,20.0,896.6299999999999,0,2025-11-25,2026-01-03,1,0
P004988,3,0,80.0,2962.61,0,2026-03-07,2026-09-26,1,0
P004989,2,0,50.0,2584.27,0,2025-03-28,2025-07-23,1,0
P004990,1,0,37.0,625.36,0,2024-07-29,2024-07-29,0,0
P004991,3,0,43.666666666666664,1220.0100000000002,0,2025-06-03,2026-07-19,1,0
P004992,5,3,68.6,21938.89,0,2025-08-11,2026-09-08,1,1
P004993,2,0,24.0,944.6600000000001,0,2024-12-09,2025-03-14,1,0
P004994,1,0,29.0,185.72,0,2024-05-25,2024-05-25,0,0
P004995,1,0,15.0,239.77,0,2024-12-11,2024-12-11,0,0
P004996,2,0,13.5,823.01,0,2024-12-08,2025-07-13,1,0
P004997,1,0,25.0,464.57,0,2024-03-26,2024-03-26,0,0
P004998,3,1,69.33333333333333,18351.800000000003,0,2026-09-11,2026-09-22,1,0
P004999,6,0,41.333333333333336,4629.33,0,2024-11-24,2026-09-28,1,1
P005000,1,0,22.0,229.95,0,2024-03-25,2024-03-25,0,0
P005001,1,0,46.0,332.75,0,2026-02-16,2026-02-16,0,0
P005002,1,0,8.0,452.82,0,2025-12-30,2025-12-30,0,0
P005003,1,1,31.0,2767.46,0,2024-05-30,2024-05-30,0,0
P005004,1,1,50.0,20320.08,0,2024-07-18,2024-07-18,0,0
P005005,1,0,16.0,641.7,0,2024-12-26,2024-12-26,0,0
P005006,2,0,20.5,1210.71,0,2025-03-04,2026-02-09,1,0
P005007,4,2,106.25,18051.27,1,2026-02-22,2026-09-23,1,1
P005008,1,0,50.0,455.81,0,2026-07-22,2026-07-22,0,0
P005009,1,0,70.0,1872.03,0,2024-03-26,2024-03-26,0,0
P005010,2,1,26.0,8067.64,0,2025-11-23,2025-12-30,1,0
P005011,2,1,31.5,1882.2800000000002,0,2024-09-01,2025-04-06,1,0
P005012,1,0,80.0,745.92,0,2025-05-07,2025-05-07,0,0
P005013,1,0,304.0,1939.16,0,2025-12-03,2025-12-03,0,0
P005014,1,1,73.0,5898.65,0,2025-01-30,2025-01-30,0,0
P005015,2,1,37.0,8147.72,0,2025-02-16,2025-03-27,1,0
P005016,1,0,16.0,525.38,0,2024-02-26,2024-02-26,0,0
P005017,1,0,66.0,1314.71,0,2026-03-06,2026-03-06,0,0
P005018,1,0,39.0,396.8,0,2026-04-18,2026-04-18,0,0
P005019,1,0,45.0,841.7,0,2024-11-28,2024-11-28,0,0
P005020,2,0,25.0,830.97,0,2026-07-20,2026-08-11,1,0
P005021,2,1,72.5,11846.1,0,2026-09-02,2026-09-20,1,0
P005022,3,1,42.666666666666664,6807.75,0,2025-03-09,2026-09-16,1,0
P005023,1,1,18.0,25977.64,0,2024-05-14,2024-05-14,0,0
P005024,1,0,30.0,1102.19,0,2024-04-29,2024-04-29,0,0
P005025,1,0,24.0,404.22,0,2024-01-22,2024-01-22,0,0
P005026,1,1,46.0,11494.88,0,2024-12-06,2024-12-06,0,0
P005027,2,0,37.5,1779.19,0,2026-03-29,2026-08-08,1,0
P005028,3,0,70.0,2871.7,0,2024-10-07,2025-07-04,1,0
P005029,1,1,62.0,1696.98,0,2024-04-20,2024-04-20,0,0
P005030,1,1,68.0,11243.75,0,2025-01-22,2025-01-22,0,0
P005031,1,0,107.0,560.79,0,2025-09-10,2025-09-10,0,0
P005032,1,0,74.0,2898.07,0,2026-07-10,2026-07-10,0,0
P005033,1,1,34.0,11036.05,0,2024-11-04,2024-11-04,0,0
P005034,1,0,68.0,1667.08,0,2025-05-26,2025-05-26,0,0
P005035,1,0,85.0,1951.57,0,2024-01-07,2024-01-07,0,0
P005036,1,0,23.0,456.53,0,2026-09-27,2026-09-27,0,0
P005037,2,1,53.5,25129.81,0,2026-01-24,2026-09-12,1,0
P005038,2,1,68.0,17618.78,0,2024-10-01,2025-02-22,1,0
P005039,1,1,79.0,10830.71,0,2026-07-05,2026-07-05,0,0
P005040,2,2,48.5,4933.52,0,2024-07-15,2025-06-16,1,0
P005041,1,0,36.0,373.92,0,2024-03-13,2024-03-13,0,0
P005042,2,1,42.0,11761.16,0,2024-07-02,2024-08-31,1,0
P005043,4,0,89.0,5527.389999999999,0,2025-12-01,2026-05-25,1,1
P005044,2,0,23.5,768.62,0,2024-04-09,2024-05-10,1,0
P005045,2,1,77.5,18177.98,1,2025-08-22,2025-09-20,1,0
P005046,1,0,24.0,396.87,0,2026-02-09,2026-02-09,0,0
P005047,1,0,41.0,1224.4,0,2026-07-26,2026-07-26,0,0
P005048,3,1,88.33333333333333,19592.84,0,2024-03-30,2024-05-13,1,0
P005049,1,0,19.0,376.93,0,2026-09-28,2026-09-28,0,0
P005050,1,0,146.0,500.35,0,2024-05-13,2024-05-13,0,0
P005051,1,0,18.0,1092.97,0,2026-08-03,2026-08-03,0,0
P005052,1,0,16.0,799.66,0,2024-03-07,2024-03-07,0,0
P005053,1,0,27.0,742.37,0,2024-07-11,2024-07-11,0,0
P005054,1,0,121.0,465.75,0,2026-07-07,2026-07-07,0,0
P005055,1,1,95.0,3484.36,0,2026-01-18,2026-01-18,0,0
P005056,1,0,19.0,663.91,0,2026-03-06,2026-03-06,0,0
P005057,2,0,33.0,1319.9,0,2026-06-25,2026-09-27,1,0
P005058,1,0,73.0,692.06,0,2025-01-29,2025-01-29,0,0
P005059,1,1,69.0,9271.6,0,2025-09-08,2025-09-08,0,0
P005060,4,1,23.5,23364.61,0,2024-12-28,2026-01-15,1,1
P005061,1,1,72.0,8965.09,0,2024-07-09,2024-07-09,0,0
P005062,2,1,77.5,6162.17,0,2025-01-14,2025-01-22,1,0
P005063,1,1,39.0,3982.22,0,2024-01-25,2024-01-25,0,0
P005064,1,0,22.0,394.34,0,2026-09-01,2026-09-01,0,0
P005065,2,0,42.0,2546.42,0,2025-05-08,2025-09-22,1,0
P005066,2,1,53.5,7192.27,0,2024-04-21,2024-09-10,1,0
P005067,2,1,65.0,4501.24,0,2024-11-02,2025-02-01,1,0
P005068,1,1,51.0,3038.36,0,2024-01-28,2024-01-28,0,0
P005069,1,1,23.0,6597.91,0,2026-04-20,2026-04-20,0,0
P005070,1,0,31.0,1052.8,0,2025-01-14,2025-01-14,0,0
P005071,1,0,26.0,210.55,0,2025-01-31,2025-01-31,0,0
P005072,2,1,46.0,13406.380000000001,0,2024-02-28,2024-05-06,1,0
P005073,1,0,48.0,368.09,0,2025-06-24,2025-06-24,0,0
P005074,1,1,40.0,1191.12,0,2024-07-05,2024-07-05,0,0
P005075,1,0,22.0,351.0,0,2024-06-19,2024-06-19,0,0
P005076,1,0,34.0,826.45,0,2026-03-10,2026-03-10,0,0
P005077,1,0,8.0,344.55,0,2024-03-12,2024-03-12,0,0
P005078,1,1,64.0,2454.69,0,2024-11-13,2024-11-13,0,0
P005079,1,0,81.0,345.28,0,2024-05-29,2024-05-29,0,0
P005080,1,0,15.0,113.49,0,2026-09-27,2026-09-27,0,0
P005081,1,0,14.0,674.03,0,2025-01-05,2025-01-05,0,0
P005082,1,0,39.0,228.15,0,2025-02-28,2025-02-28,0,0
P005083,2,1,65.0,5300.09,0,2025-02-10,2025-08-19,1,0
P005084,1,1,71.0,19357.21,0,2026-09-26,2026-09-26,0,0
P005085,1,0,12.0,343.32,0,2026-05-30,2026-05-30,0,0
P005086,3,2,30.666666666666668,4961.17,0,2026-08-11,2026-09-29,1,0
P005087,2,0,65.0,1095.6299999999999,0,2025-08-20,2025-11-15,1,0
P005088,3,1,52.666666666666664,6956.24,0,2026-02-19,2026-09-11,1,0
P005089,1,0,44.0,1332.02,0,2025-02-08,2025-02-08,0,0
P005090,6,4,38.666666666666664,28899.49,0,2025-01-21,2026-09-25,1,1
P005091,1,0,25.0,201.54,0,2026-05-23,2026-05-23,0,0
P005092,1,1,95.0,2126.47,0,2024-08-26,2024-08-26,0,0
P005093,2,1,61.5,14334.63,0,2026-02-05,2026-04-09,1,0
P005094,1,1,38.0,8708.02,0,2025-01-07,2025-01-07,0,0
P005095,1,1,29.0,8714.66,0,2026-04-30,2026-04-30,0,0
P005096,1,0,18.0,339.42,0,2026-09-02,2026-09-02,0,0
P005097,1,0,127.0,1402.75,0,2024-09-29,2024-09-29,0,0
P005098,2,0,28.0,884.9200000000001,0,2026-07-15,2026-09-28,1,0
P005099,3,1,40.0,8781.77,0,2024-01-06,2024-08-02,1,0
P005100,1,0,20.0,560.43,0,2025-10-13,2025-10-13,0,0
P005101,3,1,54.666666666666664,11157.75,0,2025-08-27,2026-08-12,1,0
P005102,3,2,41.0,21604.5,0,2026-03-23,2026-09-28,1,0
P005103,2,0,28.5,1208.08,0,2025-02-25,2025-09-27,1,0
P005104,2,0,30.0,1156.3899999999999,0,2026-02-25,2026-09-14,1,0
P005105,1,1,89.0,9840.74,0,2024-01-27,2024-01-27,0,0
P005106,3,0,35.666666666666664,3267.4399999999996,0,2026-06-19,2026-08-02,1,0
P005107,1,0,46.0,232.33,0,2025-09-06,2025-09-06,0,0
P005108,1,0,47.0,1244.36,0,2026-04-12,2026-04-12,0,0
P005109,1,0,14.0,589.35,0,2025-08-25,2025-08-25,0,0
P005110,1,0,180.0,1575.85,0,2026-01-26,2026-01-26,0,0
P005111,1,1,163.0,7358.2,0,2025-08-25,2025-08-25,0,0
P005112,1,0,66.0,418.99,0,2025-02-12,2025-02-12,0,0
P005113,1,0,18.0,869.18,0,2024-12-06,2024-12-06,0,0
P005114,1,0,26.0,265.8,0,2024-04-07,2024-04-07,0,0
P005115,1,0,20.0,600.67,0,2025-12-23,2025-12-23,0,0
P005116,3,2,91.33333333333333,17166.23,0,2024-12-16,2025-12-11,1,0
P005117,2,1,57.5,9700.74,0,2025-07-27,2026-03-09,1,0
P005118,1,0,22.0,429.91,0,2025-10-21,2025-10-21,0,0
P005119,4,1,88.0,15551.29,0,2025-12-07,2026-09-28,1,1
P005120,3,1,37.0,6169.360000000001,0,2024-03-04,2024-06-27,1,0
P005121,2,2,48.0,7165.0199999999995,0,2025-05-10,2025-06-10,1,0
P005122,4,0,33.5,3484.27,0,2024-02-17,2025-04-28,1,1
P005123,2,0,30.5,1406.11,0,2025-06-03,2025-10-19,1,0
P005124,1,0,17.0,316.4,0,2026-09-04,2026-09-04,0,0
P005125,1,0,53.0,1269.57,0,2026-09-27,2026-09-27,0,0
P005126,1,0,51.0,1026.3,0,2026-05-29,2026-05-29,0,0
P005127,1,0,15.0,375.95,0,2025-06-27,2025-06-27,0,0
P005128,2,0,39.5,1489.97,0,2024-11-09,2024-11-16,1,0
P005129,1,0,116.0,1624.36,0,2026-07-01,2026-07-01,0,0
P005130,2,0,58.5,526.84,0,2026-06-08,2026-09-10,1,0
P005131,2,1,67.5,5471.94,0,2025-03-10,2026-02-17,1,0
P005132,1,0,38.0,217.13,0,2026-05-07,2026-05-07,0,0
P005133,2,1,28.5,6211.41,0,2026-03-13,2026-04-18,1,0
P005134,1,0,110.0,1113.8,0,2024-11-20,2024-11-20,0,0
P005135,2,0,27.0,789.6,0,2026-04-14,2026-04-24,1,0
P005136,5,3,39.2,37961.51,0,2026-01-05,2026-09-29,1,1
P005137,1,1,166.0,12271.33,0,2025-07-30,2025-07-30,0,0
P005138,1,1,74.0,4148.88,0,2024-11-03,2024-11-03,0,0
P005139,1,1,91.0,3762.68,0,2025-12-14,2025-12-14,0,0
P005140,1,0,27.0,809.84,0,2025-05-24,2025-05-24,0,0
P005141,1,1,45.0,6939.05,0,2025-12-04,2025-12-04,0,0
P005142,1,1,80.0,6799.82,0,2026-04-05,2026-04-05,0,0
P005143,1,0,20.0,401.86,0,2025-04-16,2025-04-16,0,0
P005144,2,1,42.5,4844.24,0,2026-08-29,2026-09-30,1,0
P005145,5,2,55.6,28020.44,0,2024-02-04,2025-03-10,1,1
P005146,2,0,43.5,1355.28,0,2026-05-16,2026-08-04,1,0
P005147,1,0,30.0,344.07,0,2026-06-25,2026-06-25,0,0
P005148,1,0,82.0,1010.56,0,2025-04-20,2025-04-20,0,0
P005149,1,0,64.0,242.2,0,2025-12-14,2025-12-14,0,0
P005150,1,0,42.0,754.27,0,2025-02-22,2025-02-22,0,0
P005151,4,1,40.25,19584.1,0,2025-10-28,2026-09-29,1,1
P005152,1,0,101.0,1392.35,0,2024-12-04,2024-12-04,0,0
P005153,1,0,21.0,645.08,0,2024-12-14,2024-12-14,0,0
P005154,1,0,18.0,1083.64,0,2026-05-20,2026-05-20,0,0
P005155,2,0,27.0,672.78,0,2026-02-20,2026-09-11,1,0
P005156,5,2,38.4,3899.62,1,2025-04-26,2026-03-08,1,1
P005157,4,2,50.25,21359.26,0,2026-03-17,2026-09-21,1,1
P005158,5,2,28.4,25350.67,1,2026-03-02,2026-09-24,1,1
P005159,4,1,49.5,4220.74,0,2026-05-01,2026-09-24,1,1
P005160,1,0,25.0,440.93,0,2024-09-21,2024-09-21,0,0
P005161,3,0,52.333333333333336,2943.2799999999997,0,2024-05-22,2025-11-18,1,0
P005162,1,1,53.0,8857.53,0,2024-07-02,2024-07-02,0,0
P005163,1,1,34.0,1167.28,0,2024-05-11,2024-05-11,0,0
P005164,1,0,35.0,1129.02,0,2024-12-25,2024-12-25,0,0
P005165,3,1,91.33333333333333,12008.52,0,2024-09-30,2026-02-18,1,0
P005166,1,1,81.0,5866.9,0,2024-02-09,2024-02-09,0,0
P005167,1,0,29.0,988.82,0,2024-07-16,2024-07-16,0,0
P005168,1,0,14.0,288.83,0,2026-01-30,2026-01-30,0,0
P005169,1,0,56.0,1642.66,0,2026-07-10,2026-07-10,0,0
P005170,1,1,38.0,5323.47,0,2025-11-10,2025-11-10,0,0
P005171,1,0,21.0,438.86,0,2026-04-08,2026-04-08,0,0
P005172,1,0,75.0,1192.88,0,2025-08-08,2025-08-08,0,0
P005173,1,0,27.0,484.3,0,2024-03-29,2024-03-29,0,0
P005174,1,0,46.0,371.57,0,2025-09-03,2025-09-03,0,0
P005175,1,1,34.0,4159.61,0,2026-04-27,2026-04-27,0,0
P005176,3,1,47.0,7907.949999999999,0,2025-05-26,2026-05-17,1,0
P005177,2,0,57.5,1114.5900000000001,0,2024-06-14,2024-06-26,1,0
P005178,1,1,199.0,11874.76,0,2026-03-19,2026-03-19,0,0
P005179,2,0,43.0,1129.05,0,2025-08-21,2025-11-21,1,0
P005180,1,1,31.0,2196.31,0,2025-05-16,2025-05-16,0,0
P005181,1,0,69.0,794.42,0,2024-12-20,2024-12-20,0,0
P005182,1,1,111.0,10208.32,0,2024-11-28,2024-11-28,0,0
P005183,1,0,28.0,824.28,0,2025-11-27,2025-11-27,0,0
P005184,1,1,84.0,11463.99,0,2024-12-12,2024-12-12,0,0
P005185,2,1,67.0,3497.1800000000003,0,2024-09-07,2025-09-11,1,0
P005186,1,0,34.0,162.74,0,2024-02-16,2024-02-16,0,0
P005187,1,1,67.0,13674.67,0,2026-06-08,2026-06-08,0,0
P005188,1,1,41.0,6903.13,0,2024-09-19,2024-09-19,0,0
P005189,5,1,40.8,8140.45,0,2026-07-18,2026-09-16,1,1
P005190,1,0,42.0,877.81,0,2024-01-16,2024-01-16,0,0
P005191,1,0,11.0,1963.51,0,2025-04-18,2025-04-18,0,0
P005192,1,0,11.0,557.28,0,2026-04-11,2026-04-11,0,0
P005193,3,0,42.666666666666664,1151.0,0,2024-10-12,2026-04-20,1,0
P005194,2,0,16.5,1059.1,0,2024-03-28,2024-10-13,1,0
P005195,3,1,98.66666666666667,19724.33,0,2026-01-05,2026-09-25,1,0
P005196,1,0,10.0,290.81,0,2024-08-09,2024-08-09,0,0
P005197,2,1,66.5,2101.4300000000003,0,2025-08-16,2025-09-26,1,0
P005198,3,2,51.0,32681.37,0,2024-03-21,2025-05-26,1,0
P005199,4,3,46.5,28086.42,0,2025-03-01,2026-04-06,1,1
P005200,4,1,51.25,8328.34,0,2025-09-14,2026-09-24,1,1
P005201,1,0,190.0,990.58,0,2025-04-26,2025-04-26,0,0
P005202,2,0,81.5,547.44,0,2026-04-23,2026-09-13,1,0
P005203,1,0,20.0,440.13,0,2024-10-07,2024-10-07,0,0
P005204,1,1,52.0,4484.92,0,2024-06-20,2024-06-20,0,0
P005205,5,3,51.6,32986.87,0,2026-02-10,2026-09-26,1,1
P005206,2,0,66.5,3280.6500000000005,0,2024-07-24,2025-06-05,1,0
P005207,1,1,107.0,5951.23,0,2026-07-03,2026-07-03,0,0
P005208,1,0,76.0,915.73,0,2026-01-01,2026-01-01,0,0
P005209,1,1,67.0,7376.46,0,2025-02-05,2025-02-05,0,0
P005210,1,0,88.0,549.39,0,2025-12-17,2025-12-17,0,0
P005211,2,1,30.5,1994.17,1,2026-06-27,2026-07-22,1,0
P005212,1,1,98.0,10348.78,0,2025-10-27,2025-10-27,0,0
P005213,1,0,54.0,343.31,0,2025-07-01,2025-07-01,0,0
P005214,1,0,27.0,386.11,0,2026-02-03,2026-02-03,0,0
P005215,1,0,31.0,312.9,0,2024-09-20,2024-09-20,0,0
P005216,1,1,59.0,10161.78,0,2025-07-31,2025-07-31,0,0
P005217,3,2,59.333333333333336,33799.01,0,2025-11-09,2026-09-29,1,0
P005218,1,1,78.0,8871.02,0,2024-04-28,2024-04-28,0,0
P005219,1,0,27.0,223.62,0,2024-09-14,2024-09-14,0,0
P005220,1,0,59.0,672.45,0,2026-01-19,2026-01-19,0,0
P005221,1,0,33.0,571.87,0,2025-01-08,2025-01-08,0,0
P005222,1,1,100.0,23273.96,0,2024-04-21,2024-04-21,0,0
P005223,1,0,46.0,1050.92,0,2026-03-25,2026-03-25,0,0
P005224,1,1,48.0,3953.47,0,2026-09-02,2026-09-02,0,0
P005225,2,2,74.5,7313.74,0,2024-07-08,2025-01-02,1,0
P005226,1,0,56.0,1145.2,0,2025-08-16,2025-08-16,0,0
P005227,1,0,30.0,249.16,0,2024-02-04,2024-02-04,0,0
P005228,1,0,62.0,557.18,0,2024-12-02,2024-12-02,0,0
P005229,3,0,64.66666666666667,2618.95,0,2024-10-11,2026-04-11,1,0
P005230,1,0,119.0,718.58,0,2025-01-27,2025-01-27,0,0
P005231,1,0,14.0,492.15,0,2024-03-13,2024-03-13,0,0
P005232,1,0,74.0,535.04,0,2024-12-30,2024-12-30,0,0
P005233,2,2,52.5,11106.4,0,2025-12-12,2026-09-14,1,0
P005234,2,0,90.0,1865.1399999999999,0,2025-10-09,2026-01-04,1,0
P005235,2,0,38.0,945.3199999999999,0,2025-10-05,2025-12-11,1,0
P005236,2,1,22.5,1285.63,0,2026-07-16,2026-09-12,1,0
P005237,2,0,32.5,797.5799999999999,0,2024-12-21,2025-09-30,1,0
P005238,6,2,42.333333333333336,9973.050000000001,0,2025-01-13,2026-09-28,1,1
P005239,1,1,35.0,14039.05,0,2026-04-08,2026-04-08,0,0
P005240,1,0,91.0,692.55,0,2025-07-08,2025-07-08,0,0
P005241,1,0,24.0,632.51,0,2024-08-30,2024-08-30,0,0
P005242,1,0,100.0,399.05,0,2026-01-02,2026-01-02,0,0
P005243,1,1,22.0,5953.28,0,2026-09-26,2026-09-26,0,0
P005244,2,0,30.5,700.16,0,2025-08-13,2026-09-06,1,0
P005245,3,1,29.0,14491.97,0,2025-01-01,2025-01-31,1,0
P005246,1,0,64.0,876.0,0,2025-10-22,2025-10-22,0,0
P005247,4,1,34.0,8519.84,0,2024-05-13,2025-02-05,1,1
P005248,1,0,37.0,448.86,0,2025-05-28,2025-05-28,0,0
P005249,1,0,20.0,375.76,0,2026-08-19,2026-08-19,0,0
P005250,1,0,207.0,1102.81,0,2025-07-15,2025-07-15,0,0
P005251,1,0,69.0,621.15,0,2024-12-10,2024-12-10,0,0
P005252,3,1,74.33333333333333,11177.74,0,2024-09-13,2025-01-06,1,0
P005253,4,2,51.0,32006.25,1,2026-03-22,2026-09-29,1,1
P005254,1,0,18.0,144.96,0,2026-05-24,2026-05-24,0,0
P005255,2,0,19.0,1041.8700000000001,0,2026-01-17,2026-03-15,1,0
P005256,3,0,16.666666666666668,999.0,0,2026-09-08,2026-09-19,1,0
P005257,1,0,12.0,229.72,0,2025-10-13,2025-10-13,0,0
P005258,1,1,125.0,14299.06,0,2025-10-15,2025-10-15,0,0
P005259,2,0,106.0,763.3299999999999,0,2025-10-18,2026-07-18,1,0
P005260,1,0,24.0,1043.44,0,2024-01-04,2024-01-04,0,0
P005261,1,0,26.0,330.59,0,2024-02-05,2024-02-05,0,0
P005262,2,1,24.5,13953.029999999999,0,2024-07-01,2024-08-19,1,0
P005263,1,0,28.0,986.8,0,2026-07-27,2026-07-27,0,0
P005264,1,1,88.0,15122.98,0,2024-08-12,2024-08-12,0,0
P005265,1,0,15.0,554.54,0,2025-05-24,2025-05-24,0,0
P005266,3,0,35.0,1620.05,0,2025-11-15,2026-09-11,1,0
P005267,1,0,55.0,192.22,0,2026-06-26,2026-06-26,0,0
P005268,3,1,45.0,14600.25,0,2026-09-12,2026-09-20,1,0
P005269,1,1,42.0,3470.56,0,2025-01-02,2025-01-02,0,0
P005270,1,0,31.0,1492.9,0,2025-09-16,2025-09-16,0,0
P005271,1,0,75.0,2564.93,0,2024-06-18,2024-06-18,0,0
P005272,2,1,68.0,5454.87,0,2026-06-16,2026-09-17,1,0
P005273,3,2,63.666666666666664,7944.92,0,2024-06-25,2024-10-04,1,0
P005274,2,1,34.5,7257.03,1,2024-08-10,2024-08-30,1,0
P005275,1,0,171.0,1489.58,0,2026-08-21,2026-08-21,0,0
P005276,2,0,29.5,955.5,0,2025-11-07,2025-12-17,1,0
P005277,2,0,32.0,1505.55,0,2024-10-29,2024-12-24,1,0
P005278,5,0,32.2,3094.3,0,2025-01-28,2026-09-14,1,1
P005279,3,1,41.0,6848.509999999999,0,2026-08-09,2026-09-23,1,0
P005280,1,1,57.0,2993.12,0,2025-08-10,2025-08-10,0,0
P005281,1,1,83.0,8023.39,0,2024-08-31,2024-08-31,0,0
P005282,1,0,37.0,287.96,0,2025-11-16,2025-11-16,0,0
P005283,1,1,67.0,2939.23,0,2025-07-05,2025-07-05,0,0
P005284,1,0,22.0,472.25,0,2026-03-06,2026-03-06,0,0
P005285,2,0,26.5,1116.41,0,2025-09-01,2025-11-01,1,0
P005286,2,0,170.5,1827.58,0,2025-06-22,2026-04-04,1,0
P005287,2,2,36.5,8585.119999999999,0,2026-08-01,2026-09-26,1,0
P005288,1,1,82.0,17434.45,0,2026-04-13,2026-04-13,0,0
P005289,1,1,38.0,7259.0,0,2025-06-10,2025-06-10,0,0
P005290,1,1,48.0,4345.28,0,2026-01-07,2026-01-07,0,0
P005291,2,1,55.0,14445.45,0,2025-11-07,2025-12-04,1,0
P005292,1,0,67.0,582.93,0,2025-12-13,2025-12-13,0,0
P005293,1,0,21.0,450.45,0,2026-01-18,2026-01-18,0,0
P005294,1,0,27.0,733.57,0,2025-03-24,2025-03-24,0,0
P005295,2,1,57.5,4763.64,0,2024-02-25,2024-06-07,1,0
P005296,1,0,14.0,846.36,0,2024-08-24,2024-08-24,0,0
P005297,1,0,41.0,522.27,0,2024-11-30,2024-11-30,0,0
P005298,1,0,37.0,654.22,0,2024-09-05,2024-09-05,0,0
P005299,4,1,17.0,22980.57,0,2026-03-26,2026-09-26,1,1
P005300,1,0,17.0,192.99,0,2024-10-31,2024-10-31,0,0
P005301,1,0,32.0,465.29,0,2026-01-14,2026-01-14,0,0
P005302,6,1,62.833333333333336,9267.3,0,2024-06-29,2026-09-29,1,1
P005303,3,1,24.333333333333332,6945.150000000001,0,2025-02-22,2026-01-15,1,0
P005304,2,0,43.5,1734.46,0,2025-08-24,2025-09-10,1,0
P005305,2,1,64.0,12532.54,0,2025-11-10,2026-01-09,1,0
P005306,1,0,8.0,263.0,0,2024-10-01,2024-10-01,0,0
P005307,3,3,77.66666666666667,36787.56,0,2024-10-13,2025-03-12,1,0
P005308,1,1,84.0,8007.95,0,2026-01-29,2026-01-29,0,0
P005309,1,0,37.0,825.2,0,2025-01-03,2025-01-03,0,0
P005310,1,0,36.0,1060.37,0,2025-10-07,2025-10-07,0,0
P005311,1,0,8.0,283.64,0,2025-09-17,2025-09-17,0,0
P005312,1,0,18.0,161.4,0,2026-04-15,2026-04-15,0,0
P005313,2,0,88.5,1815.1799999999998,0,2026-09-09,2026-09-23,1,0
P005314,4,0,63.75,2740.95,0,2026-03-22,2026-09-29,1,1
P005315,6,3,56.833333333333336,23956.8,0,2025-07-19,2026-09-30,1,1
P005316,1,0,31.0,332.86,0,2025-02-03,2025-02-03,0,0
P005317,1,0,94.0,308.66,0,2026-05-13,2026-05-13,0,0
P005318,1,0,67.0,695.13,0,2024-10-28,2024-10-28,0,0
P005319,1,0,66.0,562.23,0,2025-07-17,2025-07-17,0,0
P005320,2,2,67.0,21395.879999999997,1,2024-02-02,2024-02-22,1,0
P005321,2,2,50.0,41403.75,0,2026-08-19,2026-09-11,1,0
P005322,1,0,50.0,517.22,0,2025-05-23,2025-05-23,0,0
P005323,1,0,48.0,449.92,0,2026-02-01,2026-02-01,0,0
P005324,2,1,26.5,9423.800000000001,0,2026-08-20,2026-09-30,1,0
P005325,1,0,24.0,557.02,0,2025-09-09,2025-09-09,0,0
P005326,2,1,34.5,1431.6599999999999,0,2024-06-03,2024-11-03,1,0
P005327,1,1,38.0,6834.7,0,2025-05-16,2025-05-16,0,0
P005328,1,0,26.0,1099.17,0,2025-11-21,2025-11-21,0,0
P005329,1,0,76.0,368.0,0,2025-08-13,2025-08-13,0,0
P005330,1,0,17.0,171.64,0,2025-03-17,2025-03-17,0,0
P005331,1,0,99.0,1237.33,0,2024-10-16,2024-10-16,0,0
P005332,1,1,60.0,5587.03,0,2025-11-06,2025-11-06,0,0
P005333,2,2,48.0,5365.75,0,2024-07-28,2024-08-19,1,0
P005334,1,0,154.0,1706.16,0,2025-08-30,2025-08-30,0,0
P005335,3,2,43.333333333333336,8074.7,0,2025-06-06,2026-08-12,1,0
P005336,1,1,110.0,5619.6,0,2024-07-22,2024-07-22,0,0
P005337,1,0,33.0,382.09,0,2025-11-29,2025-11-29,0,0
P005338,1,0,78.0,563.68,0,2026-02-21,2026-02-21,0,0
P005339,1,0,26.0,334.18,0,2024-12-12,2024-12-12,0,0
P005340,1,1,48.0,9641.12,0,2024-08-12,2024-08-12,0,0
P005341,1,0,33.0,1467.37,0,2026-03-21,2026-03-21,0,0
P005342,2,2,41.5,21928.26,0,2025-09-01,2025-10-16,1,0
P005343,1,0,39.0,1174.73,0,2025-10-28,2025-10-28,0,0
P005344,2,0,86.0,1294.1,0,2026-02-17,2026-03-10,1,0
P005345,1,0,29.0,396.87,0,2026-05-11,2026-05-11,0,0
P005346,1,1,54.0,4931.08,0,2025-07-21,2025-07-21,0,0
P005347,2,1,46.0,9553.289999999999,0,2025-11-24,2026-09-02,1,0
P005348,2,0,32.5,970.22,0,2026-06-02,2026-09-15,1,0
P005349,2,0,65.0,2474.11,0,2024-07-03,2024-09-16,1,0
P005350,3,2,41.666666666666664,10673.349999999999,0,2025-08-17,2026-08-23,1,0
P005351,2,0,17.0,663.49,0,2025-11-30,2026-08-13,1,0
P005352,1,0,26.0,201.91,0,2024-04-15,2024-04-15,0,0
P005353,1,1,70.0,11887.06,0,2026-03-15,2026-03-15,0,0
P005354,1,1,79.0,12499.15,0,2025-10-15,2025-10-15,0,0
P005355,2,1,54.0,3860.23,0,2024-09-11,2025-04-24,1,0
P005356,1,0,99.0,1007.11,0,2026-02-27,2026-02-27,0,0
P005357,2,1,63.0,2893.62,0,2025-01-12,2025-03-24,1,0
P005358,1,0,11.0,462.47,0,2025-08-04,2025-08-04,0,0
P005359,2,0,20.0,830.4399999999999,0,2024-12-02,2025-01-06,1,0
P005360,1,0,104.0,766.95,0,2024-02-28,2024-02-28,0,0
P005361,4,1,58.5,19637.02,0,2024-03-02,2025-03-26,1,1
P005362,3,0,48.0,1585.22,0,2025-07-29,2026-04-12,1,0
P005363,1,1,39.0,1171.75,0,2026-07-06,2026-07-06,0,0
P005364,2,0,82.5,2005.27,0,2025-10-28,2026-03-27,1,0
P005365,2,1,75.0,2430.02,0,2026-01-15,2026-02-05,1,0
P005366,2,1,52.5,19907.199999999997,0,2026-05-17,2026-06-01,1,0
P005367,3,3,56.333333333333336,16951.5,1,2026-07-11,2026-09-22,1,0
P005368,1,1,45.0,22392.59,0,2025-07-18,2025-07-18,0,0
P005369,1,0,51.0,1730.73,0,2026-07-12,2026-07-12,0,0
P005370,1,0,35.0,984.98,0,2025-02-04,2025-02-04,0,0
P005371,1,1,20.0,6944.16,0,2024-05-08,2024-05-08,0,0
P005372,4,0,28.75,2544.8599999999997,0,2026-04-16,2026-09-28,1,1
P005373,1,0,21.0,168.94,0,2026-08-15,2026-08-15,0,0
P005374,2,0,81.5,1397.04,0,2024-11-22,2025-05-08,1,0
P005375,2,1,119.0,4113.110000000001,0,2026-01-21,2026-04-05,1,0
P005376,3,0,48.0,2075.75,0,2024-11-29,2025-10-18,1,0
P005377,2,1,40.5,5448.35,0,2025-04-13,2026-01-10,1,0
P005378,2,1,38.5,14534.37,0,2024-12-17,2025-10-18,1,0
P005379,3,0,24.0,2048.73,0,2025-11-27,2026-09-12,1,0
P005380,3,1,70.33333333333333,4879.33,1,2026-04-18,2026-09-30,1,0
P005381,1,0,37.0,1528.41,0,2026-09-10,2026-09-10,0,0
P005382,3,2,53.0,16292.32,1,2025-05-24,2026-01-01,1,0
P005383,1,1,45.0,4432.16,0,2024-10-05,2024-10-05,0,0
P005384,1,0,16.0,353.64,0,2025-04-29,2025-04-29,0,0
P005385,1,1,45.0,6927.1,0,2026-09-02,2026-09-02,0,0
P005386,1,0,14.0,399.22,0,2024-04-30,2024-04-30,0,0
P005387,3,1,54.666666666666664,5984.73,0,2024-11-16,2025-08-30,1,0
P005388,1,0,34.0,354.84,0,2026-02-07,2026-02-07,0,0
P005389,2,1,78.5,10454.810000000001,0,2025-02-16,2025-05-14,1,0
P005390,1,1,33.0,5895.18,0,2026-04-02,2026-04-02,0,0
P005391,2,1,58.0,10709.75,0,2025-03-07,2025-05-19,1,0
P005392,4,2,51.25,23822.58,0,2025-04-16,2026-03-04,1,1
P005393,2,2,79.5,34634.28,0,2024-07-01,2025-05-07,1,0
P005394,1,0,22.0,603.73,0,2025-01-22,2025-01-22,0,0
P005395,1,0,11.0,1168.7,0,2024-01-05,2024-01-05,0,0
P005396,1,0,14.0,627.96,0,2026-06-19,2026-06-19,0,0
P005397,1,0,12.0,731.84,0,2024-09-11,2024-09-11,0,0
P005398,1,0,91.0,1043.0,0,2026-01-10,2026-01-10,0,0
P005399,1,0,54.0,358.31,0,2026-01-28,2026-01-28,0,0
P005400,1,0,68.0,373.27,0,2026-09-14,2026-09-14,0,0
P005401,1,0,56.0,891.22,0,2025-09-06,2025-09-06,0,0
P005402,1,0,38.0,1243.99,0,2026-08-03,2026-08-03,0,0
P005403,1,1,37.0,17975.2,0,2025-01-03,2025-01-03,0,0
P005404,1,0,48.0,126.36,0,2025-07-22,2025-07-22,0,0
P005405,2,1,41.5,7451.01,0,2025-01-22,2025-03-22,1,0
P005406,1,1,30.0,23282.83,0,2025-02-27,2025-02-27,0,0
P005407,1,1,44.0,5024.91,0,2026-02-09,2026-02-09,0,0
P005408,2,0,20.5,795.51,0,2025-03-17,2025-05-17,1,0
P005409,1,0,59.0,1578.64,0,2026-01-07,2026-01-07,0,0
P005410,1,0,21.0,389.07,0,2024-10-14,2024-10-14,0,0
P005411,1,1,47.0,4724.03,0,2024-07-19,2024-07-19,0,0
P005412,3,0,61.666666666666664,4642.7699999999995,0,2025-10-19,2026-01-25,1,0
P005413,1,0,243.0,1306.8,0,2026-02-24,2026-02-24,0,0
P005414,4,1,78.75,6374.650000000001,0,2025-05-25,2026-09-27,1,1
P005415,1,0,64.0,759.73,0,2026-08-06,2026-08-06,0,0
P005416,2,2,60.5,29958.59,0,2025-07-27,2025-08-18,1,0
P005417,2,0,67.5,2782.86,0,2025-05-11,2025-07-28,1,0
P005418,2,0,24.5,914.81,0,2026-09-17,2026-09-24,1,0
P005419,1,1,43.0,3794.99,0,2026-07-14,2026-07-14,0,0
P005420,1,0,211.0,834.26,0,2024-05-18,2024-05-18,0,0
P005421,1,0,36.0,908.11,0,2026-02-02,2026-02-02,0,0
P005422,1,1,79.0,3645.92,0,2025-02-14,2025-02-14,0,0
P005423,1,0,27.0,385.09,0,2026-01-11,2026-01-11,0,0
P005424,2,1,42.0,5208.83,0,2024-06-10,2025-04-03,1,0
P005425,1,1,37.0,9278.73,0,2024-12-25,2024-12-25,0,0
P005426,2,1,30.5,3924.5,0,2024-05-03,2024-06-03,1,0
P005427,1,0,29.0,931.18,0,2026-03-14,2026-03-14,0,0
P005428,1,0,41.0,2121.07,0,2025-09-03,2025-09-03,0,0
P005429,1,1,44.0,8265.32,0,2024-04-12,2024-04-12,0,0
P005430,1,0,36.0,420.25,0,2025-09-08,2025-09-08,0,0
P005431,1,1,126.0,7727.14,0,2025-10-20,2025-10-20,0,0
P005432,1,1,41.0,3224.71,0,2026-02-28,2026-02-28,0,0
P005433,1,0,22.0,309.17,0,2024-03-19,2024-03-19,0,0
P005434,1,0,21.0,208.43,0,2025-11-21,2025-11-21,0,0
P005435,1,0,31.0,578.05,0,2026-01-30,2026-01-30,0,0
P005436,3,0,36.666666666666664,1784.0900000000001,0,2026-08-11,2026-09-23,1,0
P005437,1,0,43.0,432.7,0,2025-08-29,2025-08-29,0,0
P005438,3,0,20.0,1149.15,0,2026-07-09,2026-09-27,1,0
P005439,1,0,22.0,338.85,0,2026-01-04,2026-01-04,0,0
P005440,1,0,110.0,438.56,0,2026-07-03,2026-07-03,0,0
P005441,3,2,63.666666666666664,13144.89,0,2024-12-12,2025-05-25,1,0
P005442,1,1,135.0,15807.73,0,2025-12-12,2025-12-12,0,0
P005443,1,0,56.0,954.19,0,2024-04-18,2024-04-18,0,0
P005444,4,3,48.75,27384.17,0,2024-11-07,2025-06-10,1,1
P005445,1,0,147.0,1013.36,0,2024-05-08,2024-05-08,0,0
P005446,2,1,45.5,1527.6,0,2024-02-09,2024-12-15,1,0
P005447,1,1,57.0,4050.2,0,2025-08-19,2025-08-19,0,0
P005448,5,1,37.4,6932.67,0,2026-07-30,2026-09-26,1,1
P005449,2,0,47.5,1115.87,0,2024-03-19,2024-09-03,1,0
P005450,2,1,62.0,6387.030000000001,0,2025-03-14,2025-09-15,1,0
P005451,1,0,25.0,431.78,0,2026-04-27,2026-04-27,0,0
P005452,1,1,83.0,5684.06,0,2024-05-25,2024-05-25,0,0
P005453,3,0,57.0,1659.76,0,2024-01-23,2025-07-29,1,0
P005454,2,0,41.5,1108.06,0,2026-01-24,2026-02-05,1,0
P005455,1,0,79.0,732.08,0,2025-12-19,2025-12-19,0,0
P005456,1,0,58.0,1582.82,0,2026-08-11,2026-08-11,0,0
P005457,1,0,157.0,2268.97,0,2025-05-08,2025-05-08,0,0
P005458,4,2,31.5,12085.56,0,2024-06-14,2026-02-15,1,1
P005459,1,0,18.0,874.78,0,2025-05-21,2025-05-21,0,0
P005460,1,0,24.0,393.47,0,2024-01-11,2024-01-11,0,0
P005461,1,0,75.0,1151.18,0,2025-01-15,2025-01-15,0,0
P005462,1,0,26.0,708.51,0,2026-08-26,2026-08-26,0,0
P005463,1,0,128.0,752.82,0,2024-02-18,2024-02-18,0,0
P005464,2,0,40.5,1038.53,0,2026-09-02,2026-09-22,1,0
P005465,3,1,49.0,18667.68,0,2024-11-25,2026-05-15,1,0
P005466,1,0,35.0,456.68,0,2025-12-02,2025-12-02,0,0
P005467,3,2,66.33333333333333,14240.960000000001,0,2025-03-03,2026-02-28,1,0
P005468,1,0,53.0,1232.42,0,2026-09-04,2026-09-04,0,0
P005469,1,0,20.0,505.98,0,2024-09-17,2024-09-17,0,0
P005470,1,0,37.0,547.88,0,2025-05-22,2025-05-22,0,0
P005471,1,1,132.0,27805.83,0,2025-07-21,2025-07-21,0,0
P005472,1,0,20.0,355.54,0,2024-11-10,2024-11-10,0,0
P005473,1,1,40.0,5063.18,0,2026-01-23,2026-01-23,0,0
P005474,6,2,44.666666666666664,11321.779999999999,1,2025-10-19,2026-09-29,1,1
P005475,1,1,59.0,5917.67,0,2024-02-14,2024-02-14,0,0
P005476,3,2,71.33333333333333,14387.669999999998,0,2024-02-23,2025-12-18,1,0
P005477,1,0,165.0,430.94,0,2026-03-18,2026-03-18,0,0
P005478,4,2,33.75,9787.42,1,2026-08-11,2026-09-19,1,1
P005479,4,2,42.25,20694.98,0,2026-09-10,2026-09-28,1,1
P005480,1,0,57.0,1756.2,0,2025-06-23,2025-06-23,0,0
P005481,1,1,73.0,15148.96,0,2025-12-10,2025-12-10,0,0
P005482,1,0,16.0,216.53,0,2024-09-08,2024-09-08,0,0
P005483,1,0,28.0,230.85,0,2026-07-13,2026-07-13,0,0
P005484,1,1,35.0,12381.86,0,2024-09-27,2024-09-27,0,0
P005485,2,1,64.0,4761.36,0,2026-02-12,2026-04-08,1,0
P005486,1,1,120.0,11408.5,0,2026-05-06,2026-05-06,0,0
P005487,1,0,27.0,1117.59,0,2024-07-11,2024-07-11,0,0
P005488,4,0,56.0,3687.53,0,2026-08-03,2026-09-25,1,1
P005489,1,0,18.0,441.63,0,2024-06-06,2024-06-06,0,0
P005490,1,1,48.0,2137.78,0,2025-04-12,2025-04-12,0,0
P005491,1,1,105.0,2890.7,0,2024-07-16,2024-07-16,0,0
P005492,1,0,146.0,973.99,0,2026-04-30,2026-04-30,0,0
P005493,1,0,26.0,454.99,0,2026-04-23,2026-04-23,0,0
P005494,1,0,29.0,321.44,0,2025-10-29,2025-10-29,0,0
P005495,3,1,71.0,9317.58,0,2026-05-31,2026-09-25,1,0
P005496,6,3,56.333333333333336,42802.93,2,2026-03-25,2026-09-28,1,1
P005497,1,0,33.0,760.94,0,2025-06-17,2025-06-17,0,0
P005498,2,0,24.5,656.79,0,2024-12-31,2025-07-06,1,0
P005499,5,2,49.2,17642.54,1,2024-03-27,2026-04-19,1,1
P005500,3,0,26.0,2044.3899999999999,0,2024-04-26,2024-06-20,1,0
P005501,1,1,59.0,11683.76,0,2026-09-05,2026-09-05,0,0
P005502,1,0,21.0,254.54,0,2026-08-20,2026-08-20,0,0
P005503,1,1,86.0,19731.57,0,2025-09-26,2025-09-26,0,0
P005504,1,0,47.0,902.41,0,2026-03-19,2026-03-19,0,0
P005505,3,2,79.0,8619.09,0,2025-12-09,2026-05-10,1,0
P005506,2,0,20.0,1038.87,0,2024-09-05,2024-12-10,1,0
P005507,2,0,44.5,880.17,0,2024-11-06,2024-12-04,1,0
P005508,4,1,62.25,16058.69,0,2026-02-28,2026-09-14,1,1
P005509,1,0,6.0,246.93,0,2024-12-08,2024-12-08,0,0
P005510,4,1,91.5,10490.98,0,2026-04-26,2026-09-28,1,1
P005511,2,0,28.5,1114.1399999999999,0,2024-08-22,2024-09-17,1,0
P005512,1,1,70.0,4824.77,0,2025-06-04,2025-06-04,0,0
P005513,2,0,53.5,1036.52,0,2025-08-07,2026-06-02,1,0
P005514,1,0,71.0,2912.39,0,2026-08-20,2026-08-20,0,0
P005515,1,0,28.0,357.49,0,2024-07-01,2024-07-01,0,0
P005516,1,0,18.0,823.25,0,2026-02-11,2026-02-11,0,0
P005517,5,2,60.0,22339.58,0,2025-04-22,2026-09-21,1,1
P005518,1,0,12.0,690.42,0,2024-03-31,2024-03-31,0,0
P005519,1,0,24.0,525.42,0,2025-11-22,2025-11-22,0,0
P005520,2,0,22.5,866.58,0,2024-07-27,2024-08-29,1,0
P005521,1,0,11.0,194.83,0,2025-11-21,2025-11-21,0,0
P005522,1,0,41.0,158.05,0,2025-11-28,2025-11-28,0,0
P005523,1,0,35.0,586.44,0,2026-09-03,2026-09-03,0,0
P005524,2,1,32.5,11297.93,0,2024-12-14,2025-03-12,1,0
P005525,1,0,56.0,1578.38,0,2026-08-05,2026-08-05,0,0
P005526,1,0,19.0,381.68,0,2025-05-02,2025-05-02,0,0
P005527,2,2,77.5,5451.450000000001,0,2026-03-04,2026-05-17,1,0
P005528,2,1,55.0,1604.25,0,2024-11-11,2025-11-09,1,0
P005529,1,1,79.0,10540.42,0,2026-02-09,2026-02-09,0,0
P005530,1,0,32.0,1050.72,0,2026-07-03,2026-07-03,0,0
P005531,1,0,25.0,307.84,0,2024-03-27,2024-03-27,0,0
P005532,3,0,13.333333333333334,1082.53,0,2024-03-26,2024-06-20,1,0
P005533,2,0,38.5,1090.6999999999998,0,2024-12-17,2025-06-16,1,0
P005534,1,0,24.0,615.02,0,2024-03-23,2024-03-23,0,0
P005535,1,0,21.0,701.72,0,2024-02-10,2024-02-10,0,0
P005536,1,0,57.0,264.49,0,2025-03-14,2025-03-14,0,0
P005537,2,0,104.5,2014.83,0,2024-02-24,2024-03-24,1,0
P005538,1,1,63.0,5793.59,0,2026-06-14,2026-06-14,0,0
P005539,1,1,26.0,2668.98,0,2024-07-16,2024-07-16,0,0
P005540,1,0,17.0,424.17,0,2025-12-05,2025-12-05,0,0
P005541,1,0,16.0,327.18,0,2024-07-29,2024-07-29,0,0
P005542,1,1,60.0,10181.59,0,2024-11-17,2024-11-17,0,0
P005543,1,0,29.0,277.1,0,2026-05-22,2026-05-22,0,0
P005544,3,1,47.0,9256.74,0,2024-12-12,2025-04-19,1,0
P005545,2,0,62.0,1210.83,0,2026-05-18,2026-09-18,1,0
P005546,1,0,154.0,513.07,0,2024-03-25,2024-03-25,0,0
P005547,3,1,51.333333333333336,9674.99,0,2025-09-12,2026-05-01,1,0
P005548,1,0,16.0,182.02,0,2026-01-22,2026-01-22,0,0
P005549,1,0,24.0,537.04,0,2025-06-11,2025-06-11,0,0
P005550,1,0,18.0,374.85,0,2024-12-19,2024-12-19,0,0
P005551,1,0,25.0,537.32,0,2025-02-07,2025-02-07,0,0
P005552,5,1,32.0,11192.36,0,2024-08-16,2026-09-18,1,1
P005553,1,1,94.0,9254.15,0,2024-02-07,2024-02-07,0,0
P005554,1,1,74.0,10104.61,0,2024-01-31,2024-01-31,0,0
P005555,1,1,79.0,7198.3,0,2025-04-06,2025-04-06,0,0
P005556,3,1,64.33333333333333,2273.5299999999997,0,2024-10-29,2025-05-06,1,0
P005557,1,1,63.0,5342.48,0,2024-10-31,2024-10-31,0,0
P005558,1,0,9.0,334.62,0,2024-09-02,2024-09-02,0,0
P005559,3,1,33.666666666666664,11807.83,0,2024-03-18,2024-11-29,1,0
P005560,3,2,44.666666666666664,27314.1,0,2026-03-11,2026-07-17,1,0
P005561,2,2,50.0,27706.88,1,2026-09-09,2026-09-22,1,0
P005562,1,0,36.0,1071.09,0,2026-02-11,2026-02-11,0,0
P005563,2,1,58.0,2164.11,0,2026-04-26,2026-08-15,1,0
P005564,2,1,28.5,24896.22,0,2025-07-26,2025-11-17,1,0
P005565,2,0,23.0,850.9300000000001,0,2025-10-27,2025-12-29,1,0
P005566,1,0,46.0,791.04,0,2025-07-09,2025-07-09,0,0
P005567,4,2,65.75,8886.06,0,2024-10-10,2025-10-13,1,1
P005568,3,1,53.0,5245.45,0,2025-06-22,2026-08-09,1,0
P005569,1,0,21.0,341.34,0,2026-04-27,2026-04-27,0,0
P005570,1,0,22.0,512.21,0,2026-02-11,2026-02-11,0,0
P005571,1,0,17.0,469.0,0,2024-05-30,2024-05-30,0,0
P005572,3,1,36.666666666666664,11264.04,0,2026-09-06,2026-09-29,1,0
P005573,2,1,84.5,10039.95,0,2024-06-23,2024-11-27,1,0
P005574,2,1,57.5,8083.11,0,2026-02-10,2026-03-21,1,0
P005575,1,0,30.0,165.26,0,2026-01-25,2026-01-25,0,0
P005576,1,0,148.0,1892.08,0,2025-05-30,2025-05-30,0,0
P005577,1,0,209.0,1613.96,0,2026-08-31,2026-08-31,0,0
P005578,1,0,25.0,472.75,0,2026-04-14,2026-04-14,0,0
P005579,1,0,14.0,747.65,0,2024-11-11,2024-11-11,0,0
P005580,1,1,48.0,11074.95,0,2025-05-22,2025-05-22,0,0
P005581,1,0,28.0,114.52,0,2025-06-13,2025-06-13,0,0
P005582,1,0,42.0,917.98,0,2026-06-30,2026-06-30,0,0
P005583,2,0,25.0,800.98,0,2024-10-13,2024-11-18,1,0
P005584,2,2,78.0,15332.63,0,2026-06-23,2026-09-11,1,0
P005585,1,0,16.0,522.49,0,2025-03-30,2025-03-30,0,0
P005586,2,0,39.0,2244.03,0,2025-12-07,2026-09-19,1,0
P005587,2,0,54.5,901.8699999999999,0,2025-09-06,2026-07-31,1,0
P005588,2,0,29.5,929.0400000000001,0,2025-01-22,2025-03-24,1,0
P005589,2,0,33.0,922.8900000000001,0,2025-06-03,2025-10-05,1,0
P005590,1,1,88.0,2584.81,0,2024-09-05,2024-09-05,0,0
P005591,1,0,56.0,1331.55,0,2024-06-28,2024-06-28,0,0
P005592,1,0,23.0,198.64,0,2024-12-23,2024-12-23,0,0
P005593,1,0,23.0,396.54,0,2026-04-06,2026-04-06,0,0
P005594,3,1,39.0,28349.03,0,2026-06-18,2026-09-27,1,0
P005595,3,1,56.0,2808.01,0,2025-11-18,2026-09-30,1,0
P005596,1,0,15.0,570.53,0,2026-09-14,2026-09-14,0,0
P005597,3,1,36.666666666666664,9461.83,0,2025-12-18,2026-05-13,1,0
P005598,2,0,13.0,845.99,0,2026-01-17,2026-02-21,1,0
P005599,1,0,320.0,2014.14,0,2025-06-08,2025-06-08,0,0
P005600,1,0,23.0,228.37,0,2026-08-06,2026-08-06,0,0
P005601,2,1,30.5,5923.0,0,2025-07-02,2025-12-01,1,0
P005602,1,0,21.0,877.98,0,2026-01-11,2026-01-11,0,0
P005603,1,0,52.0,913.08,0,2024-12-02,2024-12-02,0,0
P005604,4,2,25.75,19055.739999999998,0,2025-07-12,2025-09-24,1,1
P005605,1,0,86.0,804.99,0,2024-06-23,2024-06-23,0,0
P005606,4,3,47.75,23587.61,2,2026-08-28,2026-09-16,1,1
P005607,3,1,63.333333333333336,4899.2300000000005,0,2025-05-23,2026-08-26,1,0
P005608,1,1,37.0,11136.2,0,2025-11-29,2025-11-29,0,0
P005609,1,1,43.0,6056.52,0,2025-05-07,2025-05-07,0,0
P005610,1,0,12.0,165.14,0,2026-06-02,2026-06-02,0,0
P005611,1,0,35.0,723.72,0,2026-02-22,2026-02-22,0,0
P005612,2,2,78.0,11639.24,0,2024-06-17,2025-05-08,1,0
P005613,4,1,51.75,29412.050000000003,1,2026-07-26,2026-09-23,1,1
P005614,2,1,49.0,7870.1,0,2024-01-03,2025-01-23,1,0
P005615,1,0,36.0,643.02,0,2024-08-05,2024-08-05,0,0
P005616,1,0,83.0,534.1,0,2025-04-07,2025-04-07,0,0
P005617,3,0,27.666666666666668,1525.5100000000002,0,2024-08-09,2025-11-24,1,0
P005618,2,0,28.0,1557.1100000000001,0,2025-12-23,2026-08-12,1,0
P005619,1,0,160.0,1000.32,0,2025-07-03,2025-07-03,0,0
P005620,2,0,75.0,1702.5900000000001,0,2025-01-28,2025-04-01,1,0
P005621,4,0,43.25,2499.35,0,2025-04-15,2025-11-07,1,1
P005622,1,0,9.0,473.4,0,2024-11-10,2024-11-10,0,0
P005623,3,1,88.66666666666667,7783.54,0,2024-05-07,2025-09-28,1,0
P005624,3,2,55.333333333333336,19215.21,0,2026-06-07,2026-09-21,1,0
P005625,1,0,18.0,953.97,0,2026-01-02,2026-01-02,0,0
P005626,1,0,18.0,521.41,0,2024-04-19,2024-04-19,0,0
P005627,1,1,84.0,8246.02,0,2026-07-03,2026-07-03,0,0
P005628,1,1,64.0,8310.28,0,2025-03-09,2025-03-09,0,0
P005629,1,0,23.0,501.55,0,2024-06-11,2024-06-11,0,0
P005630,1,0,22.0,163.33,0,2025-05-11,2025-05-11,0,0
P005631,2,0,50.0,1696.48,0,2026-02-06,2026-08-11,1,0
P005632,1,0,14.0,495.97,0,2024-04-17,2024-04-17,0,0
P005633,1,0,17.0,1287.71,0,2025-11-02,2025-11-02,0,0
P005634,2,0,17.5,635.96,0,2025-06-24,2026-03-22,1,0
P005635,1,0,62.0,951.58,0,2024-12-25,2024-12-25,0,0
P005636,4,2,69.75,15054.49,0,2025-08-23,2026-09-15,1,1
P005637,2,1,56.5,7213.2,0,2024-01-12,2024-04-09,1,0
P005638,1,0,44.0,360.93,0,2026-07-26,2026-07-26,0,0
P005639,3,1,37.666666666666664,6403.43,0,2025-01-30,2025-06-09,1,0
P005640,1,0,54.0,1410.98,0,2025-06-22,2025-06-22,0,0
P005641,1,0,114.0,1918.63,0,2024-11-22,2024-11-22,0,0
P005642,1,1,42.0,14087.83,0,2025-07-01,2025-07-01,0,0
P005643,1,0,21.0,668.66,0,2025-03-26,2025-03-26,0,0
P005644,1,0,124.0,540.96,0,2025-02-25,2025-02-25,0,0
P005645,1,0,40.0,189.69,0,2024-05-03,2024-05-03,0,0
P005646,1,1,43.0,6630.28,0,2024-07-24,2024-07-24,0,0
P005647,1,1,44.0,1198.89,0,2025-04-05,2025-04-05,0,0
P005648,2,0,99.0,1928.58,0,2025-05-01,2026-04-01,1,0
P005649,1,1,52.0,4158.96,0,2025-06-19,2025-06-19,0,0
P005650,3,2,63.0,32117.57,0,2026-04-10,2026-09-19,1,0
P005651,1,0,24.0,297.98,0,2026-02-28,2026-02-28,0,0
P005652,1,0,30.0,574.04,0,2024-02-18,2024-02-18,0,0
P005653,1,1,61.0,12587.53,0,2024-01-04,2024-01-04,0,0
P005654,1,0,29.0,372.59,0,2025-07-28,2025-07-28,0,0
P005655,4,2,29.75,13818.49,0,2026-04-06,2026-09-27,1,1
P005656,1,0,54.0,401.97,0,2024-05-23,2024-05-23,0,0
P005657,1,0,45.0,1153.8,0,2026-06-13,2026-06-13,0,0
P005658,1,0,45.0,1767.63,0,2026-01-31,2026-01-31,0,0
P005659,1,0,54.0,402.5,0,2024-10-13,2024-10-13,0,0
P005660,3,0,98.66666666666667,3314.54,0,2025-02-24,2025-05-17,1,0
P005661,4,0,71.5,3396.62,0,2024-11-13,2026-08-31,1,1
P005662,1,0,10.0,358.26,0,2026-07-02,2026-07-02,0,0
P005663,3,0,95.66666666666667,2095.7599999999998,0,2026-09-12,2026-09-29,1,0
P005664,2,1,76.5,3831.5,0,2026-02-05,2026-09-30,1,0
P005665,1,1,42.0,12731.18,0,2025-09-17,2025-09-17,0,0
P005666,1,0,110.0,558.09,0,2024-10-21,2024-10-21,0,0
P005667,1,0,69.0,1212.93,0,2024-08-02,2024-08-02,0,0
P005668,1,0,67.0,550.76,0,2025-07-31,2025-07-31,0,0
P005669,1,1,38.0,6204.28,0,2025-11-25,2025-11-25,0,0
P005670,1,1,61.0,3986.53,0,2026-08-26,2026-08-26,0,0
P005671,1,0,59.0,429.78,0,2026-05-19,2026-05-19,0,0
P005672,1,0,36.0,1285.48,0,2026-05-29,2026-05-29,0,0
P005673,1,1,66.0,8341.56,0,2024-07-15,2024-07-15,0,0
P005674,2,1,23.0,2723.63,0,2026-09-09,2026-09-17,1,0
P005675,1,0,47.0,591.64,0,2025-07-17,2025-07-17,0,0
P005676,2,0,24.5,494.0,0,2026-02-19,2026-03-23,1,0
P005677,1,1,80.0,4065.63,0,2024-05-01,2024-05-01,0,0
P005678,1,0,28.0,696.46,0,2024-08-12,2024-08-12,0,0
P005679,1,0,11.0,154.86,0,2026-07-19,2026-07-19,0,0
P005680,2,0,42.0,2214.52,0,2025-01-08,2025-09-20,1,0
P005681,3,0,44.666666666666664,2004.5,0,2025-06-15,2026-02-15,1,0
P005682,1,0,33.0,203.64,0,2026-01-27,2026-01-27,0,0
P005683,2,0,38.0,976.8399999999999,0,2024-09-22,2024-12-15,1,0
P005684,1,1,76.0,5947.91,0,2024-12-12,2024-12-12,0,0
P005685,1,1,51.0,32328.42,0,2024-07-17,2024-07-17,0,0
P005686,2,0,36.0,1128.88,0,2024-09-15,2025-07-08,1,0
P005687,3,3,62.666666666666664,13952.89,0,2026-05-31,2026-09-25,1,0
P005688,1,0,37.0,1689.98,0,2026-02-17,2026-02-17,0,0
P005689,4,1,37.75,5278.76,0,2024-08-27,2026-09-25,1,1
P005690,2,1,26.0,14595.66,0,2026-08-21,2026-09-29,1,0
P005691,2,0,26.0,917.55,0,2024-09-12,2024-10-26,1,0
P005692,1,0,37.0,567.95,0,2024-05-24,2024-05-24,0,0
P005693,2,1,47.0,5448.94,0,2025-08-03,2025-10-08,1,0
P005694,3,2,36.666666666666664,19067.88,1,2026-03-30,2026-09-26,1,0
P005695,1,0,188.0,1457.82,0,2026-01-15,2026-01-15,0,0
P005696,1,0,64.0,821.37,0,2024-12-13,2024-12-13,0,0
P005697,1,1,51.0,4691.35,0,2024-03-28,2024-03-28,0,0
P005698,1,1,52.0,1507.56,0,2025-07-15,2025-07-15,0,0
P005699,1,0,40.0,135.98,0,2025-09-12,2025-09-12,0,0
P005700,1,1,74.0,3049.6,0,2024-05-21,2024-05-21,0,0
P005701,1,0,24.0,474.09,0,2025-07-08,2025-07-08,0,0
P005702,1,0,17.0,359.64,0,2024-08-19,2024-08-19,0,0
P005703,4,0,46.25,2132.13,0,2024-01-20,2024-10-04,1,1
P005704,2,1,70.5,18016.6,0,2024-03-01,2024-05-05,1,0
P005705,1,1,93.0,2135.79,0,2025-04-22,2025-04-22,0,0
P005706,1,1,25.0,5020.87,0,2024-08-27,2024-08-27,0,0
P005707,1,1,151.0,20121.05,0,2026-05-17,2026-05-17,0,0
P005708,1,1,32.0,15795.45,0,2026-08-13,2026-08-13,0,0
P005709,1,0,48.0,623.3,0,2025-09-18,2025-09-18,0,0
P005710,1,0,68.0,817.56,0,2026-06-21,2026-06-21,0,0
P005711,1,0,61.0,369.79,0,2025-01-19,2025-01-19,0,0
P005712,1,0,64.0,465.96,0,2025-11-10,2025-11-10,0,0
P005713,2,1,24.5,4849.11,0,2025-02-10,2025-08-13,1,0
P005714,1,1,34.0,10911.83,0,2024-02-08,2024-02-08,0,0
P005715,3,1,37.333333333333336,14990.24,0,2025-10-17,2026-01-06,1,0
P005716,2,0,36.5,528.99,0,2024-04-23,2024-09-15,1,0
P005717,1,1,124.0,6295.78,0,2024-08-25,2024-08-25,0,0
P005718,3,0,52.333333333333336,2899.56,0,2026-05-15,2026-09-19,1,0
P005719,1,0,41.0,1683.13,0,2024-10-22,2024-10-22,0,0
P005720,1,0,22.0,206.98,0,2025-12-31,2025-12-31,0,0
P005721,1,0,21.0,1150.89,0,2025-01-24,2025-01-24,0,0
P005722,1,0,238.0,662.39,0,2026-06-27,2026-06-27,0,0
P005723,3,2,63.666666666666664,24476.15,0,2025-10-03,2026-09-14,1,0
P005724,1,0,47.0,327.37,0,2024-11-18,2024-11-18,0,0
P005725,2,0,53.5,1194.51,0,2025-07-14,2025-08-25,1,0
P005726,2,0,20.5,1069.81,0,2025-06-16,2026-07-22,1,0
P005727,1,0,43.0,715.21,0,2024-05-07,2024-05-07,0,0
P005728,1,0,44.0,1107.49,0,2025-12-04,2025-12-04,0,0
P005729,6,1,67.66666666666667,5742.25,0,2025-02-06,2026-09-01,1,1
P005730,1,0,47.0,600.37,0,2025-11-20,2025-11-20,0,0
P005731,2,1,72.5,11865.32,0,2026-04-24,2026-05-07,1,0
P005732,1,0,30.0,396.85,0,2025-02-17,2025-02-17,0,0
P005733,2,2,42.5,13569.09,0,2026-05-23,2026-07-20,1,0
P005734,1,0,39.0,538.24,0,2024-06-05,2024-06-05,0,0
P005735,1,0,46.0,1219.46,0,2024-07-25,2024-07-25,0,0
P005736,1,1,66.0,1997.02,0,2024-10-20,2024-10-20,0,0
P005737,1,0,25.0,572.97,0,2024-04-03,2024-04-03,0,0
P005738,3,0,175.33333333333334,3478.33,0,2024-03-31,2024-10-22,1,0
P005739,1,0,28.0,315.8,0,2026-03-14,2026-03-14,0,0
P005740,2,1,50.5,3497.2200000000003,0,2026-08-10,2026-09-25,1,0
P005741,2,0,19.5,833.7299999999999,0,2024-04-04,2024-05-31,1,0
P005742,3,0,26.333333333333332,1193.37,0,2025-10-11,2025-10-28,1,0
P005743,1,0,16.0,1119.04,0,2024-06-07,2024-06-07,0,0
P005744,1,0,54.0,599.27,0,2025-08-16,2025-08-16,0,0
P005745,1,1,96.0,5852.97,0,2025-02-28,2025-02-28,0,0
P005746,2,0,48.0,790.36,0,2025-03-17,2025-09-20,1,0
P005747,3,1,37.333333333333336,8476.69,0,2025-07-14,2026-08-26,1,0
P005748,1,0,127.0,961.84,0,2026-03-25,2026-03-25,0,0
P005749,2,0,24.0,1097.55,0,2026-09-26,2026-09-27,1,0
P005750,1,0,78.0,710.55,0,2024-08-15,2024-08-15,0,0
P005751,2,1,32.0,7291.709999999999,0,2025-09-19,2026-08-14,1,0
P005752,2,1,47.5,3832.9799999999996,0,2025-10-06,2025-12-09,1,0
P005753,2,0,14.5,512.39,0,2025-06-01,2026-02-15,1,0
P005754,1,1,36.0,1837.49,0,2026-05-04,2026-05-04,0,0
P005755,2,1,66.5,12171.49,0,2026-06-06,2026-09-12,1,0
P005756,5,2,57.0,35029.9,0,2025-09-21,2026-09-29,1,1
P005757,1,0,24.0,198.48,0,2026-04-15,2026-04-15,0,0
P005758,3,2,54.0,12135.109999999999,0,2024-07-06,2025-01-11,1,0
P005759,1,1,36.0,4979.22,0,2024-03-10,2024-03-10,0,0
P005760,4,1,44.0,32407.769999999997,1,2026-01-18,2026-09-23,1,1
P005761,1,0,25.0,404.26,0,2025-10-05,2025-10-05,0,0
P005762,1,0,44.0,1674.49,0,2024-02-07,2024-02-07,0,0
P005763,1,1,46.0,22204.51,0,2026-01-06,2026-01-06,0,0
P005764,1,1,37.0,7911.0,0,2025-06-21,2025-06-21,0,0
P005765,1,1,50.0,2297.09,0,2026-09-16,2026-09-16,0,0
P005766,1,0,45.0,851.71,0,2024-09-26,2024-09-26,0,0
P005767,2,1,59.0,16293.85,0,2025-09-05,2026-02-24,1,0
P005768,1,0,18.0,293.86,0,2026-03-22,2026-03-22,0,0
P005769,1,1,57.0,9281.4,0,2025-02-03,2025-02-03,0,0
P005770,3,0,42.666666666666664,1414.6000000000001,0,2025-02-08,2025-07-15,1,0
P005771,1,0,12.0,181.03,0,2026-01-02,2026-01-02,0,0
P005772,1,0,10.0,461.28,0,2025-10-26,2025-10-26,0,0
P005773,1,0,10.0,561.88,0,2024-07-21,2024-07-21,0,0
P005774,2,1,69.5,3618.66,0,2024-03-05,2024-05-06,1,0
P005775,1,0,36.0,1033.13,0,2024-04-20,2024-04-20,0,0
P005776,1,1,155.0,7567.49,0,2024-09-07,2024-09-07,0,0
P005777,2,0,23.0,845.15,0,2024-11-18,2025-12-30,1,0
P005778,1,0,26.0,350.6,0,2025-06-03,2025-06-03,0,0
P005779,2,0,37.5,1504.71,0,2025-08-09,2026-01-06,1,0
P005780,1,0,88.0,1039.1,0,2025-05-19,2025-05-19,0,0
P005781,3,2,66.33333333333333,15509.560000000001,0,2024-04-30,2025-02-20,1,0
P005782,2,0,104.0,1475.54,0,2025-11-25,2026-08-31,1,0
P005783,2,1,44.0,3877.33,0,2024-01-01,2025-01-25,1,0
P005784,1,0,14.0,662.09,0,2026-05-24,2026-05-24,0,0
P005785,2,0,22.0,587.01,0,2024-04-06,2025-03-28,1,0
P005786,3,3,77.0,13344.009999999998,0,2025-09-10,2026-09-15,1,0
P005787,1,0,23.0,447.38,0,2024-09-26,2024-09-26,0,0
P005788,3,1,30.333333333333332,1887.9,0,2024-03-19,2024-07-23,1,0
P005789,1,0,55.0,665.64,0,2026-01-12,2026-01-12,0,0
P005790,1,0,15.0,404.65,0,2024-03-27,2024-03-27,0,0
P005791,1,0,24.0,1018.09,0,2024-03-12,2024-03-12,0,0
P005792,3,1,87.66666666666667,10577.45,0,2026-06-21,2026-09-20,1,0
P005793,1,1,61.0,2115.95,0,2026-07-06,2026-07-06,0,0
P005794,4,1,46.5,13875.24,0,2025-11-20,2026-09-22,1,1
P005795,1,0,104.0,1255.26,0,2026-04-04,2026-04-04,0,0
P005796,1,1,59.0,4998.43,0,2024-05-26,2024-05-26,0,0
P005797,1,0,32.0,382.91,0,2024-06-15,2024-06-15,0,0
P005798,1,1,44.0,1934.16,0,2025-11-07,2025-11-07,0,0
P005799,4,3,30.0,22868.61,0,2025-07-26,2026-09-29,1,1
P005800,1,0,68.0,572.17,0,2026-08-12,2026-08-12,0,0
P005801,2,1,52.5,5076.41,1,2024-02-03,2024-02-19,1,0
P005802,3,0,58.333333333333336,2088.94,0,2024-10-01,2025-09-04,1,0
P005803,1,0,13.0,424.6,0,2025-12-06,2025-12-06,0,0
P005804,1,0,41.0,1151.33,0,2025-06-02,2025-06-02,0,0
P005805,1,1,19.0,6118.35,0,2025-03-18,2025-03-18,0,0
P005806,1,0,80.0,477.35,0,2025-12-24,2025-12-24,0,0
P005807,1,1,54.0,12483.98,0,2024-07-27,2024-07-27,0,0
P005808,1,1,47.0,2814.69,0,2026-08-27,2026-08-27,0,0
P005809,3,1,46.333333333333336,3062.33,0,2024-12-07,2025-09-13,1,0
P005810,2,0,46.0,636.94,0,2025-07-12,2026-02-07,1,0
P005811,1,0,13.0,413.72,0,2026-03-28,2026-03-28,0,0
P005812,1,0,31.0,461.74,0,2024-04-15,2024-04-15,0,0
P005813,1,0,20.0,449.14,0,2024-02-29,2024-02-29,0,0
P005814,4,1,75.0,9419.51,0,2025-05-23,2025-10-11,1,1
P005815,1,1,45.0,18079.67,0,2026-09-06,2026-09-06,0,0
P005816,2,0,44.0,2024.07,0,2024-11-02,2025-05-15,1,0
P005817,5,2,34.2,30890.280000000002,0,2025-12-21,2026-09-28,1,1
P005818,3,2,60.666666666666664,3954.58,0,2026-08-15,2026-09-30,1,0
P005819,3,0,34.666666666666664,1369.6200000000001,0,2026-06-13,2026-09-11,1,0
P005820,1,0,31.0,517.64,0,2025-06-15,2025-06-15,0,0
P005821,1,0,31.0,276.9,0,2025-10-24,2025-10-24,0,0
P005822,2,0,54.5,1061.75,0,2024-06-17,2024-07-15,1,0
P005823,3,0,61.0,2640.9799999999996,0,2026-07-20,2026-09-30,1,0
P005824,1,1,69.0,1309.97,0,2024-01-06,2024-01-06,0,0
P005825,3,1,36.0,2135.7,0,2024-01-13,2025-01-17,1,0
P005826,4,1,42.0,8797.29,0,2026-02-15,2026-09-23,1,1
P005827,3,1,54.0,7708.07,0,2025-01-27,2025-12-12,1,0
P005828,1,1,67.0,7166.34,0,2024-08-24,2024-08-24,0,0
P005829,1,1,40.0,2019.47,0,2026-09-28,2026-09-28,0,0
P005830,1,1,88.0,21542.51,0,2025-09-12,2025-09-12,0,0
P005831,1,0,70.0,902.44,0,2026-09-16,2026-09-16,0,0
P005832,2,0,44.5,1462.1100000000001,0,2025-08-14,2025-09-05,1,0
P005833,1,1,34.0,1902.0,0,2025-07-05,2025-07-05,0,0
P005834,3,0,24.0,834.9200000000001,0,2024-03-27,2024-10-20,1,0
P005835,1,0,35.0,584.88,0,2025-11-16,2025-11-16,0,0
P005836,1,1,46.0,13810.38,0,2024-03-23,2024-03-23,0,0
P005837,2,1,44.5,2556.8,0,2024-03-23,2024-07-28,1,0
P005838,1,0,68.0,428.52,0,2025-02-07,2025-02-07,0,0
P005839,1,0,93.0,932.76,0,2024-05-29,2024-05-29,0,0
P005840,1,1,47.0,1608.97,0,2025-10-06,2025-10-06,0,0
P005841,1,0,43.0,197.85,0,2025-01-25,2025-01-25,0,0
P005842,1,0,19.0,492.95,0,2025-08-17,2025-08-17,0,0
P005843,1,1,85.0,8066.67,0,2024-04-20,2024-04-20,0,0
P005844,1,0,24.0,1385.0,0,2025-04-29,2025-04-29,0,0
P005845,2,1,60.0,16976.36,0,2025-03-02,2025-03-17,1,0
P005846,1,0,13.0,271.48,0,2024-02-25,2024-02-25,0,0
P005847,5,1,40.2,8098.52,1,2024-07-02,2025-11-01,1,1
P005848,1,1,43.0,11973.21,0,2025-08-04,2025-08-04,0,0
P005849,2,1,58.0,2132.75,0,2026-03-15,2026-06-11,1,0
P005850,1,0,35.0,220.13,0,2025-06-14,2025-06-14,0,0
P005851,2,1,76.5,8172.9,0,2024-05-18,2025-06-01,1,0
P005852,1,0,33.0,444.61,0,2026-04-17,2026-04-17,0,0
P005853,2,2,30.0,2671.92,0,2024-05-24,2024-07-24,1,0
P005854,1,0,84.0,558.28,0,2026-01-28,2026-01-28,0,0
P005855,3,1,37.0,3085.5,0,2025-01-04,2026-05-28,1,0
P005856,1,1,28.0,1115.86,0,2025-12-14,2025-12-14,0,0
P005857,2,1,22.5,7046.5599999999995,0,2025-10-25,2025-12-16,1,0
P005858,1,1,79.0,27784.54,0,2024-10-20,2024-10-20,0,0
P005859,6,2,47.166666666666664,11527.79,1,2025-12-26,2026-09-29,1,1
P005860,1,0,147.0,1355.57,0,2025-06-05,2025-06-05,0,0
P005861,4,1,34.75,12361.289999999999,0,2026-04-10,2026-09-28,1,1
P005862,1,0,68.0,844.68,0,2025-04-26,2025-04-26,0,0
P005863,1,0,41.0,339.33,0,2025-04-25,2025-04-25,0,0
P005864,3,0,50.0,2444.25,0,2026-08-23,2026-09-16,1,0
P005865,1,0,24.0,548.99,0,2025-03-24,2025-03-24,0,0
P005866,1,0,15.0,394.08,0,2025-04-16,2025-04-16,0,0
P005867,2,1,38.0,3051.76,0,2025-02-02,2025-09-22,1,0
P005868,1,0,27.0,454.86,0,2026-02-01,2026-02-01,0,0
P005869,5,0,41.4,3422.31,0,2025-09-02,2026-09-26,1,1
P005870,1,0,19.0,416.32,0,2024-06-25,2024-06-25,0,0
P005871,1,0,45.0,336.82,0,2024-01-24,2024-01-24,0,0
P005872,1,0,147.0,1610.17,0,2024-03-16,2024-03-16,0,0
P005873,1,0,16.0,358.3,0,2026-04-08,2026-04-08,0,0
P005874,1,0,91.0,601.73,0,2024-09-26,2024-09-26,0,0
P005875,1,1,98.0,1639.33,0,2025-06-29,2025-06-29,0,0
P005876,2,2,93.5,29415.36,0,2026-06-03,2026-06-15,1,0
P005877,1,0,41.0,1429.62,0,2024-12-04,2024-12-04,0,0
P005878,2,0,83.5,1314.62,0,2025-11-24,2026-09-11,1,0
P005879,1,0,19.0,321.51,0,2024-02-16,2024-02-16,0,0
P005880,1,1,62.0,5060.73,0,2026-07-15,2026-07-15,0,0
P005881,1,1,49.0,4910.48,0,2024-01-17,2024-01-17,0,0
P005882,1,0,22.0,481.9,0,2026-03-29,2026-03-29,0,0
P005883,2,1,45.0,12957.16,0,2026-07-08,2026-09-14,1,0
P005884,1,0,38.0,1383.0,0,2025-03-13,2025-03-13,0,0
P005885,1,0,16.0,361.87,0,2025-08-21,2025-08-21,0,0
P005886,1,1,33.0,13534.97,0,2026-04-06,2026-04-06,0,0
P005887,1,0,8.0,594.13,0,2025-05-01,2025-05-01,0,0
P005888,1,1,31.0,4166.52,0,2026-02-15,2026-02-15,0,0
P005889,2,0,25.0,898.6,0,2025-10-23,2026-07-15,1,0
P005890,1,0,31.0,582.53,0,2024-01-16,2024-01-16,0,0
P005891,1,1,35.0,4227.99,0,2026-04-11,2026-04-11,0,0
P005892,1,1,20.0,6231.5,0,2024-01-30,2024-01-30,0,0
P005893,5,3,45.4,18200.010000000002,0,2025-12-02,2026-09-28,1,1
P005894,1,1,24.0,3109.25,0,2024-11-27,2024-11-27,0,0
P005895,3,0,15.666666666666666,1951.02,0,2025-06-13,2026-08-07,1,0
P005896,1,0,53.0,1315.35,0,2026-03-03,2026-03-03,0,0
P005897,1,0,24.0,340.5,0,2025-05-08,2025-05-08,0,0
P005898,3,0,94.66666666666667,2041.98,0,2025-02-11,2025-11-13,1,0
P005899,3,0,59.0,3373.7799999999997,0,2024-01-07,2025-07-09,1,0
P005900,1,0,71.0,1489.78,0,2024-05-01,2024-05-01,0,0
P005901,1,1,46.0,14814.56,0,2024-11-06,2024-11-06,0,0
P005902,1,0,24.0,464.23,0,2025-06-27,2025-06-27,0,0
P005903,1,0,34.0,306.21,0,2024-06-19,2024-06-19,0,0
P005904,1,0,18.0,1381.54,0,2024-10-27,2024-10-27,0,0
P005905,1,0,9.0,231.87,0,2024-07-11,2024-07-11,0,0
P005906,1,0,16.0,620.09,0,2025-09-02,2025-09-02,0,0
P005907,2,1,38.5,10794.42,0,2024-05-03,2024-09-17,1,0
P005908,1,0,59.0,627.01,0,2025-11-07,2025-11-07,0,0
P005909,3,0,53.0,2353.73,0,2024-10-18,2025-03-11,1,0
P005910,1,0,52.0,815.36,0,2024-04-12,2024-04-12,0,0
P005911,1,0,65.0,335.86,0,2025-08-25,2025-08-25,0,0
P005912,2,1,42.0,6559.83,0,2025-05-12,2026-03-08,1,0
P005913,1,0,26.0,450.69,0,2025-07-26,2025-07-26,0,0
P005914,1,0,132.0,899.19,0,2025-05-22,2025-05-22,0,0
P005915,1,1,38.0,1261.26,0,2024-05-15,2024-05-15,0,0
P005916,2,1,55.5,5439.87,0,2024-06-15,2025-07-19,1,0
P005917,1,0,11.0,311.27,0,2025-08-09,2025-08-09,0,0
P005918,5,1,37.8,8037.079999999999,0,2024-02-09,2025-01-19,1,1
P005919,1,0,170.0,1165.43,0,2025-09-15,2025-09-15,0,0
P005920,2,0,53.0,1028.19,0,2025-01-22,2025-05-11,1,0
P005921,1,1,90.0,12304.96,0,2025-06-01,2025-06-01,0,0
P005922,2,1,36.5,6475.51,1,2025-09-25,2025-10-24,1,0
P005923,1,0,99.0,702.86,0,2026-07-15,2026-07-15,0,0
P005924,2,0,79.0,976.44,0,2024-01-14,2024-06-22,1,0
P005925,1,1,27.0,1957.66,0,2024-12-06,2024-12-06,0,0
P005926,1,1,21.0,12392.0,0,2026-09-09,2026-09-09,0,0
P005927,1,0,53.0,2550.01,0,2026-01-24,2026-01-24,0,0
P005928,1,0,38.0,310.61,0,2024-02-17,2024-02-17,0,0
P005929,1,0,55.0,414.47,0,2025-05-04,2025-05-04,0,0
P005930,1,0,119.0,1081.88,0,2025-05-13,2025-05-13,0,0
P005931,2,1,29.5,7231.4800000000005,0,2024-11-28,2025-03-18,1,0
P005932,1,1,43.0,2140.09,0,2025-02-04,2025-02-04,0,0
P005933,1,0,43.0,563.96,0,2024-02-24,2024-02-24,0,0
P005934,1,1,65.0,6332.57,0,2024-03-29,2024-03-29,0,0
P005935,1,0,75.0,819.91,0,2025-10-22,2025-10-22,0,0
P005936,1,0,32.0,1367.68,0,2026-09-21,2026-09-21,0,0
P005937,1,0,25.0,188.32,0,2026-01-21,2026-01-21,0,0
P005938,1,0,37.0,516.34,0,2026-07-27,2026-07-27,0,0
P005939,1,0,18.0,481.63,0,2026-02-15,2026-02-15,0,0
P005940,2,0,21.5,822.32,0,2025-08-18,2026-05-13,1,0
P005941,1,0,41.0,2323.94,0,2025-02-10,2025-02-10,0,0
P005942,2,1,67.5,13076.859999999999,0,2025-02-19,2025-03-06,1,0
P005943,1,1,45.0,7679.27,0,2024-12-06,2024-12-06,0,0
P005944,1,0,29.0,867.63,0,2025-02-13,2025-02-13,0,0
P005945,1,0,19.0,1296.84,0,2025-04-13,2025-04-13,0,0
P005946,1,0,25.0,612.85,0,2024-04-18,2024-04-18,0,0
P005947,1,1,35.0,11524.01,0,2024-12-28,2024-12-28,0,0
P005948,4,2,81.25,17817.25,0,2025-04-08,2026-05-25,1,1
P005949,1,0,37.0,257.04,0,2026-03-10,2026-03-10,0,0
P005950,1,1,62.0,1827.51,0,2025-06-29,2025-06-29,0,0
P005951,1,0,43.0,256.81,0,2025-09-12,2025-09-12,0,0
P005952,2,0,23.0,1260.6899999999998,0,2024-02-19,2024-03-15,1,0
P005953,3,1,45.333333333333336,2566.98,0,2025-07-06,2026-05-26,1,0
P005954,1,0,44.0,945.15,0,2026-05-11,2026-05-11,0,0
P005955,1,0,25.0,369.06,0,2024-03-07,2024-03-07,0,0
P005956,2,1,52.0,15714.83,0,2025-11-25,2026-01-16,1,0
P005957,1,0,34.0,415.05,0,2024-03-22,2024-03-22,0,0
P005958,1,1,56.0,12153.04,0,2025-03-19,2025-03-19,0,0
P005959,1,0,59.0,314.0,0,2024-02-22,2024-02-22,0,0
P005960,1,0,26.0,401.83,0,2025-10-15,2025-10-15,0,0
P005961,1,0,19.0,356.44,0,2026-03-31,2026-03-31,0,0
P005962,1,0,19.0,122.12,0,2024-03-02,2024-03-02,0,0
P005963,1,0,12.0,994.35,0,2025-10-11,2025-10-11,0,0
P005964,3,0,26.666666666666668,3047.6,0,2024-11-16,2026-09-28,1,0
P005965,3,1,30.333333333333332,8665.78,0,2024-05-17,2025-07-28,1,0
P005966,3,0,42.0,1650.2,0,2026-06-14,2026-09-24,1,0
P005967,2,0,50.5,944.55,0,2024-05-24,2024-07-22,1,0
P005968,1,1,27.0,9618.77,0,2024-06-18,2024-06-18,0,0
P005969,1,0,119.0,525.35,0,2024-06-10,2024-06-10,0,0
P005970,1,0,33.0,889.89,0,2025-10-11,2025-10-11,0,0
P005971,4,2,41.25,19432.92,1,2026-01-12,2026-09-28,1,1
P005972,3,1,40.0,12005.15,0,2025-02-25,2026-09-28,1,0
P005973,3,1,52.333333333333336,16677.79,0,2025-03-31,2025-08-14,1,0
P005974,1,0,29.0,324.05,0,2025-06-05,2025-06-05,0,0
P005975,2,1,66.0,6917.23,0,2024-04-15,2024-07-07,1,0
P005976,3,1,42.333333333333336,6227.77,0,2025-03-25,2026-04-13,1,0
P005977,1,1,55.0,10230.02,0,2025-01-30,2025-01-30,0,0
P005978,2,0,42.0,1494.76,0,2025-09-19,2026-04-29,1,0
P005979,3,1,34.666666666666664,14479.609999999999,0,2024-11-30,2025-02-01,1,0
P005980,1,1,50.0,2101.39,0,2025-08-26,2025-08-26,0,0
P005981,2,0,13.0,742.17,0,2026-09-02,2026-09-15,1,0
P005982,2,0,18.0,1155.27,0,2024-05-27,2024-06-11,1,0
P005983,1,0,111.0,1250.5,0,2026-09-15,2026-09-15,0,0
P005984,2,0,103.0,1729.5,0,2026-08-30,2026-09-24,1,0
P005985,1,1,34.0,4030.63,0,2026-01-20,2026-01-20,0,0
P005986,1,0,36.0,822.49,0,2024-07-28,2024-07-28,0,0
P005987,2,0,32.5,947.3699999999999,0,2026-04-23,2026-09-18,1,0
P005988,4,2,64.0,39924.87,1,2024-03-22,2025-02-02,1,1
P005989,3,1,37.666666666666664,2259.3900000000003,0,2025-11-23,2026-09-25,1,0
P005990,1,0,81.0,283.99,0,2026-05-06,2026-05-06,0,0
P005991,1,1,29.0,23046.14,0,2026-09-23,2026-09-23,0,0
P005992,2,0,82.5,1721.34,0,2025-01-31,2025-03-26,1,0
P005993,1,0,65.0,837.52,0,2024-06-09,2024-06-09,0,0
P005994,1,0,16.0,186.4,0,2025-03-18,2025-03-18,0,0
P005995,1,0,34.0,165.13,0,2025-01-01,2025-01-01,0,0
P005996,6,4,33.0,42140.03,0,2024-07-29,2026-09-22,1,1
P005997,2,0,26.0,2316.71,0,2024-05-10,2025-06-05,1,0
P005998,1,0,26.0,2172.85,0,2025-01-19,2025-01-19,0,0
P005999,1,0,90.0,1164.22,0,2026-03-10,2026-03-10,0,0
P006000,3,1,43.666666666666664,9729.12,0,2026-04-26,2026-09-19,1,0
P006001,1,0,67.0,1975.47,0,2025-08-06,2025-08-06,0,0
P006002,4,2,53.5,14962.09,0,2025-04-21,2026-07-19,1,1
P006003,1,0,18.0,385.61,0,2024-07-30,2024-07-30,0,0
P006004,2,1,38.5,4353.889999999999,0,2024-03-29,2024-04-12,1,0
P006005,5,4,48.6,33280.619999999995,0,2026-08-12,2026-09-29,1,1
P006006,1,0,90.0,895.48,0,2026-03-25,2026-03-25,0,0
P006007,2,1,100.0,11632.32,0,2026-09-05,2026-09-19,1,0
P006008,1,0,21.0,276.3,0,2026-08-09,2026-08-09,0,0
P006009,2,1,30.5,8636.81,0,2024-01-08,2024-03-07,1,0
P006010,2,0,26.5,1611.11,0,2024-08-05,2025-03-20,1,0
P006011,1,1,38.0,6683.11,0,2024-04-30,2024-04-30,0,0
P006012,3,1,46.0,11862.25,0,2025-01-31,2026-05-11,1,0
P006013,2,0,25.5,810.22,0,2025-04-30,2025-08-29,1,0
P006014,3,2,50.666666666666664,10779.65,0,2025-12-13,2026-09-13,1,0
P006015,2,0,24.0,395.93,0,2024-01-15,2024-10-01,1,0
P006016,1,0,38.0,338.5,0,2026-05-20,2026-05-20,0,0
P006017,1,0,108.0,806.98,0,2026-05-28,2026-05-28,0,0
P006018,1,0,56.0,315.6,0,2025-12-16,2025-12-16,0,0
P006019,2,0,23.5,1375.92,0,2024-12-28,2025-01-25,1,0
P006020,3,1,31.666666666666668,2928.48,0,2025-09-03,2025-12-24,1,0
P006021,1,0,24.0,205.78,0,2025-08-11,2025-08-11,0,0
P006022,6,1,45.333333333333336,4767.45,1,2026-04-25,2026-09-27,1,1
P006023,1,1,55.0,12425.5,0,2024-05-26,2024-05-26,0,0
P006024,1,0,39.0,1217.96,0,2025-07-30,2025-07-30,0,0
P006025,2,1,31.5,3833.48,0,2025-05-04,2026-01-09,1,0
P006026,1,0,55.0,406.9,0,2024-08-17,2024-08-17,0,0
P006027,3,1,64.66666666666667,12796.91,0,2025-07-25,2026-09-12,1,0
P006028,6,2,59.5,29518.36,1,2025-03-29,2026-09-30,1,1
P006029,1,1,111.0,9517.4,0,2024-11-16,2024-11-16,0,0
P006030,1,0,30.0,296.87,0,2025-11-04,2025-11-04,0,0
P006031,1,0,19.0,786.88,0,2025-10-25,2025-10-25,0,0
P006032,1,0,127.0,649.08,0,2024-06-13,2024-06-13,0,0
P006033,1,0,24.0,391.55,0,2024-10-26,2024-10-26,0,0
P006034,2,0,36.0,1027.71,0,2024-05-24,2025-03-27,1,0
P006035,1,1,87.0,2621.89,0,2024-04-09,2024-04-09,0,0
P006036,2,2,58.5,19475.56,0,2025-06-07,2025-09-23,1,0
P006037,2,1,41.0,2480.5299999999997,0,2025-07-20,2025-07-27,1,0
P006038,2,1,39.5,4564.09,0,2024-08-13,2024-10-30,1,0
P006039,1,0,63.0,721.51,0,2024-08-01,2024-08-01,0,0
P006040,3,2,38.0,17011.31,0,2024-12-31,2025-07-13,1,0
P006041,1,0,26.0,201.93,0,2026-08-23,2026-08-23,0,0
P006042,3,0,42.0,2624.18,0,2024-02-02,2024-05-04,1,0
P006043,2,0,30.0,922.19,0,2025-07-19,2026-08-23,1,0
P006044,1,0,35.0,1249.25,0,2025-10-18,2025-10-18,0,0
P006045,2,0,30.5,1006.8599999999999,0,2025-03-15,2026-01-10,1,0
P006046,3,1,45.0,2949.67,0,2025-08-19,2026-09-22,1,0
P006047,1,1,48.0,18734.2,0,2024-01-11,2024-01-11,0,0
P006048,1,0,40.0,762.31,0,2025-03-17,2025-03-17,0,0
P006049,2,1,71.5,1849.82,0,2024-07-11,2025-01-16,1,0
P006050,1,1,49.0,5912.9,0,2024-08-14,2024-08-14,0,0
P006051,1,1,57.0,11117.33,0,2025-09-03,2025-09-03,0,0
P006052,1,0,44.0,405.22,0,2024-05-29,2024-05-29,0,0
P006053,1,1,122.0,3970.52,0,2024-02-25,2024-02-25,0,0
P006054,3,2,77.66666666666667,27429.089999999997,0,2024-08-30,2025-04-23,1,0
P006055,1,0,98.0,988.75,0,2025-08-16,2025-08-16,0,0
P006056,4,2,56.25,22261.25,1,2025-04-20,2026-09-14,1,1
P006057,1,0,18.0,355.37,0,2024-03-07,2024-03-07,0,0
P006058,1,1,41.0,1137.06,0,2024-04-09,2024-04-09,0,0
P006059,4,2,57.75,15014.119999999999,0,2024-06-08,2025-07-12,1,1
P006060,2,1,77.0,4259.03,0,2024-05-21,2024-07-25,1,0
P006061,1,0,25.0,579.31,0,2026-04-24,2026-04-24,0,0
P006062,2,1,60.0,3674.37,0,2025-10-25,2026-08-14,1,0
P006063,1,0,22.0,193.93,0,2025-06-04,2025-06-04,0,0
P006064,1,0,42.0,985.98,0,2025-11-22,2025-11-22,0,0
P006065,2,0,51.5,1328.69,0,2025-01-16,2025-08-28,1,0
P006066,1,1,62.0,5679.99,0,2024-11-07,2024-11-07,0,0
P006067,1,0,31.0,410.19,0,2026-08-07,2026-08-07,0,0
P006068,4,4,59.25,49000.78,0,2026-02-17,2026-09-20,1,1
P006069,1,1,100.0,884.0,0,2025-09-15,2025-09-15,0,0
P006070,2,0,51.0,2489.2200000000003,0,2024-11-14,2025-03-10,1,0
P006071,2,1,45.5,4718.14,0,2025-12-01,2026-02-01,1,0
P006072,3,1,48.333333333333336,7862.85,0,2024-09-08,2025-06-02,1,0
P006073,2,1,65.5,6753.070000000001,0,2026-02-03,2026-09-10,1,0
P006074,3,0,22.333333333333332,1765.14,0,2024-05-07,2025-04-11,1,0
P006075,3,1,37.333333333333336,5140.7699999999995,0,2025-01-28,2025-05-12,1,0
P006076,3,0,47.666666666666664,3421.58,0,2026-07-14,2026-09-23,1,0
P006077,1,1,44.0,17496.09,0,2024-12-23,2024-12-23,0,0
P006078,1,0,50.0,429.25,0,2024-09-03,2024-09-03,0,0
P006079,1,1,26.0,1081.71,0,2024-02-11,2024-02-11,0,0
P006080,1,1,65.0,16199.48,0,2025-03-06,2025-03-06,0,0
P006081,2,0,35.5,1843.43,0,2025-05-16,2025-07-06,1,0
P006082,2,1,50.0,2727.89,0,2025-07-14,2025-08-24,1,0
P006083,3,0,29.333333333333332,1450.39,0,2024-08-21,2024-10-26,1,0
P006084,1,1,99.0,7847.48,0,2024-10-16,2024-10-16,0,0
P006085,1,0,25.0,429.78,0,2025-02-11,2025-02-11,0,0
P006086,1,0,45.0,822.22,0,2025-03-05,2025-03-05,0,0
P006087,1,0,49.0,532.49,0,2024-11-04,2024-11-04,0,0
P006088,1,0,15.0,515.74,0,2024-06-08,2024-06-08,0,0
P006089,3,0,80.0,2253.9,0,2024-11-03,2025-07-04,1,0
P006090,2,1,31.5,3109.48,0,2024-06-06,2025-01-10,1,0
P006091,1,0,19.0,458.23,0,2025-07-09,2025-07-09,0,0
P006092,2,1,58.5,3191.3199999999997,0,2025-05-23,2026-03-28,1,0
P006093,1,0,15.0,322.37,0,2024-09-29,2024-09-29,0,0
P006094,1,1,91.0,14130.92,0,2026-05-01,2026-05-01,0,0
P006095,5,1,37.6,16086.49,0,2025-11-07,2026-09-30,1,1
P006096,1,0,33.0,781.47,0,2024-08-27,2024-08-27,0,0
P006097,1,0,14.0,355.96,0,2025-02-08,2025-02-08,0,0
P006098,1,0,85.0,758.6,0,2025-01-13,2025-01-13,0,0
P006099,1,0,27.0,586.85,0,2025-01-23,2025-01-23,0,0
P006100,1,0,17.0,435.67,0,2024-03-27,2024-03-27,0,0
P006101,1,0,105.0,2977.95,0,2024-03-20,2024-03-20,0,0
P006102,1,1,49.0,5932.99,0,2024-12-19,2024-12-19,0,0
P006103,1,0,91.0,1167.76,0,2026-01-07,2026-01-07,0,0
P006104,1,1,101.0,17873.0,0,2025-12-09,2025-12-09,0,0
P006105,1,0,24.0,624.83,0,2026-02-27,2026-02-27,0,0
P006106,1,0,18.0,290.4,0,2025-08-31,2025-08-31,0,0
P006107,1,0,138.0,998.78,0,2024-07-16,2024-07-16,0,0
P006108,1,1,91.0,11591.09,0,2024-11-01,2024-11-01,0,0
P006109,1,1,44.0,17799.62,0,2024-07-31,2024-07-31,0,0
P006110,2,0,38.0,2055.99,0,2024-10-30,2025-01-03,1,0
P006111,4,2,33.25,10086.7,0,2026-07-31,2026-09-21,1,1
P006112,1,0,20.0,112.55,0,2025-10-20,2025-10-20,0,0
P006113,1,0,12.0,232.43,0,2026-09-02,2026-09-02,0,0
P006114,6,3,42.833333333333336,20044.36,0,2025-10-14,2026-09-30,1,1
P006115,4,2,76.75,61883.46,0,2026-03-11,2026-09-23,1,1
P006116,1,0,93.0,886.4,0,2025-07-12,2025-07-12,0,0
P006117,1,0,77.0,1824.53,0,2025-05-24,2025-05-24,0,0
P006118,1,0,19.0,770.72,0,2024-02-08,2024-02-08,0,0
P006119,1,1,32.0,20626.45,0,2025-11-01,2025-11-01,0,0
P006120,4,2,50.5,47737.6,0,2024-05-07,2026-01-27,1,1
P006121,1,0,29.0,257.08,0,2024-09-01,2024-09-01,0,0
P006122,1,1,51.0,9694.46,0,2025-07-15,2025-07-15,0,0
P006123,1,0,85.0,622.6,0,2025-06-25,2025-06-25,0,0
P006124,3,0,147.33333333333334,1518.3200000000002,0,2024-12-06,2025-02-21,1,0
P006125,4,1,44.75,11104.75,0,2025-12-31,2026-09-17,1,1
P006126,1,0,36.0,541.53,0,2024-03-22,2024-03-22,0,0
P006127,4,1,33.0,7289.37,1,2026-08-08,2026-09-26,1,1
P006128,1,0,30.0,427.21,0,2025-06-19,2025-06-19,0,0
P006129,2,1,64.0,12483.02,0,2025-07-15,2025-09-30,1,0
P006130,2,1,66.0,8749.55,0,2025-04-08,2026-02-09,1,0
P006131,4,2,41.5,5974.25,0,2025-11-20,2026-09-07,1,1
P006132,1,0,22.0,815.16,0,2025-06-06,2025-06-06,0,0
P006133,2,0,50.0,2257.02,0,2025-04-04,2025-08-09,1,0
P006134,1,0,45.0,572.78,0,2024-03-30,2024-03-30,0,0
P006135,2,0,40.5,566.14,0,2025-10-24,2026-01-16,1,0
P006136,1,0,12.0,907.57,0,2024-06-29,2024-06-29,0,0
P006137,1,1,50.0,2714.33,0,2024-12-17,2024-12-17,0,0
P006138,1,0,102.0,808.67,0,2024-10-12,2024-10-12,0,0
P006139,1,1,67.0,9322.46,0,2026-04-26,2026-04-26,0,0
P006140,1,0,16.0,363.12,0,2026-09-17,2026-09-17,0,0
P006141,1,0,24.0,389.7,0,2026-07-03,2026-07-03,0,0
P006142,1,1,70.0,7049.85,0,2025-09-06,2025-09-06,0,0
P006143,1,1,48.0,8835.13,0,2026-06-15,2026-06-15,0,0
P006144,1,0,17.0,233.52,0,2025-12-24,2025-12-24,0,0
P006145,1,0,19.0,449.43,0,2026-09-14,2026-09-14,0,0
P006146,2,2,57.5,4161.69,0,2025-07-03,2025-09-21,1,0
P006147,1,1,52.0,11629.19,0,2026-09-26,2026-09-26,0,0
P006148,1,0,63.0,631.84,0,2026-02-12,2026-02-12,0,0
P006149,1,0,27.0,302.2,0,2025-06-20,2025-06-20,0,0
P006150,1,1,113.0,13683.3,0,2024-05-26,2024-05-26,0,0
P006151,1,0,47.0,1555.16,0,2026-07-15,2026-07-15,0,0
P006152,5,3,63.2,27210.78,0,2026-03-05,2026-09-27,1,1
P006153,1,1,156.0,11391.64,0,2026-02-07,2026-02-07,0,0
P006154,2,0,140.5,1071.84,0,2026-09-16,2026-09-21,1,0
P006155,1,0,27.0,603.72,0,2025-05-08,2025-05-08,0,0
P006156,1,1,28.0,34479.4,0,2025-10-05,2025-10-05,0,0
P006157,3,2,49.0,48294.93,0,2025-09-12,2026-09-24,1,0
P006158,1,1,37.0,2522.15,0,2024-04-17,2024-04-17,0,0
P006159,1,1,59.0,12671.52,0,2026-03-13,2026-03-13,0,0
P006160,1,1,52.0,10909.04,0,2024-11-22,2024-11-22,0,0
P006161,1,0,63.0,659.88,0,2024-08-19,2024-08-19,0,0
P006162,3,1,44.0,1794.8200000000002,0,2026-03-01,2026-06-13,1,0
P006163,1,1,52.0,7818.48,0,2024-09-16,2024-09-16,0,0
P006164,1,0,59.0,1619.32,0,2025-08-29,2025-08-29,0,0
P006165,1,1,32.0,3777.69,0,2025-11-24,2025-11-24,0,0
P006166,3,3,43.333333333333336,20270.56,0,2025-02-17,2025-10-01,1,0
P006167,2,1,52.0,1834.02,0,2024-10-22,2025-09-02,1,0
P006168,1,1,121.0,5642.17,0,2025-01-28,2025-01-28,0,0
P006169,1,0,140.0,578.96,0,2024-12-03,2024-12-03,0,0
P006170,1,0,21.0,476.23,0,2026-07-03,2026-07-03,0,0
P006171,3,0,22.666666666666668,2081.17,0,2024-02-04,2025-03-12,1,0
P006172,1,1,75.0,5395.0,0,2026-04-01,2026-04-01,0,0
P006173,3,2,51.333333333333336,12357.16,1,2026-03-03,2026-09-17,1,0
P006174,2,0,30.0,1161.35,0,2025-03-07,2025-03-19,1,0
P006175,1,1,45.0,5449.38,0,2025-06-22,2025-06-22,0,0
P006176,1,0,17.0,742.58,0,2025-01-18,2025-01-18,0,0
P006177,2,0,31.0,733.02,0,2025-12-04,2026-09-21,1,0
P006178,2,1,98.5,44540.899999999994,0,2025-05-14,2025-05-22,1,0
P006179,1,1,56.0,10347.94,0,2024-07-19,2024-07-19,0,0
P006180,3,2,36.666666666666664,24112.55,0,2025-01-31,2026-06-03,1,0
P006181,2,1,56.0,13584.369999999999,0,2026-01-27,2026-04-19,1,0
P006182,1,0,18.0,680.93,0,2025-10-30,2025-10-30,0,0
P006183,3,1,40.666666666666664,18992.289999999997,0,2025-04-08,2026-07-13,1,0
P006184,1,0,19.0,776.02,0,2026-06-27,2026-06-27,0,0
P006185,1,1,42.0,18751.68,0,2026-05-01,2026-05-01,0,0
P006186,1,0,63.0,972.48,0,2024-01-24,2024-01-24,0,0
P006187,2,0,70.0,1818.85,0,2025-10-30,2026-03-07,1,0
P006188,1,1,66.0,817.5,0,2026-08-24,2026-08-24,0,0
P006189,1,0,31.0,317.46,0,2024-02-04,2024-02-04,0,0
P006190,2,0,40.5,1450.2,0,2024-11-14,2024-11-24,1,0
P006191,1,0,17.0,499.02,0,2026-01-13,2026-01-13,0,0
P006192,3,1,78.66666666666667,4356.72,0,2026-01-29,2026-09-25,1,0
P006193,1,1,52.0,4923.29,0,2024-05-01,2024-05-01,0,0
P006194,1,0,109.0,715.1,0,2025-12-23,2025-12-23,0,0
P006195,1,0,40.0,233.35,0,2025-04-26,2025-04-26,0,0
P006196,2,0,70.5,2006.6999999999998,0,2026-08-10,2026-09-21,1,0
P006197,1,0,21.0,1465.21,0,2024-10-08,2024-10-08,0,0
P006198,2,2,53.5,27737.05,0,2025-06-18,2026-05-04,1,0
P006199,1,0,37.0,461.84,0,2025-03-19,2025-03-19,0,0
P006200,1,0,29.0,597.22,0,2024-02-29,2024-02-29,0,0
P006201,1,1,106.0,4595.92,0,2024-05-18,2024-05-18,0,0
P006202,4,2,99.75,18176.76,0,2025-07-27,2026-08-21,1,1
P006203,3,1,58.0,7598.429999999999,0,2024-07-06,2025-10-31,1,0
P006204,2,0,57.0,847.4300000000001,0,2024-05-02,2024-05-10,1,0
P006205,1,1,35.0,13782.83,0,2025-07-24,2025-07-24,0,0
P006206,1,0,18.0,542.27,0,2025-12-27,2025-12-27,0,0
P006207,2,0,35.0,805.4000000000001,0,2025-06-06,2025-09-23,1,0
P006208,2,0,28.0,2630.43,0,2024-08-03,2025-05-02,1,0
P006209,1,0,12.0,299.13,0,2025-11-18,2025-11-18,0,0
P006210,1,0,126.0,942.59,0,2026-01-13,2026-01-13,0,0
P006211,2,0,22.0,689.8,0,2024-11-25,2024-12-05,1,0
P006212,2,1,47.5,11509.640000000001,0,2026-07-21,2026-09-21,1,0
P006213,1,1,48.0,12106.79,0,2026-06-12,2026-06-12,0,0
P006214,3,1,49.0,6277.55,0,2024-03-12,2024-11-10,1,0
P006215,1,1,79.0,29591.29,0,2026-06-10,2026-06-10,0,0
P006216,1,1,35.0,15785.76,0,2025-08-15,2025-08-15,0,0
P006217,1,1,16.0,11041.9,0,2024-09-23,2024-09-23,0,0
P006218,1,0,46.0,622.77,0,2025-06-08,2025-06-08,0,0
P006219,1,1,120.0,8663.43,0,2024-02-14,2024-02-14,0,0
P006220,1,0,11.0,647.79,0,2026-06-27,2026-06-27,0,0
P006221,1,1,92.0,3569.6,0,2026-02-26,2026-02-26,0,0
P006222,1,1,49.0,1649.63,0,2026-06-14,2026-06-14,0,0
P006223,2,1,47.0,13913.58,0,2025-12-11,2026-09-23,1,0
P006224,1,0,40.0,562.36,0,2026-03-17,2026-03-17,0,0
P006225,1,0,60.0,597.51,0,2024-09-17,2024-09-17,0,0
P006226,2,1,109.0,3525.45,0,2025-09-22,2025-09-29,1,0
P006227,1,0,42.0,372.96,0,2025-08-03,2025-08-03,0,0
P006228,2,1,61.5,12630.07,0,2024-04-05,2024-08-14,1,0
P006229,4,0,45.25,2419.88,0,2026-04-11,2026-09-23,1,1
P006230,2,1,41.0,7031.18,0,2026-01-08,2026-04-04,1,0
P006231,2,1,62.0,5298.290000000001,0,2025-06-06,2025-07-15,1,0
P006232,1,0,10.0,312.57,0,2024-08-18,2024-08-18,0,0
P006233,1,0,14.0,359.41,0,2025-03-20,2025-03-20,0,0
P006234,1,0,19.0,435.12,0,2024-05-27,2024-05-27,0,0
P006235,1,0,20.0,277.53,0,2025-07-01,2025-07-01,0,0
P006236,4,2,65.5,17974.739999999998,0,2024-07-29,2025-06-12,1,1
P006237,1,1,78.0,10182.77,0,2024-10-18,2024-10-18,0,0
P006238,1,0,23.0,599.84,0,2024-12-02,2024-12-02,0,0
P006239,1,0,34.0,609.72,0,2025-05-17,2025-05-17,0,0
P006240,1,0,87.0,1622.44,0,2026-08-01,2026-08-01,0,0
P006241,2,0,30.5,683.14,0,2024-12-14,2025-10-01,1,0
P006242,1,0,68.0,937.75,0,2025-12-14,2025-12-14,0,0
P006243,1,0,22.0,251.22,0,2024-02-18,2024-02-18,0,0
P006244,1,1,41.0,1034.33,0,2025-04-06,2025-04-06,0,0
P006245,1,0,75.0,706.64,0,2026-01-24,2026-01-24,0,0
P006246,2,0,50.5,1809.4,0,2026-07-28,2026-09-12,1,0
P006247,1,1,40.0,18607.84,0,2024-05-17,2024-05-17,0,0
P006248,2,0,32.5,1988.94,0,2024-09-03,2024-12-26,1,0
P006249,1,0,21.0,441.88,0,2026-06-23,2026-06-23,0,0
P006250,1,0,80.0,241.95,0,2026-09-08,2026-09-08,0,0
P006251,1,1,71.0,3068.15,0,2025-11-11,2025-11-11,0,0
P006252,2,2,42.5,11594.86,0,2025-08-10,2025-10-17,1,0
P006253,3,1,89.66666666666667,10289.79,0,2024-01-13,2025-04-24,1,0
P006254,1,0,52.0,456.3,0,2025-10-08,2025-10-08,0,0
P006255,5,3,28.0,24437.949999999997,0,2024-06-08,2026-07-11,1,1
P006256,1,0,14.0,273.6,0,2024-11-28,2024-11-28,0,0
P006257,2,1,70.5,3478.75,0,2025-03-02,2025-07-20,1,0
P006258,1,0,44.0,294.12,0,2026-07-01,2026-07-01,0,0
P006259,1,1,16.0,11687.88,0,2025-03-26,2025-03-26,0,0
P006260,1,1,41.0,6913.01,0,2024-02-17,2024-02-17,0,0
P006261,2,2,77.5,23805.36,0,2024-05-11,2024-06-02,1,0
P006262,1,0,19.0,165.04,0,2024-07-16,2024-07-16,0,0
P006263,1,0,39.0,190.36,0,2026-04-22,2026-04-22,0,0
P006264,1,0,87.0,2516.8,0,2024-04-11,2024-04-11,0,0
P006265,3,1,31.0,13846.37,1,2025-11-12,2026-06-17,1,0
P006266,1,1,52.0,8214.92,0,2025-12-09,2025-12-09,0,0
P006267,3,1,58.0,9744.26,0,2024-08-28,2025-05-03,1,0
P006268,1,0,26.0,874.64,0,2026-09-08,2026-09-08,0,0
P006269,3,2,23.333333333333332,5996.049999999999,0,2026-09-11,2026-09-30,1,0
P006270,3,2,93.33333333333333,17759.8,0,2026-05-22,2026-09-21,1,0
P006271,1,0,15.0,214.24,0,2025-06-23,2025-06-23,0,0
P006272,1,0,22.0,320.75,0,2024-07-29,2024-07-29,0,0
P006273,2,2,56.5,10168.11,0,2024-05-31,2024-09-27,1,0
P006274,3,0,21.333333333333332,3831.38,0,2024-05-24,2026-03-20,1,0
P006275,3,1,41.0,16333.09,0,2024-02-22,2024-08-20,1,0
P006276,2,0,17.0,1298.84,0,2024-01-28,2024-02-08,1,0
P006277,1,1,73.0,25338.84,0,2025-10-21,2025-10-21,0,0
P006278,1,0,17.0,499.42,0,2024-09-18,2024-09-18,0,0
P006279,1,1,156.0,8483.66,0,2025-09-01,2025-09-01,0,0
P006280,1,1,49.0,3074.14,0,2024-09-30,2024-09-30,0,0
P006281,1,0,55.0,1030.94,0,2024-10-24,2024-10-24,0,0
P006282,4,2,45.75,12949.929999999998,0,2024-03-02,2024-08-08,1,1
P006283,2,0,27.0,913.01,0,2025-12-28,2026-03-31,1,0
P006284,1,1,82.0,7495.36,0,2024-08-12,2024-08-12,0,0
P006285,1,1,43.0,2302.57,0,2024-10-28,2024-10-28,0,0
P006286,1,0,31.0,405.83,0,2024-08-05,2024-08-05,0,0
P006287,2,1,42.5,2082.45,0,2025-01-27,2025-02-18,1,0
P006288,1,1,50.0,8242.3,0,2024-06-25,2024-06-25,0,0
P006289,4,3,57.75,20813.54,0,2024-01-26,2025-04-04,1,1
P006290,1,1,31.0,38054.8,0,2024-11-24,2024-11-24,0,0
P006291,2,2,48.0,37521.979999999996,0,2024-08-25,2024-11-18,1,0
P006292,1,0,24.0,914.19,0,2025-08-10,2025-08-10,0,0
P006293,3,1,57.0,7572.14,0,2024-08-10,2025-05-21,1,0
P006294,2,1,32.5,11305.949999999999,0,2024-07-11,2025-09-04,1,0
P006295,2,0,115.0,1944.6,0,2024-01-01,2024-04-21,1,0
P006296,1,0,126.0,540.73,0,2024-10-16,2024-10-16,0,0
P006297,1,1,52.0,22323.34,0,2025-03-28,2025-03-28,0,0
P006298,1,0,36.0,902.05,0,2025-08-26,2025-08-26,0,0
P006299,1,0,18.0,199.21,0,2026-05-06,2026-05-06,0,0
P006300,2,1,31.5,1767.34,0,2025-10-16,2026-03-23,1,0
P006301,1,0,206.0,758.08,0,2024-06-23,2024-06-23,0,0
P006302,1,0,31.0,396.34,0,2024-06-29,2024-06-29,0,0
P006303,4,2,73.75,20357.59,0,2024-11-21,2026-04-21,1,1
P006304,1,0,75.0,1592.16,0,2024-04-05,2024-04-05,0,0
P006305,2,0,73.5,1636.71,0,2024-02-23,2024-03-31,1,0
P006306,1,0,27.0,1128.84,0,2025-10-08,2025-10-08,0,0
P006307,3,2,68.0,17283.52,0,2025-08-10,2026-08-15,1,0
P006308,2,1,39.5,3882.6,0,2025-01-16,2026-01-28,1,0
P006309,1,1,59.0,13766.96,0,2024-07-28,2024-07-28,0,0
P006310,1,1,63.0,16388.15,0,2024-04-29,2024-04-29,0,0
P006311,1,1,76.0,8064.4,0,2024-12-15,2024-12-15,0,0
P006312,1,0,66.0,1165.85,0,2025-03-23,2025-03-23,0,0
P006313,2,0,36.0,1151.28,0,2024-04-28,2025-01-31,1,0
P006314,1,0,34.0,1024.09,0,2026-03-08,2026-03-08,0,0
P006315,1,1,46.0,7578.6,0,2025-04-12,2025-04-12,0,0
P006316,1,0,34.0,419.28,0,2026-02-10,2026-02-10,0,0
P006317,2,1,44.5,23210.190000000002,0,2024-07-25,2024-08-25,1,0
P006318,2,1,54.5,2132.34,0,2026-04-30,2026-09-21,1,0
P006319,1,0,30.0,299.27,0,2025-12-08,2025-12-08,0,0
P006320,2,1,46.0,9429.27,0,2025-09-07,2025-11-12,1,0
P006321,6,1,41.333333333333336,17260.120000000003,0,2025-02-08,2026-09-25,1,1
P006322,1,0,171.0,1134.97,0,2026-01-28,2026-01-28,0,0
P006323,3,1,27.0,11994.380000000001,0,2026-06-29,2026-09-27,1,0
P006324,1,1,58.0,15143.43,0,2024-10-24,2024-10-24,0,0
P006325,1,0,14.0,174.88,0,2025-12-09,2025-12-09,0,0
P006326,2,0,25.5,543.46,0,2024-05-18,2025-04-02,1,0
P006327,2,2,86.0,8013.16,0,2026-05-24,2026-09-09,1,0
P006328,3,0,30.333333333333332,1722.17,0,2026-01-28,2026-09-28,1,0
P006329,4,1,75.0,13799.58,0,2026-08-04,2026-09-26,1,1
P006330,2,1,37.5,7836.82,0,2024-05-15,2024-08-14,1,0
P006331,3,1,98.0,6122.97,0,2026-01-27,2026-06-11,1,0
P006332,1,0,125.0,316.44,0,2025-01-21,2025-01-21,0,0
P006333,3,1,38.0,22249.46,0,2026-07-26,2026-09-26,1,0
P006334,1,1,132.0,5216.95,0,2026-01-14,2026-01-14,0,0
P006335,2,0,23.5,693.78,0,2024-02-04,2024-04-02,1,0
P006336,2,1,54.5,5318.01,0,2024-05-19,2024-07-27,1,0
P006337,1,0,160.0,1090.63,0,2025-12-26,2025-12-26,0,0
P006338,1,0,20.0,208.92,0,2026-07-04,2026-07-04,0,0
P006339,3,0,63.0,1004.76,0,2026-09-11,2026-09-22,1,0
P006340,3,1,48.666666666666664,3408.3199999999997,0,2024-02-12,2024-08-25,1,0
P006341,1,1,59.0,521.75,0,2025-01-19,2025-01-19,0,0
P006342,2,1,35.0,2165.73,0,2026-05-23,2026-09-10,1,0
P006343,2,1,51.0,2209.7599999999998,0,2026-04-03,2026-05-28,1,0
P006344,1,0,64.0,806.95,0,2026-05-27,2026-05-27,0,0
P006345,1,1,34.0,3040.98,0,2025-10-03,2025-10-03,0,0
P006346,2,1,66.5,8180.64,0,2025-02-17,2025-04-03,1,0
P006347,2,2,43.0,21035.76,0,2024-12-12,2025-08-19,1,0
P006348,2,2,40.0,8207.529999999999,0,2026-01-16,2026-09-26,1,0
P006349,1,0,92.0,2435.26,0,2026-05-03,2026-05-03,0,0
P006350,3,1,54.0,6022.29,0,2025-07-02,2026-08-16,1,0
P006351,1,1,96.0,13274.02,0,2025-06-22,2025-06-22,0,0
P006352,3,0,29.0,1642.95,0,2026-01-30,2026-07-31,1,0
P006353,3,0,14.666666666666666,1629.76,0,2024-09-14,2025-06-03,1,0
P006354,1,0,66.0,714.97,0,2026-01-19,2026-01-19,0,0
P006355,2,1,64.5,7334.549999999999,0,2025-04-17,2025-05-23,1,0
P006356,3,1,70.66666666666667,10124.17,0,2026-05-12,2026-09-18,1,0
P006357,2,0,23.5,1029.12,0,2024-10-25,2024-11-03,1,0
P006358,4,1,57.75,13063.470000000001,0,2026-05-20,2026-09-29,1,1
P006359,1,1,42.0,1696.87,0,2025-04-18,2025-04-18,0,0
P006360,1,0,23.0,182.88,0,2025-07-23,2025-07-23,0,0
P006361,1,0,20.0,381.45,0,2026-04-17,2026-04-17,0,0
P006362,1,1,42.0,14761.15,0,2025-12-13,2025-12-13,0,0
P006363,4,1,48.25,12763.41,0,2025-01-08,2025-07-17,1,1
P006364,2,1,26.5,7409.78,0,2024-01-04,2025-01-29,1,0
P006365,3,1,44.333333333333336,2616.78,0,2025-09-02,2026-08-13,1,0
P006366,2,1,25.5,11465.98,0,2026-04-27,2026-07-05,1,0
P006367,3,1,44.0,12845.789999999999,0,2024-11-14,2026-01-24,1,0
P006368,3,3,66.66666666666667,31476.83,0,2024-04-04,2026-09-30,1,0
P006369,1,1,74.0,1295.18,0,2025-05-01,2025-05-01,0,0
P006370,1,0,19.0,413.15,0,2024-04-01,2024-04-01,0,0
P006371,1,0,87.0,987.08,0,2026-09-14,2026-09-14,0,0
P006372,2,1,24.0,1778.31,0,2025-01-07,2025-05-04,1,0
P006373,1,0,27.0,782.25,0,2025-10-16,2025-10-16,0,0
P006374,1,0,12.0,356.93,0,2026-07-13,2026-07-13,0,0
P006375,1,0,17.0,230.93,0,2024-01-31,2024-01-31,0,0
P006376,2,2,67.0,16336.42,0,2025-08-29,2025-12-04,1,0
P006377,1,0,116.0,1593.12,0,2026-05-29,2026-05-29,0,0
P006378,1,0,15.0,787.62,0,2025-05-13,2025-05-13,0,0
P006379,1,0,52.0,1738.31,0,2025-11-19,2025-11-19,0,0
P006380,1,1,102.0,8742.94,0,2026-06-12,2026-06-12,0,0
P006381,1,0,74.0,491.69,0,2025-12-23,2025-12-23,0,0
P006382,1,1,21.0,11832.3,0,2026-01-27,2026-01-27,0,0
P006383,2,1,41.0,9328.439999999999,0,2025-10-12,2026-06-21,1,0
P006384,1,1,80.0,10031.17,0,2025-12-12,2025-12-12,0,0
P006385,1,0,22.0,147.58,0,2024-11-24,2024-11-24,0,0
P006386,3,0,37.666666666666664,2546.06,0,2026-09-10,2026-09-28,1,0
P006387,1,0,15.0,704.51,0,2025-03-30,2025-03-30,0,0
P006388,1,1,116.0,3011.18,0,2025-08-18,2025-08-18,0,0
P006389,2,1,30.5,10960.28,0,2026-02-27,2026-05-16,1,0
P006390,1,0,32.0,645.46,0,2026-08-21,2026-08-21,0,0
P006391,1,0,60.0,859.61,0,2025-10-16,2025-10-16,0,0
P006392,3,0,27.666666666666668,1875.08,0,2025-02-10,2025-09-07,1,0
P006393,1,1,21.0,7971.56,0,2024-09-12,2024-09-12,0,0
P006394,1,0,17.0,365.17,0,2024-01-27,2024-01-27,0,0
P006395,1,1,68.0,6937.07,0,2025-02-07,2025-02-07,0,0
P006396,2,0,31.5,653.12,0,2025-05-19,2025-05-26,1,0
P006397,1,0,12.0,215.61,0,2024-05-15,2024-05-15,0,0
P006398,1,0,72.0,863.61,0,2026-08-22,2026-08-22,0,0
P006399,2,0,25.0,901.69,0,2024-02-26,2025-01-07,1,0
P006400,1,0,27.0,299.38,0,2025-10-26,2025-10-26,0,0
P006401,1,0,19.0,809.12,0,2025-12-02,2025-12-02,0,0
P006402,1,1,70.0,2432.07,0,2026-03-16,2026-03-16,0,0
P006403,3,2,54.333333333333336,24549.489999999998,0,2024-04-17,2025-06-10,1,0
P006404,4,1,29.0,7696.11,0,2025-03-03,2026-01-27,1,1
P006405,1,0,34.0,713.35,0,2025-02-08,2025-02-08,0,0
P006406,1,0,50.0,3038.21,0,2025-12-04,2025-12-04,0,0
P006407,2,1,46.0,2494.61,0,2026-04-18,2026-09-14,1,0
P006408,1,0,7.0,462.93,0,2025-10-01,2025-10-01,0,0
P006409,1,1,60.0,15356.59,0,2025-11-02,2025-11-02,0,0
P006410,2,1,44.0,6250.04,0,2025-04-13,2025-04-27,1,0
P006411,2,0,55.5,1682.05,0,2025-03-21,2026-04-15,1,0
P006412,1,1,55.0,19549.79,0,2025-05-20,2025-05-20,0,0
P006413,1,0,49.0,164.0,0,2026-04-09,2026-04-09,0,0
P006414,1,0,41.0,1489.12,0,2026-02-10,2026-02-10,0,0
P006415,1,0,14.0,383.3,0,2024-02-13,2024-02-13,0,0
P006416,2,2,39.0,5337.400000000001,0,2025-01-25,2025-02-17,1,0
P006417,3,1,32.333333333333336,11348.17,0,2025-07-05,2026-09-27,1,0
P006418,2,0,56.5,819.3199999999999,0,2024-01-13,2024-06-18,1,0
P006419,1,1,60.0,2490.83,0,2026-04-19,2026-04-19,0,0
P006420,1,0,22.0,180.54,0,2025-04-26,2025-04-26,0,0
P006421,2,0,28.5,1337.73,0,2024-11-03,2025-10-16,1,0
P006422,1,0,19.0,436.41,0,2026-04-26,2026-04-26,0,0
P006423,2,1,58.5,4190.62,0,2025-09-21,2026-04-22,1,0
P006424,1,0,33.0,273.71,0,2024-03-24,2024-03-24,0,0
P006425,1,0,33.0,695.74,0,2024-11-26,2024-11-26,0,0
P006426,3,1,43.666666666666664,9605.1,0,2024-04-04,2025-04-17,1,0
P006427,1,0,27.0,161.53,0,2024-12-07,2024-12-07,0,0
P006428,1,1,72.0,7783.2,0,2025-01-23,2025-01-23,0,0
P006429,2,1,31.5,9954.45,0,2024-07-17,2024-12-03,1,0
P006430,1,0,133.0,788.61,0,2024-12-08,2024-12-08,0,0
P006431,3,1,55.666666666666664,16468.33,0,2024-01-29,2025-02-07,1,0
P006432,1,1,65.0,1308.13,0,2025-10-31,2025-10-31,0,0
P006433,1,0,39.0,318.91,0,2026-01-07,2026-01-07,0,0
P006434,2,1,68.5,3071.01,0,2026-01-23,2026-05-17,1,0
P006435,1,0,106.0,1635.76,0,2025-05-14,2025-05-14,0,0
P006436,3,0,32.0,1717.79,0,2025-04-01,2026-06-11,1,0
P006437,1,0,37.0,1525.17,0,2024-01-26,2024-01-26,0,0
P006438,1,1,33.0,9439.48,0,2026-01-15,2026-01-15,0,0
P006439,1,0,17.0,418.2,0,2025-09-07,2025-09-07,0,0
P006440,1,0,52.0,471.88,0,2026-01-11,2026-01-11,0,0
P006441,4,4,48.0,27678.18,0,2025-12-06,2026-09-28,1,1
P006442,1,1,31.0,21305.56,0,2025-07-15,2025-07-15,0,0
P006443,1,1,79.0,7526.03,0,2024-01-08,2024-01-08,0,0
P006444,1,0,30.0,399.58,0,2024-01-08,2024-01-08,0,0
P006445,1,1,39.0,6506.66,0,2024-03-11,2024-03-11,0,0
P006446,2,1,71.0,5112.85,0,2024-04-30,2025-03-06,1,0
P006447,5,1,30.4,16356.61,0,2026-08-09,2026-09-30,1,1
P006448,3,0,48.0,1849.27,0,2025-02-08,2026-02-11,1,0
P006449,2,1,92.5,2394.2799999999997,0,2026-05-18,2026-06-17,1,0
P006450,2,1,74.0,3617.0599999999995,0,2026-02-21,2026-07-23,1,0
P006451,1,1,40.0,6286.02,0,2025-03-15,2025-03-15,0,0
P006452,5,3,51.4,41771.42,0,2024-02-24,2025-12-04,1,1
P006453,5,0,50.8,3024.61,0,2024-07-21,2026-09-21,1,1
P006454,1,0,19.0,530.74,0,2026-01-31,2026-01-31,0,0
P006455,1,0,179.0,907.17,0,2024-12-17,2024-12-17,0,0
P006456,1,0,8.0,845.26,0,2024-04-08,2024-04-08,0,0
P006457,1,0,64.0,1247.07,0,2025-09-08,2025-09-08,0,0
P006458,1,0,26.0,960.1,0,2026-06-12,2026-06-12,0,0
P006459,4,2,47.75,24818.66,0,2025-08-12,2026-09-21,1,1
P006460,1,1,42.0,3854.13,0,2025-04-06,2025-04-06,0,0
P006461,1,0,22.0,230.71,0,2025-12-11,2025-12-11,0,0
P006462,1,1,102.0,9936.42,0,2026-09-08,2026-09-08,0,0
P006463,1,1,46.0,2271.49,0,2025-03-30,2025-03-30,0,0
P006464,1,1,66.0,6135.9,0,2025-11-23,2025-11-23,0,0
P006465,1,0,92.0,1022.32,0,2024-03-02,2024-03-02,0,0
P006466,1,1,20.0,1104.95,0,2025-09-13,2025-09-13,0,0
P006467,1,0,107.0,1160.45,0,2025-10-14,2025-10-14,0,0
P006468,2,1,37.5,5495.52,0,2024-07-07,2024-08-02,1,0
P006469,2,0,64.0,1011.16,0,2025-01-16,2025-03-29,1,0
P006470,1,0,15.0,187.62,0,2024-07-14,2024-07-14,0,0
P006471,2,2,52.5,9873.189999999999,0,2024-05-01,2024-11-15,1,0
P006472,1,1,102.0,14495.73,0,2024-07-18,2024-07-18,0,0
P006473,1,0,44.0,600.41,0,2025-02-27,2025-02-27,0,0
P006474,2,1,54.0,8305.41,0,2024-02-07,2025-03-02,1,0
P006475,1,0,9.0,548.82,0,2024-12-07,2024-12-07,0,0
P006476,1,1,43.0,6940.22,0,2026-01-19,2026-01-19,0,0
P006477,2,1,89.0,12883.0,0,2025-08-17,2025-09-15,1,0
P006478,1,1,52.0,8153.19,0,2026-08-23,2026-08-23,0,0
P006479,1,0,104.0,718.02,0,2024-12-14,2024-12-14,0,0
P006480,1,0,25.0,114.36,0,2024-05-14,2024-05-14,0,0
P006481,1,1,27.0,5271.1,0,2025-11-12,2025-11-12,0,0
P006482,2,1,24.0,3107.1,0,2026-04-07,2026-04-16,1,0
P006483,5,4,51.8,56082.75,0,2025-04-13,2026-09-26,1,1
P006484,1,1,73.0,9762.07,0,2025-02-16,2025-02-16,0,0
P006485,1,0,52.0,492.16,0,2026-02-16,2026-02-16,0,0
P006486,1,0,89.0,606.88,0,2026-06-25,2026-06-25,0,0
P006487,1,1,29.0,8979.62,0,2025-08-18,2025-08-18,0,0
P006488,5,2,39.4,11262.5,1,2026-02-12,2026-09-27,1,1
P006489,1,0,23.0,1082.16,0,2026-01-30,2026-01-30,0,0
P006490,2,2,47.5,20423.57,0,2024-06-29,2025-04-20,1,0
P006491,1,1,35.0,1203.64,0,2024-04-12,2024-04-12,0,0
P006492,2,1,43.5,10979.77,0,2026-01-16,2026-07-12,1,0
P006493,1,1,58.0,2051.54,0,2024-11-10,2024-11-10,0,0
P006494,1,0,44.0,674.03,0,2025-04-09,2025-04-09,0,0
P006495,1,0,11.0,625.29,0,2026-07-02,2026-07-02,0,0
P006496,1,0,40.0,184.56,0,2024-06-30,2024-06-30,0,0
P006497,3,0,51.0,2336.2799999999997,0,2025-08-23,2026-06-06,1,0
P006498,1,0,77.0,483.82,0,2025-10-11,2025-10-11,0,0
P006499,1,0,27.0,344.92,0,2025-12-02,2025-12-02,0,0
P006500,1,1,53.0,30113.45,0,2026-09-06,2026-09-06,0,0
P006501,2,0,53.0,2377.02,0,2026-07-06,2026-07-22,1,0
P006502,1,1,72.0,11252.37,0,2025-05-18,2025-05-18,0,0
P006503,1,1,77.0,1697.26,0,2025-12-06,2025-12-06,0,0
P006504,2,0,21.0,486.25,0,2026-07-17,2026-09-12,1,0
P006505,3,2,109.33333333333333,17449.12,0,2024-11-13,2026-09-24,1,0
P006506,3,0,19.0,1924.56,0,2024-07-26,2024-10-16,1,0
P006507,2,0,32.0,847.59,0,2026-08-12,2026-09-21,1,0
P006508,1,0,36.0,171.88,0,2025-04-08,2025-04-08,0,0
P006509,1,0,19.0,383.4,0,2026-03-31,2026-03-31,0,0
P006510,6,2,31.0,23645.739999999998,0,2025-02-02,2026-09-27,1,1
P006511,4,2,78.5,14109.25,0,2025-12-14,2026-09-05,1,1
P006512,1,0,67.0,976.46,0,2024-03-27,2024-03-27,0,0
P006513,1,0,13.0,570.2,0,2025-05-25,2025-05-25,0,0
P006514,1,0,28.0,288.01,0,2026-01-31,2026-01-31,0,0
P006515,2,0,23.5,1220.13,0,2025-07-29,2026-05-30,1,0
P006516,1,0,20.0,355.57,0,2025-04-07,2025-04-07,0,0
P006517,1,0,13.0,332.2,0,2026-07-11,2026-07-11,0,0
P006518,1,0,13.0,248.46,0,2026-08-13,2026-08-13,0,0
P006519,1,1,33.0,16609.81,0,2026-04-26,2026-04-26,0,0
P006520,2,0,32.5,1113.8600000000001,0,2026-07-14,2026-09-10,1,0
P006521,1,1,39.0,12847.81,0,2024-07-10,2024-07-10,0,0
P006522,1,1,84.0,2246.91,0,2024-09-27,2024-09-27,0,0
P006523,1,0,40.0,813.32,0,2025-05-17,2025-05-17,0,0
P006524,1,0,8.0,204.8,0,2024-04-06,2024-04-06,0,0
P006525,1,0,74.0,484.75,0,2024-02-25,2024-02-25,0,0
P006526,5,2,42.8,44086.759999999995,0,2024-04-05,2026-08-14,1,1
P006527,1,1,48.0,14133.5,0,2024-01-25,2024-01-25,0,0
P006528,1,1,40.0,15015.15,0,2025-07-07,2025-07-07,0,0
P006529,1,0,13.0,301.62,0,2024-03-03,2024-03-03,0,0
P006530,1,0,94.0,1613.24,0,2025-09-04,2025-09-04,0,0
P006531,1,0,58.0,364.21,0,2025-03-18,2025-03-18,0,0
P006532,4,2,44.25,16725.72,0,2024-06-11,2026-04-01,1,1
P006533,1,0,16.0,971.1,0,2025-01-23,2025-01-23,0,0
P006534,3,0,32.333333333333336,2891.07,0,2024-11-06,2025-11-04,1,0
P006535,2,2,64.0,9917.689999999999,0,2026-05-23,2026-09-16,1,0
P006536,1,1,27.0,5010.03,0,2025-01-16,2025-01-16,0,0
P006537,1,0,83.0,1578.75,0,2025-07-16,2025-07-16,0,0
P006538,1,0,11.0,461.33,0,2026-05-28,2026-05-28,0,0
P006539,5,3,78.0,33330.1,0,2026-06-20,2026-09-30,1,1
P006540,1,0,84.0,743.57,0,2026-05-12,2026-05-12,0,0
P006541,1,1,28.0,9002.41,0,2025-11-24,2025-11-24,0,0
P006542,2,1,47.0,5724.26,0,2026-08-11,2026-09-14,1,0
P006543,1,0,40.0,891.94,0,2024-02-21,2024-02-21,0,0
P006544,2,1,50.5,9502.16,0,2025-09-17,2025-09-28,1,0
P006545,1,1,84.0,9863.23,0,2024-04-15,2024-04-15,0,0
P006546,1,1,69.0,8708.5,0,2026-01-11,2026-01-11,0,0
P006547,1,0,26.0,565.03,0,2024-03-27,2024-03-27,0,0
P006548,2,1,30.0,1500.13,0,2024-01-27,2024-03-23,1,0
P006549,1,0,22.0,743.43,0,2024-12-03,2024-12-03,0,0
P006550,2,0,69.5,900.61,0,2024-03-31,2025-01-06,1,0
P006551,1,1,20.0,6478.54,0,2024-09-16,2024-09-16,0,0
P006552,1,1,103.0,11514.57,0,2026-01-26,2026-01-26,0,0
P006553,1,1,38.0,5107.35,0,2024-06-28,2024-06-28,0,0
P006554,1,0,54.0,2021.32,0,2026-05-02,2026-05-02,0,0
P006555,3,0,40.666666666666664,2376.1099999999997,0,2024-05-22,2025-04-14,1,0
P006556,1,1,39.0,11429.19,0,2024-11-21,2024-11-21,0,0
P006557,1,1,37.0,5705.71,0,2025-07-17,2025-07-17,0,0
P006558,2,0,37.0,2161.89,0,2025-09-17,2025-09-26,1,0
P006559,1,1,58.0,1947.97,0,2026-02-02,2026-02-02,0,0
P006560,3,1,42.0,13287.52,0,2024-03-07,2025-06-29,1,0
P006561,1,0,29.0,370.8,0,2026-01-25,2026-01-25,0,0
P006562,1,1,43.0,4686.11,0,2025-04-04,2025-04-04,0,0
P006563,5,1,25.0,3415.36,0,2026-08-17,2026-09-27,1,1
P006564,3,0,31.0,1107.12,0,2024-02-02,2024-08-04,1,0
P006565,1,0,161.0,819.15,0,2026-05-12,2026-05-12,0,0
P006566,2,1,44.0,3739.76,0,2024-01-10,2025-01-20,1,0
P006567,2,1,52.5,10486.76,0,2026-09-23,2026-09-28,1,0
P006568,3,0,22.0,1489.0,0,2026-02-05,2026-09-13,1,0
P006569,2,0,23.5,1377.8600000000001,0,2025-01-25,2025-07-28,1,0
P006570,1,0,172.0,746.04,0,2024-02-16,2024-02-16,0,0
P006571,3,3,69.0,19952.41,0,2026-04-19,2026-09-14,1,0
P006572,4,1,26.75,9032.16,0,2024-02-21,2024-11-11,1,1
P006573,1,0,14.0,637.01,0,2026-06-29,2026-06-29,0,0
P006574,1,1,52.0,4552.59,0,2025-08-25,2025-08-25,0,0
P006575,1,0,87.0,1375.26,0,2025-02-27,2025-02-27,0,0
P006576,2,1,38.5,6208.08,0,2026-05-11,2026-08-06,1,0
P006577,1,0,9.0,1140.01,0,2024-02-20,2024-02-20,0,0
P006578,1,1,70.0,11063.66,0,2026-09-06,2026-09-06,0,0
P006579,2,0,23.0,789.9000000000001,0,2024-09-04,2025-02-11,1,0
P006580,1,0,30.0,757.76,0,2026-05-18,2026-05-18,0,0
P006581,1,0,15.0,199.64,0,2024-03-03,2024-03-03,0,0
P006582,5,2,62.2,6911.43,0,2024-11-21,2025-06-05,1,1
P006583,1,0,50.0,502.65,0,2026-08-15,2026-08-15,0,0
P006584,2,2,33.5,22126.68,0,2025-08-10,2025-10-04,1,0
P006585,1,0,157.0,1112.02,0,2025-11-22,2025-11-22,0,0
P006586,1,0,39.0,225.61,0,2024-12-22,2024-12-22,0,0
P006587,1,0,22.0,279.32,0,2026-03-02,2026-03-02,0,0
P006588,1,0,83.0,433.47,0,2024-03-15,2024-03-15,0,0
P006589,2,0,45.0,2667.6400000000003,0,2026-06-30,2026-07-21,1,0
P006590,1,0,28.0,211.54,0,2026-08-13,2026-08-13,0,0
P006591,1,0,117.0,1353.45,0,2024-11-12,2024-11-12,0,0
P006592,1,1,72.0,3853.72,0,2025-03-18,2025-03-18,0,0
P006593,1,0,48.0,1942.28,0,2024-03-10,2024-03-10,0,0
P006594,3,2,54.666666666666664,8149.639999999999,0,2024-06-04,2025-04-30,1,0
P006595,2,0,83.0,1959.7600000000002,0,2024-01-18,2024-07-05,1,0
P006596,2,1,16.0,10130.84,0,2024-04-11,2024-11-02,1,0
P006597,3,1,26.0,1946.9,0,2024-07-28,2025-10-26,1,0
P006598,1,0,19.0,355.01,0,2026-04-05,2026-04-05,0,0
P006599,3,2,107.0,39073.81,0,2024-11-09,2025-12-21,1,0
P006600,5,1,42.0,18517.920000000002,0,2026-06-09,2026-09-28,1,1
P006601,1,0,47.0,456.89,0,2024-04-12,2024-04-12,0,0
P006602,2,0,33.0,702.65,0,2026-07-13,2026-09-21,1,0
P006603,1,1,64.0,6672.53,0,2026-07-07,2026-07-07,0,0
P006604,3,1,34.333333333333336,12853.73,0,2026-04-01,2026-09-23,1,0
P006605,1,0,18.0,222.43,0,2026-01-06,2026-01-06,0,0
P006606,2,1,33.0,10119.83,1,2025-11-28,2025-12-17,1,0
P006607,1,0,22.0,546.45,0,2025-08-10,2025-08-10,0,0
P006608,1,0,57.0,922.48,0,2024-07-21,2024-07-21,0,0
P006609,1,0,43.0,925.62,0,2025-06-10,2025-06-10,0,0
P006610,1,0,70.0,1028.8,0,2026-03-22,2026-03-22,0,0
P006611,1,1,73.0,7659.52,0,2024-06-04,2024-06-04,0,0
P006612,2,2,57.5,17347.399999999998,0,2025-01-11,2025-05-14,1,0
P006613,1,1,70.0,16107.48,0,2025-09-19,2025-09-19,0,0
P006614,1,0,69.0,235.49,0,2025-12-12,2025-12-12,0,0
P006615,1,0,18.0,270.37,0,2025-05-20,2025-05-20,0,0
P006616,2,0,106.0,2043.6599999999999,0,2025-05-26,2026-03-30,1,0
P006617,1,0,101.0,627.75,0,2025-11-10,2025-11-10,0,0
P006618,1,0,53.0,338.94,0,2025-08-05,2025-08-05,0,0
P006619,1,0,71.0,481.83,0,2026-02-07,2026-02-07,0,0
P006620,1,1,76.0,14089.79,0,2024-07-04,2024-07-04,0,0
P006621,1,0,64.0,1395.47,0,2026-02-02,2026-02-02,0,0
P006622,3,1,36.0,6290.51,0,2026-03-25,2026-09-27,1,0
P006623,1,0,27.0,342.26,0,2024-01-05,2024-01-05,0,0
P006624,2,0,44.0,1524.57,0,2024-06-06,2024-07-01,1,0
P006625,2,0,24.5,780.8,0,2025-08-29,2025-09-09,1,0
P006626,1,0,70.0,1050.31,0,2026-04-26,2026-04-26,0,0
P006627,1,1,47.0,5283.03,0,2026-09-02,2026-09-02,0,0
P006628,1,0,19.0,213.93,0,2026-09-14,2026-09-14,0,0
P006629,1,0,63.0,1381.42,0,2024-08-24,2024-08-24,0,0
P006630,4,1,53.0,7048.98,0,2024-11-18,2025-03-26,1,1
P006631,1,0,44.0,652.19,0,2025-11-21,2025-11-21,0,0
P006632,1,1,91.0,14252.05,0,2026-09-04,2026-09-04,0,0
P006633,2,1,68.5,7400.0,0,2025-07-02,2026-01-08,1,0
P006634,3,1,38.0,6436.24,0,2026-08-26,2026-09-26,1,0
P006635,1,1,82.0,1781.37,0,2025-05-05,2025-05-05,0,0
P006636,4,1,82.0,51349.43,0,2024-02-19,2024-11-07,1,1
P006637,4,2,48.5,11657.69,1,2025-10-23,2026-09-20,1,1
P006638,2,0,21.5,612.71,0,2025-02-20,2026-03-10,1,0
P006639,1,0,26.0,319.51,0,2024-09-22,2024-09-22,0,0
P006640,1,1,38.0,4292.62,0,2026-01-11,2026-01-11,0,0
P006641,1,0,16.0,721.32,0,2026-01-23,2026-01-23,0,0
P006642,1,1,128.0,10649.41,0,2026-06-23,2026-06-23,0,0
P006643,5,2,46.0,23342.010000000002,0,2025-07-24,2026-09-23,1,1
P006644,1,0,22.0,759.44,0,2024-04-25,2024-04-25,0,0
P006645,1,1,88.0,3477.88,0,2024-02-02,2024-02-02,0,0
P006646,2,1,128.5,8482.91,0,2025-01-07,2025-05-01,1,0
P006647,3,2,45.0,11586.71,0,2024-05-01,2026-02-01,1,0
P006648,2,1,73.0,2714.71,0,2026-06-25,2026-09-21,1,0
P006649,1,1,61.0,1622.94,0,2026-05-21,2026-05-21,0,0
P006650,1,1,45.0,13708.27,0,2024-09-26,2024-09-26,0,0
P006651,2,0,21.5,1103.16,0,2026-07-21,2026-09-10,1,0
P006652,2,0,43.5,1400.5500000000002,0,2025-02-28,2025-05-23,1,0
P006653,1,0,59.0,710.19,0,2025-01-24,2025-01-24,0,0
P006654,1,0,23.0,420.71,0,2026-06-05,2026-06-05,0,0
P006655,1,1,33.0,1893.99,0,2024-07-26,2024-07-26,0,0
P006656,4,1,71.5,14151.18,0,2024-12-30,2026-09-20,1,1
P006657,2,1,155.0,2306.85,0,2026-01-19,2026-05-14,1,0
P006658,2,0,99.0,2022.9,0,2025-10-31,2026-07-20,1,0
P006659,4,0,69.5,3029.02,0,2026-08-16,2026-09-25,1,1
P006660,1,0,26.0,224.74,0,2024-08-11,2024-08-11,0,0
P006661,2,1,26.0,2054.67,0,2026-05-12,2026-07-26,1,0
P006662,1,1,86.0,6990.39,0,2026-06-01,2026-06-01,0,0
P006663,1,1,120.0,18250.91,0,2024-01-24,2024-01-24,0,0
P006664,1,1,47.0,2481.34,0,2025-09-30,2025-09-30,0,0
P006665,2,1,89.0,2757.89,0,2025-01-14,2025-11-02,1,0
P006666,2,1,43.5,2296.08,0,2025-03-15,2026-03-06,1,0
P006667,2,0,45.0,1127.04,0,2024-05-18,2024-06-07,1,0
P006668,1,1,42.0,17020.93,0,2024-10-14,2024-10-14,0,0
P006669,1,0,44.0,832.84,0,2024-03-31,2024-03-31,0,0
P006670,1,0,16.0,744.57,0,2026-01-20,2026-01-20,0,0
P006671,1,0,46.0,513.25,0,2025-02-24,2025-02-24,0,0
P006672,1,0,10.0,363.33,0,2026-04-08,2026-04-08,0,0
P006673,1,1,62.0,4608.38,0,2026-05-13,2026-05-13,0,0
P006674,2,1,48.0,11903.3,0,2025-05-06,2025-07-28,1,0
P006675,1,0,89.0,438.72,0,2025-01-06,2025-01-06,0,0
P006676,1,0,32.0,453.93,0,2026-08-29,2026-08-29,0,0
P006677,5,2,34.8,30130.24,0,2025-09-24,2026-09-29,1,1
P006678,1,0,38.0,714.52,0,2024-03-30,2024-03-30,0,0
P006679,1,1,49.0,8858.46,0,2025-12-11,2025-12-11,0,0
P006680,1,1,73.0,2222.06,0,2025-12-25,2025-12-25,0,0
P006681,2,1,44.5,4526.04,0,2026-02-23,2026-03-21,1,0
P006682,1,1,125.0,4549.26,0,2025-07-09,2025-07-09,0,0
P006683,1,0,21.0,348.72,0,2025-12-04,2025-12-04,0,0
P006684,4,0,42.75,3521.39,0,2026-03-29,2026-09-17,1,1
P006685,1,0,20.0,188.71,0,2025-06-25,2025-06-25,0,0
P006686,1,0,41.0,498.56,0,2024-11-06,2024-11-06,0,0
P006687,2,2,37.5,11996.05,0,2025-09-18,2025-10-25,1,0
P006688,1,0,40.0,542.39,0,2024-09-18,2024-09-18,0,0
P006689,1,0,63.0,460.74,0,2026-03-25,2026-03-25,0,0
P006690,1,0,81.0,484.38,0,2024-10-27,2024-10-27,0,0
P006691,4,1,129.75,6004.36,0,2025-12-08,2026-04-20,1,1
P006692,4,1,40.25,16675.34,0,2024-07-15,2025-05-02,1,1
P006693,1,1,19.0,12584.41,0,2024-09-18,2024-09-18,0,0
P006694,1,0,14.0,790.42,0,2025-11-06,2025-11-06,0,0
P006695,3,1,41.0,7264.35,0,2025-07-26,2026-09-24,1,0
P006696,1,0,27.0,367.35,0,2025-03-26,2025-03-26,0,0
P006697,2,0,17.5,1142.4,0,2024-03-15,2024-11-29,1,0
P006698,1,1,74.0,9438.79,0,2024-11-04,2024-11-04,0,0
P006699,3,1,67.33333333333333,5324.57,0,2026-06-26,2026-09-24,1,0
P006700,1,0,22.0,796.21,0,2026-03-26,2026-03-26,0,0
P006701,1,1,29.0,2953.45,0,2024-03-06,2024-03-06,0,0
P006702,1,0,16.0,521.94,0,2026-06-24,2026-06-24,0,0
P006703,1,0,19.0,1078.52,0,2026-09-28,2026-09-28,0,0
P006704,1,0,53.0,421.55,0,2026-01-30,2026-01-30,0,0
P006705,1,0,15.0,335.75,0,2024-05-21,2024-05-21,0,0
P006706,3,2,71.0,13458.41,0,2025-05-30,2026-09-10,1,0
P006707,4,1,28.5,3047.06,0,2024-11-20,2026-04-02,1,1
P006708,2,0,30.0,1464.71,0,2026-02-01,2026-09-17,1,0
P006709,2,2,48.5,5755.57,0,2025-01-24,2026-01-06,1,0
P006710,3,1,59.0,11609.789999999999,0,2024-07-27,2025-04-14,1,0
P006711,2,1,75.0,9727.119999999999,0,2024-10-13,2024-12-24,1,0
P006712,2,0,15.0,722.22,0,2026-08-07,2026-09-02,1,0
P006713,3,0,26.333333333333332,1504.06,0,2024-04-02,2026-03-29,1,0
P006714,1,0,27.0,456.84,0,2024-12-27,2024-12-27,0,0
P006715,1,0,50.0,824.67,0,2024-09-04,2024-09-04,0,0
P006716,3,1,45.333333333333336,13418.44,0,2024-06-06,2025-06-19,1,0
P006717,1,0,15.0,337.38,0,2026-06-22,2026-06-22,0,0
P006718,1,0,120.0,1175.33,0,2025-11-18,2025-11-18,0,0
P006719,1,1,75.0,2505.46,0,2025-02-10,2025-02-10,0,0
P006720,1,1,26.0,1613.85,0,2025-07-08,2025-07-08,0,0
P006721,1,1,43.0,5787.09,0,2024-12-21,2024-12-21,0,0
P006722,1,1,76.0,2198.98,0,2026-03-22,2026-03-22,0,0
P006723,2,1,38.5,2598.69,0,2026-04-10,2026-09-12,1,0
P006724,1,0,45.0,1552.58,0,2025-07-03,2025-07-03,0,0
P006725,3,2,27.0,19128.61,1,2025-12-30,2026-09-26,1,0
P006726,2,0,26.5,736.34,0,2024-07-27,2024-10-18,1,0
P006727,4,3,56.5,15375.060000000001,0,2026-05-03,2026-09-24,1,1
P006728,2,1,111.0,8765.62,0,2025-08-10,2025-10-02,1,0
P006729,2,0,20.0,1012.89,0,2025-12-05,2026-04-07,1,0
P006730,3,1,32.333333333333336,6811.37,0,2024-10-20,2026-06-05,1,0
P006731,3,1,93.0,6672.9,0,2026-04-26,2026-09-30,1,0
P006732,2,0,37.0,1376.19,0,2025-06-30,2025-11-10,1,0
P006733,1,1,44.0,18246.68,0,2025-06-17,2025-06-17,0,0
P006734,1,1,130.0,2784.74,0,2025-11-03,2025-11-03,0,0
P006735,2,0,31.0,930.6399999999999,0,2025-03-16,2026-02-12,1,0
P006736,1,0,11.0,412.93,0,2024-03-17,2024-03-17,0,0
P006737,1,0,27.0,652.36,0,2025-03-01,2025-03-01,0,0
P006738,1,0,44.0,778.36,0,2025-04-02,2025-04-02,0,0
P006739,1,0,35.0,409.75,0,2025-12-28,2025-12-28,0,0
P006740,1,1,18.0,19901.83,0,2024-01-05,2024-01-05,0,0
P006741,2,2,45.0,21498.559999999998,0,2024-04-04,2024-04-23,1,0
P006742,1,0,72.0,999.74,0,2024-01-17,2024-01-17,0,0
P006743,5,1,75.2,7202.59,1,2024-11-29,2026-09-29,1,1
P006744,1,1,107.0,8252.87,0,2024-06-28,2024-06-28,0,0
P006745,1,1,79.0,2178.11,0,2024-03-29,2024-03-29,0,0
P006746,1,1,22.0,5263.81,0,2024-08-18,2024-08-18,0,0
P006747,4,1,35.75,4727.18,1,2025-11-18,2026-09-27,1,1
P006748,1,1,73.0,12135.26,0,2025-10-27,2025-10-27,0,0
P006749,1,0,42.0,246.71,0,2026-05-12,2026-05-12,0,0
P006750,1,1,60.0,4077.09,0,2026-07-13,2026-07-13,0,0
P006751,5,2,42.8,8072.219999999999,0,2024-01-12,2025-10-12,1,1
P006752,1,1,33.0,12480.09,0,2024-12-18,2024-12-18,0,0
P006753,5,1,28.0,12444.73,0,2025-10-19,2026-09-26,1,1
P006754,1,0,70.0,835.32,0,2025-07-04,2025-07-04,0,0
P006755,1,1,87.0,8671.02,0,2026-09-22,2026-09-22,0,0
P006756,1,0,103.0,714.77,0,2024-02-25,2024-02-25,0,0
P006757,2,1,66.0,15253.04,0,2025-06-07,2025-09-01,1,0
P006758,2,2,61.5,24318.68,0,2025-08-15,2025-09-17,1,0
P006759,2,0,27.0,1396.32,0,2025-08-28,2026-01-10,1,0
P006760,4,1,67.5,7264.15,0,2025-08-29,2026-09-29,1,1
P006761,1,1,43.0,2082.3,0,2024-10-12,2024-10-12,0,0
P006762,1,0,30.0,605.88,0,2024-08-10,2024-08-10,0,0
P006763,4,2,38.75,8825.619999999999,1,2025-08-14,2026-09-17,1,1
P006764,1,0,23.0,339.84,0,2026-01-16,2026-01-16,0,0
P006765,3,1,54.333333333333336,8469.55,0,2024-05-17,2025-03-13,1,0
P006766,3,0,18.666666666666668,1235.52,0,2025-03-29,2026-09-24,1,0
P006767,1,0,16.0,226.6,0,2026-03-05,2026-03-05,0,0
P006768,1,0,12.0,355.47,0,2024-03-31,2024-03-31,0,0
P006769,2,0,39.5,1509.9699999999998,0,2026-01-23,2026-06-24,1,0
P006770,1,0,26.0,720.4,0,2024-01-31,2024-01-31,0,0
P006771,1,0,30.0,1214.24,0,2025-07-11,2025-07-11,0,0
P006772,2,0,25.5,1275.6899999999998,0,2025-06-01,2026-05-04,1,0
P006773,2,0,33.5,1594.59,0,2025-02-23,2025-04-12,1,0
P006774,1,1,54.0,11853.89,0,2025-10-10,2025-10-10,0,0
P006775,4,1,41.25,17234.23,0,2024-02-01,2024-05-12,1,1
P006776,3,1,30.666666666666668,8548.23,0,2025-06-05,2026-01-26,1,0
P006777,1,0,84.0,389.23,0,2026-04-22,2026-04-22,0,0
P006778,1,1,71.0,1433.27,0,2026-05-07,2026-05-07,0,0
P006779,4,3,56.0,24538.4,1,2026-02-10,2026-09-24,1,1
P006780,1,0,19.0,440.2,0,2025-09-01,2025-09-01,0,0
P006781,3,2,48.0,11923.779999999999,0,2024-01-19,2025-03-12,1,0
P006782,2,0,119.5,1385.27,0,2025-08-27,2025-12-21,1,0
P006783,2,2,51.0,17744.25,0,2025-04-19,2025-11-18,1,0
P006784,2,1,33.5,4595.61,0,2025-12-20,2026-09-24,1,0
P006785,1,0,19.0,506.9,0,2024-12-07,2024-12-07,0,0
P006786,1,1,69.0,16268.25,0,2024-08-07,2024-08-07,0,0
P006787,1,0,57.0,889.4,0,2024-09-03,2024-09-03,0,0
P006788,1,1,42.0,4444.62,0,2026-02-20,2026-02-20,0,0
P006789,1,0,105.0,745.35,0,2025-01-08,2025-01-08,0,0
P006790,5,2,53.2,26593.94,0,2025-02-18,2026-06-03,1,1
P006791,4,0,44.0,3778.8700000000003,0,2026-07-26,2026-09-22,1,1
P006792,4,1,57.25,8504.44,0,2025-07-01,2026-05-24,1,1
P006793,1,0,12.0,790.25,0,2024-02-08,2024-02-08,0,0
P006794,1,1,101.0,4146.48,0,2025-08-17,2025-08-17,0,0
P006795,2,1,31.5,2718.5699999999997,0,2026-09-06,2026-09-16,1,0
P006796,4,2,55.0,29634.360000000004,0,2025-04-04,2026-03-24,1,1
P006797,1,0,19.0,471.6,0,2025-09-04,2025-09-04,0,0
P006798,3,0,51.333333333333336,2133.5299999999997,0,2025-07-28,2026-09-15,1,0
P006799,2,0,57.5,1660.5700000000002,0,2026-04-14,2026-07-26,1,0
P006800,1,1,108.0,2182.46,0,2025-03-30,2025-03-30,0,0
P006801,1,0,59.0,533.44,0,2025-11-03,2025-11-03,0,0
P006802,2,0,16.5,850.95,0,2025-08-12,2025-10-31,1,0
P006803,1,1,76.0,7063.02,0,2026-04-16,2026-04-16,0,0
P006804,2,0,12.0,705.4,0,2025-03-12,2025-12-30,1,0
P006805,2,1,51.5,8294.65,0,2024-02-03,2024-09-09,1,0
P006806,1,1,67.0,16011.88,0,2025-05-02,2025-05-02,0,0
P006807,1,0,17.0,829.58,0,2026-09-15,2026-09-15,0,0
P006808,2,0,37.0,1348.66,0,2025-11-25,2025-12-30,1,0
P006809,1,0,48.0,242.37,0,2026-01-07,2026-01-07,0,0
P006810,3,2,67.66666666666667,14574.400000000001,0,2024-10-18,2026-06-15,1,0
P006811,1,0,24.0,236.5,0,2025-02-25,2025-02-25,0,0
P006812,1,1,74.0,4527.54,0,2024-09-07,2024-09-07,0,0
P006813,1,0,154.0,829.23,0,2026-01-09,2026-01-09,0,0
P006814,2,1,57.0,5394.610000000001,0,2026-06-13,2026-09-25,1,0
P006815,3,0,44.0,1629.45,0,2025-11-21,2026-09-20,1,0
P006816,3,1,116.66666666666667,13625.54,0,2024-07-04,2024-12-15,1,0
P006817,1,0,26.0,670.84,0,2025-08-13,2025-08-13,0,0
P006818,4,2,110.0,8753.02,0,2025-09-19,2026-09-19,1,1
P006819,1,1,93.0,22234.67,0,2025-06-29,2025-06-29,0,0
P006820,1,0,23.0,264.93,0,2026-04-14,2026-04-14,0,0
P006821,1,1,60.0,2791.29,0,2024-03-10,2024-03-10,0,0
P006822,1,0,27.0,703.99,0,2026-04-18,2026-04-18,0,0
P006823,2,1,77.5,16392.24,0,2025-05-30,2026-06-16,1,0
P006824,1,1,59.0,27828.57,0,2025-04-17,2025-04-17,0,0
P006825,1,0,18.0,438.6,0,2024-06-28,2024-06-28,0,0
P006826,1,0,14.0,220.12,0,2024-11-12,2024-11-12,0,0
P006827,4,2,32.75,14539.52,1,2024-07-12,2025-08-24,1,1
P006828,1,0,13.0,689.43,0,2026-03-13,2026-03-13,0,0
P006829,4,1,78.5,5035.639999999999,0,2025-09-03,2026-09-22,1,1
P006830,1,0,67.0,1126.12,0,2024-08-31,2024-08-31,0,0
P006831,1,0,36.0,463.12,0,2025-05-13,2025-05-13,0,0
P006832,4,2,51.0,16072.43,0,2025-08-03,2026-09-24,1,1
P006833,2,0,34.5,723.84,0,2025-02-24,2026-03-22,1,0
P006834,1,1,81.0,757.38,0,2025-09-14,2025-09-14,0,0
P006835,1,1,82.0,11585.05,0,2024-10-11,2024-10-11,0,0
P006836,1,0,50.0,336.02,0,2024-03-04,2024-03-04,0,0
P006837,1,0,111.0,769.09,0,2026-06-11,2026-06-11,0,0
P006838,4,2,51.75,10697.769999999999,0,2026-03-03,2026-09-30,1,1
P006839,1,0,21.0,950.4,0,2026-02-06,2026-02-06,0,0
P006840,1,0,61.0,1143.51,0,2024-01-22,2024-01-22,0,0
P006841,1,0,31.0,647.17,0,2024-05-07,2024-05-07,0,0
P006842,1,1,64.0,17683.48,0,2024-10-10,2024-10-10,0,0
P006843,1,0,21.0,911.74,0,2025-06-25,2025-06-25,0,0
P006844,1,0,53.0,155.69,0,2024-10-28,2024-10-28,0,0
P006845,1,1,77.0,5070.15,0,2024-09-08,2024-09-08,0,0
P006846,1,0,65.0,422.41,0,2024-03-28,2024-03-28,0,0
P006847,1,1,52.0,10715.08,0,2025-04-16,2025-04-16,0,0
P006848,4,3,81.25,21033.35,0,2025-02-24,2026-07-01,1,1
P006849,1,0,27.0,275.71,0,2026-04-05,2026-04-05,0,0
P006850,3,2,58.333333333333336,12701.65,0,2025-06-14,2026-09-29,1,0
P006851,1,0,169.0,2201.33,0,2026-07-25,2026-07-25,0,0
P006852,2,0,16.0,538.15,0,2024-06-17,2024-12-14,1,0
P006853,4,1,74.25,4338.9400000000005,0,2025-07-13,2026-08-19,1,1
P006854,1,1,72.0,13862.26,0,2025-10-23,2025-10-23,0,0
P006855,2,1,62.0,2069.2,0,2024-10-08,2024-10-16,1,0
P006856,1,0,132.0,952.61,0,2024-12-07,2024-12-07,0,0
P006857,4,2,57.5,14081.49,0,2025-08-20,2026-09-30,1,1
P006858,1,0,99.0,1507.87,0,2026-05-24,2026-05-24,0,0
P006859,1,1,48.0,2879.59,0,2024-04-04,2024-04-04,0,0
P006860,1,0,86.0,1003.69,0,2024-10-25,2024-10-25,0,0
P006861,1,0,24.0,473.76,0,2025-02-08,2025-02-08,0,0
P006862,1,0,64.0,1456.93,0,2025-08-31,2025-08-31,0,0
P006863,1,1,120.0,5252.46,0,2025-08-27,2025-08-27,0,0
P006864,2,0,48.0,1766.2199999999998,0,2025-07-02,2025-09-05,1,0
P006865,1,0,217.0,1071.21,0,2026-07-05,2026-07-05,0,0
P006866,1,0,8.0,178.82,0,2025-05-17,2025-05-17,0,0
P006867,2,1,69.5,7887.509999999999,0,2024-09-29,2024-11-18,1,0
P006868,1,1,54.0,8697.85,0,2024-07-09,2024-07-09,0,0
P006869,1,0,18.0,273.63,0,2024-12-21,2024-12-21,0,0
P006870,1,0,54.0,323.2,0,2024-04-13,2024-04-13,0,0
P006871,1,1,23.0,11044.95,0,2024-06-24,2024-06-24,0,0
P006872,2,1,60.0,6863.7300000000005,0,2025-08-02,2026-03-25,1,0
P006873,1,0,13.0,461.98,0,2026-05-02,2026-05-02,0,0
P006874,3,1,66.66666666666667,2444.88,0,2024-08-01,2025-03-21,1,0
P006875,1,0,30.0,227.16,0,2025-03-28,2025-03-28,0,0
P006876,1,1,101.0,5517.17,0,2026-06-24,2026-06-24,0,0
P006877,2,1,48.5,6935.99,0,2025-02-12,2025-06-22,1,0
P006878,1,0,13.0,567.17,0,2025-02-09,2025-02-09,0,0
P006879,1,0,35.0,1143.75,0,2025-02-02,2025-02-02,0,0
P006880,1,0,45.0,911.8,0,2026-05-16,2026-05-16,0,0
P006881,2,1,41.0,12735.56,0,2025-07-24,2026-05-23,1,0
P006882,1,1,45.0,12732.88,0,2024-12-07,2024-12-07,0,0
P006883,1,1,76.0,12257.15,0,2024-01-05,2024-01-05,0,0
P006884,1,0,70.0,348.1,0,2025-12-01,2025-12-01,0,0
P006885,1,0,52.0,1317.45,0,2026-07-02,2026-07-02,0,0
P006886,1,0,63.0,1842.78,0,2024-08-18,2024-08-18,0,0
P006887,1,0,138.0,421.06,0,2025-12-05,2025-12-05,0,0
P006888,2,1,27.5,18400.89,0,2024-01-19,2024-03-04,1,0
P006889,1,1,33.0,1051.13,0,2025-11-22,2025-11-22,0,0
P006890,1,1,68.0,2564.06,0,2025-04-03,2025-04-03,0,0
P006891,1,1,46.0,13872.39,0,2025-06-09,2025-06-09,0,0
P006892,1,0,29.0,253.18,0,2026-07-14,2026-07-14,0,0
P006893,1,1,45.0,2843.01,0,2026-02-15,2026-02-15,0,0
P006894,2,1,43.0,5583.37,0,2026-03-10,2026-09-24,1,0
P006895,1,0,18.0,487.58,0,2025-06-09,2025-06-09,0,0
P006896,2,1,34.5,11177.05,1,2025-11-20,2025-11-28,1,0
P006897,1,0,87.0,236.93,0,2024-04-25,2024-04-25,0,0
P006898,1,0,31.0,526.69,0,2025-11-18,2025-11-18,0,0
P006899,1,0,25.0,434.2,0,2026-05-21,2026-05-21,0,0
P006900,1,0,33.0,290.25,0,2026-02-20,2026-02-20,0,0
P006901,4,3,53.75,25716.73,0,2024-02-06,2025-01-01,1,1
P006902,1,0,14.0,424.79,0,2024-11-26,2024-11-26,0,0
P006903,4,3,54.5,25481.05,0,2024-03-29,2026-09-27,1,1
P006904,1,0,19.0,298.16,0,2024-03-18,2024-03-18,0,0
P006905,1,0,29.0,495.85,0,2024-06-19,2024-06-19,0,0
P006906,2,0,26.5,1219.5,0,2025-04-15,2026-02-24,1,0
P006907,1,0,50.0,670.58,0,2025-05-30,2025-05-30,0,0
P006908,1,0,17.0,346.77,0,2025-02-06,2025-02-06,0,0
P006909,1,0,25.0,975.2,0,2026-01-11,2026-01-11,0,0
P006910,1,0,33.0,465.13,0,2026-02-19,2026-02-19,0,0
P006911,1,0,97.0,455.32,0,2026-07-16,2026-07-16,0,0
P006912,1,1,28.0,19839.01,0,2025-05-26,2025-05-26,0,0
P006913,1,0,57.0,637.71,0,2025-09-07,2025-09-07,0,0
P006914,3,2,38.0,14366.98,0,2025-02-11,2025-06-19,1,0
P006915,1,1,45.0,4076.6,0,2024-11-10,2024-11-10,0,0
P006916,1,0,14.0,254.17,0,2026-06-29,2026-06-29,0,0
P006917,3,0,49.0,2546.13,0,2026-09-03,2026-09-25,1,0
P006918,1,0,22.0,194.6,0,2025-01-05,2025-01-05,0,0
P006919,1,0,11.0,516.56,0,2026-05-02,2026-05-02,0,0
P006920,1,1,37.0,2976.93,0,2024-10-12,2024-10-12,0,0
P006921,2,1,54.0,18303.05,0,2025-11-19,2026-09-13,1,0
P006922,1,1,47.0,1929.69,0,2024-12-15,2024-12-15,0,0
P006923,1,0,41.0,479.06,0,2024-03-23,2024-03-23,0,0
P006924,1,0,39.0,195.66,0,2024-06-03,2024-06-03,0,0
P006925,2,1,81.0,13843.119999999999,0,2025-06-03,2025-06-26,1,0
P006926,1,0,11.0,383.46,0,2024-09-06,2024-09-06,0,0
P006927,1,0,36.0,550.34,0,2026-09-06,2026-09-06,0,0
P006928,1,0,22.0,683.05,0,2026-07-22,2026-07-22,0,0
P006929,1,0,15.0,404.39,0,2025-01-18,2025-01-18,0,0
P006930,1,0,36.0,292.85,0,2026-08-02,2026-08-02,0,0
P006931,1,0,18.0,562.02,0,2026-02-19,2026-02-19,0,0
P006932,3,2,31.333333333333332,3581.2400000000002,0,2025-11-07,2026-02-27,1,0
P006933,1,1,55.0,1315.57,0,2024-03-21,2024-03-21,0,0
P006934,1,0,23.0,462.64,0,2024-11-07,2024-11-07,0,0
P006935,1,0,71.0,673.17,0,2025-12-01,2025-12-01,0,0
P006936,1,0,109.0,1457.29,0,2026-01-09,2026-01-09,0,0
P006937,1,0,14.0,569.3,0,2026-09-18,2026-09-18,0,0
P006938,1,0,20.0,473.56,0,2025-09-01,2025-09-01,0,0
P006939,1,0,34.0,386.91,0,2025-10-26,2025-10-26,0,0
P006940,1,0,141.0,1045.12,0,2024-09-20,2024-09-20,0,0
P006941,1,0,23.0,243.07,0,2026-01-11,2026-01-11,0,0
P006942,1,0,66.0,390.71,0,2025-04-20,2025-04-20,0,0
P006943,1,0,14.0,235.54,0,2024-04-20,2024-04-20,0,0
P006944,1,0,37.0,277.45,0,2025-10-01,2025-10-01,0,0
P006945,4,1,60.5,17424.68,0,2026-08-17,2026-09-23,1,1
P006946,2,2,48.5,16540.15,0,2025-04-21,2025-12-31,1,0
P006947,1,0,161.0,1355.19,0,2026-09-22,2026-09-22,0,0
P006948,2,1,55.0,3382.1800000000003,0,2026-02-06,2026-02-27,1,0
P006949,1,0,11.0,335.95,0,2024-12-05,2024-12-05,0,0
P006950,1,0,16.0,576.47,0,2025-01-12,2025-01-12,0,0
P006951,2,0,60.0,975.27,0,2024-02-16,2024-12-06,1,0
P006952,1,0,31.0,561.67,0,2026-04-21,2026-04-21,0,0
P006953,1,0,25.0,369.83,0,2025-09-18,2025-09-18,0,0
P006954,1,0,92.0,384.06,0,2024-02-15,2024-02-15,0,0
P006955,1,1,40.0,3461.43,0,2024-07-15,2024-07-15,0,0
P006956,2,1,18.0,10681.289999999999,0,2026-04-09,2026-09-18,1,0
P006957,3,1,52.666666666666664,10088.46,1,2024-03-21,2024-11-30,1,0
P006958,2,1,32.5,3489.2,0,2025-03-07,2025-09-11,1,0
P006959,1,1,47.0,2107.07,0,2024-06-28,2024-06-28,0,0
P006960,1,1,46.0,10561.7,0,2024-12-27,2024-12-27,0,0
P006961,2,0,84.5,1731.44,0,2025-08-19,2025-09-13,1,0
P006962,1,0,27.0,499.41,0,2024-10-23,2024-10-23,0,0
P006963,1,1,112.0,1397.36,0,2026-06-19,2026-06-19,0,0
P006964,2,2,77.0,13395.71,1,2025-02-25,2025-03-15,1,0
P006965,1,0,28.0,237.35,0,2024-01-24,2024-01-24,0,0
P006966,1,0,56.0,896.96,0,2025-02-23,2025-02-23,0,0
P006967,1,0,20.0,589.53,0,2026-07-05,2026-07-05,0,0
P006968,2,0,30.5,1062.58,0,2025-12-16,2026-03-28,1,0
P006969,1,0,64.0,313.15,0,2024-07-28,2024-07-28,0,0
P006970,1,0,48.0,1718.17,0,2025-07-24,2025-07-24,0,0
P006971,1,1,38.0,2126.76,0,2025-02-18,2025-02-18,0,0
P006972,4,3,52.0,41639.36,0,2025-10-06,2026-09-25,1,1
P006973,4,1,86.75,9035.71,0,2024-02-27,2025-08-26,1,1
P006974,1,0,94.0,813.53,0,2025-04-30,2025-04-30,0,0
P006975,1,1,49.0,9464.82,0,2026-01-28,2026-01-28,0,0
P006976,1,0,24.0,351.55,0,2025-07-22,2025-07-22,0,0
P006977,2,1,37.5,2012.5800000000002,0,2026-04-27,2026-09-11,1,0
P006978,1,0,26.0,427.01,0,2026-04-28,2026-04-28,0,0
P006979,3,0,46.666666666666664,3001.66,0,2026-09-03,2026-09-22,1,0
P006980,1,1,22.0,1085.75,0,2026-07-31,2026-07-31,0,0
P006981,1,1,92.0,6874.65,0,2026-09-17,2026-09-17,0,0
P006982,1,0,83.0,2683.6,0,2025-05-13,2025-05-13,0,0
P006983,4,1,85.75,10491.369999999999,0,2024-06-20,2026-04-02,1,1
P006984,1,0,17.0,307.72,0,2025-08-08,2025-08-08,0,0
P006985,2,0,15.0,1550.92,0,2025-05-29,2026-01-30,1,0
P006986,2,0,44.0,1154.56,0,2025-03-24,2025-05-04,1,0
P006987,4,1,69.25,7175.72,0,2025-12-17,2026-09-29,1,1
P006988,1,0,11.0,243.04,0,2025-02-26,2025-02-26,0,0
P006989,1,1,60.0,11235.33,0,2025-02-01,2025-02-01,0,0
P006990,1,0,39.0,914.96,0,2024-03-27,2024-03-27,0,0
P006991,4,1,39.75,7380.33,0,2025-04-01,2025-06-22,1,1
P006992,2,1,99.0,2816.85,0,2024-08-30,2025-02-04,1,0
P006993,1,0,33.0,569.86,0,2025-01-10,2025-01-10,0,0
P006994,5,3,41.6,20760.04,1,2025-12-19,2026-09-30,1,1
P006995,1,1,61.0,7692.44,0,2024-05-07,2024-05-07,0,0
P006996,1,1,98.0,6022.38,0,2026-04-01,2026-04-01,0,0
P006997,1,1,23.0,3683.12,0,2025-06-28,2025-06-28,0,0
P006998,1,0,75.0,1040.16,0,2024-01-08,2024-01-08,0,0
P006999,1,0,25.0,510.44,0,2025-09-18,2025-09-18,0,0
P007000,1,1,72.0,5314.02,0,2025-04-05,2025-04-05,0,0
P007001,1,1,59.0,6642.0,0,2026-04-07,2026-04-07,0,0
P007002,2,1,34.0,2718.27,0,2024-12-02,2026-01-14,1,0
P007003,1,0,19.0,400.76,0,2026-08-13,2026-08-13,0,0
P007004,1,0,27.0,498.87,0,2024-12-14,2024-12-14,0,0
P007005,1,0,47.0,999.89,0,2025-08-11,2025-08-11,0,0
P007006,1,0,39.0,502.84,0,2026-04-14,2026-04-14,0,0
P007007,5,0,40.8,3234.02,0,2024-06-09,2025-08-09,1,1
P007008,4,2,35.25,23067.88,0,2025-07-27,2026-09-22,1,1
P007009,1,1,78.0,17807.59,0,2024-10-03,2024-10-03,0,0
P007010,3,0,21.666666666666668,2854.2200000000003,0,2024-12-21,2025-07-22,1,0
P007011,1,0,9.0,160.55,0,2025-06-11,2025-06-11,0,0
P007012,3,1,46.333333333333336,13292.34,0,2026-07-04,2026-09-27,1,0
P007013,1,0,14.0,734.09,0,2025-12-16,2025-12-16,0,0
P007014,2,1,49.5,2902.08,0,2025-08-25,2026-01-06,1,0
P007015,5,1,79.2,19699.739999999998,0,2025-05-31,2026-09-26,1,1
P007016,1,1,63.0,1785.7,0,2024-05-28,2024-05-28,0,0
P007017,1,1,47.0,7829.13,0,2024-07-09,2024-07-09,0,0
P007018,1,0,11.0,491.94,0,2024-11-20,2024-11-20,0,0
P007019,1,0,16.0,267.4,0,2026-04-09,2026-04-09,0,0
P007020,2,1,60.5,5355.0,0,2025-02-25,2025-07-19,1,0
P007021,1,0,44.0,825.87,0,2025-06-28,2025-06-28,0,0
P007022,2,2,37.0,21760.78,1,2025-05-07,2025-05-25,1,0
P007023,1,0,22.0,270.52,0,2026-08-10,2026-08-10,0,0
P007024,2,1,45.5,5460.48,0,2026-03-16,2026-09-24,1,0
P007025,1,0,182.0,1313.47,0,2024-05-05,2024-05-05,0,0
P007026,2,1,48.0,7261.1900000000005,0,2025-11-26,2025-12-13,1,0
P007027,2,0,66.5,1007.55,0,2024-08-22,2025-06-12,1,0
P007028,1,1,64.0,3838.63,0,2026-05-07,2026-05-07,0,0
P007029,1,0,8.0,370.97,0,2025-01-01,2025-01-01,0,0
P007030,1,0,10.0,529.7,0,2025-11-27,2025-11-27,0,0
P007031,2,0,25.5,1749.4899999999998,0,2026-02-04,2026-02-27,1,0
P007032,3,2,45.666666666666664,10339.91,0,2026-02-16,2026-07-19,1,0
P007033,1,0,11.0,279.79,0,2026-05-03,2026-05-03,0,0
P007034,1,0,38.0,655.28,0,2024-01-01,2024-01-01,0,0
P007035,2,2,61.0,14213.150000000001,0,2025-11-01,2026-03-09,1,0
P007036,5,3,96.6,21197.57,0,2024-04-27,2025-04-04,1,1
P007037,4,1,94.0,3098.6600000000003,0,2024-11-04,2026-03-06,1,1
P007038,1,0,21.0,187.7,0,2024-07-07,2024-07-07,0,0
P007039,1,0,61.0,797.34,0,2024-01-05,2024-01-05,0,0
P007040,2,2,35.0,15996.46,0,2025-11-28,2025-12-14,1,0
P007041,1,0,22.0,331.25,0,2025-12-06,2025-12-06,0,0
P007042,1,1,34.0,1776.8,0,2025-04-19,2025-04-19,0,0
P007043,2,1,57.0,23238.9,0,2025-08-30,2026-06-06,1,0
P007044,1,1,43.0,4677.04,0,2025-06-22,2025-06-22,0,0
P007045,3,2,40.333333333333336,8036.5599999999995,0,2024-10-01,2024-12-29,1,0
P007046,3,0,45.333333333333336,947.26,0,2026-05-31,2026-09-26,1,0
P007047,1,0,87.0,1316.73,0,2025-12-11,2025-12-11,0,0
P007048,1,0,25.0,349.69,0,2024-12-24,2024-12-24,0,0
P007049,1,0,26.0,546.03,0,2024-09-28,2024-09-28,0,0
P007050,1,1,33.0,1477.12,0,2025-08-21,2025-08-21,0,0
P007051,1,1,55.0,13503.99,0,2025-10-29,2025-10-29,0,0
P007052,1,0,22.0,315.97,0,2024-04-16,2024-04-16,0,0
P007053,1,0,52.0,801.21,0,2024-09-17,2024-09-17,0,0
P007054,1,0,32.0,385.82,0,2025-04-19,2025-04-19,0,0
P007055,4,1,38.5,7619.679999999999,0,2024-02-25,2025-06-02,1,1
P007056,1,0,35.0,171.68,0,2025-02-06,2025-02-06,0,0
P007057,1,1,87.0,2976.96,0,2024-04-05,2024-04-05,0,0
P007058,1,1,35.0,7187.38,0,2025-09-03,2025-09-03,0,0
P007059,6,2,49.5,11802.15,1,2026-04-10,2026-09-21,1,1
P007060,1,0,49.0,415.14,0,2024-03-27,2024-03-27,0,0
P007061,1,0,46.0,161.42,0,2025-12-12,2025-12-12,0,0
P007062,3,1,63.333333333333336,8811.08,0,2025-01-27,2025-07-29,1,0
P007063,1,0,38.0,231.18,0,2025-06-16,2025-06-16,0,0
P007064,1,0,83.0,1244.01,0,2025-12-28,2025-12-28,0,0
P007065,1,0,36.0,1641.52,0,2025-06-30,2025-06-30,0,0
P007066,1,0,15.0,106.05,0,2024-03-16,2024-03-16,0,0
P007067,1,0,42.0,1369.65,0,2025-10-06,2025-10-06,0,0
P007068,1,1,131.0,3288.31,0,2026-01-11,2026-01-11,0,0
P007069,1,0,44.0,1250.19,0,2025-06-24,2025-06-24,0,0
P007070,1,0,80.0,968.32,0,2024-08-24,2024-08-24,0,0
P007071,1,0,15.0,329.46,0,2026-04-28,2026-04-28,0,0
P007072,3,0,49.333333333333336,2634.41,0,2024-03-21,2025-07-23,1,0
P007073,2,1,55.0,7127.360000000001,0,2025-08-25,2025-10-23,1,0
P007074,2,1,78.0,1136.4,0,2025-11-12,2026-04-11,1,0
P007075,1,0,61.0,565.11,0,2025-10-11,2025-10-11,0,0
P007076,1,1,56.0,1976.33,0,2025-10-31,2025-10-31,0,0
P007077,2,0,38.5,537.03,0,2025-08-02,2026-03-24,1,0
P007078,1,1,77.0,7967.31,0,2024-12-12,2024-12-12,0,0
P007079,3,1,37.666666666666664,4737.39,0,2024-06-04,2024-12-18,1,0
P007080,1,0,18.0,740.64,0,2024-10-27,2024-10-27,0,0
P007081,1,0,15.0,632.35,0,2026-05-11,2026-05-11,0,0
P007082,1,0,99.0,725.83,0,2025-07-08,2025-07-08,0,0
P007083,1,1,69.0,1086.97,0,2025-10-13,2025-10-13,0,0
P007084,1,0,34.0,513.64,0,2024-01-23,2024-01-23,0,0
P007085,1,1,44.0,2092.22,0,2025-09-24,2025-09-24,0,0
P007086,1,1,47.0,5429.48,0,2026-03-07,2026-03-07,0,0
P007087,1,1,23.0,21614.13,0,2025-11-03,2025-11-03,0,0
P007088,5,1,42.8,4538.74,0,2025-05-19,2026-02-07,1,1
P007089,1,0,24.0,499.5,0,2026-09-01,2026-09-01,0,0
P007090,1,0,45.0,3697.32,0,2024-07-21,2024-07-21,0,0
P007091,2,0,32.5,767.17,0,2026-02-02,2026-03-23,1,0
P007092,2,0,103.0,2678.84,0,2026-08-22,2026-09-24,1,0
P007093,1,0,51.0,477.88,0,2026-01-25,2026-01-25,0,0
P007094,2,1,34.0,6451.900000000001,0,2024-01-24,2024-09-15,1,0
P007095,1,0,45.0,218.86,0,2024-07-31,2024-07-31,0,0
P007096,1,0,49.0,966.92,0,2024-08-11,2024-08-11,0,0
P007097,1,0,19.0,730.88,0,2024-07-22,2024-07-22,0,0
P007098,3,1,51.666666666666664,23194.77,0,2026-08-05,2026-09-26,1,0
P007099,2,1,51.5,19552.33,1,2024-01-28,2024-02-08,1,0
P007100,1,0,22.0,657.61,0,2025-10-22,2025-10-22,0,0
P007101,1,0,10.0,294.24,0,2024-03-03,2024-03-03,0,0
P007102,2,0,34.5,830.7,0,2024-01-02,2024-03-28,1,0
P007103,1,0,14.0,373.46,0,2026-01-01,2026-01-01,0,0
P007104,3,1,73.0,11400.1,0,2024-12-15,2025-01-30,1,0
P007105,1,0,20.0,571.97,0,2025-01-25,2025-01-25,0,0
P007106,2,1,44.5,19497.84,0,2025-03-22,2025-10-21,1,0
P007107,1,1,70.0,8813.14,0,2024-12-15,2024-12-15,0,0
P007108,1,1,39.0,2642.6,0,2024-06-14,2024-06-14,0,0
P007109,2,2,61.5,15064.92,0,2025-09-06,2025-10-02,1,0
P007110,1,0,18.0,402.2,0,2025-05-15,2025-05-15,0,0
P007111,1,1,45.0,5408.02,0,2026-07-14,2026-07-14,0,0
P007112,3,1,31.333333333333332,5705.879999999999,0,2026-08-26,2026-09-22,1,0
P007113,1,0,53.0,537.15,0,2026-02-18,2026-02-18,0,0
P007114,1,1,39.0,4834.61,0,2024-01-22,2024-01-22,0,0
P007115,1,1,32.0,10184.25,0,2024-01-30,2024-01-30,0,0
P007116,1,0,79.0,381.37,0,2026-03-12,2026-03-12,0,0
P007117,1,1,51.0,3026.35,0,2024-06-17,2024-06-17,0,0
P007118,5,2,35.8,28932.02,0,2024-09-12,2026-09-26,1,1
P007119,1,0,64.0,1105.6,0,2026-06-07,2026-06-07,0,0
P007120,2,0,16.5,1293.95,0,2024-09-27,2024-10-14,1,0
P007121,1,1,95.0,3791.43,0,2026-04-02,2026-04-02,0,0
P007122,1,0,44.0,467.43,0,2026-09-16,2026-09-16,0,0
P007123,2,1,22.0,6889.63,0,2024-04-27,2024-12-01,1,0
P007124,4,1,45.25,9567.71,0,2026-01-04,2026-09-18,1,1
P007125,1,1,124.0,2170.02,0,2026-09-22,2026-09-22,0,0
P007126,1,0,28.0,218.83,0,2024-06-20,2024-06-20,0,0
P007127,1,0,27.0,969.9,0,2024-04-23,2024-04-23,0,0
P007128,1,1,57.0,21896.19,0,2025-10-15,2025-10-15,0,0
P007129,3,3,44.666666666666664,53914.85,0,2025-08-07,2025-10-12,1,0
P007130,1,0,28.0,212.55,0,2025-04-03,2025-04-03,0,0
P007131,2,0,60.0,1513.38,0,2026-07-21,2026-08-15,1,0
P007132,4,4,53.25,65469.17,2,2026-08-17,2026-09-16,1,1
P007133,4,3,52.25,15873.68,1,2024-06-21,2026-02-12,1,1
P007134,1,0,41.0,793.37,0,2026-06-06,2026-06-06,0,0
P007135,1,0,20.0,655.29,0,2024-07-13,2024-07-13,0,0
P007136,4,3,64.0,47793.77,0,2025-11-26,2026-09-19,1,1
P007137,3,1,49.666666666666664,6321.650000000001,0,2025-03-13,2025-12-06,1,0
P007138,1,0,95.0,459.46,0,2025-10-23,2025-10-23,0,0
P007139,1,0,21.0,935.26,0,2026-01-27,2026-01-27,0,0
P007140,1,1,47.0,13353.82,0,2024-01-28,2024-01-28,0,0
P007141,2,2,45.0,13330.18,0,2024-07-22,2024-10-10,1,0
P007142,1,0,55.0,198.8,0,2025-06-02,2025-06-02,0,0
P007143,1,0,24.0,513.2,0,2025-02-01,2025-02-01,0,0
P007144,1,0,19.0,192.17,0,2024-04-22,2024-04-22,0,0
P007145,3,3,101.33333333333333,37662.04,0,2024-08-04,2025-10-21,1,0
P007146,6,1,70.0,14325.310000000001,1,2026-05-10,2026-09-25,1,1
P007147,3,0,48.666666666666664,2674.59,0,2024-06-18,2025-04-08,1,0
P007148,2,1,44.0,7354.34,0,2026-06-03,2026-07-22,1,0
P007149,1,0,72.0,841.53,0,2024-07-25,2024-07-25,0,0
P007150,1,0,39.0,1032.94,0,2024-07-10,2024-07-10,0,0
P007151,1,0,68.0,765.31,0,2025-06-30,2025-06-30,0,0
P007152,3,2,53.0,13594.78,0,2025-07-17,2026-08-16,1,0
P007153,1,0,52.0,120.12,0,2025-10-27,2025-10-27,0,0
P007154,1,1,67.0,13174.54,0,2025-12-28,2025-12-28,0,0
P007155,2,2,72.0,19318.21,0,2025-03-02,2025-09-17,1,0
P007156,1,0,26.0,389.73,0,2024-03-15,2024-03-15,0,0
P007157,1,1,76.0,6242.31,0,2025-12-30,2025-12-30,0,0
P007158,1,0,12.0,238.47,0,2026-04-07,2026-04-07,0,0
P007159,1,0,28.0,485.68,0,2025-10-23,2025-10-23,0,0
P007160,1,0,43.0,2116.24,0,2025-01-27,2025-01-27,0,0
P007161,1,1,43.0,8296.45,0,2024-11-25,2024-11-25,0,0
P007162,1,0,46.0,366.0,0,2025-08-12,2025-08-12,0,0
P007163,1,1,62.0,11348.91,0,2026-06-26,2026-06-26,0,0
P007164,2,0,31.0,1164.49,0,2024-09-10,2025-05-07,1,0
P007165,1,0,95.0,1927.33,0,2026-05-19,2026-05-19,0,0
P007166,3,1,59.333333333333336,4448.12,0,2025-07-16,2026-09-23,1,0
P007167,1,0,27.0,443.0,0,2026-05-08,2026-05-08,0,0
P007168,1,1,120.0,8562.61,0,2024-08-27,2024-08-27,0,0
P007169,1,0,29.0,370.16,0,2025-09-19,2025-09-19,0,0
P007170,1,0,25.0,315.34,0,2026-09-30,2026-09-30,0,0
P007171,3,2,70.66666666666667,26751.0,0,2024-08-31,2025-11-25,1,0
P007172,1,1,60.0,12399.43,0,2025-06-28,2025-06-28,0,0
P007173,1,0,18.0,400.43,0,2025-08-01,2025-08-01,0,0
P007174,1,0,36.0,444.3,0,2026-02-18,2026-02-18,0,0
P007175,1,0,35.0,349.18,0,2026-07-16,2026-07-16,0,0
P007176,1,0,23.0,409.59,0,2026-01-14,2026-01-14,0,0
P007177,1,1,44.0,3491.41,0,2025-09-09,2025-09-09,0,0
P007178,2,1,54.0,4050.29,0,2026-01-13,2026-03-03,1,0
P007179,1,0,30.0,115.49,0,2024-05-31,2024-05-31,0,0
P007180,4,1,33.75,12630.740000000002,0,2026-06-24,2026-09-24,1,1
P007181,1,0,24.0,253.57,0,2025-08-20,2025-08-20,0,0
P007182,1,1,42.0,2832.02,0,2025-11-28,2025-11-28,0,0
P007183,2,0,72.5,1735.8400000000001,0,2024-04-06,2025-02-11,1,0
P007184,1,0,85.0,2257.19,0,2024-03-20,2024-03-20,0,0
P007185,1,0,35.0,377.05,0,2026-09-13,2026-09-13,0,0
P007186,1,1,77.0,20624.43,0,2024-02-24,2024-02-24,0,0
P007187,2,0,24.0,801.1400000000001,0,2025-09-16,2025-10-05,1,0
P007188,4,1,60.5,12256.619999999999,0,2024-08-09,2026-09-25,1,1
P007189,1,1,89.0,1488.16,0,2024-11-13,2024-11-13,0,0
P007190,3,1,49.666666666666664,7188.21,0,2025-01-11,2025-10-17,1,0
P007191,2,0,22.5,406.58,0,2024-02-18,2024-09-14,1,0
P007192,1,0,83.0,989.73,0,2025-09-16,2025-09-16,0,0
P007193,1,0,17.0,150.35,0,2024-07-21,2024-07-21,0,0
P007194,1,1,32.0,2348.72,0,2024-02-16,2024-02-16,0,0
P007195,1,1,75.0,4266.3,0,2025-09-22,2025-09-22,0,0
P007196,1,0,23.0,1284.97,0,2026-04-25,2026-04-25,0,0
P007197,1,1,37.0,9707.41,0,2026-01-05,2026-01-05,0,0
P007198,1,0,11.0,324.95,0,2025-03-08,2025-03-08,0,0
P007199,1,0,22.0,575.05,0,2025-10-08,2025-10-08,0,0
P007200,3,1,49.333333333333336,3792.64,0,2024-08-03,2025-06-29,1,0
P007201,1,0,163.0,711.65,0,2025-05-16,2025-05-16,0,0
P007202,1,0,40.0,371.41,0,2026-09-13,2026-09-13,0,0
P007203,3,3,58.666666666666664,46939.509999999995,0,2025-11-29,2026-09-28,1,0
P007204,3,0,53.0,2027.13,0,2025-01-17,2025-08-02,1,0
P007205,1,0,11.0,286.03,0,2026-01-12,2026-01-12,0,0
P007206,1,0,39.0,933.35,0,2025-09-05,2025-09-05,0,0
P007207,1,1,51.0,10290.07,0,2026-06-21,2026-06-21,0,0
P007208,2,1,103.0,12788.18,0,2024-09-17,2024-09-27,1,0
P007209,1,0,27.0,344.73,0,2025-01-17,2025-01-17,0,0
P007210,2,0,13.5,1038.4499999999998,0,2025-01-12,2025-06-15,1,0
P007211,1,1,106.0,6006.37,0,2026-02-14,2026-02-14,0,0
P007212,1,0,74.0,826.59,0,2025-06-15,2025-06-15,0,0
P007213,2,1,34.5,2657.66,0,2024-06-21,2024-08-29,1,0
P007214,1,0,38.0,97.49,0,2026-02-22,2026-02-22,0,0
P007215,3,1,41.0,6013.37,0,2026-05-02,2026-09-27,1,0
P007216,3,2,80.0,19028.84,0,2024-10-04,2025-04-23,1,0
P007217,2,1,70.0,8532.32,0,2025-06-10,2025-12-27,1,0
P007218,1,0,75.0,648.29,0,2026-05-12,2026-05-12,0,0
P007219,1,1,52.0,9003.33,0,2024-10-12,2024-10-12,0,0
P007220,2,0,28.5,1417.87,0,2025-01-20,2025-01-27,1,0
P007221,3,1,46.333333333333336,14441.109999999999,0,2024-07-24,2024-12-22,1,0
P007222,1,0,111.0,823.21,0,2026-07-13,2026-07-13,0,0
P007223,1,0,17.0,1265.14,0,2025-12-12,2025-12-12,0,0
P007224,1,0,39.0,667.29,0,2024-08-22,2024-08-22,0,0
P007225,3,1,38.666666666666664,10999.869999999999,0,2024-01-14,2025-09-18,1,0
P007226,2,1,25.5,1928.8700000000001,0,2026-03-20,2026-04-02,1,0
P007227,1,0,28.0,794.59,0,2025-10-01,2025-10-01,0,0
P007228,3,1,91.33333333333333,7236.75,0,2025-12-22,2026-09-20,1,0
P007229,1,0,42.0,773.35,0,2025-07-16,2025-07-16,0,0
P007230,2,0,14.5,584.0699999999999,0,2025-03-27,2025-04-11,1,0
P007231,1,0,50.0,1255.98,0,2025-06-20,2025-06-20,0,0
P007232,1,0,129.0,739.92,0,2026-08-05,2026-08-05,0,0
P007233,2,0,40.5,997.01,0,2026-07-15,2026-07-30,1,0
P007234,1,1,112.0,9635.01,0,2025-04-19,2025-04-19,0,0
P007235,6,2,45.5,41276.51,0,2024-07-31,2026-09-30,1,1
P007236,1,0,67.0,609.29,0,2025-10-21,2025-10-21,0,0
P007237,1,0,11.0,579.9,0,2026-07-08,2026-07-08,0,0
P007238,1,0,16.0,543.64,0,2026-05-27,2026-05-27,0,0
P007239,1,1,113.0,2384.42,0,2026-01-04,2026-01-04,0,0
P007240,1,0,102.0,996.38,0,2024-10-07,2024-10-07,0,0
P007241,2,0,23.5,1077.52,0,2024-10-02,2024-12-20,1,0
P007242,4,2,68.25,6615.18,1,2026-03-02,2026-09-21,1,1
P007243,1,0,37.0,321.59,0,2024-04-17,2024-04-17,0,0
P007244,1,0,18.0,171.36,0,2025-12-29,2025-12-29,0,0
P007245,3,0,33.0,3273.07,0,2026-08-08,2026-09-30,1,0
P007246,1,0,108.0,702.66,0,2024-12-27,2024-12-27,0,0
P007247,1,0,16.0,463.07,0,2024-03-05,2024-03-05,0,0
P007248,3,0,54.666666666666664,1490.25,0,2024-11-15,2025-08-22,1,0
P007249,2,0,85.5,1427.17,0,2025-08-01,2026-04-18,1,0
P007250,1,1,38.0,12425.12,0,2024-08-25,2024-08-25,0,0
P007251,1,1,61.0,1187.32,0,2026-09-27,2026-09-27,0,0
P007252,2,0,20.0,1038.0,0,2025-10-12,2025-11-17,1,0
P007253,1,0,26.0,453.05,0,2025-03-16,2025-03-16,0,0
P007254,1,0,23.0,384.28,0,2024-05-14,2024-05-14,0,0
P007255,1,0,74.0,283.82,0,2025-07-23,2025-07-23,0,0
P007256,1,0,28.0,898.78,0,2024-08-26,2024-08-26,0,0
P007257,4,3,75.5,18802.55,0,2024-06-26,2026-07-09,1,1
P007258,1,0,46.0,290.39,0,2026-09-01,2026-09-01,0,0
P007259,1,1,42.0,6671.45,0,2025-09-16,2025-09-16,0,0
P007260,1,0,47.0,367.93,0,2025-07-21,2025-07-21,0,0
P007261,4,0,29.0,2052.72,0,2025-03-09,2025-11-16,1,1
P007262,2,0,110.5,1579.49,0,2025-08-03,2026-05-30,1,0
P007263,2,1,77.0,2388.75,0,2025-08-02,2025-12-19,1,0
P007264,1,0,97.0,1369.53,0,2025-11-21,2025-11-21,0,0
P007265,3,3,73.0,30227.909999999996,0,2025-04-21,2026-09-22,1,0
P007266,5,1,42.0,11993.79,0,2026-01-17,2026-09-29,1,1
P007267,1,1,160.0,10324.53,0,2024-01-31,2024-01-31,0,0
P007268,2,1,51.0,8957.41,0,2025-06-19,2026-01-17,1,0
P007269,2,1,66.0,16094.54,0,2026-05-16,2026-09-28,1,0
P007270,4,3,60.75,17564.16,1,2026-09-10,2026-09-24,1,1
P007271,2,1,37.0,1650.55,0,2025-09-15,2025-11-01,1,0
P007272,5,1,52.6,4265.28,0,2026-04-22,2026-09-29,1,1
P007273,1,0,40.0,338.34,0,2026-07-30,2026-07-30,0,0
P007274,1,0,18.0,412.62,0,2025-01-03,2025-01-03,0,0
P007275,1,1,78.0,8428.49,0,2026-01-18,2026-01-18,0,0
P007276,3,2,36.0,17252.34,0,2025-12-08,2026-09-23,1,0
P007277,2,1,28.0,13701.86,0,2024-03-08,2024-08-29,1,0
P007278,1,0,14.0,1343.12,0,2026-01-25,2026-01-25,0,0
P007279,3,3,60.333333333333336,29402.4,0,2024-07-17,2024-11-25,1,0
P007280,3,1,36.333333333333336,9360.5,1,2024-09-24,2025-07-07,1,0
P007281,1,0,34.0,551.06,0,2026-01-20,2026-01-20,0,0
P007282,2,1,45.5,6746.099999999999,0,2025-03-31,2025-05-19,1,0
P007283,3,1,49.0,9609.07,0,2024-01-24,2025-07-28,1,0
P007284,1,0,38.0,338.32,0,2025-08-06,2025-08-06,0,0
P007285,1,0,39.0,462.27,0,2025-04-19,2025-04-19,0,0
P007286,2,0,73.0,705.24,0,2025-12-19,2026-03-14,1,0
P007287,1,0,23.0,424.35,0,2024-06-14,2024-06-14,0,0
P007288,1,0,40.0,1548.92,0,2025-04-24,2025-04-24,0,0
P007289,1,1,45.0,8372.28,0,2025-01-04,2025-01-04,0,0
P007290,2,0,23.5,1298.02,0,2025-01-06,2025-05-27,1,0
P007291,1,1,34.0,5790.26,0,2026-09-27,2026-09-27,0,0
P007292,3,0,47.0,1097.6,0,2024-09-17,2026-05-25,1,0
P007293,1,0,22.0,254.39,0,2026-08-23,2026-08-23,0,0
P007294,1,1,72.0,20736.76,0,2026-04-07,2026-04-07,0,0
P007295,1,0,25.0,628.52,0,2026-07-25,2026-07-25,0,0
P007296,3,1,53.0,14700.58,0,2026-06-30,2026-09-26,1,0
P007297,1,1,73.0,12563.71,0,2024-03-31,2024-03-31,0,0
P007298,2,1,141.5,12420.599999999999,0,2026-05-09,2026-09-22,1,0
P007299,2,1,44.5,4763.96,0,2026-01-16,2026-02-06,1,0
P007300,3,2,62.333333333333336,21983.46,0,2025-12-20,2026-04-29,1,0
P007301,2,0,21.0,646.8499999999999,0,2026-09-11,2026-09-30,1,0
P007302,1,0,92.0,2827.44,0,2026-08-21,2026-08-21,0,0
P007303,2,1,80.5,12510.130000000001,0,2024-05-25,2024-07-30,1,0
P007304,1,1,30.0,8627.56,0,2025-08-06,2025-08-06,0,0
P007305,2,1,31.5,7781.61,0,2024-08-17,2025-04-17,1,0
P007306,1,0,28.0,255.06,0,2026-04-13,2026-04-13,0,0
P007307,1,1,74.0,9428.74,0,2025-03-12,2025-03-12,0,0
P007308,1,0,20.0,191.14,0,2026-07-02,2026-07-02,0,0
P007309,2,0,48.0,1202.08,0,2026-08-20,2026-09-20,1,0
P007310,3,1,42.666666666666664,8852.19,0,2024-01-18,2025-03-27,1,0
P007311,3,1,50.666666666666664,4538.41,0,2024-11-03,2025-12-15,1,0
P007312,3,1,36.333333333333336,7568.56,0,2026-03-04,2026-05-02,1,0
P007313,3,0,46.0,2413.2200000000003,0,2024-08-04,2025-09-29,1,0
P007314,1,0,18.0,589.14,0,2025-04-11,2025-04-11,0,0
P007315,1,1,81.0,4908.71,0,2026-01-02,2026-01-02,0,0
P007316,2,1,24.5,7481.98,0,2024-05-29,2024-06-22,1,0
P007317,4,1,59.75,9603.369999999999,0,2024-01-05,2025-06-22,1,1
P007318,1,1,84.0,10839.66,0,2025-10-11,2025-10-11,0,0
P007319,1,0,90.0,443.15,0,2024-08-03,2024-08-03,0,0
P007320,1,0,82.0,746.72,0,2024-10-29,2024-10-29,0,0
P007321,4,1,40.25,13238.619999999999,0,2025-09-26,2026-02-22,1,1
P007322,2,1,50.5,16819.02,0,2026-07-07,2026-09-19,1,0
P007323,1,0,199.0,791.75,0,2026-07-25,2026-07-25,0,0
P007324,1,0,39.0,831.31,0,2024-04-22,2024-04-22,0,0
P007325,2,1,31.0,18275.989999999998,0,2024-12-31,2025-05-12,1,0
P007326,1,1,61.0,8714.55,0,2025-06-13,2025-06-13,0,0
P007327,3,0,22.666666666666668,1859.75,0,2025-02-22,2026-03-06,1,0
P007328,2,0,20.0,778.12,0,2024-01-19,2024-04-04,1,0
P007329,1,0,43.0,1483.81,0,2025-12-03,2025-12-03,0,0
P007330,1,0,23.0,152.79,0,2025-05-18,2025-05-18,0,0
P007331,1,0,28.0,712.08,0,2024-04-24,2024-04-24,0,0
P007332,2,0,41.0,2037.6799999999998,0,2025-10-06,2026-06-15,1,0
P007333,3,1,37.666666666666664,4509.18,0,2024-05-27,2024-11-01,1,0
P007334,1,0,34.0,605.81,0,2025-01-18,2025-01-18,0,0
P007335,4,2,28.5,10903.29,0,2024-03-31,2025-11-29,1,1
P007336,1,0,35.0,572.22,0,2026-05-31,2026-05-31,0,0
P007337,1,0,8.0,659.77,0,2025-07-12,2025-07-12,0,0
P007338,2,1,35.5,1806.8899999999999,0,2025-07-03,2026-03-24,1,0
P007339,1,0,21.0,573.79,0,2026-01-26,2026-01-26,0,0
P007340,2,0,24.0,1163.26,0,2025-03-13,2025-03-23,1,0
P007341,1,0,17.0,240.75,0,2025-09-24,2025-09-24,0,0
P007342,3,1,32.333333333333336,14187.439999999999,0,2026-06-17,2026-09-22,1,0
P007343,1,1,128.0,4644.51,0,2025-10-04,2025-10-04,0,0
P007344,1,0,21.0,325.42,0,2026-04-30,2026-04-30,0,0
P007345,1,0,31.0,167.18,0,2025-01-11,2025-01-11,0,0
P007346,1,0,74.0,1068.03,0,2026-02-19,2026-02-19,0,0
P007347,1,0,23.0,354.91,0,2026-08-05,2026-08-05,0,0
P007348,3,2,40.666666666666664,13547.310000000001,1,2026-05-30,2026-07-15,1,0
P007349,1,0,34.0,465.13,0,2025-11-20,2025-11-20,0,0
P007350,1,1,41.0,3538.61,0,2024-04-23,2024-04-23,0,0
P007351,1,0,26.0,489.54,0,2025-10-28,2025-10-28,0,0
P007352,1,0,44.0,412.96,0,2024-09-25,2024-09-25,0,0
P007353,1,0,18.0,477.73,0,2026-08-12,2026-08-12,0,0
P007354,3,0,37.666666666666664,1721.03,0,2025-01-02,2026-01-25,1,0
P007355,1,0,49.0,990.78,0,2024-10-06,2024-10-06,0,0
P007356,2,0,16.5,719.03,0,2024-12-10,2025-10-27,1,0
P007357,1,0,15.0,278.96,0,2024-01-20,2024-01-20,0,0
P007358,1,1,58.0,10652.14,0,2026-04-23,2026-04-23,0,0
P007359,1,1,69.0,3908.17,0,2026-06-27,2026-06-27,0,0
P007360,1,0,45.0,364.86,0,2026-01-15,2026-01-15,0,0
P007361,2,2,46.5,3307.2799999999997,1,2024-12-02,2025-01-01,1,0
P007362,3,1,105.66666666666667,15909.8,0,2025-05-13,2025-09-22,1,0
P007363,2,1,32.5,6135.96,0,2026-05-31,2026-08-07,1,0
P007364,1,1,94.0,4073.82,0,2025-03-25,2025-03-25,0,0
P007365,1,1,69.0,5956.11,0,2025-10-20,2025-10-20,0,0
P007366,1,0,69.0,666.51,0,2025-09-05,2025-09-05,0,0
P007367,1,1,59.0,9142.72,0,2024-08-13,2024-08-13,0,0
P007368,1,0,17.0,360.76,0,2025-11-30,2025-11-30,0,0
P007369,2,0,20.0,625.72,0,2025-10-28,2025-12-05,1,0
P007370,3,0,45.666666666666664,2376.81,0,2024-10-21,2025-11-19,1,0
P007371,3,1,98.33333333333333,3222.9,0,2026-07-17,2026-09-22,1,0
P007372,1,0,13.0,523.45,0,2024-06-10,2024-06-10,0,0
P007373,3,2,39.333333333333336,17380.5,0,2024-11-18,2025-07-09,1,0
P007374,1,0,16.0,577.61,0,2026-04-01,2026-04-01,0,0
P007375,5,1,36.8,10733.960000000001,0,2025-02-24,2026-09-26,1,1
P007376,2,0,43.0,1886.02,0,2025-10-10,2026-01-03,1,0
P007377,1,1,39.0,3046.47,0,2024-02-10,2024-02-10,0,0
P007378,1,0,15.0,289.32,0,2025-08-16,2025-08-16,0,0
P007379,1,0,24.0,700.92,0,2024-06-05,2024-06-05,0,0
P007380,1,0,69.0,1157.56,0,2025-12-25,2025-12-25,0,0
P007381,1,0,23.0,381.32,0,2026-09-23,2026-09-23,0,0
P007382,1,0,13.0,497.36,0,2026-09-03,2026-09-03,0,0
P007383,1,1,33.0,5929.78,0,2024-11-20,2024-11-20,0,0
P007384,1,0,47.0,131.83,0,2024-01-11,2024-01-11,0,0
P007385,1,0,41.0,989.57,0,2025-04-03,2025-04-03,0,0
P007386,3,1,56.666666666666664,8781.82,0,2025-09-24,2026-09-28,1,0
P007387,1,0,35.0,209.95,0,2025-02-07,2025-02-07,0,0
P007388,2,0,75.0,1792.0,0,2025-09-03,2025-10-24,1,0
P007389,1,0,87.0,1193.68,0,2025-06-12,2025-06-12,0,0
P007390,1,0,62.0,1579.63,0,2024-11-12,2024-11-12,0,0
P007391,2,0,22.0,808.21,0,2025-03-19,2026-02-09,1,0
P007392,5,2,42.4,30945.800000000003,0,2026-06-22,2026-09-27,1,1
P007393,3,1,58.333333333333336,5390.65,0,2025-02-07,2026-03-12,1,0
P007394,2,0,42.5,1949.29,0,2024-08-21,2025-03-21,1,0
P007395,1,0,9.0,236.08,0,2026-01-23,2026-01-23,0,0
P007396,1,0,152.0,735.6,0,2025-04-30,2025-04-30,0,0
P007397,3,1,41.0,22400.44,0,2024-08-24,2025-01-30,1,0
P007398,5,1,35.4,11823.51,0,2024-07-09,2026-09-20,1,1
P007399,1,0,33.0,234.43,0,2026-09-10,2026-09-10,0,0
P007400,2,1,112.5,2603.98,0,2025-12-03,2026-04-22,1,0
P007401,2,1,75.0,8908.04,0,2024-10-19,2024-12-01,1,0
P007402,1,0,30.0,858.44,0,2024-07-20,2024-07-20,0,0
P007403,1,1,45.0,2569.6,0,2024-09-30,2024-09-30,0,0
P007404,2,1,54.5,4421.6,0,2025-07-02,2025-08-06,1,0
P007405,1,0,49.0,1682.3,0,2024-10-15,2024-10-15,0,0
P007406,1,1,34.0,2397.04,0,2025-07-25,2025-07-25,0,0
P007407,2,2,75.5,12602.28,0,2025-04-22,2025-07-10,1,0
P007408,1,0,44.0,545.74,0,2024-10-27,2024-10-27,0,0
P007409,3,1,51.333333333333336,6689.110000000001,0,2025-05-15,2026-09-22,1,0
P007410,1,1,81.0,4791.23,0,2025-03-08,2025-03-08,0,0
P007411,2,1,52.0,5245.55,0,2025-12-22,2026-01-01,1,0
P007412,1,1,148.0,25958.23,0,2025-11-20,2025-11-20,0,0
P007413,1,1,55.0,1107.23,0,2025-12-16,2025-12-16,0,0
P007414,1,0,40.0,1464.73,0,2025-03-23,2025-03-23,0,0
P007415,1,0,14.0,616.84,0,2024-07-29,2024-07-29,0,0
P007416,1,1,45.0,13013.92,0,2026-04-22,2026-04-22,0,0
P007417,3,2,91.66666666666667,15535.24,0,2024-06-16,2025-12-13,1,0
P007418,1,1,47.0,19465.25,0,2024-10-08,2024-10-08,0,0
P007419,4,0,58.75,4336.79,0,2026-01-26,2026-09-22,1,1
P007420,1,1,94.0,879.88,0,2025-08-15,2025-08-15,0,0
P007421,1,0,49.0,802.96,0,2026-04-04,2026-04-04,0,0
P007422,2,1,48.0,7618.07,0,2025-11-08,2026-05-13,1,0
P007423,1,0,106.0,438.29,0,2025-04-02,2025-04-02,0,0
P007424,1,1,53.0,8489.32,0,2024-06-28,2024-06-28,0,0
P007425,1,1,80.0,6429.56,0,2025-05-18,2025-05-18,0,0
P007426,1,0,24.0,1960.36,0,2025-04-12,2025-04-12,0,0
P007427,2,0,86.0,1677.19,0,2026-07-27,2026-09-16,1,0
P007428,1,0,40.0,315.65,0,2026-01-29,2026-01-29,0,0
P007429,3,1,51.0,15509.49,0,2024-03-19,2025-12-04,1,0
P007430,1,0,60.0,1244.84,0,2025-11-07,2025-11-07,0,0
P007431,2,1,48.0,4253.4,0,2026-04-04,2026-05-30,1,0
P007432,1,0,20.0,663.4,0,2024-12-23,2024-12-23,0,0
P007433,1,1,52.0,14327.27,0,2025-04-06,2025-04-06,0,0
P007434,2,2,41.0,47654.85,0,2024-09-26,2025-01-05,1,0
P007435,1,0,27.0,667.15,0,2026-04-19,2026-04-19,0,0
P007436,1,0,188.0,1399.85,0,2026-02-28,2026-02-28,0,0
P007437,2,0,57.0,814.2,0,2024-06-18,2024-09-03,1,0
P007438,1,1,153.0,7908.67,0,2026-05-17,2026-05-17,0,0
P007439,1,0,72.0,1054.1,0,2025-09-08,2025-09-08,0,0
P007440,1,1,80.0,15066.63,0,2025-05-19,2025-05-19,0,0
P007441,1,0,26.0,439.23,0,2025-09-10,2025-09-10,0,0
P007442,2,2,57.5,26784.46,0,2025-07-13,2026-08-13,1,0
P007443,1,1,64.0,3558.83,0,2025-03-30,2025-03-30,0,0
P007444,1,1,42.0,4730.31,0,2025-12-12,2025-12-12,0,0
P007445,1,0,45.0,376.7,0,2025-09-19,2025-09-19,0,0
P007446,1,0,28.0,299.01,0,2025-05-02,2025-05-02,0,0
P007447,2,0,55.0,1154.77,0,2024-11-18,2025-06-26,1,0
P007448,3,2,85.33333333333333,15109.880000000001,1,2024-08-26,2024-10-05,1,0
P007449,1,1,83.0,26419.12,0,2026-02-08,2026-02-08,0,0
P007450,2,2,85.5,16870.5,0,2024-01-09,2024-07-10,1,0
P007451,1,1,33.0,8368.24,0,2024-01-05,2024-01-05,0,0
P007452,2,0,74.5,2446.73,0,2024-03-22,2024-06-13,1,0
P007453,1,0,23.0,272.27,0,2026-02-01,2026-02-01,0,0
P007454,1,1,60.0,24411.29,0,2024-08-24,2024-08-24,0,0
P007455,1,1,110.0,18222.51,0,2024-12-15,2024-12-15,0,0
P007456,1,0,37.0,2265.57,0,2024-12-23,2024-12-23,0,0
P007457,3,2,43.666666666666664,14798.33,0,2025-10-12,2026-06-09,1,0
P007458,1,0,22.0,287.35,0,2024-02-16,2024-02-16,0,0
P007459,1,1,37.0,11573.06,0,2026-05-20,2026-05-20,0,0
P007460,1,1,33.0,7248.28,0,2024-12-11,2024-12-11,0,0
P007461,1,0,31.0,197.49,0,2024-10-18,2024-10-18,0,0
P007462,1,0,36.0,366.01,0,2024-02-25,2024-02-25,0,0
P007463,1,1,33.0,5585.49,0,2025-07-12,2025-07-12,0,0
P007464,1,0,62.0,867.14,0,2026-01-24,2026-01-24,0,0
P007465,2,1,53.5,2452.81,0,2024-09-10,2025-04-13,1,0
P007466,1,0,17.0,671.77,0,2025-05-05,2025-05-05,0,0
P007467,1,0,17.0,204.11,0,2025-11-16,2025-11-16,0,0
P007468,1,1,82.0,5927.61,0,2026-05-16,2026-05-16,0,0
P007469,2,1,68.5,8978.69,0,2025-02-11,2026-01-18,1,0
P007470,1,1,87.0,7256.33,0,2024-02-02,2024-02-02,0,0
P007471,1,1,68.0,4026.39,0,2025-04-30,2025-04-30,0,0
P007472,4,0,39.25,2182.26,0,2025-06-02,2026-09-06,1,1
P007473,5,2,65.2,18040.76,0,2026-07-12,2026-09-30,1,1
P007474,4,2,93.5,20012.61,1,2026-06-28,2026-09-24,1,1
P007475,2,2,47.0,24136.8,0,2026-01-06,2026-09-25,1,0
P007476,2,1,20.5,10974.9,0,2026-07-23,2026-09-18,1,0
P007477,2,0,69.5,1168.7,0,2025-12-15,2026-09-28,1,0
P007478,2,1,53.5,22329.449999999997,0,2025-03-20,2026-05-04,1,0
P007479,1,1,77.0,6999.5,0,2024-03-23,2024-03-23,0,0
P007480,1,0,44.0,976.86,0,2026-01-19,2026-01-19,0,0
P007481,1,0,122.0,1135.36,0,2025-05-10,2025-05-10,0,0
P007482,1,0,167.0,539.55,0,2024-09-09,2024-09-09,0,0
P007483,2,1,76.0,2133.98,0,2025-04-11,2025-04-28,1,0
P007484,1,0,41.0,1416.26,0,2025-01-26,2025-01-26,0,0
P007485,6,4,63.0,36967.21,0,2025-05-26,2026-09-28,1,1
P007486,1,0,43.0,272.16,0,2024-07-25,2024-07-25,0,0
P007487,1,0,113.0,498.64,0,2025-11-05,2025-11-05,0,0
P007488,1,0,141.0,1037.47,0,2026-05-31,2026-05-31,0,0
P007489,2,0,39.0,1161.33,0,2024-03-03,2025-04-11,1,0
P007490,2,0,51.0,2060.67,0,2026-07-19,2026-07-31,1,0
P007491,2,0,19.5,754.78,0,2024-04-21,2024-04-29,1,0
P007492,1,1,28.0,2401.27,0,2024-05-17,2024-05-17,0,0
P007493,1,0,32.0,396.92,0,2024-06-01,2024-06-01,0,0
P007494,1,1,33.0,44984.07,0,2025-11-08,2025-11-08,0,0
P007495,1,0,16.0,318.44,0,2025-03-06,2025-03-06,0,0
P007496,2,2,42.5,8473.65,0,2026-02-04,2026-03-16,1,0
P007497,6,1,86.83333333333333,11993.35,1,2025-04-12,2026-09-28,1,1
P007498,1,0,28.0,1099.57,0,2025-12-01,2025-12-01,0,0
P007499,1,0,50.0,495.74,0,2026-04-08,2026-04-08,0,0
P007500,1,1,153.0,7017.26,0,2025-03-18,2025-03-18,0,0
P007501,1,0,22.0,606.74,0,2024-11-28,2024-11-28,0,0
P007502,1,1,30.0,3941.1,0,2026-01-28,2026-01-28,0,0
P007503,1,1,56.0,9561.99,0,2024-07-22,2024-07-22,0,0
P007504,1,1,36.0,5618.83,0,2024-03-04,2024-03-04,0,0
P007505,1,0,130.0,944.82,0,2025-02-09,2025-02-09,0,0
P007506,6,4,43.166666666666664,37352.19,0,2024-01-29,2026-09-28,1,1
P007507,1,0,33.0,883.65,0,2026-07-04,2026-07-04,0,0
P007508,4,2,41.25,5838.27,1,2025-03-19,2025-07-18,1,1
P007509,2,0,46.0,868.61,0,2024-05-13,2025-02-08,1,0
P007510,1,1,25.0,16832.04,0,2024-09-08,2024-09-08,0,0
P007511,1,1,25.0,5259.05,0,2024-12-11,2024-12-11,0,0
P007512,1,0,8.0,541.23,0,2024-02-20,2024-02-20,0,0
P007513,1,0,67.0,498.69,0,2025-09-27,2025-09-27,0,0
P007514,1,1,35.0,1735.32,0,2025-03-23,2025-03-23,0,0
P007515,3,0,47.666666666666664,1736.8999999999999,0,2025-09-23,2026-09-17,1,0
P007516,3,0,24.666666666666668,2741.61,0,2025-06-22,2026-09-19,1,0
P007517,1,0,23.0,312.95,0,2026-08-30,2026-08-30,0,0
P007518,1,1,45.0,13095.3,0,2024-03-11,2024-03-11,0,0
P007519,3,1,73.33333333333333,5292.9400000000005,0,2025-08-09,2026-09-30,1,0
P007520,4,0,24.25,1331.5,0,2026-01-13,2026-09-30,1,1
P007521,1,0,35.0,967.72,0,2024-12-02,2024-12-02,0,0
P007522,1,0,35.0,488.54,0,2026-03-24,2026-03-24,0,0
P007523,1,0,48.0,1073.62,0,2025-02-05,2025-02-05,0,0
P007524,1,0,82.0,368.5,0,2025-06-23,2025-06-23,0,0
P007525,1,0,33.0,316.82,0,2026-08-09,2026-08-09,0,0
P007526,2,0,43.5,995.99,0,2024-10-07,2025-10-25,1,0
P007527,2,1,69.0,15467.76,0,2025-07-13,2025-10-27,1,0
P007528,2,1,53.5,9031.18,0,2024-05-10,2025-06-18,1,0
P007529,2,1,22.0,1331.83,0,2025-11-17,2026-04-14,1,0
P007530,1,0,34.0,918.13,0,2024-12-12,2024-12-12,0,0
P007531,1,1,130.0,9235.64,0,2026-02-19,2026-02-19,0,0
P007532,3,1,61.666666666666664,5707.389999999999,0,2025-09-21,2025-11-15,1,0
P007533,1,0,137.0,505.0,0,2025-03-18,2025-03-18,0,0
P007534,1,0,18.0,319.96,0,2025-12-04,2025-12-04,0,0
P007535,1,0,11.0,300.82,0,2025-01-14,2025-01-14,0,0
P007536,1,0,22.0,607.12,0,2024-05-06,2024-05-06,0,0
P007537,2,0,59.5,1289.57,0,2025-08-15,2026-04-20,1,0
P007538,2,1,51.0,9885.02,0,2026-01-04,2026-08-07,1,0
P007539,1,0,18.0,374.74,0,2025-12-26,2025-12-26,0,0
P007540,1,0,31.0,522.56,0,2025-12-12,2025-12-12,0,0
P007541,1,0,21.0,727.74,0,2025-08-13,2025-08-13,0,0
P007542,1,0,34.0,956.78,0,2026-02-06,2026-02-06,0,0
P007543,1,0,41.0,165.76,0,2025-04-10,2025-04-10,0,0
P007544,1,1,66.0,3895.58,0,2024-08-05,2024-08-05,0,0
P007545,1,1,31.0,4675.62,0,2026-07-28,2026-07-28,0,0
P007546,1,0,43.0,265.25,0,2024-09-21,2024-09-21,0,0
P007547,1,1,26.0,11590.52,0,2025-03-10,2025-03-10,0,0
P007548,2,1,41.0,3389.71,0,2024-06-04,2025-06-05,1,0
P007549,1,0,18.0,936.88,0,2025-09-27,2025-09-27,0,0
P007550,1,0,17.0,394.6,0,2024-11-29,2024-11-29,0,0
P007551,1,1,122.0,10208.78,0,2024-03-04,2024-03-04,0,0
P007552,2,0,97.5,1916.9,0,2024-06-19,2024-07-19,1,0
P007553,1,0,82.0,1666.34,0,2024-08-03,2024-08-03,0,0
P007554,1,0,31.0,901.51,0,2024-10-10,2024-10-10,0,0
P007555,1,0,63.0,1072.26,0,2024-03-09,2024-03-09,0,0
P007556,1,0,45.0,389.71,0,2025-07-21,2025-07-21,0,0
P007557,1,0,28.0,759.8,0,2025-02-27,2025-02-27,0,0
P007558,3,2,72.33333333333333,28881.719999999998,0,2026-04-14,2026-09-28,1,0
P007559,1,0,60.0,661.4,0,2025-01-30,2025-01-30,0,0
P007560,1,1,47.0,3827.11,0,2024-01-15,2024-01-15,0,0
P007561,1,1,100.0,12817.32,0,2024-01-26,2024-01-26,0,0
P007562,1,1,70.0,25350.1,0,2026-09-03,2026-09-03,0,0
P007563,4,1,54.5,5109.13,0,2025-11-12,2026-09-28,1,1
P007564,6,2,67.16666666666667,8426.65,0,2024-11-18,2026-09-17,1,1
P007565,2,0,34.5,1894.48,0,2025-01-14,2026-01-03,1,0
P007566,1,0,65.0,353.79,0,2024-05-28,2024-05-28,0,0
P007567,3,0,66.0,2877.66,0,2024-12-13,2025-10-30,1,0
P007568,1,1,102.0,2156.68,0,2024-10-17,2024-10-17,0,0
P007569,1,0,23.0,396.52,0,2025-08-31,2025-08-31,0,0
P007570,1,0,79.0,718.08,0,2026-03-20,2026-03-20,0,0
P007571,2,0,93.0,2293.29,0,2024-02-16,2024-07-08,1,0
P007572,2,0,12.0,1091.46,0,2025-05-27,2025-09-09,1,0
P007573,1,0,195.0,629.45,0,2024-05-28,2024-05-28,0,0
P007574,3,2,45.0,12063.86,0,2025-02-21,2026-02-27,1,0
P007575,3,1,38.666666666666664,9554.28,1,2025-02-01,2025-03-12,1,0
P007576,1,0,16.0,258.76,0,2025-06-13,2025-06-13,0,0
P007577,3,0,45.333333333333336,1787.2,0,2026-03-11,2026-09-22,1,0
P007578,1,0,71.0,1034.42,0,2025-07-30,2025-07-30,0,0
P007579,1,1,40.0,8999.2,0,2025-07-15,2025-07-15,0,0
P007580,2,1,40.5,13524.31,0,2026-04-07,2026-04-29,1,0
P007581,1,1,70.0,4043.72,0,2024-05-13,2024-05-13,0,0
P007582,1,1,38.0,8922.73,0,2026-04-28,2026-04-28,0,0
P007583,5,2,56.2,29633.46,1,2024-05-08,2025-09-24,1,1
P007584,1,1,40.0,13420.67,0,2024-09-14,2024-09-14,0,0
P007585,1,0,171.0,727.13,0,2024-02-29,2024-02-29,0,0
P007586,4,2,48.5,11460.099999999999,1,2025-03-30,2026-09-14,1,1
P007587,1,1,37.0,1641.94,0,2026-02-28,2026-02-28,0,0
P007588,4,1,49.0,6370.099999999999,1,2025-11-04,2026-09-28,1,1
P007589,2,0,66.5,1018.29,0,2026-01-17,2026-09-21,1,0
P007590,2,0,106.5,2464.91,0,2025-02-26,2025-03-20,1,0
P007591,1,0,60.0,983.91,0,2026-02-06,2026-02-06,0,0
P007592,2,0,20.5,709.46,0,2024-01-26,2024-02-19,1,0
P007593,1,1,25.0,6586.92,0,2024-01-14,2024-01-14,0,0
P007594,1,0,37.0,266.37,0,2025-11-19,2025-11-19,0,0
P007595,1,0,16.0,402.02,0,2024-04-24,2024-04-24,0,0
P007596,3,2,49.333333333333336,12931.19,0,2024-03-17,2024-06-19,1,0
P007597,1,1,43.0,10508.02,0,2024-01-21,2024-01-21,0,0
P007598,1,0,124.0,2016.84,0,2025-09-26,2025-09-26,0,0
P007599,1,0,106.0,611.95,0,2026-01-05,2026-01-05,0,0
P007600,1,0,29.0,324.7,0,2025-12-10,2025-12-10,0,0
P007601,1,0,31.0,249.93,0,2024-06-15,2024-06-15,0,0
P007602,1,0,66.0,745.59,0,2025-09-15,2025-09-15,0,0
P007603,1,0,42.0,1248.8,0,2025-07-25,2025-07-25,0,0
P007604,2,1,37.5,6582.0,0,2024-07-10,2025-02-13,1,0
P007605,1,1,41.0,7557.78,0,2025-11-07,2025-11-07,0,0
P007606,4,1,96.0,6374.9,0,2024-12-26,2026-09-28,1,1
P007607,1,1,60.0,8937.72,0,2024-02-11,2024-02-11,0,0
P007608,1,0,111.0,1241.13,0,2025-03-01,2025-03-01,0,0
P007609,1,0,14.0,215.15,0,2024-11-06,2024-11-06,0,0
P007610,1,1,75.0,9900.22,0,2024-12-09,2024-12-09,0,0
P007611,1,0,25.0,166.7,0,2026-04-09,2026-04-09,0,0
P007612,2,0,45.0,2624.83,0,2024-07-17,2024-12-02,1,0
P007613,1,1,64.0,3900.0,0,2025-05-09,2025-05-09,0,0
P007614,3,0,29.0,1789.0,0,2024-10-11,2025-10-26,1,0
P007615,1,0,44.0,541.99,0,2025-04-03,2025-04-03,0,0
P007616,1,1,48.0,5396.43,0,2025-08-07,2025-08-07,0,0
P007617,1,1,60.0,5139.01,0,2024-02-13,2024-02-13,0,0
P007618,3,0,40.666666666666664,1991.8,0,2025-03-28,2026-03-26,1,0
P007619,1,1,51.0,14697.44,0,2024-03-20,2024-03-20,0,0
P007620,1,0,155.0,1602.82,0,2024-02-11,2024-02-11,0,0
P007621,1,0,15.0,354.95,0,2024-12-24,2024-12-24,0,0
P007622,1,1,68.0,1845.63,0,2026-06-20,2026-06-20,0,0
P007623,1,0,11.0,505.74,0,2025-02-09,2025-02-09,0,0
P007624,2,0,80.5,999.75,0,2024-12-12,2025-03-14,1,0
P007625,1,0,14.0,333.94,0,2024-04-06,2024-04-06,0,0
P007626,1,1,61.0,5775.0,0,2024-10-01,2024-10-01,0,0
P007627,1,0,95.0,470.34,0,2024-07-09,2024-07-09,0,0
P007628,1,0,76.0,3417.34,0,2026-02-15,2026-02-15,0,0
P007629,1,0,16.0,898.03,0,2026-09-06,2026-09-06,0,0
P007630,4,2,77.25,14458.34,0,2025-10-10,2026-09-22,1,1
P007631,2,1,61.0,20898.8,0,2024-02-16,2024-05-25,1,0
P007632,2,0,18.5,729.49,0,2024-10-24,2025-05-17,1,0
P007633,1,0,28.0,552.65,0,2025-07-15,2025-07-15,0,0
P007634,1,1,57.0,12293.71,0,2024-07-19,2024-07-19,0,0
P007635,1,1,45.0,17097.02,0,2024-06-23,2024-06-23,0,0
P007636,1,1,44.0,11703.23,0,2026-05-02,2026-05-02,0,0
P007637,1,0,36.0,898.77,0,2024-05-29,2024-05-29,0,0
P007638,1,0,12.0,791.21,0,2026-02-12,2026-02-12,0,0
P007639,1,0,30.0,200.51,0,2026-03-11,2026-03-11,0,0
P007640,1,0,41.0,695.25,0,2026-07-19,2026-07-19,0,0
P007641,6,2,49.333333333333336,14463.63,0,2025-12-21,2026-09-26,1,1
P007642,3,0,44.666666666666664,2004.03,0,2026-05-16,2026-09-24,1,0
P007643,3,1,32.666666666666664,16180.31,0,2025-10-21,2026-09-17,1,0
P007644,1,0,13.0,419.63,0,2026-07-16,2026-07-16,0,0
P007645,4,1,66.5,10689.77,0,2025-09-24,2026-09-27,1,1
P007646,3,1,42.666666666666664,8576.71,0,2024-09-05,2024-12-21,1,0
P007647,4,1,117.25,8203.45,0,2025-05-29,2026-09-19,1,1
P007648,1,1,104.0,21875.54,0,2026-07-15,2026-07-15,0,0
P007649,1,0,249.0,712.6,0,2024-07-30,2024-07-30,0,0
P007650,1,1,64.0,1516.02,0,2025-07-24,2025-07-24,0,0
P007651,1,1,90.0,6762.56,0,2024-01-08,2024-01-08,0,0
P007652,3,2,70.66666666666667,6926.08,0,2024-08-11,2026-09-21,1,0
P007653,1,1,30.0,3869.38,0,2025-05-24,2025-05-24,0,0
P007654,2,0,58.0,866.3199999999999,0,2025-09-10,2026-07-23,1,0
P007655,3,1,43.666666666666664,9764.53,0,2025-05-07,2026-06-14,1,0
P007656,1,0,42.0,147.53,0,2024-12-27,2024-12-27,0,0
P007657,3,1,95.33333333333333,3672.83,1,2025-11-05,2026-09-11,1,0
P007658,1,1,42.0,6881.26,0,2026-03-10,2026-03-10,0,0
P007659,1,0,21.0,180.33,0,2024-07-23,2024-07-23,0,0
P007660,1,0,19.0,544.11,0,2026-06-04,2026-06-04,0,0
P007661,2,0,43.0,991.08,0,2024-06-07,2025-02-28,1,0
P007662,1,1,51.0,8362.42,0,2026-09-27,2026-09-27,0,0
P007663,1,1,58.0,5384.64,0,2025-07-07,2025-07-07,0,0
P007664,1,0,150.0,286.32,0,2026-03-11,2026-03-11,0,0
P007665,1,0,65.0,694.14,0,2026-03-15,2026-03-15,0,0
P007666,1,0,13.0,649.94,0,2024-03-30,2024-03-30,0,0
P007667,1,0,55.0,1575.22,0,2025-08-22,2025-08-22,0,0
P007668,1,1,43.0,9203.46,0,2024-10-23,2024-10-23,0,0
P007669,1,0,96.0,765.41,0,2026-08-07,2026-08-07,0,0
P007670,3,2,57.666666666666664,22105.39,0,2025-03-06,2025-08-31,1,0
P007671,1,1,61.0,28267.97,0,2024-09-19,2024-09-19,0,0
P007672,2,0,34.5,1227.78,0,2025-07-13,2026-01-01,1,0
P007673,3,0,34.0,1933.13,0,2024-12-16,2026-08-26,1,0
P007674,1,1,76.0,1917.06,0,2025-12-21,2025-12-21,0,0
P007675,1,1,61.0,974.85,0,2025-09-20,2025-09-20,0,0
P007676,1,0,12.0,386.55,0,2025-01-23,2025-01-23,0,0
P007677,1,0,11.0,452.8,0,2025-04-18,2025-04-18,0,0
P007678,3,0,113.66666666666667,3283.09,0,2025-04-29,2025-08-24,1,0
P007679,3,3,101.33333333333333,46399.03,0,2025-02-26,2026-05-12,1,0
P007680,2,1,46.5,8250.550000000001,0,2024-01-06,2024-01-18,1,0
P007681,1,0,17.0,466.13,0,2025-11-11,2025-11-11,0,0
P007682,4,3,61.25,16717.34,0,2024-01-02,2025-11-19,1,1
P007683,1,0,51.0,1238.42,0,2025-01-15,2025-01-15,0,0
P007684,1,1,31.0,9320.99,0,2025-08-06,2025-08-06,0,0
P007685,1,0,15.0,215.49,0,2026-01-16,2026-01-16,0,0
P007686,1,0,91.0,927.02,0,2025-03-15,2025-03-15,0,0
P007687,1,0,30.0,330.15,0,2024-05-06,2024-05-06,0,0
P007688,1,0,37.0,1170.03,0,2025-09-10,2025-09-10,0,0
P007689,1,0,61.0,377.43,0,2024-10-15,2024-10-15,0,0
P007690,1,0,24.0,874.37,0,2024-02-01,2024-02-01,0,0
P007691,4,2,34.0,13167.890000000001,0,2025-07-21,2026-09-18,1,1
P007692,2,1,102.5,27075.71,0,2026-06-02,2026-08-16,1,0
P007693,1,0,83.0,1361.02,0,2026-09-16,2026-09-16,0,0
P007694,1,1,36.0,7057.45,0,2025-06-15,2025-06-15,0,0
P007695,1,0,29.0,428.23,0,2025-02-12,2025-02-12,0,0
P007696,1,0,45.0,504.99,0,2024-11-18,2024-11-18,0,0
P007697,1,0,121.0,793.6,0,2025-04-04,2025-04-04,0,0
P007698,1,0,29.0,535.23,0,2025-01-19,2025-01-19,0,0
P007699,2,1,97.0,10927.65,0,2025-02-18,2025-03-28,1,0
P007700,1,0,23.0,184.41,0,2025-02-11,2025-02-11,0,0
P007701,4,1,60.25,2880.77,0,2026-03-23,2026-09-28,1,1
P007702,1,0,51.0,492.28,0,2024-06-30,2024-06-30,0,0
P007703,1,1,41.0,8326.67,0,2026-07-20,2026-07-20,0,0
P007704,1,0,90.0,986.99,0,2026-04-12,2026-04-12,0,0
P007705,1,1,41.0,9089.87,0,2024-04-03,2024-04-03,0,0
P007706,1,0,44.0,1240.84,0,2026-07-30,2026-07-30,0,0
P007707,1,0,53.0,1547.22,0,2026-02-12,2026-02-12,0,0
P007708,1,0,12.0,415.84,0,2026-07-08,2026-07-08,0,0
P007709,1,0,21.0,160.33,0,2026-07-08,2026-07-08,0,0
P007710,1,0,88.0,1104.55,0,2025-04-15,2025-04-15,0,0
P007711,1,0,20.0,294.35,0,2025-10-13,2025-10-13,0,0
P007712,3,2,146.0,13512.81,0,2024-09-10,2026-07-05,1,0
P007713,1,0,91.0,354.57,0,2024-06-29,2024-06-29,0,0
P007714,1,0,7.0,303.82,0,2024-01-07,2024-01-07,0,0
P007715,1,0,6.0,426.54,0,2025-08-03,2025-08-03,0,0
P007716,2,1,24.0,2870.34,0,2024-05-18,2025-02-20,1,0
P007717,1,0,33.0,229.7,0,2026-01-14,2026-01-14,0,0
P007718,1,0,72.0,670.39,0,2024-07-29,2024-07-29,0,0
P007719,3,1,50.666666666666664,7367.68,0,2025-07-27,2026-09-16,1,0
P007720,1,0,40.0,628.65,0,2026-07-19,2026-07-19,0,0
P007721,1,0,157.0,625.17,0,2026-06-29,2026-06-29,0,0
P007722,1,0,35.0,415.49,0,2024-12-12,2024-12-12,0,0
P007723,2,0,16.0,788.49,0,2026-07-28,2026-09-15,1,0
P007724,1,0,85.0,848.46,0,2024-12-19,2024-12-19,0,0
P007725,1,0,12.0,2086.48,0,2026-01-27,2026-01-27,0,0
P007726,1,0,23.0,789.63,0,2025-02-10,2025-02-10,0,0
P007727,1,0,10.0,400.87,0,2026-01-28,2026-01-28,0,0
P007728,1,0,34.0,410.27,0,2026-03-26,2026-03-26,0,0
P007729,1,0,18.0,528.55,0,2026-01-19,2026-01-19,0,0
P007730,1,0,78.0,1082.49,0,2025-01-15,2025-01-15,0,0
P007731,2,1,47.0,7456.16,0,2024-01-20,2024-03-17,1,0
P007732,3,0,89.66666666666667,1878.84,0,2024-02-18,2024-12-08,1,0
P007733,1,0,60.0,542.21,0,2024-07-03,2024-07-03,0,0
P007734,1,0,40.0,944.57,0,2025-12-08,2025-12-08,0,0
P007735,2,1,39.0,3833.31,0,2024-06-29,2024-09-09,1,0
P007736,1,1,30.0,16444.88,0,2025-03-10,2025-03-10,0,0
P007737,1,1,69.0,7102.91,0,2024-12-30,2024-12-30,0,0
P007738,1,0,22.0,373.55,0,2026-03-26,2026-03-26,0,0
P007739,4,1,46.5,10621.27,0,2025-08-06,2026-09-14,1,1
P007740,1,0,89.0,722.4,0,2025-09-02,2025-09-02,0,0
P007741,1,1,51.0,6115.72,0,2026-03-09,2026-03-09,0,0
P007742,1,1,70.0,18323.76,0,2025-01-30,2025-01-30,0,0
P007743,3,0,62.333333333333336,2744.2,0,2025-04-08,2025-12-21,1,0
P007744,2,0,21.5,1737.53,0,2026-08-23,2026-09-22,1,0
P007745,1,0,17.0,369.66,0,2024-12-07,2024-12-07,0,0
P007746,5,2,54.0,26372.940000000002,0,2025-04-14,2026-09-25,1,1
P007747,1,0,94.0,1078.7,0,2026-09-28,2026-09-28,0,0
P007748,1,0,108.0,362.21,0,2024-11-22,2024-11-22,0,0
P007749,1,0,26.0,269.59,0,2025-01-12,2025-01-12,0,0
P007750,1,0,9.0,768.01,0,2026-06-18,2026-06-18,0,0
P007751,1,0,28.0,429.7,0,2024-09-06,2024-09-06,0,0
P007752,1,0,45.0,901.77,0,2025-09-09,2025-09-09,0,0
P007753,2,1,24.5,3688.67,0,2025-05-24,2026-05-14,1,0
P007754,3,0,47.666666666666664,2340.08,0,2024-01-20,2024-07-23,1,0
P007755,2,2,85.5,22203.67,0,2026-03-16,2026-09-17,1,0
P007756,1,0,23.0,304.27,0,2025-08-27,2025-08-27,0,0
P007757,1,0,31.0,357.66,0,2024-07-09,2024-07-09,0,0
P007758,6,2,58.5,25020.42,1,2024-06-04,2026-09-20,1,1
P007759,1,0,19.0,426.21,0,2025-12-04,2025-12-04,0,0
P007760,1,0,13.0,199.95,0,2024-12-10,2024-12-10,0,0
P007761,1,0,31.0,266.08,0,2024-02-18,2024-02-18,0,0
P007762,1,1,43.0,1904.36,0,2024-01-28,2024-01-28,0,0
P007763,1,0,45.0,339.2,0,2025-02-19,2025-02-19,0,0
P007764,1,1,41.0,4815.82,0,2024-03-01,2024-03-01,0,0
P007765,1,0,35.0,203.88,0,2025-11-03,2025-11-03,0,0
P007766,1,0,104.0,816.08,0,2024-08-18,2024-08-18,0,0
P007767,2,1,70.0,12194.67,0,2026-02-02,2026-02-20,1,0
P007768,1,0,59.0,1046.89,0,2025-09-29,2025-09-29,0,0
P007769,1,0,11.0,861.19,0,2026-09-19,2026-09-19,0,0
P007770,1,1,40.0,5838.51,0,2026-03-02,2026-03-02,0,0
P007771,1,0,14.0,458.2,0,2024-12-09,2024-12-09,0,0
P007772,1,0,38.0,590.01,0,2025-01-23,2025-01-23,0,0
P007773,5,2,62.4,24160.79,0,2026-08-15,2026-09-28,1,1
P007774,1,0,53.0,1532.34,0,2026-07-25,2026-07-25,0,0
P007775,1,0,9.0,147.35,0,2025-01-17,2025-01-17,0,0
P007776,1,0,15.0,269.03,0,2024-09-12,2024-09-12,0,0
P007777,1,0,32.0,251.43,0,2025-01-27,2025-01-27,0,0
P007778,1,0,58.0,647.02,0,2026-08-22,2026-08-22,0,0
P007779,1,0,21.0,397.14,0,2025-05-28,2025-05-28,0,0
P007780,2,1,62.5,9584.519999999999,0,2025-12-23,2026-03-19,1,0
P007781,2,1,94.5,8915.52,0,2026-05-20,2026-06-05,1,0
P007782,2,1,56.5,4025.01,0,2025-08-15,2026-03-07,1,0
P007783,1,0,24.0,348.17,0,2024-03-10,2024-03-10,0,0
P007784,1,0,17.0,391.98,0,2026-09-19,2026-09-19,0,0
P007785,1,0,86.0,372.18,0,2026-07-17,2026-07-17,0,0
P007786,1,0,40.0,306.83,0,2025-06-28,2025-06-28,0,0
P007787,4,3,84.75,17714.46,0,2025-02-24,2026-09-26,1,1
P007788,1,0,36.0,563.24,0,2026-07-03,2026-07-03,0,0
P007789,1,0,28.0,207.51,0,2024-01-21,2024-01-21,0,0
P007790,1,0,42.0,1588.44,0,2025-10-04,2025-10-04,0,0
P007791,1,1,26.0,10759.57,0,2026-01-26,2026-01-26,0,0
P007792,5,3,56.4,24099.57,1,2026-08-04,2026-09-27,1,1
P007793,3,2,80.33333333333333,15454.83,0,2026-03-24,2026-09-23,1,0
P007794,6,3,56.0,53667.130000000005,0,2025-08-26,2026-09-29,1,1
P007795,2,0,72.0,2533.98,0,2024-10-13,2025-01-03,1,0
P007796,1,0,50.0,121.97,0,2024-08-26,2024-08-26,0,0
P007797,1,0,14.0,429.9,0,2024-03-18,2024-03-18,0,0
P007798,1,0,29.0,550.84,0,2026-02-08,2026-02-08,0,0
P007799,2,0,45.5,1126.0500000000002,0,2024-08-18,2025-08-15,1,0
P007800,2,0,42.0,3614.5,0,2026-01-31,2026-09-25,1,0
P007801,2,0,29.5,540.09,0,2025-05-27,2025-07-26,1,0
P007802,2,0,41.0,1759.68,0,2025-10-22,2025-11-07,1,0
P007803,3,0,51.666666666666664,2216.79,0,2025-05-02,2026-03-14,1,0
P007804,2,1,25.5,10148.63,0,2024-08-24,2024-09-19,1,0
P007805,1,0,13.0,640.57,0,2025-02-01,2025-02-01,0,0
P007806,1,0,24.0,331.73,0,2025-06-06,2025-06-06,0,0
P007807,3,1,54.666666666666664,17133.71,0,2024-08-06,2025-07-05,1,0
P007808,1,0,119.0,1076.57,0,2026-03-26,2026-03-26,0,0
P007809,2,0,22.5,1003.11,0,2026-05-16,2026-07-10,1,0
P007810,1,0,40.0,1565.13,0,2025-10-03,2025-10-03,0,0
P007811,1,1,77.0,11677.0,0,2024-05-03,2024-05-03,0,0
P007812,1,0,7.0,816.58,0,2024-08-14,2024-08-14,0,0
P007813,1,0,19.0,315.16,0,2024-02-15,2024-02-15,0,0
P007814,1,0,26.0,971.92,0,2026-04-19,2026-04-19,0,0
P007815,2,0,113.5,819.0600000000001,0,2025-08-16,2025-11-09,1,0
P007816,3,0,36.666666666666664,1902.04,0,2026-01-08,2026-09-27,1,0
P007817,1,0,24.0,294.58,0,2024-06-21,2024-06-21,0,0
P007818,1,0,44.0,1382.88,0,2024-08-10,2024-08-10,0,0
P007819,2,1,35.0,2389.86,0,2025-01-17,2026-01-19,1,0
P007820,4,0,31.5,1832.0500000000002,0,2024-01-28,2025-09-27,1,1
P007821,2,1,49.5,5015.04,0,2024-09-14,2025-07-29,1,0
P007822,1,0,105.0,678.97,0,2026-09-26,2026-09-26,0,0
P007823,2,1,30.5,6686.5199999999995,0,2024-12-13,2025-07-05,1,0
P007824,1,1,69.0,5785.57,0,2026-07-30,2026-07-30,0,0
P007825,1,1,57.0,3216.92,0,2025-01-06,2025-01-06,0,0
P007826,1,0,43.0,237.75,0,2025-06-25,2025-06-25,0,0
P007827,1,0,57.0,638.28,0,2024-07-06,2024-07-06,0,0
P007828,1,0,27.0,437.93,0,2026-06-14,2026-06-14,0,0
P007829,1,1,91.0,1083.6,0,2025-02-11,2025-02-11,0,0
P007830,3,1,82.33333333333333,11463.17,0,2026-03-14,2026-09-25,1,0
P007831,1,0,56.0,688.04,0,2024-12-14,2024-12-14,0,0
P007832,1,0,43.0,1677.11,0,2024-03-30,2024-03-30,0,0
P007833,1,0,32.0,478.72,0,2025-09-05,2025-09-05,0,0
P007834,2,0,25.5,580.19,0,2024-08-30,2025-01-10,1,0
P007835,1,0,21.0,448.11,0,2024-05-05,2024-05-05,0,0
P007836,1,1,38.0,16366.65,0,2024-02-17,2024-02-17,0,0
P007837,1,0,48.0,350.99,0,2025-06-18,2025-06-18,0,0
P007838,1,1,55.0,7676.69,0,2026-06-14,2026-06-14,0,0
P007839,2,2,50.0,19128.59,0,2024-05-17,2024-07-01,1,0
P007840,1,1,115.0,12268.02,0,2026-05-09,2026-05-09,0,0
P007841,1,1,51.0,15165.84,0,2025-08-23,2025-08-23,0,0
P007842,1,0,17.0,569.77,0,2025-07-30,2025-07-30,0,0
P007843,1,1,59.0,1606.99,0,2024-04-27,2024-04-27,0,0
P007844,1,0,64.0,1317.7,0,2025-04-24,2025-04-24,0,0
P007845,1,0,62.0,1025.46,0,2025-08-15,2025-08-15,0,0
P007846,1,0,27.0,583.28,0,2026-01-21,2026-01-21,0,0
P007847,1,0,21.0,865.07,0,2024-03-19,2024-03-19,0,0
P007848,4,2,34.75,10566.72,1,2026-07-09,2026-09-21,1,1
P007849,1,0,72.0,1418.61,0,2024-06-01,2024-06-01,0,0
P007850,1,0,51.0,624.96,0,2025-06-10,2025-06-10,0,0
P007851,1,0,33.0,271.44,0,2024-04-04,2024-04-04,0,0
P007852,2,1,89.0,11755.04,0,2026-04-09,2026-09-20,1,0
P007853,1,1,50.0,1847.13,0,2025-09-22,2025-09-22,0,0
P007854,1,0,23.0,285.7,0,2025-11-28,2025-11-28,0,0
P007855,1,0,51.0,463.49,0,2024-06-13,2024-06-13,0,0
P007856,2,2,71.0,14853.17,0,2024-01-20,2025-03-12,1,0
P007857,3,0,113.0,2853.7200000000003,0,2024-04-27,2024-07-30,1,0
P007858,2,1,40.0,7734.969999999999,0,2026-02-02,2026-09-25,1,0
P007859,3,1,40.666666666666664,10248.52,0,2026-07-23,2026-09-26,1,0
P007860,2,1,48.5,3838.78,0,2024-12-01,2025-02-23,1,0
P007861,1,1,85.0,7703.44,0,2024-09-07,2024-09-07,0,0
P007862,1,1,61.0,5307.06,0,2025-07-29,2025-07-29,0,0
P007863,1,1,48.0,8410.83,0,2025-11-15,2025-11-15,0,0
P007864,1,0,22.0,124.04,0,2025-07-07,2025-07-07,0,0
P007865,3,2,37.0,10503.89,0,2026-06-05,2026-09-28,1,0
P007866,3,1,21.333333333333332,11102.289999999999,0,2024-12-27,2026-02-04,1,0
P007867,3,2,71.33333333333333,19243.4,0,2025-04-08,2026-09-10,1,0
P007868,1,0,48.0,868.46,0,2024-04-25,2024-04-25,0,0
P007869,4,0,38.75,1520.56,0,2025-11-11,2026-09-27,1,1
P007870,3,1,41.333333333333336,8083.66,0,2024-04-28,2025-07-30,1,0
P007871,2,1,43.0,10086.45,0,2024-04-04,2024-07-10,1,0
P007872,1,1,75.0,12009.47,0,2026-07-11,2026-07-11,0,0
P007873,1,0,28.0,988.04,0,2025-04-20,2025-04-20,0,0
P007874,1,1,64.0,18401.78,0,2025-11-16,2025-11-16,0,0
P007875,1,1,105.0,5110.09,0,2025-08-06,2025-08-06,0,0
P007876,3,1,25.333333333333332,3037.78,0,2025-02-16,2026-08-11,1,0
P007877,2,1,24.0,28846.68,0,2025-05-22,2025-10-30,1,0
P007878,4,2,35.0,4013.01,1,2025-01-20,2026-09-25,1,1
P007879,2,1,25.0,2618.65,0,2026-08-04,2026-09-16,1,0
P007880,1,0,20.0,287.27,0,2025-12-01,2025-12-01,0,0
P007881,2,1,40.5,6844.339999999999,0,2024-11-25,2024-12-31,1,0
P007882,1,0,73.0,1076.95,0,2025-07-28,2025-07-28,0,0
P007883,2,0,71.0,1734.48,0,2025-01-29,2025-03-09,1,0
P007884,1,1,42.0,9716.15,0,2024-06-12,2024-06-12,0,0
P007885,2,0,33.0,697.94,0,2025-12-15,2026-09-10,1,0
P007886,1,0,22.0,1055.66,0,2024-10-07,2024-10-07,0,0
P007887,3,1,44.666666666666664,8357.119999999999,0,2025-07-21,2025-10-11,1,0
P007888,2,0,78.0,3168.79,0,2026-06-02,2026-09-18,1,0
P007889,1,0,16.0,587.92,0,2024-09-13,2024-09-13,0,0
P007890,1,0,83.0,554.61,0,2024-05-19,2024-05-19,0,0
P007891,1,0,112.0,1035.29,0,2025-01-02,2025-01-02,0,0
P007892,3,0,41.666666666666664,1422.23,0,2024-03-06,2025-03-31,1,0
P007893,1,0,82.0,718.6,0,2025-11-02,2025-11-02,0,0
P007894,1,0,21.0,288.56,0,2025-02-03,2025-02-03,0,0
P007895,1,0,25.0,172.74,0,2024-10-03,2024-10-03,0,0
P007896,1,0,72.0,1167.89,0,2024-08-24,2024-08-24,0,0
P007897,5,2,58.2,42314.76,0,2025-08-02,2026-09-24,1,1
P007898,1,1,31.0,1879.48,0,2025-12-14,2025-12-14,0,0
P007899,1,0,101.0,1015.66,0,2024-11-05,2024-11-05,0,0
P007900,2,1,27.0,3697.6600000000003,0,2026-05-27,2026-09-29,1,0
P007901,2,1,55.5,5767.56,0,2024-12-04,2025-06-18,1,0
P007902,1,0,10.0,548.38,0,2024-02-28,2024-02-28,0,0
P007903,2,1,21.5,4000.5,0,2025-12-19,2026-08-24,1,0
P007904,1,0,18.0,574.97,0,2026-05-15,2026-05-15,0,0
P007905,2,1,43.0,9616.14,0,2024-09-28,2025-05-02,1,0
P007906,1,0,36.0,256.02,0,2026-04-27,2026-04-27,0,0
P007907,1,0,54.0,1025.08,0,2025-07-10,2025-07-10,0,0
P007908,2,2,107.0,30669.03,0,2025-01-05,2025-02-19,1,0
P007909,1,0,49.0,924.56,0,2025-06-04,2025-06-04,0,0
P007910,3,1,48.666666666666664,2552.11,0,2024-08-09,2024-12-23,1,0
P007911,1,0,47.0,1191.47,0,2025-01-30,2025-01-30,0,0
P007912,2,1,81.0,2218.45,0,2024-07-05,2025-05-03,1,0
P007913,1,1,136.0,16943.01,0,2025-03-21,2025-03-21,0,0
P007914,5,3,49.2,18363.58,0,2025-07-22,2026-09-19,1,1
P007915,1,0,23.0,499.19,0,2026-02-07,2026-02-07,0,0
P007916,1,0,120.0,1099.39,0,2025-03-02,2025-03-02,0,0
P007917,1,0,17.0,834.42,0,2026-07-08,2026-07-08,0,0
P007918,1,0,31.0,317.96,0,2025-07-08,2025-07-08,0,0
P007919,1,0,24.0,535.49,0,2024-01-30,2024-01-30,0,0
P007920,1,0,101.0,1263.08,0,2025-11-29,2025-11-29,0,0
P007921,3,1,35.666666666666664,2988.64,0,2026-06-09,2026-09-13,1,0
P007922,3,1,24.333333333333332,6227.5,0,2026-05-13,2026-09-30,1,0
P007923,1,0,7.0,646.5,0,2024-03-05,2024-03-05,0,0
P007924,4,0,22.75,1976.39,0,2025-03-24,2026-09-14,1,1
P007925,1,1,73.0,17110.83,0,2024-02-18,2024-02-18,0,0
P007926,1,1,20.0,3597.2,0,2024-04-01,2024-04-01,0,0
P007927,6,3,77.5,22394.14,1,2025-11-05,2026-09-27,1,1
P007928,1,0,24.0,244.56,0,2024-03-10,2024-03-10,0,0
P007929,1,0,46.0,350.03,0,2025-11-14,2025-11-14,0,0
P007930,1,0,72.0,1786.41,0,2025-05-15,2025-05-15,0,0
P007931,1,1,57.0,9993.66,0,2024-03-12,2024-03-12,0,0
P007932,1,0,34.0,311.85,0,2024-10-15,2024-10-15,0,0
P007933,2,1,47.0,6068.79,0,2025-10-20,2026-09-04,1,0
P007934,1,0,10.0,1035.7,0,2024-03-04,2024-03-04,0,0
P007935,1,0,28.0,476.35,0,2026-04-18,2026-04-18,0,0
P007936,1,1,31.0,9930.39,0,2025-10-13,2025-10-13,0,0
P007937,1,1,93.0,31744.87,0,2024-10-30,2024-10-30,0,0
P007938,6,4,35.666666666666664,12588.099999999999,1,2026-07-18,2026-09-28,1,1
P007939,1,1,43.0,2472.71,0,2024-12-14,2024-12-14,0,0
P007940,1,0,24.0,904.87,0,2024-11-11,2024-11-11,0,0
P007941,1,0,12.0,283.72,0,2026-09-09,2026-09-09,0,0
P007942,1,0,24.0,1319.11,0,2025-12-30,2025-12-30,0,0
P007943,1,0,77.0,1507.14,0,2025-10-28,2025-10-28,0,0
P007944,1,0,56.0,276.79,0,2024-12-27,2024-12-27,0,0
P007945,2,1,62.5,9087.66,0,2024-03-28,2024-11-07,1,0
P007946,3,1,61.0,11242.01,0,2026-04-03,2026-06-16,1,0
P007947,4,2,60.25,7085.6900000000005,0,2024-01-10,2025-12-15,1,1
P007948,3,2,62.333333333333336,30223.1,1,2025-03-31,2025-12-02,1,0
P007949,2,0,36.5,560.4000000000001,0,2025-10-25,2026-09-26,1,0
P007950,1,1,101.0,11923.0,0,2025-02-08,2025-02-08,0,0
P007951,1,1,32.0,2731.33,0,2026-09-21,2026-09-21,0,0
P007952,2,0,35.5,1135.27,0,2026-03-23,2026-09-25,1,0
P007953,1,0,7.0,504.89,0,2024-09-10,2024-09-10,0,0
P007954,2,0,58.5,1912.65,0,2025-12-29,2026-09-26,1,0
P007955,3,0,37.333333333333336,1646.32,0,2025-09-24,2026-05-19,1,0
P007956,1,0,18.0,774.49,0,2025-10-10,2025-10-10,0,0
P007957,1,0,61.0,1976.63,0,2025-08-27,2025-08-27,0,0
P007958,1,1,156.0,8078.18,0,2024-01-29,2024-01-29,0,0
P007959,1,0,15.0,249.63,0,2025-10-05,2025-10-05,0,0
P007960,1,0,59.0,1131.32,0,2024-12-18,2024-12-18,0,0
P007961,1,0,98.0,648.13,0,2024-09-28,2024-09-28,0,0
P007962,1,1,38.0,8944.25,0,2024-06-29,2024-06-29,0,0
P007963,2,1,58.5,13880.53,0,2024-10-31,2025-01-23,1,0
P007964,2,0,46.5,1296.11,0,2024-06-18,2024-08-12,1,0
P007965,1,0,17.0,506.2,0,2026-06-25,2026-06-25,0,0
P007966,4,3,41.0,11389.09,0,2025-03-14,2026-09-12,1,1
P007967,1,0,8.0,339.37,0,2024-04-07,2024-04-07,0,0
P007968,1,1,148.0,8032.4,0,2026-05-16,2026-05-16,0,0
P007969,1,1,78.0,16674.07,0,2024-10-16,2024-10-16,0,0
P007970,3,1,66.66666666666667,10813.7,0,2024-05-21,2024-08-18,1,0
P007971,2,0,35.0,1220.96,0,2025-05-15,2025-06-15,1,0
P007972,1,0,244.0,716.87,0,2025-03-17,2025-03-17,0,0
P007973,1,0,14.0,746.05,0,2026-04-29,2026-04-29,0,0
P007974,3,1,60.333333333333336,7116.67,0,2024-01-13,2024-08-23,1,0
P007975,1,0,33.0,448.59,0,2026-02-19,2026-02-19,0,0
P007976,1,1,201.0,6818.21,0,2024-09-13,2024-09-13,0,0
P007977,4,3,62.5,15456.48,0,2025-08-09,2026-09-27,1,1
P007978,1,0,39.0,352.96,0,2024-05-19,2024-05-19,0,0
P007979,1,1,30.0,4255.62,0,2025-04-27,2025-04-27,0,0
P007980,3,2,41.0,2332.89,0,2026-07-09,2026-09-28,1,0
P007981,2,0,23.0,1087.48,0,2025-11-28,2026-08-16,1,0
P007982,1,0,54.0,345.58,0,2026-02-22,2026-02-22,0,0
P007983,1,0,87.0,840.58,0,2025-12-16,2025-12-16,0,0
P007984,1,0,25.0,661.33,0,2024-05-26,2024-05-26,0,0
P007985,2,1,25.0,14542.4,0,2025-03-28,2026-04-25,1,0
P007986,1,0,32.0,356.84,0,2026-06-01,2026-06-01,0,0
P007987,2,1,88.5,21368.679999999997,0,2024-12-14,2025-06-13,1,0
P007988,1,1,32.0,10398.92,0,2026-01-16,2026-01-16,0,0
P007989,2,0,32.5,1545.18,0,2024-01-17,2024-11-07,1,0
P007990,1,0,24.0,331.9,0,2026-04-05,2026-04-05,0,0
P007991,1,0,81.0,1485.55,0,2024-04-08,2024-04-08,0,0
P007992,1,0,17.0,422.34,0,2026-07-03,2026-07-03,0,0
P007993,4,0,51.75,6877.790000000001,0,2024-11-10,2025-04-14,1,1
P007994,3,2,81.0,22310.35,0,2025-12-21,2026-05-09,1,0
P007995,1,1,159.0,1133.45,0,2024-10-08,2024-10-08,0,0
P007996,3,2,32.333333333333336,11764.330000000002,0,2025-05-05,2026-09-18,1,0
P007997,1,0,84.0,831.42,0,2024-11-26,2024-11-26,0,0
P007998,5,2,39.0,13175.84,0,2024-03-04,2024-09-26,1,1
P007999,1,0,64.0,372.63,0,2026-05-24,2026-05-24,0,0
P008000,3,1,29.0,14648.42,0,2024-09-26,2025-09-28,1,0
P008001,1,0,58.0,1000.1,0,2025-03-19,2025-03-19,0,0
P008002,2,1,36.0,14471.28,0,2024-12-02,2025-01-16,1,0
P008003,1,0,97.0,1319.49,0,2026-01-25,2026-01-25,0,0
P008004,1,1,98.0,1065.14,0,2025-04-30,2025-04-30,0,0
P008005,2,1,47.0,12377.48,0,2024-08-20,2024-09-22,1,0
P008006,2,0,32.5,2414.71,0,2026-03-06,2026-09-27,1,0
P008007,3,1,33.333333333333336,11287.79,0,2026-04-22,2026-09-18,1,0
P008008,2,1,52.5,9572.33,0,2024-09-27,2024-11-10,1,0
P008009,4,1,25.75,12244.050000000001,0,2025-01-25,2026-09-18,1,1
P008010,1,0,44.0,701.94,0,2024-02-20,2024-02-20,0,0
P008011,3,2,35.666666666666664,30190.76,0,2026-06-12,2026-09-18,1,0
P008012,1,1,70.0,8108.1,0,2024-09-15,2024-09-15,0,0
P008013,2,1,54.0,8916.48,0,2026-02-08,2026-09-19,1,0
P008014,1,0,22.0,499.35,0,2024-04-18,2024-04-18,0,0
P008015,1,0,52.0,2335.38,0,2025-07-15,2025-07-15,0,0
P008016,1,0,31.0,870.43,0,2026-08-27,2026-08-27,0,0
P008017,3,1,35.666666666666664,6929.76,0,2026-07-19,2026-09-27,1,0
P008018,1,1,31.0,1861.56,0,2025-05-16,2025-05-16,0,0
P008019,1,0,43.0,1223.62,0,2026-05-09,2026-05-09,0,0
P008020,1,0,44.0,222.81,0,2024-04-01,2024-04-01,0,0
P008021,1,0,38.0,411.74,0,2024-11-13,2024-11-13,0,0
P008022,1,0,132.0,696.33,0,2026-01-21,2026-01-21,0,0
P008023,1,0,32.0,1006.42,0,2024-08-12,2024-08-12,0,0
P008024,1,1,54.0,2901.6,0,2024-07-19,2024-07-19,0,0
P008025,3,0,30.666666666666668,1751.53,0,2025-01-18,2026-06-20,1,0
P008026,1,0,31.0,313.57,0,2024-08-07,2024-08-07,0,0
P008027,1,0,30.0,512.77,0,2025-03-26,2025-03-26,0,0
P008028,1,0,14.0,403.56,0,2026-01-08,2026-01-08,0,0
P008029,1,0,22.0,313.79,0,2024-07-11,2024-07-11,0,0
P008030,3,1,43.666666666666664,5168.99,0,2024-08-31,2025-01-02,1,0
P008031,1,1,51.0,14584.33,0,2026-01-15,2026-01-15,0,0
P008032,1,0,27.0,523.18,0,2024-04-21,2024-04-21,0,0
P008033,2,1,85.0,15896.36,0,2025-06-27,2026-08-07,1,0
P008034,1,0,38.0,925.3,0,2025-11-21,2025-11-21,0,0
P008035,1,0,35.0,596.83,0,2026-02-20,2026-02-20,0,0
P008036,1,1,56.0,7626.42,0,2024-06-23,2024-06-23,0,0
P008037,1,0,11.0,501.68,0,2024-07-18,2024-07-18,0,0
P008038,1,1,48.0,5650.14,0,2026-02-12,2026-02-12,0,0
P008039,1,1,39.0,1028.31,0,2025-04-22,2025-04-22,0,0
P008040,1,0,28.0,283.54,0,2024-02-01,2024-02-01,0,0
P008041,2,1,73.0,20092.16,0,2024-08-05,2025-01-11,1,0
P008042,1,0,59.0,2245.92,0,2024-07-02,2024-07-02,0,0
P008043,3,2,70.33333333333333,12636.390000000001,0,2025-04-20,2026-08-02,1,0
P008044,1,1,94.0,10753.39,0,2025-07-13,2025-07-13,0,0
P008045,1,1,54.0,8172.4,0,2026-04-08,2026-04-08,0,0
P008046,2,0,80.5,1326.41,0,2024-10-06,2025-04-04,1,0
P008047,3,1,44.333333333333336,14179.82,0,2026-07-09,2026-09-10,1,0
P008048,2,0,112.0,1290.5,0,2024-07-31,2024-12-06,1,0
P008049,1,1,48.0,20249.08,0,2024-05-10,2024-05-10,0,0
P008050,1,1,91.0,9156.97,0,2026-07-06,2026-07-06,0,0
P008051,1,0,22.0,266.89,0,2024-11-21,2024-11-21,0,0
P008052,1,0,63.0,561.34,0,2025-10-22,2025-10-22,0,0
P008053,1,0,26.0,576.97,0,2024-07-01,2024-07-01,0,0
P008054,1,1,91.0,6332.9,0,2025-06-28,2025-06-28,0,0
P008055,1,0,107.0,952.19,0,2026-07-20,2026-07-20,0,0
P008056,2,1,60.0,8414.29,1,2026-01-17,2026-01-31,1,0
P008057,3,0,44.333333333333336,3317.88,0,2026-06-26,2026-09-22,1,0
P008058,1,1,106.0,5935.52,0,2025-10-05,2025-10-05,0,0
P008059,1,0,32.0,886.2,0,2025-07-26,2025-07-26,0,0
P008060,2,2,46.0,4695.1,1,2026-07-08,2026-08-04,1,0
P008061,2,1,38.0,7355.89,0,2024-10-22,2025-01-09,1,0
P008062,2,1,41.5,21023.66,0,2025-12-26,2026-03-25,1,0
P008063,1,1,55.0,4681.96,0,2025-02-17,2025-02-17,0,0
P008064,1,1,65.0,1295.66,0,2025-04-19,2025-04-19,0,0
P008065,4,1,58.25,8589.31,0,2026-01-22,2026-09-25,1,1
P008066,6,0,36.666666666666664,2988.0299999999997,0,2025-03-10,2026-09-27,1,1
P008067,1,0,32.0,697.23,0,2024-01-21,2024-01-21,0,0
P008068,3,1,53.0,6435.320000000001,0,2026-02-04,2026-09-30,1,0
P008069,1,1,33.0,6252.01,0,2026-07-03,2026-07-03,0,0
P008070,3,2,39.0,4189.4,0,2025-10-12,2025-12-06,1,0
P008071,1,0,74.0,1300.08,0,2025-03-11,2025-03-11,0,0
P008072,1,0,115.0,2419.32,0,2024-01-10,2024-01-10,0,0
P008073,3,1,41.666666666666664,12512.79,0,2024-02-29,2024-06-14,1,0
P008074,3,1,58.333333333333336,4363.09,0,2024-12-24,2025-05-25,1,0
P008075,1,1,39.0,4900.72,0,2026-06-13,2026-06-13,0,0
P008076,2,2,61.0,13203.630000000001,0,2025-09-14,2025-10-05,1,0
P008077,1,0,100.0,922.4,0,2024-09-02,2024-09-02,0,0
P008078,1,1,83.0,2617.45,0,2024-12-20,2024-12-20,0,0
P008079,1,0,16.0,160.71,0,2026-01-08,2026-01-08,0,0
P008080,2,0,28.5,1258.68,0,2024-06-30,2024-08-22,1,0
P008081,1,0,25.0,360.14,0,2024-07-28,2024-07-28,0,0
P008082,1,0,74.0,1851.16,0,2026-08-11,2026-08-11,0,0
P008083,2,1,53.0,21752.93,0,2024-11-18,2025-09-25,1,0
P008084,1,0,31.0,350.04,0,2026-07-26,2026-07-26,0,0
P008085,1,0,28.0,256.83,0,2025-07-25,2025-07-25,0,0
P008086,1,0,26.0,561.6,0,2025-11-17,2025-11-17,0,0
P008087,5,2,38.4,6867.8099999999995,0,2026-09-13,2026-09-25,1,1
P008088,2,2,75.0,10083.57,0,2026-07-29,2026-09-18,1,0
P008089,4,2,35.75,20093.600000000002,0,2026-09-17,2026-09-28,1,1
P008090,3,1,35.666666666666664,15860.52,0,2025-03-29,2026-09-26,1,0
P008091,1,0,24.0,236.95,0,2024-12-24,2024-12-24,0,0
P008092,1,1,18.0,6953.77,0,2025-05-09,2025-05-09,0,0
P008093,2,0,46.0,1565.59,0,2026-04-10,2026-09-19,1,0
P008094,1,0,26.0,588.96,0,2026-04-17,2026-04-17,0,0
P008095,1,0,32.0,585.49,0,2025-12-30,2025-12-30,0,0
P008096,1,1,52.0,7389.51,0,2025-05-29,2025-05-29,0,0
P008097,1,0,46.0,108.73,0,2024-01-10,2024-01-10,0,0
P008098,2,0,18.0,1073.79,0,2026-06-27,2026-09-19,1,0
P008099,4,0,26.75,2543.3599999999997,0,2024-12-28,2025-05-30,1,1
P008100,1,0,72.0,333.12,0,2025-12-31,2025-12-31,0,0
P008101,1,1,44.0,4247.47,0,2026-05-05,2026-05-05,0,0
P008102,3,1,30.666666666666668,13413.85,0,2025-03-21,2026-09-20,1,0
P008103,1,0,33.0,1491.44,0,2024-02-08,2024-02-08,0,0
P008104,1,0,11.0,209.09,0,2024-04-20,2024-04-20,0,0
P008105,3,1,86.0,5320.46,0,2024-02-12,2024-08-07,1,0
P008106,1,1,93.0,10606.13,0,2025-10-27,2025-10-27,0,0
P008107,2,2,37.5,6255.01,0,2024-05-18,2024-06-12,1,0
P008108,1,1,87.0,20715.4,0,2025-01-30,2025-01-30,0,0
P008109,1,0,27.0,473.82,0,2024-05-10,2024-05-10,0,0
P008110,1,0,31.0,238.07,0,2024-09-26,2024-09-26,0,0
P008111,2,1,69.5,17864.38,0,2026-07-08,2026-09-03,1,0
P008112,1,0,25.0,337.98,0,2024-01-08,2024-01-08,0,0
P008113,1,0,27.0,1375.96,0,2026-09-16,2026-09-16,0,0
P008114,1,0,68.0,1735.7,0,2024-11-25,2024-11-25,0,0
P008115,4,3,52.25,15998.44,0,2025-04-23,2026-09-29,1,1
P008116,1,0,33.0,189.85,0,2024-01-25,2024-01-25,0,0
P008117,1,0,16.0,845.36,0,2024-04-08,2024-04-08,0,0
P008118,1,1,73.0,14919.99,0,2024-08-09,2024-08-09,0,0
P008119,1,1,33.0,8166.74,0,2024-05-09,2024-05-09,0,0
P008120,1,0,36.0,795.49,0,2025-01-05,2025-01-05,0,0
P008121,4,1,37.0,4564.74,0,2026-01-13,2026-09-20,1,1
P008122,3,1,35.333333333333336,7930.7,0,2025-01-15,2026-04-26,1,0
P008123,2,1,33.0,13733.21,0,2024-06-23,2025-05-17,1,0
P008124,1,0,98.0,1027.02,0,2024-08-05,2024-08-05,0,0
P008125,1,0,21.0,339.94,0,2024-03-27,2024-03-27,0,0
P008126,2,2,53.5,12509.74,0,2026-08-19,2026-09-29,1,0
P008127,5,0,55.4,3984.36,0,2026-07-25,2026-09-29,1,1
P008128,1,0,110.0,679.05,0,2025-03-11,2025-03-11,0,0
P008129,1,0,27.0,645.04,0,2025-03-11,2025-03-11,0,0
P008130,3,0,26.0,1854.81,0,2024-02-23,2024-05-27,1,0
P008131,1,1,79.0,11714.72,0,2025-11-01,2025-11-01,0,0
P008132,3,1,37.0,12685.77,0,2026-06-29,2026-09-13,1,0
P008133,1,0,181.0,638.67,0,2025-01-19,2025-01-19,0,0
P008134,1,1,57.0,17651.28,0,2026-01-26,2026-01-26,0,0
P008135,1,0,24.0,1241.2,0,2025-04-06,2025-04-06,0,0
P008136,1,0,20.0,926.45,0,2026-04-20,2026-04-20,0,0
P008137,1,0,25.0,228.2,0,2026-05-17,2026-05-17,0,0
P008138,2,1,89.0,1586.45,0,2025-08-04,2025-10-14,1,0
P008139,3,2,46.0,13668.910000000002,1,2026-08-30,2026-09-16,1,0
P008140,1,1,25.0,7115.02,0,2025-10-07,2025-10-07,0,0
P008141,3,1,23.333333333333332,6797.02,0,2024-10-13,2025-04-03,1,0
P008142,2,2,43.5,10751.14,0,2025-07-09,2025-07-27,1,0
P008143,2,1,72.5,5280.469999999999,0,2025-10-05,2026-01-01,1,0
P008144,1,0,33.0,739.49,0,2025-05-04,2025-05-04,0,0
P008145,1,0,17.0,501.49,0,2025-02-22,2025-02-22,0,0
P008146,1,1,55.0,1033.58,0,2026-06-10,2026-06-10,0,0
P008147,1,0,23.0,452.88,0,2025-04-08,2025-04-08,0,0
P008148,2,0,80.5,1052.45,0,2024-11-13,2025-06-07,1,0
P008149,1,0,17.0,1005.03,0,2024-11-27,2024-11-27,0,0
P008150,1,0,53.0,944.98,0,2025-01-27,2025-01-27,0,0
P008151,1,0,19.0,727.76,0,2024-10-31,2024-10-31,0,0
P008152,1,1,26.0,3023.35,0,2024-09-02,2024-09-02,0,0
P008153,3,0,20.0,940.26,0,2024-07-11,2025-09-01,1,0
P008154,1,0,21.0,323.94,0,2024-01-18,2024-01-18,0,0
P008155,1,0,35.0,589.18,0,2024-08-06,2024-08-06,0,0
P008156,1,0,18.0,238.8,0,2025-02-24,2025-02-24,0,0
P008157,1,0,27.0,649.47,0,2025-04-19,2025-04-19,0,0
P008158,2,1,141.5,13378.47,0,2026-04-12,2026-06-29,1,0
P008159,5,2,60.6,22746.809999999998,0,2024-06-06,2026-09-26,1,1
P008160,3,1,33.666666666666664,8025.66,0,2026-01-13,2026-09-22,1,0
P008161,1,0,56.0,1040.24,0,2025-01-26,2025-01-26,0,0
P008162,1,0,91.0,1734.07,0,2026-09-23,2026-09-23,0,0
P008163,2,1,103.5,4822.87,0,2024-04-19,2025-03-09,1,0
P008164,1,1,48.0,18417.15,0,2026-09-25,2026-09-25,0,0
P008165,1,0,24.0,313.55,0,2026-06-13,2026-06-13,0,0
P008166,4,0,67.0,3820.3199999999997,0,2025-04-08,2026-09-28,1,1
P008167,1,0,15.0,640.68,0,2025-12-15,2025-12-15,0,0
P008168,1,0,12.0,224.97,0,2026-09-05,2026-09-05,0,0
P008169,1,0,18.0,350.71,0,2026-04-11,2026-04-11,0,0
P008170,2,0,22.5,1388.1200000000001,0,2025-12-02,2025-12-31,1,0
P008171,1,1,33.0,6685.12,0,2025-05-05,2025-05-05,0,0
P008172,1,0,22.0,374.89,0,2025-06-27,2025-06-27,0,0
P008173,1,1,36.0,21128.6,0,2024-03-04,2024-03-04,0,0
P008174,2,1,74.0,7706.5599999999995,0,2024-06-06,2024-08-20,1,0
P008175,1,1,50.0,82085.29,0,2025-12-03,2025-12-03,0,0
P008176,1,0,29.0,619.94,0,2026-06-28,2026-06-28,0,0
P008177,1,1,69.0,20339.03,0,2025-09-15,2025-09-15,0,0
P008178,1,0,176.0,1038.2,0,2024-06-22,2024-06-22,0,0
P008179,1,0,18.0,376.27,0,2026-09-03,2026-09-03,0,0
P008180,1,1,64.0,10387.54,0,2025-01-04,2025-01-04,0,0
P008181,2,1,53.5,10591.35,0,2025-09-04,2025-12-27,1,0
P008182,3,1,101.66666666666667,12487.93,0,2024-02-28,2025-06-03,1,0
P008183,1,0,35.0,288.2,0,2026-02-22,2026-02-22,0,0
P008184,1,0,61.0,1335.11,0,2025-11-29,2025-11-29,0,0
P008185,3,1,52.666666666666664,9713.47,0,2025-09-28,2026-08-13,1,0
P008186,3,2,77.0,20316.92,0,2024-06-28,2026-04-15,1,0
P008187,3,0,28.666666666666668,2457.3500000000004,0,2026-03-03,2026-09-18,1,0
P008188,1,0,61.0,1657.36,0,2025-11-10,2025-11-10,0,0
P008189,2,0,24.5,743.76,0,2025-11-24,2026-09-27,1,0
P008190,3,0,40.666666666666664,5045.5599999999995,0,2024-02-13,2025-01-19,1,0
P008191,1,0,22.0,306.08,0,2026-03-10,2026-03-10,0,0
P008192,1,0,20.0,639.92,0,2025-09-22,2025-09-22,0,0
P008193,1,1,41.0,16625.19,0,2025-03-02,2025-03-02,0,0
P008194,1,1,66.0,9155.44,0,2025-11-30,2025-11-30,0,0
P008195,1,0,67.0,470.18,0,2024-12-10,2024-12-10,0,0
P008196,5,2,46.0,11159.59,0,2024-02-25,2025-02-22,1,1
P008197,1,0,64.0,1122.09,0,2025-06-28,2025-06-28,0,0
P008198,1,0,25.0,386.76,0,2025-12-20,2025-12-20,0,0
P008199,2,1,47.5,7317.88,0,2024-08-08,2024-08-20,1,0
P008200,1,1,46.0,3544.07,0,2026-04-24,2026-04-24,0,0
P008201,1,1,48.0,2107.45,0,2025-02-04,2025-02-04,0,0
P008202,1,1,55.0,1803.2,0,2026-05-19,2026-05-19,0,0
P008203,2,0,34.5,1032.57,0,2024-11-21,2025-10-22,1,0
P008204,1,0,128.0,528.13,0,2024-08-28,2024-08-28,0,0
P008205,1,0,26.0,243.3,0,2024-10-18,2024-10-18,0,0
P008206,1,1,27.0,6911.99,0,2025-01-14,2025-01-14,0,0
P008207,2,2,55.5,15363.09,0,2026-09-20,2026-09-21,1,0
P008208,1,0,90.0,498.27,0,2025-05-10,2025-05-10,0,0
P008209,1,0,69.0,419.68,0,2024-03-16,2024-03-16,0,0
P008210,1,0,17.0,189.65,0,2025-01-22,2025-01-22,0,0
P008211,1,0,16.0,514.3,0,2026-03-28,2026-03-28,0,0
P008212,2,0,92.0,3565.7400000000002,0,2026-01-19,2026-05-22,1,0
P008213,2,1,52.0,8994.51,0,2026-01-24,2026-09-26,1,0
P008214,1,0,39.0,358.76,0,2025-05-11,2025-05-11,0,0
P008215,1,0,45.0,663.51,0,2026-03-07,2026-03-07,0,0
P008216,1,0,18.0,307.31,0,2024-02-19,2024-02-19,0,0
P008217,1,0,21.0,522.09,0,2024-10-16,2024-10-16,0,0
P008218,1,1,57.0,11337.28,0,2026-04-10,2026-04-10,0,0
P008219,3,0,55.0,2663.44,0,2025-09-09,2026-09-24,1,0
P008220,1,0,105.0,821.59,0,2024-05-28,2024-05-28,0,0
P008221,2,0,38.5,683.56,0,2026-05-12,2026-08-01,1,0
P008222,1,1,131.0,2327.66,0,2024-06-04,2024-06-04,0,0
P008223,2,0,29.0,649.88,0,2024-09-10,2025-07-21,1,0
P008224,3,0,39.0,1910.26,0,2026-01-14,2026-09-23,1,0
P008225,2,0,67.0,923.26,0,2026-05-23,2026-06-11,1,0
P008226,1,1,71.0,16862.89,0,2025-05-27,2025-05-27,0,0
P008227,1,1,87.0,1429.65,0,2026-03-30,2026-03-30,0,0
P008228,1,0,97.0,2349.55,0,2026-06-11,2026-06-11,0,0
P008229,1,1,67.0,5321.49,0,2024-09-24,2024-09-24,0,0
P008230,1,1,72.0,19167.27,0,2024-09-07,2024-09-07,0,0
P008231,3,1,62.333333333333336,9864.320000000002,0,2024-01-29,2025-01-17,1,0
P008232,2,0,24.5,854.74,0,2026-07-27,2026-09-15,1,0
P008233,2,0,67.5,1204.78,0,2024-05-07,2026-09-26,1,0
P008234,1,0,24.0,274.11,0,2024-04-18,2024-04-18,0,0
P008235,1,1,52.0,7863.54,0,2025-11-03,2025-11-03,0,0
P008236,1,1,41.0,5034.14,0,2026-03-07,2026-03-07,0,0
P008237,3,2,62.666666666666664,29121.879999999997,0,2024-07-17,2025-09-21,1,0
P008238,1,1,61.0,3703.35,0,2024-03-04,2024-03-04,0,0
P008239,1,0,11.0,567.59,0,2026-05-23,2026-05-23,0,0
P008240,1,0,73.0,846.65,0,2024-07-28,2024-07-28,0,0
P008241,2,0,53.5,828.23,0,2024-07-01,2024-08-13,1,0
P008242,1,0,46.0,264.88,0,2025-12-04,2025-12-04,0,0
P008243,1,0,20.0,422.62,0,2025-01-21,2025-01-21,0,0
P008244,1,0,21.0,709.45,0,2024-08-11,2024-08-11,0,0
P008245,2,1,56.0,2352.72,0,2024-11-24,2025-03-25,1,0
P008246,3,1,36.333333333333336,25379.510000000002,0,2024-02-17,2025-03-09,1,0
P008247,1,1,76.0,12815.88,0,2024-03-21,2024-03-21,0,0
P008248,2,0,107.5,906.62,0,2025-11-06,2026-01-03,1,0
P008249,1,0,21.0,218.41,0,2024-06-12,2024-06-12,0,0
P008250,1,1,38.0,4126.44,0,2026-04-12,2026-04-12,0,0
P008251,2,1,157.0,14295.099999999999,0,2025-01-26,2025-03-31,1,0
P008252,2,2,46.0,34359.53,0,2024-10-06,2025-06-27,1,0
P008253,1,0,14.0,727.66,0,2026-05-31,2026-05-31,0,0
P008254,1,1,46.0,4837.97,0,2024-07-19,2024-07-19,0,0
P008255,1,1,66.0,5413.15,0,2026-05-19,2026-05-19,0,0
P008256,1,1,50.0,21732.27,0,2026-01-01,2026-01-01,0,0
P008257,4,3,90.25,19970.9,0,2024-12-08,2026-09-22,1,1
P008258,1,1,24.0,19882.33,0,2024-08-24,2024-08-24,0,0
P008259,1,0,40.0,1161.62,0,2025-02-09,2025-02-09,0,0
P008260,1,1,44.0,8947.76,0,2026-08-18,2026-08-18,0,0
P008261,2,0,26.0,2773.83,0,2024-09-23,2024-11-04,1,0
P008262,1,0,40.0,409.73,0,2026-01-28,2026-01-28,0,0
P008263,2,1,25.5,19836.39,0,2026-07-11,2026-09-21,1,0
P008264,1,1,33.0,20834.73,0,2025-10-29,2025-10-29,0,0
P008265,1,1,82.0,1154.18,0,2025-11-09,2025-11-09,0,0
P008266,1,0,71.0,474.06,0,2024-11-09,2024-11-09,0,0
P008267,5,2,32.0,15952.35,0,2025-10-20,2026-09-20,1,1
P008268,1,1,92.0,8689.11,0,2025-03-02,2025-03-02,0,0
P008269,1,0,19.0,191.31,0,2025-11-17,2025-11-17,0,0
P008270,1,0,141.0,600.09,0,2025-09-20,2025-09-20,0,0
P008271,2,0,32.0,994.3499999999999,0,2025-04-11,2025-09-12,1,0
P008272,6,1,37.833333333333336,15333.48,0,2025-10-24,2026-09-30,1,1
P008273,1,0,108.0,618.11,0,2024-06-12,2024-06-12,0,0
P008274,1,0,143.0,1126.12,0,2024-06-03,2024-06-03,0,0
P008275,1,1,125.0,3139.98,0,2024-12-08,2024-12-08,0,0
P008276,2,0,31.0,1249.5700000000002,0,2025-02-15,2025-05-24,1,0
P008277,1,0,94.0,1789.64,0,2025-12-06,2025-12-06,0,0
P008278,5,1,70.8,21307.859999999997,0,2024-05-07,2025-12-22,1,1
P008279,4,3,48.25,24178.52,1,2026-02-23,2026-09-30,1,1
P008280,2,0,27.0,824.25,0,2025-02-04,2025-02-24,1,0
P008281,3,0,27.0,1910.1999999999998,0,2025-01-19,2025-10-21,1,0
P008282,6,2,80.0,19458.53,0,2024-01-11,2026-09-28,1,1
P008283,1,1,28.0,12401.23,0,2026-01-23,2026-01-23,0,0
P008284,1,0,56.0,247.05,0,2025-03-07,2025-03-07,0,0
P008285,1,0,86.0,634.02,0,2025-08-01,2025-08-01,0,0
P008286,2,0,111.5,6203.33,0,2025-02-21,2025-08-07,1,0
P008287,3,1,21.333333333333332,4082.1500000000005,0,2026-08-03,2026-09-20,1,0
P008288,1,1,69.0,13140.2,0,2024-06-02,2024-06-02,0,0
P008289,1,1,55.0,16518.96,0,2025-04-03,2025-04-03,0,0
P008290,1,1,39.0,9093.22,0,2026-01-21,2026-01-21,0,0
P008291,1,0,87.0,183.64,0,2024-02-14,2024-02-14,0,0
P008292,1,1,65.0,19875.61,0,2024-03-12,2024-03-12,0,0
P008293,5,3,54.0,28335.78,0,2025-11-23,2026-09-26,1,1
P008294,5,0,81.4,5947.97,0,2024-03-15,2026-09-21,1,1
P008295,1,0,52.0,687.19,0,2025-10-08,2025-10-08,0,0
P008296,3,2,53.333333333333336,19259.89,0,2024-10-21,2025-07-01,1,0
P008297,2,0,28.5,667.4200000000001,0,2025-05-20,2025-06-12,1,0
P008298,3,1,72.33333333333333,9667.779999999999,0,2024-07-31,2025-12-11,1,0
P008299,6,2,53.166666666666664,22599.75,0,2024-11-29,2026-09-22,1,1
P008300,6,4,65.5,23363.809999999998,0,2025-04-03,2026-09-16,1,1
P008301,1,0,150.0,784.02,0,2024-10-21,2024-10-21,0,0
P008302,2,0,62.0,2205.19,0,2024-11-01,2024-12-19,1,0
P008303,1,1,47.0,8336.72,0,2024-04-18,2024-04-18,0,0
P008304,1,0,44.0,177.87,0,2025-02-11,2025-02-11,0,0
P008305,1,0,52.0,499.1,0,2026-04-14,2026-04-14,0,0
P008306,2,0,61.0,1462.65,0,2025-02-02,2025-02-21,1,0
P008307,1,0,16.0,1002.05,0,2024-05-04,2024-05-04,0,0
P008308,1,0,44.0,801.32,0,2026-05-05,2026-05-05,0,0
P008309,3,2,66.66666666666667,11236.869999999999,0,2024-06-08,2025-01-22,1,0
P008310,2,0,43.5,854.94,0,2024-11-15,2025-12-14,1,0
P008311,1,0,53.0,1427.53,0,2025-03-09,2025-03-09,0,0
P008312,1,0,56.0,688.38,0,2025-06-08,2025-06-08,0,0
P008313,1,0,69.0,566.16,0,2025-09-30,2025-09-30,0,0
P008314,1,0,65.0,1188.19,0,2025-02-21,2025-02-21,0,0
P008315,2,1,36.5,1772.46,0,2024-07-09,2025-03-03,1,0
P008316,4,1,54.5,7003.75,0,2026-02-13,2026-09-24,1,1
P008317,5,3,86.2,19054.34,0,2024-04-28,2026-09-21,1,1
P008318,1,0,10.0,629.89,0,2025-12-23,2025-12-23,0,0
P008319,3,1,39.0,2114.7,0,2025-07-17,2026-07-10,1,0
P008320,1,0,10.0,543.83,0,2025-10-04,2025-10-04,0,0
P008321,1,1,71.0,17156.4,0,2026-01-10,2026-01-10,0,0
P008322,1,0,164.0,1091.92,0,2024-11-23,2024-11-23,0,0
P008323,5,1,66.4,6597.04,0,2025-04-27,2026-09-17,1,1
P008324,2,0,74.5,1429.1599999999999,0,2024-03-31,2024-12-29,1,0
P008325,1,0,12.0,549.96,0,2025-06-13,2025-06-13,0,0
P008326,1,0,18.0,846.18,0,2026-04-16,2026-04-16,0,0
P008327,1,0,44.0,732.33,0,2024-06-26,2024-06-26,0,0
P008328,1,0,33.0,1295.43,0,2024-08-05,2024-08-05,0,0
P008329,1,0,35.0,184.77,0,2025-08-03,2025-08-03,0,0
P008330,2,1,29.5,11671.31,0,2026-08-16,2026-09-24,1,0
P008331,1,0,50.0,1260.91,0,2025-09-13,2025-09-13,0,0
P008332,1,0,40.0,521.79,0,2026-01-23,2026-01-23,0,0
P008333,4,1,49.5,3626.32,0,2024-11-27,2025-11-14,1,1
P008334,2,0,32.5,1407.05,0,2025-07-26,2026-02-26,1,0
P008335,6,0,39.0,5729.719999999999,0,2025-08-31,2026-09-25,1,1
P008336,2,0,51.5,719.28,0,2026-06-19,2026-09-15,1,0
P008337,1,0,29.0,1248.28,0,2024-04-04,2024-04-04,0,0
P008338,1,0,32.0,285.21,0,2026-03-23,2026-03-23,0,0
P008339,1,1,49.0,6824.84,0,2024-09-26,2024-09-26,0,0
P008340,2,0,34.5,1646.99,0,2024-12-21,2025-07-29,1,0
P008341,3,0,59.666666666666664,2519.4700000000003,0,2026-03-23,2026-05-20,1,0
P008342,2,0,46.5,1985.3600000000001,0,2025-04-20,2025-04-29,1,0
P008343,2,0,47.5,860.1,0,2026-09-01,2026-09-24,1,0
P008344,1,1,45.0,8556.13,0,2025-01-18,2025-01-18,0,0
P008345,2,0,23.0,746.26,0,2025-06-18,2025-08-20,1,0
P008346,1,0,9.0,628.92,0,2026-06-07,2026-06-07,0,0
P008347,5,2,41.4,21900.809999999998,0,2024-03-02,2025-05-09,1,1
P008348,4,1,65.75,8540.52,0,2025-11-02,2026-09-26,1,1
P008349,2,0,26.5,906.06,0,2024-04-14,2024-05-16,1,0
P008350,2,0,53.0,1490.09,0,2025-02-16,2025-09-10,1,0
P008351,1,0,112.0,526.18,0,2026-02-21,2026-02-21,0,0
P008352,2,0,77.0,1391.1,0,2026-04-30,2026-05-19,1,0
P008353,2,1,25.0,6194.01,0,2025-11-11,2026-09-19,1,0
P008354,1,0,89.0,1003.54,0,2025-08-14,2025-08-14,0,0
P008355,1,1,153.0,12940.79,0,2025-01-08,2025-01-08,0,0
P008356,1,0,58.0,351.31,0,2026-07-28,2026-07-28,0,0
P008357,3,0,67.0,2047.42,0,2025-03-04,2026-08-27,1,0
P008358,1,0,28.0,471.48,0,2026-08-05,2026-08-05,0,0
P008359,2,1,74.0,2051.81,0,2025-09-19,2025-10-27,1,0
P008360,2,1,51.5,17346.31,0,2024-04-08,2024-04-25,1,0
P008361,1,0,28.0,1499.99,0,2025-11-01,2025-11-01,0,0
P008362,1,0,85.0,1753.48,0,2025-11-04,2025-11-04,0,0
P008363,1,1,84.0,11611.61,0,2024-03-21,2024-03-21,0,0
P008364,1,0,41.0,2361.27,0,2025-12-29,2025-12-29,0,0
P008365,1,0,23.0,295.09,0,2026-07-20,2026-07-20,0,0
P008366,5,2,45.8,29757.410000000003,0,2024-10-21,2026-07-13,1,1
P008367,2,1,45.0,3891.85,0,2025-01-21,2026-03-08,1,0
P008368,3,2,54.666666666666664,23801.65,1,2026-03-26,2026-09-27,1,0
P008369,1,1,33.0,2625.67,0,2025-05-25,2025-05-25,0,0
P008370,1,0,41.0,130.07,0,2026-07-25,2026-07-25,0,0
P008371,3,0,27.0,1079.73,0,2026-01-07,2026-09-21,1,0
P008372,1,0,41.0,748.66,0,2026-02-17,2026-02-17,0,0
P008373,1,0,21.0,471.91,0,2025-10-21,2025-10-21,0,0
P008374,4,2,75.0,12194.25,0,2025-04-17,2026-08-17,1,1
P008375,2,1,57.5,11254.759999999998,0,2024-02-24,2024-09-07,1,0
P008376,2,2,83.5,15783.29,0,2025-11-03,2025-12-26,1,0
P008377,2,1,62.0,11963.59,0,2024-03-31,2024-10-22,1,0
P008378,2,1,80.5,11521.3,0,2024-10-29,2024-12-24,1,0
P008379,1,0,81.0,1437.1,0,2024-11-24,2024-11-24,0,0
P008380,1,0,38.0,784.03,0,2025-12-06,2025-12-06,0,0
P008381,1,1,100.0,4642.46,0,2024-12-18,2024-12-18,0,0
P008382,3,2,92.33333333333333,20410.51,0,2026-04-22,2026-08-10,1,0
P008383,1,0,29.0,497.13,0,2025-08-04,2025-08-04,0,0
P008384,1,1,31.0,1602.32,0,2024-03-05,2024-03-05,0,0
P008385,1,0,87.0,1465.72,0,2025-01-21,2025-01-21,0,0
P008386,4,1,40.25,6890.510000000001,0,2025-03-01,2026-08-15,1,1
P008387,1,0,23.0,219.09,0,2025-07-11,2025-07-11,0,0
P008388,4,1,75.75,3441.16,0,2026-03-24,2026-09-12,1,1
P008389,1,0,21.0,673.67,0,2025-04-15,2025-04-15,0,0
P008390,3,0,29.333333333333332,1932.19,0,2026-08-30,2026-09-19,1,0
P008391,1,0,23.0,310.74,0,2026-04-19,2026-04-19,0,0
P008392,1,1,51.0,11710.36,0,2026-09-28,2026-09-28,0,0
P008393,3,0,16.666666666666668,747.91,0,2026-03-14,2026-09-20,1,0
P008394,2,0,33.5,401.72,0,2024-03-08,2024-03-28,1,0
P008395,1,0,22.0,400.89,0,2024-10-01,2024-10-01,0,0
P008396,1,0,12.0,470.47,0,2024-08-22,2024-08-22,0,0
P008397,4,1,30.75,11796.86,0,2025-08-18,2026-09-02,1,1
P008398,3,0,23.333333333333332,816.0,0,2024-03-02,2024-08-22,1,0
P008399,2,2,57.5,20608.36,0,2025-11-09,2026-08-31,1,0
P008400,1,1,44.0,2870.67,0,2024-11-10,2024-11-10,0,0
P008401,1,1,98.0,5858.27,0,2026-03-07,2026-03-07,0,0
P008402,3,1,70.0,15605.87,0,2025-09-14,2026-04-15,1,0
P008403,1,0,120.0,477.67,0,2024-04-12,2024-04-12,0,0
P008404,2,1,53.0,9449.18,0,2024-04-26,2024-06-20,1,0
P008405,1,0,21.0,555.35,0,2025-04-20,2025-04-20,0,0
P008406,1,0,172.0,1670.07,0,2026-05-30,2026-05-30,0,0
P008407,1,0,41.0,913.44,0,2025-12-02,2025-12-02,0,0
P008408,1,1,28.0,5808.78,0,2024-03-19,2024-03-19,0,0
P008409,2,1,30.5,10087.42,0,2025-03-16,2026-02-15,1,0
P008410,1,1,68.0,13507.57,0,2026-02-06,2026-02-06,0,0
P008411,1,1,40.0,4875.11,0,2025-11-07,2025-11-07,0,0
P008412,1,0,153.0,1498.08,0,2026-01-28,2026-01-28,0,0
P008413,1,0,25.0,287.39,0,2025-03-16,2025-03-16,0,0
P008414,1,0,31.0,745.76,0,2026-01-22,2026-01-22,0,0
P008415,1,1,37.0,8251.2,0,2026-02-24,2026-02-24,0,0
P008416,2,1,58.0,2148.7,0,2025-07-12,2025-08-03,1,0
P008417,1,1,53.0,6819.78,0,2026-01-08,2026-01-08,0,0
P008418,1,0,30.0,328.42,0,2026-09-10,2026-09-10,0,0
P008419,1,0,71.0,607.65,0,2026-04-11,2026-04-11,0,0
P008420,1,1,95.0,7838.8,0,2024-05-26,2024-05-26,0,0
P008421,2,0,39.5,1401.65,0,2024-02-04,2024-05-25,1,0
P008422,1,0,136.0,798.44,0,2026-08-13,2026-08-13,0,0
P008423,2,0,21.5,1247.19,0,2024-10-08,2025-08-30,1,0
P008424,1,0,49.0,342.39,0,2025-03-01,2025-03-01,0,0
P008425,2,0,97.5,1517.24,0,2024-08-26,2024-11-10,1,0
P008426,1,1,115.0,1599.03,0,2026-08-25,2026-08-25,0,0
P008427,1,1,99.0,6500.54,0,2024-09-12,2024-09-12,0,0
P008428,3,2,74.33333333333333,12679.05,0,2025-07-03,2026-08-04,1,0
P008429,1,0,17.0,433.84,0,2025-05-22,2025-05-22,0,0
P008430,1,0,22.0,439.58,0,2024-10-14,2024-10-14,0,0
P008431,1,0,36.0,1324.99,0,2024-06-27,2024-06-27,0,0
P008432,1,0,85.0,1205.92,0,2025-08-03,2025-08-03,0,0
P008433,1,0,91.0,611.1,0,2025-10-07,2025-10-07,0,0
P008434,1,1,76.0,6864.11,0,2026-06-29,2026-06-29,0,0
P008435,1,1,113.0,8524.85,0,2024-08-22,2024-08-22,0,0
P008436,2,0,43.5,1338.75,0,2025-12-24,2026-09-14,1,0
P008437,1,1,120.0,6807.95,0,2024-04-04,2024-04-04,0,0
P008438,1,0,29.0,334.13,0,2026-08-09,2026-08-09,0,0
P008439,1,0,109.0,1142.84,0,2026-04-20,2026-04-20,0,0
P008440,3,1,39.333333333333336,12628.57,0,2025-09-24,2026-09-15,1,0
P008441,1,0,12.0,698.91,0,2024-01-05,2024-01-05,0,0
P008442,1,0,13.0,726.36,0,2026-06-19,2026-06-19,0,0
P008443,3,1,51.666666666666664,9207.29,0,2025-09-05,2025-12-27,1,0
P008444,1,1,75.0,10680.26,0,2026-08-16,2026-08-16,0,0
P008445,1,0,27.0,429.63,0,2024-05-12,2024-05-12,0,0
P008446,3,1,47.666666666666664,5933.450000000001,0,2024-10-31,2025-04-07,1,0
P008447,1,0,37.0,491.6,0,2024-06-15,2024-06-15,0,0
P008448,3,1,32.0,11847.63,0,2025-11-17,2026-01-27,1,0
P008449,1,0,18.0,705.55,0,2024-08-14,2024-08-14,0,0
P008450,1,0,30.0,1067.19,0,2025-12-26,2025-12-26,0,0
P008451,4,0,22.25,1407.82,0,2026-01-06,2026-09-22,1,1
P008452,1,0,63.0,2033.54,0,2024-12-15,2024-12-15,0,0
P008453,1,0,29.0,335.53,0,2026-07-04,2026-07-04,0,0
P008454,1,0,39.0,72.15,0,2024-08-18,2024-08-18,0,0
P008455,4,0,21.0,2474.87,0,2024-08-08,2025-10-22,1,1
P008456,5,3,91.2,27870.059999999998,0,2024-03-04,2026-09-28,1,1
P008457,2,0,26.5,1486.1100000000001,0,2025-05-22,2025-07-27,1,0
P008458,4,0,76.5,2821.01,0,2024-02-20,2026-06-05,1,1
P008459,1,1,63.0,1456.31,0,2026-01-27,2026-01-27,0,0
P008460,2,1,41.0,22370.899999999998,0,2024-08-17,2025-09-23,1,0
P008461,1,1,49.0,13985.54,0,2024-12-25,2024-12-25,0,0
P008462,2,1,59.5,10119.65,0,2026-03-17,2026-07-09,1,0
P008463,3,1,47.666666666666664,8207.77,0,2026-05-17,2026-09-24,1,0
P008464,1,1,45.0,1229.16,0,2025-06-30,2025-06-30,0,0
P008465,1,0,7.0,666.19,0,2025-02-24,2025-02-24,0,0
P008466,1,0,32.0,310.17,0,2024-11-11,2024-11-11,0,0
P008467,1,1,210.0,11483.16,0,2026-03-24,2026-03-24,0,0
P008468,2,0,57.5,5504.110000000001,0,2024-09-09,2025-04-18,1,0
P008469,1,0,114.0,674.43,0,2025-02-24,2025-02-24,0,0
P008470,1,0,52.0,428.3,0,2026-02-27,2026-02-27,0,0
P008471,1,0,221.0,758.98,0,2026-03-12,2026-03-12,0,0
P008472,2,2,43.0,10143.73,0,2026-05-28,2026-09-14,1,0
P008473,1,0,19.0,704.67,0,2024-06-12,2024-06-12,0,0
P008474,1,0,73.0,1396.74,0,2024-07-01,2024-07-01,0,0
P008475,1,0,43.0,353.28,0,2025-11-15,2025-11-15,0,0
P008476,1,0,34.0,217.63,0,2024-09-22,2024-09-22,0,0
P008477,1,0,20.0,653.63,0,2025-02-13,2025-02-13,0,0
P008478,1,0,53.0,1070.65,0,2025-06-09,2025-06-09,0,0
P008479,2,1,54.5,3637.13,0,2026-02-26,2026-06-11,1,0
P008480,2,0,52.0,2418.0,0,2024-09-22,2024-10-26,1,0
P008481,1,1,74.0,4898.94,0,2025-12-28,2025-12-28,0,0
P008482,1,0,81.0,1283.08,0,2026-05-14,2026-05-14,0,0
P008483,1,1,47.0,27117.94,0,2025-02-14,2025-02-14,0,0
P008484,2,1,118.5,9604.34,0,2025-03-16,2025-03-29,1,0
P008485,1,1,81.0,20069.41,0,2024-02-27,2024-02-27,0,0
P008486,2,0,50.0,1185.1,0,2024-11-16,2025-01-31,1,0
P008487,1,0,16.0,1389.16,0,2025-11-09,2025-11-09,0,0
P008488,3,0,27.0,1625.65,0,2024-11-05,2026-09-27,1,0
P008489,2,1,68.0,13222.08,0,2025-04-15,2026-02-08,1,0
P008490,1,0,17.0,977.08,0,2025-07-22,2025-07-22,0,0
P008491,2,0,27.0,1766.06,0,2024-05-03,2024-05-30,1,0
P008492,1,0,31.0,243.34,0,2024-02-26,2024-02-26,0,0
P008493,2,2,55.0,14818.15,0,2024-04-23,2025-01-01,1,0
P008494,2,0,42.5,3010.0299999999997,0,2024-07-01,2025-02-25,1,0
P008495,1,0,33.0,279.55,0,2024-12-31,2024-12-31,0,0
P008496,1,0,7.0,1282.95,0,2025-07-17,2025-07-17,0,0
P008497,1,1,162.0,2734.82,0,2024-03-29,2024-03-29,0,0
P008498,2,0,47.0,1227.2199999999998,0,2025-03-10,2025-10-03,1,0
P008499,4,3,71.25,13489.789999999999,0,2024-01-16,2025-10-24,1,1
P008500,1,0,8.0,410.32,0,2025-01-20,2025-01-20,0,0
P008501,1,1,42.0,5251.24,0,2024-12-26,2024-12-26,0,0
P008502,2,1,110.0,7054.63,0,2025-06-28,2026-01-30,1,0
P008503,2,0,13.5,1253.6100000000001,0,2025-03-29,2025-05-30,1,0
P008504,2,1,61.5,8095.44,0,2026-04-07,2026-09-28,1,0
P008505,1,1,89.0,8031.75,0,2026-08-01,2026-08-01,0,0
P008506,3,2,47.0,15146.24,0,2025-11-26,2026-03-25,1,0
P008507,1,0,54.0,740.75,0,2024-07-12,2024-07-12,0,0
P008508,1,0,26.0,757.9,0,2025-10-17,2025-10-17,0,0
P008509,1,0,22.0,859.21,0,2026-01-05,2026-01-05,0,0
P008510,1,0,14.0,296.6,0,2026-05-01,2026-05-01,0,0
P008511,1,1,21.0,14732.24,0,2024-09-17,2024-09-17,0,0
P008512,1,0,15.0,460.93,0,2025-08-15,2025-08-15,0,0
P008513,2,0,70.0,1437.42,0,2026-06-21,2026-06-30,1,0
P008514,2,0,105.5,1798.8799999999999,0,2024-12-27,2025-10-18,1,0
P008515,4,0,53.0,3485.36,0,2026-02-26,2026-09-28,1,1
P008516,2,1,36.0,3145.04,0,2026-09-04,2026-09-21,1,0
P008517,2,1,26.5,18154.64,0,2025-12-03,2025-12-30,1,0
P008518,4,2,33.0,14204.98,0,2024-01-11,2024-09-29,1,1
P008519,4,1,49.75,9029.01,0,2024-03-01,2025-08-11,1,1
P008520,5,1,51.2,6591.39,0,2026-01-18,2026-09-30,1,1
P008521,1,0,79.0,764.04,0,2024-11-23,2024-11-23,0,0
P008522,2,0,24.5,1206.29,0,2025-07-07,2026-04-27,1,0
P008523,1,0,27.0,702.22,0,2024-05-18,2024-05-18,0,0
P008524,3,1,29.0,16426.51,0,2026-04-20,2026-09-27,1,0
P008525,5,3,26.6,6774.75,0,2024-12-27,2026-09-20,1,1
P008526,3,1,43.333333333333336,6611.37,1,2026-07-27,2026-09-26,1,0
P008527,1,1,63.0,1129.93,0,2024-07-20,2024-07-20,0,0
P008528,1,0,21.0,117.42,0,2025-04-22,2025-04-22,0,0
P008529,1,1,26.0,2435.16,0,2026-09-11,2026-09-11,0,0
P008530,1,0,68.0,682.91,0,2026-07-09,2026-07-09,0,0
P008531,1,0,50.0,2381.36,0,2025-06-03,2025-06-03,0,0
P008532,1,1,33.0,4224.28,0,2025-02-23,2025-02-23,0,0
P008533,1,0,26.0,372.11,0,2026-05-11,2026-05-11,0,0
P008534,2,0,21.5,689.3199999999999,0,2026-07-29,2026-09-11,1,0
P008535,1,0,33.0,795.92,0,2026-01-29,2026-01-29,0,0
P008536,2,0,153.5,1552.73,0,2025-04-28,2025-06-12,1,0
P008537,3,0,41.0,2337.54,0,2026-03-22,2026-09-23,1,0
P008538,1,1,46.0,6833.93,0,2026-05-21,2026-05-21,0,0
P008539,1,0,38.0,480.37,0,2024-11-22,2024-11-22,0,0
P008540,1,0,19.0,777.9,0,2026-01-02,2026-01-02,0,0
P008541,2,1,43.0,2354.02,0,2025-11-24,2026-05-01,1,0
P008542,6,5,84.33333333333333,46835.82,0,2026-09-01,2026-09-26,1,1
P008543,1,0,151.0,1032.6,0,2026-08-02,2026-08-02,0,0
P008544,2,0,34.0,496.01,0,2026-03-21,2026-09-12,1,0
P008545,2,2,41.0,13620.0,0,2026-09-07,2026-09-25,1,0
P008546,2,1,76.5,2861.86,0,2026-03-07,2026-09-14,1,0
P008547,1,0,74.0,677.11,0,2024-08-01,2024-08-01,0,0
P008548,1,1,189.0,6201.34,0,2025-09-21,2025-09-21,0,0
P008549,3,2,53.666666666666664,8077.150000000001,0,2026-04-08,2026-09-29,1,0
P008550,3,1,68.0,7248.84,0,2026-01-14,2026-09-25,1,0
P008551,1,1,78.0,9615.47,0,2025-12-03,2025-12-03,0,0
P008552,3,1,94.66666666666667,17116.620000000003,0,2026-08-09,2026-09-27,1,0
P008553,4,1,56.75,15131.69,0,2024-07-05,2026-05-30,1,1
P008554,3,1,58.666666666666664,12287.48,0,2026-03-03,2026-06-03,1,0
P008555,1,1,118.0,5266.44,0,2024-05-06,2024-05-06,0,0
P008556,1,1,90.0,1187.27,0,2025-10-07,2025-10-07,0,0
P008557,2,1,50.0,2174.91,0,2025-11-04,2025-11-22,1,0
P008558,1,0,25.0,477.29,0,2026-09-13,2026-09-13,0,0
P008559,1,1,34.0,9989.57,0,2024-07-24,2024-07-24,0,0
P008560,2,1,57.0,8064.35,0,2025-07-05,2025-07-13,1,0
P008561,2,1,31.0,3109.75,1,2026-01-17,2026-02-02,1,0
P008562,4,1,39.5,3780.47,0,2024-01-11,2025-09-19,1,1
P008563,3,0,35.0,2935.37,0,2024-07-17,2024-09-10,1,0
P008564,2,0,31.0,1165.3899999999999,0,2025-01-04,2025-02-14,1,0
P008565,2,0,37.5,1047.6000000000001,0,2026-09-15,2026-09-25,1,0
P008566,2,0,30.0,1477.6399999999999,0,2026-08-31,2026-09-16,1,0
P008567,1,0,15.0,522.94,0,2025-04-26,2025-04-26,0,0
P008568,2,1,41.0,15427.85,0,2025-12-11,2026-04-21,1,0
P008569,1,0,18.0,750.66,0,2024-07-08,2024-07-08,0,0
P008570,1,1,47.0,12646.11,0,2025-01-14,2025-01-14,0,0
P008571,1,0,81.0,552.46,0,2026-08-04,2026-08-04,0,0
P008572,1,0,24.0,1018.28,0,2025-09-04,2025-09-04,0,0
P008573,3,1,54.333333333333336,2408.67,0,2026-06-30,2026-09-23,1,0
P008574,1,1,51.0,13829.92,0,2025-05-21,2025-05-21,0,0
P008575,2,0,34.5,1221.01,0,2026-05-21,2026-09-15,1,0
P008576,1,0,31.0,641.2,0,2025-01-23,2025-01-23,0,0
P008577,1,0,21.0,314.85,0,2026-07-13,2026-07-13,0,0
P008578,2,1,24.5,5863.389999999999,0,2025-03-31,2025-08-26,1,0
P008579,1,0,51.0,715.3,0,2024-10-09,2024-10-09,0,0
P008580,2,0,25.0,823.13,0,2026-09-01,2026-09-28,1,0
P008581,5,0,38.2,4256.65,0,2024-04-09,2026-09-20,1,1
P008582,3,0,38.666666666666664,2483.98,0,2025-08-09,2026-03-05,1,0
P008583,1,0,56.0,743.97,0,2025-03-27,2025-03-27,0,0
P008584,2,0,18.0,1183.77,0,2024-10-12,2025-04-06,1,0
P008585,1,0,75.0,1346.17,0,2026-06-14,2026-06-14,0,0
P008586,1,0,42.0,887.59,0,2026-03-17,2026-03-17,0,0
P008587,1,1,35.0,1518.73,0,2026-01-22,2026-01-22,0,0
P008588,3,0,19.666666666666668,861.51,0,2024-03-14,2025-06-17,1,0
P008589,3,0,27.666666666666668,607.74,0,2025-01-07,2025-09-15,1,0
P008590,1,0,175.0,757.92,0,2025-03-17,2025-03-17,0,0
P008591,1,0,6.0,274.34,0,2024-04-29,2024-04-29,0,0
P008592,2,1,52.5,13071.87,0,2026-08-07,2026-09-29,1,0
P008593,1,0,14.0,796.2,0,2024-04-30,2024-04-30,0,0
P008594,1,1,95.0,4896.55,0,2025-12-28,2025-12-28,0,0
P008595,1,0,15.0,483.04,0,2024-04-26,2024-04-26,0,0
P008596,1,1,81.0,4650.62,0,2024-01-14,2024-01-14,0,0
P008597,1,1,94.0,9122.94,0,2025-10-18,2025-10-18,0,0
P008598,1,0,19.0,427.36,0,2025-06-14,2025-06-14,0,0
P008599,1,0,66.0,1075.74,0,2024-02-16,2024-02-16,0,0
P008600,3,2,73.0,27405.77,0,2025-10-03,2026-06-06,1,0
P008601,1,0,92.0,1728.34,0,2025-03-12,2025-03-12,0,0
P008602,1,0,36.0,607.62,0,2024-05-04,2024-05-04,0,0
P008603,2,1,31.5,12085.51,0,2026-06-06,2026-09-23,1,0
P008604,2,0,30.5,1017.22,0,2025-01-20,2025-03-05,1,0
P008605,1,1,82.0,9283.73,0,2026-03-02,2026-03-02,0,0
P008606,2,0,36.0,677.99,0,2024-02-10,2024-05-29,1,0
P008607,1,0,71.0,375.22,0,2024-04-02,2024-04-02,0,0
P008608,1,0,110.0,888.6,0,2025-05-26,2025-05-26,0,0
P008609,1,0,14.0,242.79,0,2025-06-03,2025-06-03,0,0
P008610,1,0,63.0,719.09,0,2025-08-05,2025-08-05,0,0
P008611,1,0,12.0,300.74,0,2024-02-10,2024-02-10,0,0
P008612,1,1,100.0,9772.29,0,2024-04-03,2024-04-03,0,0
P008613,1,1,51.0,20758.68,0,2025-04-13,2025-04-13,0,0
P008614,1,1,42.0,10087.0,0,2024-08-03,2024-08-03,0,0
P008615,4,1,75.25,11911.240000000002,0,2025-08-19,2026-09-23,1,1
P008616,2,0,22.0,1564.8899999999999,0,2025-12-31,2026-09-26,1,0
P008617,1,1,86.0,1326.95,0,2024-12-10,2024-12-10,0,0
P008618,1,0,67.0,890.61,0,2024-02-20,2024-02-20,0,0
P008619,1,1,86.0,17293.44,0,2025-03-19,2025-03-19,0,0
P008620,1,0,11.0,1426.57,0,2025-08-02,2025-08-02,0,0
P008621,1,0,20.0,591.2,0,2025-06-30,2025-06-30,0,0
P008622,4,0,34.75,1470.3400000000001,0,2024-05-29,2025-09-17,1,1
P008623,1,1,67.0,2480.5,0,2024-08-16,2024-08-16,0,0
P008624,4,2,61.0,19670.53,0,2026-04-11,2026-09-29,1,1
P008625,3,0,77.0,3573.7799999999997,0,2025-11-25,2026-09-20,1,0
P008626,2,1,63.0,7719.59,0,2025-10-05,2026-03-02,1,0
P008627,1,0,25.0,221.33,0,2024-01-08,2024-01-08,0,0
P008628,4,2,47.25,46321.66,1,2025-09-10,2026-09-27,1,1
P008629,3,1,42.666666666666664,6149.74,0,2025-06-09,2026-09-16,1,0
P008630,1,0,26.0,572.93,0,2024-07-23,2024-07-23,0,0
P008631,1,0,62.0,1105.07,0,2024-09-08,2024-09-08,0,0
P008632,1,0,78.0,523.32,0,2024-10-25,2024-10-25,0,0
P008633,1,0,26.0,388.87,0,2024-10-20,2024-10-20,0,0
P008634,1,0,107.0,776.28,0,2024-03-19,2024-03-19,0,0
P008635,1,0,148.0,1711.18,0,2026-08-20,2026-08-20,0,0
P008636,2,1,38.5,9314.880000000001,0,2026-08-15,2026-09-12,1,0
P008637,1,1,74.0,1596.78,0,2026-06-10,2026-06-10,0,0
P008638,1,0,25.0,475.26,0,2024-12-15,2024-12-15,0,0
P008639,4,0,50.25,1906.5900000000001,0,2025-02-01,2026-09-10,1,1
P008640,1,0,41.0,914.11,0,2026-03-26,2026-03-26,0,0
P008641,1,0,19.0,729.18,0,2024-08-05,2024-08-05,0,0
P008642,4,2,42.25,10676.699999999999,1,2025-08-19,2026-09-19,1,1
P008643,3,2,51.0,17551.69,0,2024-07-11,2025-04-08,1,0
P008644,1,1,173.0,4660.05,0,2025-06-28,2025-06-28,0,0
P008645,1,1,35.0,13834.33,0,2024-03-04,2024-03-04,0,0
P008646,1,0,79.0,905.78,0,2025-11-29,2025-11-29,0,0
P008647,1,0,49.0,472.66,0,2024-07-02,2024-07-02,0,0
P008648,1,0,13.0,298.83,0,2026-06-28,2026-06-28,0,0
P008649,1,1,36.0,2705.27,0,2026-09-07,2026-09-07,0,0
P008650,3,2,55.0,9465.68,0,2024-02-14,2024-10-21,1,0
P008651,1,0,84.0,2076.13,0,2026-08-14,2026-08-14,0,0
P008652,1,0,15.0,351.3,0,2026-03-22,2026-03-22,0,0
P008653,1,0,70.0,1124.31,0,2025-08-30,2025-08-30,0,0
P008654,3,3,29.0,25658.65,0,2026-01-01,2026-06-11,1,0
P008655,1,0,22.0,1305.55,0,2025-12-06,2025-12-06,0,0
P008656,1,0,31.0,402.48,0,2026-05-20,2026-05-20,0,0
P008657,1,0,86.0,775.7,0,2026-01-08,2026-01-08,0,0
P008658,1,1,90.0,2141.02,0,2024-03-31,2024-03-31,0,0
P008659,1,0,25.0,361.02,0,2024-12-23,2024-12-23,0,0
P008660,1,0,43.0,625.77,0,2025-11-13,2025-11-13,0,0
P008661,1,1,36.0,20003.25,0,2026-07-26,2026-07-26,0,0
P008662,2,1,45.5,6953.42,0,2025-02-13,2026-01-28,1,0
P008663,5,2,36.4,21044.19,0,2024-11-14,2026-06-17,1,1
P008664,3,1,43.666666666666664,6643.9400000000005,0,2026-02-04,2026-09-27,1,0
P008665,2,1,73.0,8945.08,0,2026-08-25,2026-09-15,1,0
P008666,3,2,67.0,13535.09,0,2025-12-29,2026-09-17,1,0
P008667,4,0,17.0,1957.52,0,2025-11-16,2026-09-25,1,1
P008668,2,0,57.0,1721.9099999999999,0,2024-05-27,2025-04-24,1,0
P008669,3,1,43.333333333333336,11591.289999999999,0,2024-01-25,2025-11-12,1,0
P008670,1,1,40.0,8518.73,0,2025-12-20,2025-12-20,0,0
P008671,5,1,27.6,4574.51,0,2025-04-10,2026-09-28,1,1
P008672,1,0,20.0,671.67,0,2024-12-11,2024-12-11,0,0
P008673,1,0,22.0,576.03,0,2026-02-16,2026-02-16,0,0
P008674,1,1,25.0,3083.38,0,2024-07-30,2024-07-30,0,0
P008675,1,0,30.0,373.4,0,2024-06-23,2024-06-23,0,0
P008676,4,1,71.75,12698.95,0,2025-01-06,2026-09-28,1,1
P008677,1,1,43.0,1698.95,0,2025-09-13,2025-09-13,0,0
P008678,2,2,44.0,13257.26,0,2025-11-02,2026-01-18,1,0
P008679,1,0,30.0,740.3,0,2024-07-11,2024-07-11,0,0
P008680,2,0,67.0,2111.98,0,2024-11-15,2025-08-04,1,0
P008681,1,1,37.0,5188.85,0,2024-07-08,2024-07-08,0,0
P008682,1,0,21.0,167.66,0,2024-02-21,2024-02-21,0,0
P008683,3,2,45.333333333333336,13007.019999999999,1,2024-12-07,2025-01-16,1,0
P008684,1,0,20.0,601.43,0,2024-08-28,2024-08-28,0,0
P008685,1,0,61.0,663.71,0,2025-03-22,2025-03-22,0,0
P008686,1,1,109.0,15991.57,0,2025-04-14,2025-04-14,0,0
P008687,4,0,45.5,1744.42,0,2026-02-28,2026-09-26,1,1
P008688,1,0,19.0,603.64,0,2025-12-14,2025-12-14,0,0
P008689,2,1,91.0,7165.07,0,2026-05-06,2026-09-14,1,0
P008690,3,0,113.66666666666667,1803.08,0,2024-07-16,2025-01-20,1,0
P008691,1,0,27.0,120.79,0,2025-03-27,2025-03-27,0,0
P008692,3,1,38.333333333333336,2415.99,0,2025-08-19,2026-03-22,1,0
P008693,2,0,37.0,1441.9099999999999,0,2025-07-27,2025-10-25,1,0
P008694,2,0,73.0,1109.48,0,2026-05-08,2026-09-23,1,0
P008695,3,0,33.0,2476.7200000000003,0,2024-02-10,2025-07-27,1,0
P008696,1,0,30.0,487.9,0,2026-02-09,2026-02-09,0,0
P008697,1,1,77.0,1967.3,0,2026-03-28,2026-03-28,0,0
P008698,1,1,75.0,15198.63,0,2025-03-15,2025-03-15,0,0
P008699,3,1,53.666666666666664,3714.2799999999997,0,2025-08-11,2026-04-19,1,0
P008700,4,1,86.25,3245.27,1,2026-08-05,2026-09-19,1,1
P008701,1,1,52.0,3363.95,0,2024-02-17,2024-02-17,0,0
P008702,1,1,90.0,16233.67,0,2026-08-30,2026-08-30,0,0
P008703,4,3,76.75,24661.57,0,2024-03-20,2026-03-29,1,1
P008704,5,2,48.6,19330.98,0,2025-10-15,2026-09-30,1,1
P008705,1,0,35.0,460.16,0,2024-10-08,2024-10-08,0,0
P008706,1,0,162.0,911.08,0,2025-12-20,2025-12-20,0,0
P008707,3,0,50.333333333333336,1739.97,0,2025-12-31,2026-09-24,1,0
P008708,4,2,89.5,25202.2,0,2024-03-07,2026-01-24,1,1
P008709,3,2,99.66666666666667,13219.5,1,2026-01-23,2026-09-23,1,0
P008710,2,1,35.5,33322.45,0,2025-01-12,2025-05-19,1,0
P008711,2,0,26.0,997.03,0,2026-03-29,2026-07-17,1,0
P008712,1,0,56.0,314.96,0,2026-08-08,2026-08-08,0,0
P008713,1,0,27.0,283.23,0,2025-07-03,2025-07-03,0,0
P008714,1,0,11.0,415.34,0,2025-11-26,2025-11-26,0,0
P008715,2,0,50.0,914.88,0,2024-03-26,2024-06-06,1,0
P008716,2,0,56.5,1365.97,0,2024-07-07,2024-08-17,1,0
P008717,1,1,76.0,8781.13,0,2026-08-07,2026-08-07,0,0
P008718,1,1,113.0,5418.91,0,2025-02-10,2025-02-10,0,0
P008719,1,1,51.0,9189.05,0,2024-03-01,2024-03-01,0,0
P008720,1,0,230.0,522.05,0,2024-09-04,2024-09-04,0,0
P008721,2,1,54.5,15213.800000000001,0,2025-06-15,2026-01-10,1,0
P008722,1,0,96.0,1902.44,0,2026-02-22,2026-02-22,0,0
P008723,1,0,10.0,334.92,0,2024-06-07,2024-06-07,0,0
P008724,4,1,38.75,15080.630000000001,0,2025-12-27,2026-07-19,1,1
P008725,2,0,26.5,1435.1,0,2024-01-02,2024-08-01,1,0
P008726,1,0,122.0,845.98,0,2026-01-24,2026-01-24,0,0
P008727,6,3,71.0,15505.75,0,2025-07-27,2026-09-28,1,1
P008728,1,0,27.0,715.95,0,2026-06-26,2026-06-26,0,0
P008729,4,1,39.75,3156.8199999999997,0,2024-03-30,2025-06-02,1,1
P008730,1,1,90.0,1966.93,0,2026-08-02,2026-08-02,0,0
P008731,1,0,15.0,495.91,0,2026-07-09,2026-07-09,0,0
P008732,1,0,17.0,443.38,0,2026-02-28,2026-02-28,0,0
P008733,1,0,19.0,533.08,0,2025-01-22,2025-01-22,0,0
P008734,1,0,313.0,549.34,0,2026-08-03,2026-08-03,0,0
P008735,1,1,91.0,1531.05,0,2025-09-25,2025-09-25,0,0
P008736,3,0,20.0,2086.48,0,2024-05-25,2025-05-25,1,0
P008737,3,1,61.666666666666664,10843.21,0,2025-05-08,2026-01-19,1,0
P008738,1,1,45.0,13375.45,0,2026-08-15,2026-08-15,0,0
P008739,2,1,52.5,2714.51,0,2025-01-24,2025-02-09,1,0
P008740,1,1,36.0,15795.92,0,2025-04-06,2025-04-06,0,0
P008741,1,0,52.0,1258.2,0,2025-10-14,2025-10-14,0,0
P008742,3,1,61.333333333333336,8812.49,0,2025-11-17,2026-09-11,1,0
P008743,3,1,74.33333333333333,17881.36,1,2026-09-17,2026-09-23,1,0
P008744,1,0,101.0,1626.98,0,2026-06-13,2026-06-13,0,0
P008745,1,1,79.0,8617.03,0,2026-04-30,2026-04-30,0,0
P008746,1,0,28.0,532.35,0,2025-02-28,2025-02-28,0,0
P008747,5,0,24.2,3972.66,0,2024-05-19,2025-06-14,1,1
P008748,1,1,149.0,2669.77,0,2024-11-14,2024-11-14,0,0
P008749,1,1,75.0,1679.73,0,2026-04-08,2026-04-08,0,0
P008750,1,1,32.0,2742.46,0,2024-07-06,2024-07-06,0,0
P008751,1,0,25.0,768.39,0,2026-06-24,2026-06-24,0,0
P008752,1,0,71.0,618.81,0,2024-08-01,2024-08-01,0,0
P008753,2,0,34.0,1001.23,0,2025-02-03,2025-10-24,1,0
P008754,3,0,37.666666666666664,1324.1399999999999,0,2024-09-15,2025-02-06,1,0
P008755,3,1,26.0,2052.36,0,2026-02-19,2026-09-20,1,0
P008756,2,0,42.0,1463.73,0,2025-10-29,2025-12-11,1,0
P008757,4,1,23.75,9631.17,0,2024-12-31,2026-05-05,1,1
P008758,1,1,77.0,5201.1,0,2025-12-28,2025-12-28,0,0
P008759,2,0,30.5,698.22,0,2025-03-29,2025-06-27,1,0
P008760,1,0,64.0,347.38,0,2025-11-19,2025-11-19,0,0
P008761,1,0,33.0,295.18,0,2025-12-25,2025-12-25,0,0
P008762,2,0,26.0,946.1500000000001,0,2026-09-03,2026-09-28,1,0
P008763,2,1,67.5,7548.78,0,2025-08-17,2026-06-09,1,0
P008764,2,0,14.0,1132.38,0,2025-08-20,2025-12-16,1,0
P008765,3,3,40.666666666666664,20802.21,0,2024-02-21,2024-08-09,1,0
P008766,1,0,20.0,398.76,0,2025-05-15,2025-05-15,0,0
P008767,3,1,112.66666666666667,22197.29,1,2024-08-19,2024-11-27,1,0
P008768,1,0,97.0,976.57,0,2024-07-26,2024-07-26,0,0
P008769,1,1,67.0,7821.48,0,2025-05-22,2025-05-22,0,0
P008770,1,0,19.0,602.86,0,2025-02-27,2025-02-27,0,0
P008771,1,0,22.0,309.18,0,2024-02-10,2024-02-10,0,0
P008772,3,2,62.666666666666664,30689.54,0,2024-03-24,2026-09-17,1,0
P008773,1,0,130.0,801.91,0,2024-09-19,2024-09-19,0,0
P008774,3,1,34.0,10795.55,0,2024-02-15,2024-06-20,1,0
P008775,1,1,16.0,4139.11,0,2024-12-23,2024-12-23,0,0
P008776,1,0,33.0,1224.23,0,2024-09-06,2024-09-06,0,0
P008777,3,0,26.666666666666668,1267.87,0,2024-04-16,2024-06-12,1,0
P008778,2,1,55.5,9266.779999999999,1,2026-09-17,2026-09-30,1,0
P008779,1,1,90.0,15653.89,0,2024-02-27,2024-02-27,0,0
P008780,3,0,66.0,2207.46,0,2025-11-20,2026-09-14,1,0
P008781,1,1,84.0,6398.46,0,2024-05-14,2024-05-14,0,0
P008782,2,1,51.0,2504.75,0,2024-03-20,2024-05-07,1,0
P008783,4,1,43.25,5419.360000000001,0,2026-03-04,2026-09-30,1,1
P008784,1,0,14.0,437.96,0,2025-02-14,2025-02-14,0,0
P008785,1,1,49.0,14526.16,0,2025-12-01,2025-12-01,0,0
P008786,1,1,45.0,17555.18,0,2026-02-27,2026-02-27,0,0
P008787,1,1,17.0,2633.89,0,2026-06-27,2026-06-27,0,0
P008788,1,0,46.0,1064.76,0,2026-06-29,2026-06-29,0,0
P008789,2,1,22.5,8343.17,0,2025-07-01,2026-06-17,1,0
P008790,3,0,20.0,1222.91,0,2025-06-28,2026-09-13,1,0
P008791,3,0,69.66666666666667,1318.22,0,2026-02-17,2026-09-16,1,0
P008792,1,0,25.0,181.82,0,2025-08-13,2025-08-13,0,0
P008793,1,1,78.0,8343.52,0,2024-07-08,2024-07-08,0,0
P008794,1,0,68.0,848.96,0,2026-01-04,2026-01-04,0,0
P008795,2,0,48.5,1072.8200000000002,0,2025-02-15,2026-03-29,1,0
P008796,1,1,78.0,2087.41,0,2024-09-22,2024-09-22,0,0
P008797,1,0,51.0,934.0,0,2025-03-04,2025-03-04,0,0
P008798,1,1,237.0,12280.02,0,2025-09-29,2025-09-29,0,0
P008799,1,1,180.0,10864.25,0,2025-07-13,2025-07-13,0,0
P008800,1,0,14.0,586.37,0,2024-08-01,2024-08-01,0,0
P008801,1,0,39.0,526.3,0,2026-04-28,2026-04-28,0,0
P008802,4,1,61.75,40121.240000000005,0,2024-09-21,2025-07-17,1,1
P008803,2,1,33.5,1624.21,0,2024-01-02,2024-10-02,1,0
P008804,3,0,65.0,2607.95,0,2024-11-18,2025-03-18,1,0
P008805,1,1,76.0,13967.24,0,2026-04-11,2026-04-11,0,0
P008806,1,0,22.0,574.49,0,2026-02-01,2026-02-01,0,0
P008807,2,1,44.5,4734.52,0,2024-11-08,2025-12-22,1,0
P008808,1,0,22.0,274.78,0,2024-10-11,2024-10-11,0,0
P008809,1,0,11.0,283.72,0,2026-04-07,2026-04-07,0,0
P008810,2,1,115.0,11538.36,0,2026-04-10,2026-05-27,1,0
P008811,1,0,12.0,802.74,0,2024-04-20,2024-04-20,0,0
P008812,2,1,52.5,4652.299999999999,0,2025-07-05,2026-03-02,1,0
P008813,1,0,29.0,221.59,0,2026-06-01,2026-06-01,0,0
P008814,1,1,45.0,10916.97,0,2024-09-28,2024-09-28,0,0
P008815,2,1,45.5,7798.4800000000005,0,2026-05-01,2026-06-12,1,0
P008816,1,1,20.0,1469.87,0,2026-01-25,2026-01-25,0,0
P008817,1,0,37.0,668.27,0,2026-01-12,2026-01-12,0,0
P008818,1,1,84.0,1654.97,0,2024-06-26,2024-06-26,0,0
P008819,1,0,36.0,537.37,0,2025-02-21,2025-02-21,0,0
P008820,1,0,113.0,223.41,0,2025-06-29,2025-06-29,0,0
P008821,1,0,134.0,718.87,0,2026-05-10,2026-05-10,0,0
P008822,4,2,24.75,13907.21,0,2025-01-10,2026-03-23,1,1
P008823,1,0,50.0,703.13,0,2025-06-15,2025-06-15,0,0
P008824,2,0,48.5,1547.0100000000002,0,2026-02-28,2026-09-18,1,0
P008825,2,1,23.5,7255.929999999999,0,2024-03-19,2025-03-17,1,0
P008826,2,0,47.5,2097.4700000000003,0,2024-02-03,2025-03-19,1,0
P008827,3,2,60.666666666666664,18134.09,0,2026-07-29,2026-09-24,1,0
P008828,1,0,27.0,503.11,0,2025-09-06,2025-09-06,0,0
P008829,1,1,26.0,17409.74,0,2024-07-09,2024-07-09,0,0
P008830,3,2,47.666666666666664,10217.46,0,2025-07-07,2026-09-26,1,0
P008831,2,1,55.0,17080.559999999998,0,2025-11-16,2026-07-01,1,0
P008832,2,0,19.5,1079.12,0,2024-08-11,2024-10-18,1,0
P008833,1,1,26.0,1148.93,0,2026-05-07,2026-05-07,0,0
P008834,1,0,47.0,209.74,0,2024-08-19,2024-08-19,0,0
P008835,3,0,38.333333333333336,1335.1599999999999,0,2024-09-03,2026-09-16,1,0
P008836,2,0,27.0,1583.2000000000003,0,2024-07-02,2024-12-17,1,0
P008837,1,0,8.0,822.73,0,2026-07-02,2026-07-02,0,0
P008838,1,1,79.0,13263.67,0,2025-03-18,2025-03-18,0,0
P008839,1,0,42.0,436.42,0,2024-03-18,2024-03-18,0,0
P008840,2,1,50.5,4470.4,1,2026-01-28,2026-02-11,1,0
P008841,4,1,75.0,7460.929999999999,0,2024-02-24,2025-02-22,1,1
P008842,1,0,17.0,181.24,0,2026-02-13,2026-02-13,0,0
P008843,2,0,66.5,916.64,0,2025-03-06,2026-01-28,1,0
P008844,2,0,95.0,2392.34,0,2025-01-30,2025-02-10,1,0
P008845,1,1,24.0,3021.34,0,2024-07-11,2024-07-11,0,0
P008846,1,0,26.0,565.78,0,2026-04-05,2026-04-05,0,0
P008847,4,2,30.75,24784.809999999998,0,2026-08-16,2026-09-25,1,1
P008848,1,1,35.0,20014.25,0,2025-06-28,2025-06-28,0,0
P008849,1,1,88.0,9656.93,0,2026-09-22,2026-09-22,0,0
P008850,1,0,148.0,364.13,0,2026-06-03,2026-06-03,0,0
P008851,2,0,77.0,1820.5800000000002,0,2025-05-25,2026-06-05,1,0
P008852,1,0,27.0,1714.1,0,2024-09-13,2024-09-13,0,0
P008853,1,0,25.0,547.08,0,2024-02-01,2024-02-01,0,0
P008854,1,0,72.0,678.65,0,2024-01-15,2024-01-15,0,0
P008855,1,0,71.0,213.85,0,2026-08-14,2026-08-14,0,0
P008856,1,0,23.0,279.46,0,2024-01-31,2024-01-31,0,0
P008857,1,0,36.0,279.2,0,2025-11-22,2025-11-22,0,0
P008858,1,0,39.0,771.36,0,2025-01-14,2025-01-14,0,0
P008859,2,1,60.0,3488.55,0,2024-02-11,2025-02-01,1,0
P008860,3,1,39.666666666666664,8062.97,0,2026-01-31,2026-09-12,1,0
P008861,1,0,20.0,173.39,0,2025-01-11,2025-01-11,0,0
P008862,1,0,21.0,282.43,0,2025-05-24,2025-05-24,0,0
P008863,1,1,64.0,6838.93,0,2026-02-14,2026-02-14,0,0
P008864,3,1,61.333333333333336,4597.17,0,2025-02-16,2025-11-15,1,0
P008865,1,0,43.0,133.88,0,2025-01-19,2025-01-19,0,0
P008866,3,1,48.666666666666664,2182.42,0,2025-11-22,2026-06-20,1,0
P008867,2,0,51.5,1406.85,0,2024-12-22,2025-03-26,1,0
P008868,2,0,103.0,1449.54,0,2025-11-07,2026-01-16,1,0
P008869,3,1,38.666666666666664,6503.02,0,2026-08-10,2026-09-30,1,0
P008870,1,1,59.0,4416.92,0,2024-07-15,2024-07-15,0,0
P008871,1,0,27.0,784.29,0,2024-04-25,2024-04-25,0,0
P008872,4,1,58.0,4900.1,0,2026-02-24,2026-09-25,1,1
P008873,1,1,55.0,8702.79,0,2025-03-12,2025-03-12,0,0
P008874,1,0,19.0,302.6,0,2025-02-17,2025-02-17,0,0
P008875,1,0,11.0,703.04,0,2024-05-15,2024-05-15,0,0
P008876,1,0,42.0,714.01,0,2026-03-26,2026-03-26,0,0
P008877,1,0,24.0,223.98,0,2025-08-14,2025-08-14,0,0
P008878,1,1,51.0,15192.8,0,2024-01-24,2024-01-24,0,0
P008879,2,1,43.5,5765.039999999999,0,2024-11-15,2025-10-10,1,0
P008880,1,1,30.0,8922.83,0,2025-08-25,2025-08-25,0,0
P008881,1,0,119.0,804.02,0,2024-06-25,2024-06-25,0,0
P008882,1,0,7.0,304.1,0,2024-02-03,2024-02-03,0,0
P008883,1,0,6.0,260.36,0,2025-02-01,2025-02-01,0,0
P008884,4,2,81.0,14694.96,0,2025-08-04,2026-09-20,1,1
P008885,3,0,102.33333333333333,3752.17,0,2025-06-08,2025-09-18,1,0
P008886,1,0,39.0,634.62,0,2026-03-10,2026-03-10,0,0
P008887,1,0,87.0,1381.04,0,2026-02-21,2026-02-21,0,0
P008888,1,1,40.0,11732.48,0,2026-08-16,2026-08-16,0,0
P008889,3,1,47.666666666666664,9512.04,0,2026-03-15,2026-09-30,1,0
P008890,1,0,29.0,549.09,0,2025-01-11,2025-01-11,0,0
P008891,5,2,56.0,10430.16,0,2024-06-22,2025-04-16,1,1
P008892,1,1,97.0,5481.01,0,2025-12-13,2025-12-13,0,0
P008893,1,0,29.0,510.85,0,2025-09-02,2025-09-02,0,0
P008894,1,0,63.0,203.25,0,2026-02-14,2026-02-14,0,0
P008895,5,1,29.8,6295.049999999999,1,2026-03-27,2026-09-24,1,1
P008896,1,0,49.0,1259.25,0,2025-01-09,2025-01-09,0,0
P008897,2,1,35.5,18583.92,0,2024-10-10,2025-10-14,1,0
P008898,6,2,88.33333333333333,15080.95,0,2025-01-05,2026-09-19,1,1
P008899,1,0,12.0,308.53,0,2025-11-05,2025-11-05,0,0
P008900,1,1,34.0,1493.13,0,2026-05-01,2026-05-01,0,0
P008901,2,0,63.5,2159.2,0,2026-04-04,2026-04-23,1,0
P008902,2,2,47.5,13565.19,1,2025-04-07,2025-05-07,1,0
P008903,3,1,35.333333333333336,4181.36,0,2026-08-08,2026-09-28,1,0
P008904,1,1,119.0,8708.21,0,2025-08-26,2025-08-26,0,0
P008905,1,0,20.0,322.08,0,2026-03-20,2026-03-20,0,0
P008906,1,0,53.0,1264.34,0,2025-09-16,2025-09-16,0,0
P008907,2,1,33.0,5914.8,0,2025-09-15,2025-11-08,1,0
P008908,3,1,39.0,9751.66,0,2026-06-15,2026-09-18,1,0
P008909,2,0,23.5,457.43,0,2026-05-27,2026-09-13,1,0
P008910,1,0,67.0,1204.6,0,2024-04-18,2024-04-18,0,0
P008911,1,1,47.0,5883.63,0,2025-06-26,2025-06-26,0,0
P008912,1,1,40.0,13363.62,0,2024-12-15,2024-12-15,0,0
P008913,1,1,57.0,3044.41,0,2024-08-04,2024-08-04,0,0
P008914,1,0,9.0,285.71,0,2024-12-08,2024-12-08,0,0
P008915,1,1,103.0,2923.06,0,2026-02-20,2026-02-20,0,0
P008916,2,0,23.5,783.6,0,2026-03-22,2026-05-29,1,0
P008917,1,0,23.0,334.18,0,2026-07-05,2026-07-05,0,0
P008918,2,0,24.5,1357.34,0,2024-05-21,2024-11-11,1,0
P008919,1,0,32.0,1189.25,0,2025-05-03,2025-05-03,0,0
P008920,1,1,30.0,6905.21,0,2025-03-03,2025-03-03,0,0
P008921,3,2,66.66666666666667,13475.23,0,2026-06-05,2026-09-11,1,0
P008922,1,1,59.0,2345.83,0,2026-09-02,2026-09-02,0,0
P008923,1,1,91.0,8972.53,0,2024-10-17,2024-10-17,0,0
P008924,2,0,35.0,1414.4099999999999,0,2026-04-02,2026-09-17,1,0
P008925,1,1,72.0,9196.19,0,2026-04-13,2026-04-13,0,0
P008926,4,1,64.5,6534.01,0,2025-11-23,2026-01-06,1,1
P008927,1,0,76.0,380.91,0,2025-12-08,2025-12-08,0,0
P008928,2,1,61.0,9526.01,0,2025-07-03,2025-10-22,1,0
P008929,2,1,26.0,9180.46,0,2024-11-29,2025-07-10,1,0
P008930,1,1,75.0,9678.27,0,2024-03-11,2024-03-11,0,0
P008931,1,0,60.0,2013.64,0,2024-02-06,2024-02-06,0,0
P008932,1,0,48.0,1097.49,0,2026-01-13,2026-01-13,0,0
P008933,2,0,25.5,907.22,0,2024-01-27,2024-02-08,1,0
P008934,1,1,41.0,1780.46,0,2025-06-26,2025-06-26,0,0
P008935,2,1,97.5,7946.650000000001,0,2024-06-29,2025-04-27,1,0
P008936,1,0,43.0,204.99,0,2026-05-02,2026-05-02,0,0
P008937,3,3,77.0,24554.16,0,2026-01-23,2026-09-30,1,0
P008938,1,0,17.0,256.63,0,2025-10-02,2025-10-02,0,0
P008939,2,1,45.0,2686.38,0,2024-11-04,2025-08-31,1,0
P008940,1,1,53.0,10239.96,0,2024-01-05,2024-01-05,0,0
P008941,3,0,69.0,4515.41,0,2025-06-12,2026-06-11,1,0
P008942,1,1,75.0,11337.41,0,2024-05-09,2024-05-09,0,0
P008943,1,1,71.0,3498.63,0,2025-03-19,2025-03-19,0,0
P008944,2,0,71.5,1436.12,0,2026-09-25,2026-09-26,1,0
P008945,2,0,45.5,1148.8899999999999,0,2026-03-31,2026-09-10,1,0
P008946,1,0,80.0,3330.53,0,2025-12-29,2025-12-29,0,0
P008947,1,0,27.0,352.59,0,2024-02-18,2024-02-18,0,0
P008948,1,1,64.0,6049.68,0,2024-06-04,2024-06-04,0,0
P008949,1,1,34.0,14531.79,0,2024-02-10,2024-02-10,0,0
P008950,1,1,56.0,5026.39,0,2024-04-13,2024-04-13,0,0
P008951,1,0,23.0,590.63,0,2024-11-21,2024-11-21,0,0
P008952,1,0,20.0,555.2,0,2024-12-07,2024-12-07,0,0
P008953,1,0,23.0,235.82,0,2024-03-13,2024-03-13,0,0
P008954,2,1,43.5,5396.35,0,2024-01-30,2024-08-20,1,0
P008955,2,1,62.5,11435.5,0,2025-07-26,2025-12-30,1,0
P008956,1,0,19.0,1694.06,0,2024-07-30,2024-07-30,0,0
P008957,1,0,43.0,2472.62,0,2026-03-10,2026-03-10,0,0
P008958,1,0,19.0,449.32,0,2024-05-05,2024-05-05,0,0
P008959,4,0,41.25,2837.6,0,2026-03-23,2026-09-27,1,1
P008960,2,0,32.0,1065.04,0,2026-04-13,2026-07-04,1,0
P008961,1,1,41.0,10690.73,0,2024-05-03,2024-05-03,0,0
P008962,1,0,100.0,2044.21,0,2024-12-09,2024-12-09,0,0
P008963,2,2,120.0,23413.27,0,2026-07-30,2026-09-26,1,0
P008964,2,2,133.5,25803.239999999998,0,2024-05-25,2024-08-02,1,0
P008965,5,2,67.6,16630.97,0,2026-07-11,2026-09-29,1,1
P008966,4,1,27.75,8102.55,0,2026-08-19,2026-09-27,1,1
P008967,1,0,83.0,552.25,0,2025-01-19,2025-01-19,0,0
P008968,1,1,42.0,8144.72,0,2026-08-14,2026-08-14,0,0
P008969,4,1,72.25,14355.08,0,2026-08-17,2026-09-30,1,1
P008970,2,0,17.5,956.64,0,2024-09-23,2024-12-23,1,0
P008971,1,0,76.0,472.88,0,2025-05-12,2025-05-12,0,0
P008972,2,1,58.0,4576.68,0,2026-04-07,2026-09-14,1,0
P008973,3,0,20.0,2214.47,0,2025-07-16,2026-05-29,1,0
P008974,2,1,38.0,10933.8,0,2024-07-05,2024-10-02,1,0
P008975,1,0,41.0,721.39,0,2026-03-30,2026-03-30,0,0
P008976,3,0,80.66666666666667,4313.8,0,2025-05-03,2026-05-04,1,0
P008977,3,2,39.333333333333336,17503.739999999998,0,2025-07-31,2026-08-27,1,0
P008978,3,2,92.33333333333333,9119.48,0,2024-08-15,2025-04-23,1,0
P008979,1,0,143.0,920.06,0,2024-01-11,2024-01-11,0,0
P008980,1,1,53.0,9486.46,0,2025-08-30,2025-08-30,0,0
P008981,4,0,24.75,2534.58,0,2026-02-20,2026-09-26,1,1
P008982,1,0,20.0,454.4,0,2026-04-04,2026-04-04,0,0
P008983,1,0,42.0,508.84,0,2024-12-23,2024-12-23,0,0
P008984,2,1,31.0,12395.69,0,2024-09-19,2025-05-20,1,0
P008985,1,0,20.0,748.94,0,2026-06-06,2026-06-06,0,0
P008986,1,1,80.0,5416.68,0,2024-12-19,2024-12-19,0,0
P008987,2,1,57.0,16474.99,0,2025-02-15,2025-05-29,1,0
P008988,1,0,25.0,614.83,0,2025-06-21,2025-06-21,0,0
P008989,1,1,63.0,5553.19,0,2026-01-29,2026-01-29,0,0
P008990,1,0,43.0,250.25,0,2026-09-19,2026-09-19,0,0
P008991,1,0,21.0,501.98,0,2025-01-22,2025-01-22,0,0
P008992,2,2,65.5,24208.18,0,2025-01-13,2025-08-18,1,0
P008993,2,0,42.5,1005.78,0,2024-03-13,2024-10-19,1,0
P008994,1,0,27.0,388.64,0,2024-03-27,2024-03-27,0,0
P008995,1,0,35.0,131.46,0,2024-03-27,2024-03-27,0,0
P008996,1,0,37.0,1488.7,0,2025-12-03,2025-12-03,0,0
P008997,3,1,31.0,5852.69,0,2026-07-09,2026-09-23,1,0
P008998,1,1,46.0,11915.64,0,2024-09-22,2024-09-22,0,0
P008999,1,0,14.0,274.13,0,2026-03-03,2026-03-03,0,0
P009000,2,2,38.0,14152.32,0,2025-06-25,2026-06-02,1,0
P009001,1,1,39.0,1112.53,0,2025-01-09,2025-01-09,0,0
P009002,1,1,59.0,7419.99,0,2024-07-30,2024-07-30,0,0
P009003,2,0,42.5,1508.93,0,2025-02-13,2025-03-17,1,0
P009004,1,1,87.0,9922.39,0,2024-11-23,2024-11-23,0,0
P009005,2,1,30.0,7251.629999999999,0,2024-10-15,2025-03-20,1,0
P009006,4,0,36.5,2956.5299999999997,0,2026-08-12,2026-09-26,1,1
P009007,1,0,56.0,196.36,0,2024-12-04,2024-12-04,0,0
P009008,3,2,50.666666666666664,17656.9,0,2026-04-14,2026-07-21,1,0
P009009,4,3,50.75,39262.28,0,2025-08-25,2026-09-18,1,1
P009010,2,2,69.5,7772.05,0,2026-09-20,2026-09-26,1,0
P009011,1,0,18.0,540.87,0,2024-08-09,2024-08-09,0,0
P009012,1,1,49.0,2196.81,0,2025-10-28,2025-10-28,0,0
P009013,4,1,51.25,5540.530000000001,1,2026-06-01,2026-09-29,1,1
P009014,1,0,25.0,594.05,0,2026-06-23,2026-06-23,0,0
P009015,1,0,18.0,398.66,0,2026-01-11,2026-01-11,0,0
P009016,1,0,21.0,494.21,0,2024-02-18,2024-02-18,0,0
P009017,2,1,67.0,5203.13,0,2026-07-05,2026-09-26,1,0
P009018,1,0,27.0,428.23,0,2024-03-03,2024-03-03,0,0
P009019,1,1,120.0,3216.55,0,2024-12-14,2024-12-14,0,0
P009020,1,0,35.0,439.22,0,2024-05-04,2024-05-04,0,0
P009021,1,0,23.0,784.02,0,2024-08-19,2024-08-19,0,0
P009022,2,1,44.5,12369.56,0,2025-10-14,2026-06-19,1,0
P009023,2,0,19.0,795.94,0,2025-09-29,2026-09-16,1,0
P009024,2,0,27.0,1319.82,0,2026-01-20,2026-08-26,1,0
P009025,2,0,42.5,1614.8500000000001,0,2024-10-20,2025-07-21,1,0
P009026,2,0,28.0,778.47,0,2024-03-31,2024-11-02,1,0
P009027,2,1,76.5,21275.29,0,2024-03-06,2024-12-22,1,0
P009028,1,0,197.0,728.88,0,2026-03-20,2026-03-20,0,0
P009029,1,0,182.0,1196.13,0,2026-05-31,2026-05-31,0,0
P009030,1,1,28.0,13733.05,0,2025-08-05,2025-08-05,0,0
P009031,3,2,53.666666666666664,12508.210000000001,0,2024-12-15,2025-03-30,1,0
P009032,1,1,38.0,13837.95,0,2024-01-19,2024-01-19,0,0
P009033,1,1,87.0,5122.23,0,2025-08-08,2025-08-08,0,0
P009034,2,0,24.0,1729.2,0,2026-02-12,2026-09-12,1,0
P009035,1,0,14.0,687.94,0,2026-07-03,2026-07-03,0,0
P009036,1,0,24.0,573.78,0,2024-05-18,2024-05-18,0,0
P009037,1,0,32.0,608.9,0,2026-05-09,2026-05-09,0,0
P009038,1,0,30.0,713.36,0,2025-02-19,2025-02-19,0,0
P009039,3,1,67.0,7274.389999999999,0,2025-10-05,2026-03-04,1,0
P009040,3,2,44.0,16195.74,0,2025-10-09,2026-09-24,1,0
P009041,3,1,51.0,5016.27,0,2025-01-11,2026-06-22,1,0
P009042,1,0,10.0,577.9,0,2024-09-08,2024-09-08,0,0
P009043,2,0,35.0,2196.67,0,2025-06-30,2025-10-20,1,0
P009044,1,1,44.0,4385.35,0,2025-08-06,2025-08-06,0,0
P009045,2,0,44.5,1278.12,0,2025-01-01,2025-04-15,1,0
P009046,4,2,39.75,5383.290000000001,0,2025-02-28,2026-04-07,1,1
P009047,1,0,109.0,790.86,0,2024-08-15,2024-08-15,0,0
P009048,1,0,113.0,1960.22,0,2024-09-19,2024-09-19,0,0
P009049,2,1,79.0,7210.82,0,2025-09-30,2026-07-05,1,0
P009050,1,1,55.0,3765.26,0,2025-11-10,2025-11-10,0,0
P009051,1,1,78.0,7827.86,0,2026-05-04,2026-05-04,0,0
P009052,1,0,92.0,1658.47,0,2026-08-02,2026-08-02,0,0
P009053,6,0,58.666666666666664,4935.01,0,2024-05-21,2026-02-06,1,1
P009054,1,0,51.0,1196.02,0,2026-06-26,2026-06-26,0,0
P009055,1,1,151.0,8943.65,0,2025-05-24,2025-05-24,0,0
P009056,1,0,56.0,700.84,0,2025-11-26,2025-11-26,0,0
P009057,1,1,42.0,2072.45,0,2025-05-26,2025-05-26,0,0
P009058,2,0,29.5,1060.45,0,2025-03-10,2025-03-30,1,0
P009059,4,1,37.0,6220.63,0,2026-07-29,2026-09-26,1,1
P009060,1,0,124.0,314.28,0,2025-03-18,2025-03-18,0,0
P009061,1,1,73.0,11905.19,0,2025-08-18,2025-08-18,0,0
P009062,1,1,62.0,2406.28,0,2024-06-15,2024-06-15,0,0
P009063,1,0,30.0,377.81,0,2025-04-24,2025-04-24,0,0
P009064,1,0,47.0,2615.64,0,2024-04-19,2024-04-19,0,0
P009065,1,0,16.0,877.99,0,2026-02-16,2026-02-16,0,0
P009066,3,1,34.0,7927.53,1,2026-03-17,2026-09-25,1,0
P009067,2,0,27.5,1781.98,0,2025-08-19,2025-09-29,1,0
P009068,1,0,21.0,109.03,0,2026-01-31,2026-01-31,0,0
P009069,1,0,35.0,627.35,0,2024-12-17,2024-12-17,0,0
P009070,2,0,75.0,1516.79,0,2024-02-27,2025-01-14,1,0
P009071,1,1,72.0,8618.52,0,2025-07-20,2025-07-20,0,0
P009072,2,1,58.5,9022.63,0,2024-11-09,2025-07-23,1,0
P009073,2,1,21.0,1548.9299999999998,0,2026-02-07,2026-03-04,1,0
P009074,2,2,48.5,6195.09,0,2025-02-16,2025-03-06,1,0
P009075,1,0,30.0,292.72,0,2024-08-13,2024-08-13,0,0
P009076,2,1,66.5,13500.5,0,2025-07-31,2025-08-14,1,0
P009077,1,0,46.0,645.77,0,2025-09-11,2025-09-11,0,0
P009078,1,0,54.0,524.46,0,2024-02-14,2024-02-14,0,0
P009079,2,1,65.0,5179.52,1,2024-03-24,2024-04-10,1,0
P009080,1,0,19.0,644.47,0,2026-03-30,2026-03-30,0,0
P009081,2,1,60.0,9989.48,0,2024-04-10,2024-06-13,1,0
P009082,1,0,61.0,1755.34,0,2025-07-22,2025-07-22,0,0
P009083,4,2,48.5,12156.81,0,2026-01-31,2026-09-18,1,1
P009084,2,0,44.0,959.98,0,2024-09-06,2025-02-25,1,0
P009085,1,0,182.0,437.0,0,2024-03-11,2024-03-11,0,0
P009086,1,1,52.0,3529.04,0,2025-11-16,2025-11-16,0,0
P009087,1,0,75.0,2555.97,0,2025-02-09,2025-02-09,0,0
P009088,1,1,145.0,4008.38,0,2024-03-30,2024-03-30,0,0
P009089,1,1,18.0,4948.21,0,2025-07-20,2025-07-20,0,0
P009090,2,1,26.5,2839.6499999999996,0,2025-08-13,2025-11-09,1,0
P009091,2,0,33.5,1245.46,0,2024-03-23,2024-06-20,1,0
P009092,1,0,31.0,390.19,0,2024-09-03,2024-09-03,0,0
P009093,1,1,61.0,10107.32,0,2026-02-13,2026-02-13,0,0
P009094,1,0,56.0,1126.92,0,2024-08-13,2024-08-13,0,0
P009095,4,1,44.75,4136.08,0,2026-03-01,2026-09-30,1,1
P009096,1,0,20.0,213.59,0,2025-02-03,2025-02-03,0,0
P009097,3,0,33.666666666666664,2119.94,0,2025-08-16,2026-09-30,1,0
P009098,1,0,40.0,654.89,0,2026-01-08,2026-01-08,0,0
P009099,2,0,43.5,1407.69,0,2025-04-10,2025-06-08,1,0
P009100,2,0,15.0,1036.42,0,2026-01-23,2026-02-15,1,0
P009101,1,0,60.0,1366.0,0,2025-07-12,2025-07-12,0,0
P009102,1,0,58.0,2398.36,0,2024-01-24,2024-01-24,0,0
P009103,1,1,30.0,1940.06,0,2026-04-20,2026-04-20,0,0
P009104,1,0,72.0,650.86,0,2024-10-11,2024-10-11,0,0
P009105,2,1,47.5,6226.04,0,2026-05-29,2026-09-25,1,0
P009106,1,1,107.0,12270.21,0,2024-09-16,2024-09-16,0,0
P009107,2,0,45.0,819.12,0,2025-07-25,2025-08-26,1,0
P009108,1,0,33.0,1832.51,0,2025-01-19,2025-01-19,0,0
P009109,3,2,36.0,41772.62,0,2026-04-13,2026-09-25,1,0
P009110,1,1,51.0,3722.91,0,2026-09-27,2026-09-27,0,0
P009111,4,1,52.0,16171.730000000001,0,2025-04-09,2025-09-16,1,1
P009112,3,1,55.666666666666664,19381.579999999998,0,2025-02-19,2026-02-28,1,0
P009113,5,2,47.8,10356.189999999999,1,2026-08-05,2026-09-30,1,1
P009114,1,1,84.0,12512.98,0,2024-11-15,2024-11-15,0,0
P009115,1,0,34.0,329.02,0,2024-08-11,2024-08-11,0,0
P009116,2,0,36.0,2623.59,0,2025-05-14,2025-08-15,1,0
P009117,2,0,23.0,648.52,0,2025-04-24,2026-04-01,1,0
P009118,3,1,84.66666666666667,15892.449999999999,0,2024-10-11,2025-04-01,1,0
P009119,1,1,50.0,9542.25,0,2025-12-14,2025-12-14,0,0
P009120,1,0,40.0,381.29,0,2024-08-24,2024-08-24,0,0
P009121,1,1,43.0,3155.86,0,2024-01-10,2024-01-10,0,0
P009122,1,1,74.0,2491.85,0,2024-10-18,2024-10-18,0,0
P009123,1,1,82.0,11540.02,0,2024-11-12,2024-11-12,0,0
P009124,1,0,65.0,281.47,0,2024-05-07,2024-05-07,0,0
P009125,1,1,17.0,7330.36,0,2025-02-27,2025-02-27,0,0
P009126,1,1,58.0,1930.17,0,2026-07-23,2026-07-23,0,0
P009127,1,0,13.0,356.47,0,2026-09-04,2026-09-04,0,0
P009128,2,0,40.0,1252.29,0,2024-08-06,2024-09-16,1,0
P009129,1,0,18.0,554.33,0,2024-02-03,2024-02-03,0,0
P009130,1,0,20.0,324.0,0,2026-08-01,2026-08-01,0,0
P009131,1,0,16.0,1320.42,0,2024-01-25,2024-01-25,0,0
P009132,1,0,16.0,798.22,0,2025-08-03,2025-08-03,0,0
P009133,2,0,31.5,874.3000000000001,0,2025-02-26,2026-03-01,1,0
P009134,3,1,78.66666666666667,11645.1,0,2024-10-10,2025-11-15,1,0
P009135,1,0,24.0,246.87,0,2025-04-11,2025-04-11,0,0
P009136,1,0,21.0,307.55,0,2026-08-04,2026-08-04,0,0
P009137,1,1,35.0,5091.44,0,2024-10-09,2024-10-09,0,0
P009138,1,1,41.0,1197.67,0,2026-07-03,2026-07-03,0,0
P009139,2,1,33.0,7198.26,0,2025-01-12,2025-02-03,1,0
P009140,1,1,45.0,3258.84,0,2025-09-16,2025-09-16,0,0
P009141,1,1,39.0,6004.03,0,2026-03-24,2026-03-24,0,0
P009142,1,0,88.0,900.34,0,2025-05-08,2025-05-08,0,0
P009143,1,0,12.0,189.59,0,2026-03-25,2026-03-25,0,0
P009144,2,0,108.5,2272.32,0,2025-11-22,2026-09-19,1,0
P009145,2,0,20.0,1345.22,0,2026-04-05,2026-09-25,1,0
P009146,3,0,35.0,1077.17,0,2025-12-16,2026-09-24,1,0
P009147,1,1,143.0,10866.25,0,2026-03-23,2026-03-23,0,0
P009148,1,0,109.0,404.52,0,2026-07-28,2026-07-28,0,0
P009149,1,0,45.0,1115.27,0,2024-04-22,2024-04-22,0,0
P009150,1,0,200.0,1313.91,0,2025-11-25,2025-11-25,0,0
P009151,2,1,23.0,29993.96,0,2024-02-11,2024-12-13,1,0
P009152,1,0,57.0,540.07,0,2024-08-12,2024-08-12,0,0
P009153,1,0,60.0,1182.85,0,2024-12-26,2024-12-26,0,0
P009154,1,0,22.0,407.19,0,2026-02-10,2026-02-10,0,0
P009155,1,0,14.0,327.46,0,2024-09-30,2024-09-30,0,0
P009156,1,0,10.0,415.29,0,2024-04-20,2024-04-20,0,0
P009157,3,2,57.666666666666664,3900.95,0,2026-02-08,2026-07-09,1,0
P009158,2,1,50.5,17101.64,0,2026-05-03,2026-07-17,1,0
P009159,3,2,48.333333333333336,7205.53,0,2024-08-09,2025-08-05,1,0
P009160,3,1,45.0,12603.18,0,2026-04-16,2026-09-28,1,0
P009161,1,0,15.0,691.82,0,2026-07-30,2026-07-30,0,0
P009162,3,0,26.0,2620.3900000000003,0,2024-03-04,2025-05-11,1,0
P009163,1,0,65.0,491.99,0,2026-04-29,2026-04-29,0,0
P009164,1,0,23.0,295.38,0,2026-04-13,2026-04-13,0,0
P009165,3,1,44.666666666666664,10502.25,0,2025-06-02,2026-05-18,1,0
P009166,1,0,23.0,821.22,0,2024-02-09,2024-02-09,0,0
P009167,1,0,27.0,391.27,0,2026-05-13,2026-05-13,0,0
P009168,1,0,8.0,272.15,0,2025-02-06,2025-02-06,0,0
P009169,1,0,15.0,296.22,0,2025-10-16,2025-10-16,0,0
P009170,1,1,96.0,9047.34,0,2026-02-26,2026-02-26,0,0
P009171,1,0,30.0,283.5,0,2025-03-11,2025-03-11,0,0
P009172,2,0,54.5,1253.5,0,2024-06-16,2024-08-17,1,0
P009173,3,0,23.333333333333332,1272.49,0,2026-05-29,2026-09-15,1,0
P009174,2,0,26.5,1942.9299999999998,0,2024-03-15,2024-06-24,1,0
P009175,2,0,15.0,1393.18,0,2025-03-18,2025-08-20,1,0
P009176,1,1,20.0,1868.64,0,2026-08-03,2026-08-03,0,0
P009177,1,0,28.0,332.94,0,2024-11-30,2024-11-30,0,0
P009178,1,0,41.0,534.97,0,2026-06-14,2026-06-14,0,0
P009179,1,0,7.0,318.88,0,2026-05-03,2026-05-03,0,0
P009180,2,0,135.0,3187.21,0,2026-02-24,2026-08-17,1,0
P009181,1,1,29.0,2588.3,0,2024-04-09,2024-04-09,0,0
P009182,1,0,20.0,482.68,0,2025-04-02,2025-04-02,0,0
P009183,2,1,31.5,6331.39,0,2024-06-08,2024-07-01,1,0
P009184,2,1,35.0,9286.619999999999,0,2025-04-19,2026-05-23,1,0
P009185,1,1,56.0,2804.32,0,2024-07-16,2024-07-16,0,0
P009186,2,0,56.5,1040.37,0,2025-07-16,2026-05-16,1,0
P009187,1,0,16.0,347.83,0,2024-05-08,2024-05-08,0,0
P009188,1,1,83.0,1788.88,0,2024-11-19,2024-11-19,0,0
P009189,1,0,25.0,510.33,0,2024-09-08,2024-09-08,0,0
P009190,1,1,71.0,4162.04,0,2024-09-16,2024-09-16,0,0
P009191,1,0,30.0,1098.96,0,2024-04-18,2024-04-18,0,0
P009192,4,1,60.75,21637.3,0,2024-01-18,2025-03-30,1,1
P009193,1,0,46.0,1484.14,0,2024-11-15,2024-11-15,0,0
P009194,1,0,54.0,1983.37,0,2025-02-20,2025-02-20,0,0
P009195,1,1,39.0,7311.95,0,2024-01-21,2024-01-21,0,0
P009196,1,0,100.0,816.8,0,2026-08-03,2026-08-03,0,0
P009197,1,1,87.0,7738.18,0,2024-01-12,2024-01-12,0,0
P009198,1,0,251.0,895.01,0,2026-07-20,2026-07-20,0,0
P009199,1,0,5.0,546.31,0,2025-11-07,2025-11-07,0,0
P009200,1,0,17.0,666.86,0,2025-03-20,2025-03-20,0,0
P009201,1,0,98.0,867.62,0,2025-10-27,2025-10-27,0,0
P009202,3,0,22.333333333333332,1518.09,0,2025-03-02,2025-05-19,1,0
P009203,1,0,64.0,1748.08,0,2026-02-20,2026-02-20,0,0
P009204,1,1,48.0,28628.18,0,2026-05-18,2026-05-18,0,0
P009205,5,1,37.2,7926.24,0,2025-07-15,2026-08-12,1,1
P009206,1,1,82.0,9652.62,0,2024-11-18,2024-11-18,0,0
P009207,2,1,34.5,3330.01,0,2025-12-27,2026-01-21,1,0
P009208,1,1,112.0,4111.18,0,2024-08-29,2024-08-29,0,0
P009209,5,1,92.0,18765.809999999998,0,2024-11-24,2026-09-17,1,1
P009210,6,1,31.666666666666668,10729.27,0,2026-02-10,2026-09-27,1,1
P009211,1,0,23.0,237.51,0,2026-03-19,2026-03-19,0,0
P009212,1,0,59.0,822.89,0,2024-01-21,2024-01-21,0,0
P009213,1,0,45.0,2414.26,0,2025-03-05,2025-03-05,0,0
P009214,1,1,71.0,9929.16,0,2024-11-24,2024-11-24,0,0
P009215,1,0,32.0,244.82,0,2026-08-23,2026-08-23,0,0
P009216,3,1,63.333333333333336,12773.289999999999,0,2024-12-09,2026-09-24,1,0
P009217,1,1,105.0,24877.19,0,2024-10-18,2024-10-18,0,0
P009218,1,0,32.0,459.26,0,2026-04-24,2026-04-24,0,0
P009219,1,0,30.0,255.03,0,2025-02-17,2025-02-17,0,0
P009220,1,1,31.0,8750.42,0,2024-10-08,2024-10-08,0,0
P009221,1,1,93.0,7233.31,0,2026-07-21,2026-07-21,0,0
P009222,3,0,47.0,1787.2400000000002,0,2024-07-16,2024-09-19,1,0
P009223,1,0,25.0,228.13,0,2025-06-06,2025-06-06,0,0
P009224,1,0,174.0,1472.04,0,2025-09-21,2025-09-21,0,0
P009225,1,0,13.0,213.13,0,2024-12-11,2024-12-11,0,0
P009226,2,2,43.5,12840.36,0,2024-02-19,2024-10-02,1,0
P009227,1,0,67.0,931.06,0,2024-09-12,2024-09-12,0,0
P009228,1,0,22.0,1514.57,0,2026-01-15,2026-01-15,0,0
P009229,1,0,58.0,1092.86,0,2025-09-09,2025-09-09,0,0
P009230,2,0,37.5,1857.44,0,2025-05-15,2025-12-02,1,0
P009231,1,0,36.0,399.49,0,2025-03-27,2025-03-27,0,0
P009232,1,0,16.0,162.07,0,2026-04-19,2026-04-19,0,0
P009233,1,1,84.0,7323.6,0,2024-12-21,2024-12-21,0,0
P009234,1,0,21.0,803.9,0,2024-10-09,2024-10-09,0,0
P009235,1,0,19.0,850.09,0,2025-03-25,2025-03-25,0,0
P009236,1,0,11.0,268.21,0,2026-03-15,2026-03-15,0,0
P009237,1,0,11.0,293.3,0,2024-10-28,2024-10-28,0,0
P009238,1,0,63.0,709.35,0,2025-01-20,2025-01-20,0,0
P009239,2,1,104.5,9749.98,0,2024-11-16,2026-01-04,1,0
P009240,4,2,52.25,26246.579999999998,1,2026-08-06,2026-09-30,1,1
P009241,1,0,140.0,618.95,0,2026-03-05,2026-03-05,0,0
P009242,2,1,56.0,7781.36,0,2026-04-22,2026-05-25,1,0
P009243,4,2,53.75,12610.11,0,2025-06-25,2026-09-15,1,1
P009244,2,2,83.5,22662.93,0,2025-07-23,2025-11-22,1,0
P009245,3,1,83.66666666666667,4050.76,0,2025-04-07,2025-08-16,1,0
P009246,2,2,86.0,11576.04,0,2025-04-09,2025-08-24,1,0
P009247,2,1,71.0,5150.5599999999995,0,2025-07-12,2025-09-06,1,0
P009248,2,1,64.5,5882.19,0,2024-03-25,2024-10-11,1,0
P009249,1,1,40.0,6591.59,0,2026-08-29,2026-08-29,0,0
P009250,1,0,28.0,732.86,0,2024-09-25,2024-09-25,0,0
P009251,1,0,37.0,2573.89,0,2026-07-07,2026-07-07,0,0
P009252,2,0,48.0,1070.76,0,2025-08-24,2025-09-05,1,0
P009253,1,0,41.0,674.16,0,2025-07-18,2025-07-18,0,0
P009254,1,0,109.0,2161.18,0,2025-08-07,2025-08-07,0,0
P009255,5,2,56.8,13442.33,1,2026-07-23,2026-09-20,1,1
P009256,1,1,40.0,3738.92,0,2025-01-08,2025-01-08,0,0
P009257,2,0,23.5,874.6200000000001,0,2024-12-22,2025-02-05,1,0
P009258,2,0,14.0,923.3,0,2024-09-28,2024-10-22,1,0
P009259,3,2,83.0,10991.08,0,2025-08-12,2025-11-29,1,0
P009260,1,0,25.0,357.93,0,2024-11-14,2024-11-14,0,0
P009261,1,0,20.0,410.35,0,2025-12-03,2025-12-03,0,0
P009262,1,0,72.0,1813.96,0,2025-04-11,2025-04-11,0,0
P009263,1,0,19.0,334.63,0,2025-05-04,2025-05-04,0,0
P009264,1,0,32.0,214.93,0,2026-01-15,2026-01-15,0,0
P009265,1,0,65.0,1034.78,0,2025-06-08,2025-06-08,0,0
P009266,1,1,133.0,15255.41,0,2026-02-24,2026-02-24,0,0
P009267,1,0,23.0,187.1,0,2024-03-02,2024-03-02,0,0
P009268,1,0,31.0,261.82,0,2024-06-14,2024-06-14,0,0
P009269,1,0,31.0,586.61,0,2026-04-15,2026-04-15,0,0
P009270,2,0,20.0,2134.56,0,2024-09-18,2025-08-19,1,0
P009271,1,0,36.0,823.59,0,2024-05-20,2024-05-20,0,0
P009272,1,0,20.0,305.34,0,2026-01-23,2026-01-23,0,0
P009273,1,0,19.0,232.86,0,2025-07-07,2025-07-07,0,0
P009274,2,0,28.5,1185.55,0,2026-03-02,2026-09-22,1,0
P009275,1,0,58.0,376.11,0,2024-01-27,2024-01-27,0,0
P009276,1,1,21.0,8227.15,0,2026-05-12,2026-05-12,0,0
P009277,1,0,56.0,1166.65,0,2025-02-15,2025-02-15,0,0
P009278,2,0,97.0,1317.3600000000001,0,2026-01-18,2026-09-04,1,0
P009279,1,1,53.0,12610.49,0,2026-07-18,2026-07-18,0,0
P009280,2,0,31.5,877.02,0,2026-01-26,2026-02-08,1,0
P009281,2,0,15.5,928.14,0,2025-12-02,2026-09-19,1,0
P009282,1,1,75.0,19438.26,0,2026-09-23,2026-09-23,0,0
P009283,2,1,148.0,11178.44,0,2025-06-20,2025-11-10,1,0
P009284,1,0,39.0,392.56,0,2026-01-13,2026-01-13,0,0
P009285,3,2,38.333333333333336,34832.26,0,2025-04-23,2025-11-25,1,0
P009286,1,0,17.0,935.16,0,2026-02-03,2026-02-03,0,0
P009287,1,1,82.0,12504.93,0,2024-03-25,2024-03-25,0,0
P009288,1,0,106.0,1021.43,0,2025-06-15,2025-06-15,0,0
P009289,1,0,28.0,890.23,0,2024-09-13,2024-09-13,0,0
P009290,1,0,10.0,589.47,0,2025-02-18,2025-02-18,0,0
P009291,2,0,21.5,641.33,0,2024-07-22,2025-05-06,1,0
P009292,1,0,13.0,370.42,0,2025-10-07,2025-10-07,0,0
P009293,1,1,92.0,5907.36,0,2025-11-30,2025-11-30,0,0
P009294,2,1,46.0,10998.61,0,2024-10-29,2025-02-27,1,0
P009295,2,0,117.5,2058.34,0,2024-04-11,2024-07-26,1,0
P009296,1,1,150.0,15772.79,0,2025-10-26,2025-10-26,0,0
P009297,2,0,69.5,1071.83,0,2025-08-28,2026-01-09,1,0
P009298,3,2,51.333333333333336,21397.58,0,2024-07-19,2025-01-27,1,0
P009299,2,0,84.0,1478.6299999999999,0,2025-08-07,2026-07-04,1,0
P009300,1,0,213.0,1173.34,0,2024-06-06,2024-06-06,0,0
P009301,1,0,26.0,743.35,0,2024-09-18,2024-09-18,0,0
P009302,2,1,29.5,38251.490000000005,0,2026-05-21,2026-09-25,1,0
P009303,1,0,28.0,800.43,0,2024-02-06,2024-02-06,0,0
P009304,1,0,60.0,1791.95,0,2025-07-24,2025-07-24,0,0
P009305,1,0,28.0,354.05,0,2024-09-17,2024-09-17,0,0
P009306,2,0,16.0,1462.69,0,2025-03-25,2025-04-17,1,0
P009307,2,1,50.5,1584.96,0,2025-04-05,2025-04-22,1,0
P009308,1,0,64.0,1032.13,0,2024-07-30,2024-07-30,0,0
P009309,3,2,82.66666666666667,32226.73,2,2026-09-13,2026-09-29,1,0
P009310,4,0,35.75,2859.38,0,2024-10-25,2025-12-19,1,1
P009311,3,1,55.0,2657.05,0,2025-07-08,2026-08-29,1,0
P009312,1,0,18.0,929.49,0,2025-03-17,2025-03-17,0,0
P009313,1,0,12.0,1253.61,0,2024-09-12,2024-09-12,0,0
P009314,1,0,28.0,752.93,0,2025-08-20,2025-08-20,0,0
P009315,1,0,33.0,630.61,0,2025-01-15,2025-01-15,0,0
P009316,3,1,35.0,2348.82,0,2024-03-13,2026-01-18,1,0
P009317,1,0,26.0,285.78,0,2026-03-02,2026-03-02,0,0
P009318,4,1,55.75,5328.66,0,2026-02-14,2026-09-16,1,1
P009319,1,0,37.0,153.5,0,2026-04-18,2026-04-18,0,0
P009320,2,1,57.0,7571.5,0,2024-10-02,2024-10-19,1,0
P009321,3,0,60.333333333333336,3645.08,0,2026-03-01,2026-09-23,1,0
P009322,1,1,39.0,5466.84,0,2024-10-09,2024-10-09,0,0
P009323,1,0,14.0,246.34,0,2026-05-18,2026-05-18,0,0
P009324,1,0,10.0,601.06,0,2026-01-31,2026-01-31,0,0
P009325,1,1,48.0,10839.34,0,2026-06-28,2026-06-28,0,0
P009326,1,1,79.0,22523.93,0,2026-03-23,2026-03-23,0,0
P009327,1,0,21.0,152.82,0,2024-08-27,2024-08-27,0,0
P009328,1,1,29.0,2066.17,0,2024-11-05,2024-11-05,0,0
P009329,1,1,40.0,2456.76,0,2025-11-19,2025-11-19,0,0
P009330,1,0,49.0,289.08,0,2026-03-04,2026-03-04,0,0
P009331,1,0,21.0,3179.0,0,2026-01-07,2026-01-07,0,0
P009332,1,0,5.0,256.72,0,2024-12-14,2024-12-14,0,0
P009333,2,0,93.5,1824.46,0,2025-07-18,2026-05-30,1,0
P009334,1,0,43.0,851.79,0,2024-02-02,2024-02-02,0,0
P009335,1,1,119.0,9307.72,0,2024-01-31,2024-01-31,0,0
P009336,1,0,55.0,947.8,0,2026-02-27,2026-02-27,0,0
P009337,4,1,29.0,9518.949999999999,0,2024-11-24,2026-05-19,1,1
P009338,2,1,48.5,14046.45,0,2024-05-11,2024-11-20,1,0
P009339,1,1,44.0,2327.87,0,2025-08-25,2025-08-25,0,0
P009340,2,1,27.0,17558.03,0,2025-04-06,2025-12-04,1,0
P009341,2,1,115.0,8277.66,0,2024-12-26,2025-05-25,1,0
P009342,1,1,66.0,16333.97,0,2026-09-05,2026-09-05,0,0
P009343,1,1,25.0,5157.78,0,2025-07-02,2025-07-02,0,0
P009344,1,1,23.0,13896.36,0,2024-10-11,2024-10-11,0,0
P009345,2,1,91.5,6567.41,0,2026-06-06,2026-07-29,1,0
P009346,2,1,39.5,7905.8099999999995,0,2024-08-11,2025-09-21,1,0
P009347,2,0,25.0,1045.72,0,2025-02-24,2025-05-19,1,0
P009348,1,0,273.0,1120.88,0,2026-08-22,2026-08-22,0,0
P009349,1,0,13.0,412.2,0,2026-08-17,2026-08-17,0,0
P009350,1,0,112.0,467.97,0,2024-09-29,2024-09-29,0,0
P009351,1,0,57.0,845.49,0,2024-11-13,2024-11-13,0,0
P009352,2,1,74.5,9450.96,0,2026-04-15,2026-09-24,1,0
P009353,1,1,29.0,2459.88,0,2026-02-09,2026-02-09,0,0
P009354,1,0,8.0,296.34,0,2025-12-16,2025-12-16,0,0
P009355,1,1,82.0,11367.25,0,2024-11-10,2024-11-10,0,0
P009356,1,1,39.0,11687.64,0,2025-09-20,2025-09-20,0,0
P009357,2,0,22.0,1315.94,0,2024-09-05,2024-11-25,1,0
P009358,1,1,59.0,8464.77,0,2025-09-29,2025-09-29,0,0
P009359,1,0,62.0,2153.21,0,2025-10-12,2025-10-12,0,0
P009360,1,0,42.0,1272.81,0,2025-07-21,2025-07-21,0,0
P009361,2,1,47.5,4013.28,0,2024-05-25,2024-07-22,1,0
P009362,4,0,54.5,1127.56,0,2025-11-16,2026-09-27,1,1
P009363,1,1,37.0,12961.78,0,2026-03-21,2026-03-21,0,0
P009364,1,1,104.0,6580.2,0,2025-05-14,2025-05-14,0,0
P009365,2,1,49.0,10112.87,0,2024-01-13,2024-12-17,1,0
P009366,3,1,31.333333333333332,11628.380000000001,0,2024-09-29,2024-11-27,1,0
P009367,1,1,94.0,4870.64,0,2025-03-10,2025-03-10,0,0
P009368,4,1,66.5,3080.46,0,2025-02-20,2026-06-17,1,1
P009369,2,0,48.5,3323.32,0,2025-03-26,2025-09-07,1,0
P009370,1,1,64.0,35807.26,0,2026-08-27,2026-08-27,0,0
P009371,1,0,68.0,1330.13,0,2025-05-18,2025-05-18,0,0
P009372,1,0,18.0,707.41,0,2025-12-17,2025-12-17,0,0
P009373,3,1,62.333333333333336,5846.090000000001,0,2024-10-28,2025-07-10,1,0
P009374,1,0,12.0,374.75,0,2026-01-30,2026-01-30,0,0
P009375,1,1,57.0,9969.59,0,2025-03-12,2025-03-12,0,0
P009376,1,1,43.0,4384.39,0,2024-10-28,2024-10-28,0,0
P009377,1,1,94.0,5938.75,0,2026-08-27,2026-08-27,0,0
P009378,3,1,41.0,4495.33,0,2026-05-28,2026-09-30,1,0
P009379,1,0,28.0,155.27,0,2025-01-04,2025-01-04,0,0
P009380,1,1,77.0,20315.2,0,2025-12-30,2025-12-30,0,0
P009381,2,0,53.5,710.39,0,2025-12-17,2026-02-08,1,0
P009382,1,0,73.0,1643.53,0,2024-02-02,2024-02-02,0,0
P009383,1,0,158.0,740.61,0,2025-09-17,2025-09-17,0,0
P009384,2,0,17.5,404.78000000000003,0,2025-12-17,2026-03-07,1,0
P009385,1,0,31.0,571.34,0,2026-02-07,2026-02-07,0,0
P009386,1,0,27.0,243.25,0,2025-08-27,2025-08-27,0,0
P009387,1,1,87.0,5462.55,0,2026-07-27,2026-07-27,0,0
P009388,1,1,89.0,7277.55,0,2025-01-03,2025-01-03,0,0
P009389,2,1,47.0,5082.62,0,2024-06-12,2024-06-27,1,0
P009390,1,1,52.0,15703.72,0,2025-01-20,2025-01-20,0,0
P009391,1,1,38.0,14480.83,0,2025-08-12,2025-08-12,0,0
P009392,3,1,67.66666666666667,7336.860000000001,0,2025-12-29,2026-09-22,1,0
P009393,1,1,46.0,7405.4,0,2025-10-13,2025-10-13,0,0
P009394,1,0,12.0,409.47,0,2026-08-12,2026-08-12,0,0
P009395,1,0,66.0,700.89,0,2025-10-08,2025-10-08,0,0
P009396,2,0,97.0,1176.35,0,2024-08-27,2025-03-24,1,0
P009397,2,0,42.5,4131.76,0,2024-07-15,2025-03-08,1,0
P009398,1,0,11.0,362.52,0,2026-03-18,2026-03-18,0,0
P009399,3,0,47.666666666666664,3173.7200000000003,0,2026-06-12,2026-08-30,1,0
P009400,2,1,28.0,3516.4900000000002,0,2024-02-20,2024-03-13,1,0
P009401,1,0,63.0,1258.47,0,2025-01-22,2025-01-22,0,0
P009402,3,1,108.33333333333333,11257.390000000001,0,2024-06-30,2025-06-10,1,0
P009403,2,1,59.5,12249.289999999999,1,2025-01-28,2025-02-10,1,0
P009404,3,1,29.0,10757.919999999998,0,2024-01-13,2025-04-03,1,0
P009405,1,0,63.0,1194.27,0,2025-06-05,2025-06-05,0,0
P009406,2,1,30.5,10807.460000000001,0,2024-01-03,2024-11-06,1,0
P009407,1,0,34.0,378.42,0,2024-07-06,2024-07-06,0,0
P009408,2,0,25.0,1687.6499999999999,0,2024-05-23,2024-10-07,1,0
P009409,1,0,26.0,364.08,0,2025-08-22,2025-08-22,0,0
P009410,2,1,100.5,10738.65,0,2026-09-21,2026-09-30,1,0
P009411,2,0,34.5,990.77,0,2025-08-04,2026-01-25,1,0
P009412,1,0,75.0,565.28,0,2024-06-03,2024-06-03,0,0
P009413,5,3,68.8,36734.19,0,2024-11-16,2026-09-19,1,1
P009414,1,0,94.0,826.21,0,2025-03-28,2025-03-28,0,0
P009415,1,0,16.0,235.15,0,2024-04-24,2024-04-24,0,0
P009416,2,0,30.0,1432.69,0,2024-04-05,2024-05-03,1,0
P009417,1,0,15.0,557.83,0,2025-05-06,2025-05-06,0,0
P009418,1,0,45.0,489.82,0,2024-06-08,2024-06-08,0,0
P009419,2,1,86.5,6844.23,0,2026-08-22,2026-09-24,1,0
P009420,1,1,24.0,12060.67,0,2025-09-19,2025-09-19,0,0
P009421,1,1,186.0,26520.34,0,2026-07-14,2026-07-14,0,0
P009422,1,0,12.0,315.75,0,2026-03-18,2026-03-18,0,0
P009423,3,0,20.666666666666668,2345.66,0,2024-12-02,2026-05-05,1,0
P009424,1,1,34.0,2516.77,0,2025-08-08,2025-08-08,0,0
P009425,1,0,70.0,906.65,0,2024-11-26,2024-11-26,0,0
P009426,1,1,28.0,6561.32,0,2024-01-10,2024-01-10,0,0
P009427,1,0,134.0,968.32,0,2026-07-08,2026-07-08,0,0
P009428,1,0,38.0,895.72,0,2026-07-31,2026-07-31,0,0
P009429,1,0,33.0,1201.97,0,2026-01-28,2026-01-28,0,0
P009430,2,1,34.0,6329.22,0,2025-05-29,2025-07-29,1,0
P009431,1,0,31.0,609.51,0,2025-02-10,2025-02-10,0,0
P009432,1,0,56.0,1462.72,0,2025-08-22,2025-08-22,0,0
P009433,1,0,45.0,2229.9,0,2026-04-29,2026-04-29,0,0
P009434,3,1,48.333333333333336,2959.25,0,2024-10-24,2025-05-18,1,0
P009435,2,2,20.0,35121.240000000005,0,2025-02-22,2025-06-25,1,0
P009436,4,3,62.0,16194.24,1,2025-01-28,2025-12-11,1,1
P009437,1,0,38.0,252.46,0,2024-12-11,2024-12-11,0,0
P009438,1,0,75.0,1083.16,0,2026-07-30,2026-07-30,0,0
P009439,1,1,142.0,3753.3,0,2025-12-27,2025-12-27,0,0
P009440,1,0,77.0,988.45,0,2024-04-01,2024-04-01,0,0
P009441,1,1,80.0,7390.19,0,2025-07-04,2025-07-04,0,0
P009442,1,0,116.0,1072.5,0,2026-03-02,2026-03-02,0,0
P009443,2,1,28.5,23681.27,1,2024-10-14,2024-10-27,1,0
P009444,1,0,9.0,289.24,0,2026-03-06,2026-03-06,0,0
P009445,1,0,59.0,314.12,0,2024-01-02,2024-01-02,0,0
P009446,1,1,24.0,5915.19,0,2026-01-16,2026-01-16,0,0
P009447,3,1,87.0,13601.12,0,2026-05-14,2026-09-20,1,0
P009448,1,0,35.0,374.52,0,2025-06-29,2025-06-29,0,0
P009449,1,0,85.0,343.38,0,2025-06-10,2025-06-10,0,0
P009450,1,0,28.0,625.74,0,2026-03-18,2026-03-18,0,0
P009451,4,2,49.25,11234.57,0,2024-09-09,2026-09-26,1,1
P009452,1,0,25.0,1785.82,0,2024-03-24,2024-03-24,0,0
P009453,1,1,52.0,8861.4,0,2024-02-24,2024-02-24,0,0
P009454,2,2,68.0,22900.11,0,2025-06-22,2026-05-09,1,0
P009455,1,1,41.0,5929.69,0,2024-07-25,2024-07-25,0,0
P009456,2,1,64.0,7133.0,0,2025-12-10,2026-06-04,1,0
P009457,3,1,35.333333333333336,7809.009999999999,0,2024-06-10,2025-06-10,1,0
P009458,2,1,44.5,4016.29,0,2025-10-28,2026-09-16,1,0
P009459,2,0,62.0,1234.88,0,2024-10-25,2025-08-11,1,0
P009460,4,3,71.5,38481.64,1,2026-03-29,2026-09-16,1,1
P009461,2,1,55.0,7095.57,0,2025-02-10,2026-02-09,1,0
P009462,3,0,21.666666666666668,2086.04,0,2024-08-05,2025-04-10,1,0
P009463,1,0,107.0,617.28,0,2026-09-20,2026-09-20,0,0
P009464,2,0,58.5,1804.89,0,2026-06-02,2026-08-26,1,0
P009465,1,0,13.0,266.9,0,2024-07-13,2024-07-13,0,0
P009466,1,1,33.0,16031.94,0,2026-08-22,2026-08-22,0,0
P009467,1,0,32.0,242.51,0,2024-05-27,2024-05-27,0,0
P009468,1,1,40.0,8102.97,0,2025-09-02,2025-09-02,0,0
P009469,3,0,98.66666666666667,3223.9300000000003,0,2025-04-16,2026-02-14,1,0
P009470,1,1,73.0,19973.29,0,2025-11-24,2025-11-24,0,0
P009471,1,1,48.0,11676.99,0,2026-09-30,2026-09-30,0,0
P009472,4,1,64.75,15758.18,1,2024-12-13,2026-09-15,1,1
P009473,2,1,125.5,14373.08,0,2025-12-27,2026-01-07,1,0
P009474,1,0,30.0,185.16,0,2024-12-20,2024-12-20,0,0
P009475,1,0,39.0,573.73,0,2026-06-04,2026-06-04,0,0
P009476,3,3,35.333333333333336,49170.14,0,2024-05-30,2025-04-17,1,0
P009477,3,1,60.666666666666664,7937.13,0,2026-01-04,2026-09-20,1,0
P009478,1,0,80.0,1094.83,0,2025-08-05,2025-08-05,0,0
P009479,2,0,39.0,1948.66,0,2025-09-07,2025-12-29,1,0
P009480,2,0,59.0,967.24,0,2024-08-09,2025-04-05,1,0
P009481,1,0,87.0,1066.47,0,2025-04-19,2025-04-19,0,0
P009482,3,2,27.333333333333332,10410.44,0,2025-02-18,2026-02-26,1,0
P009483,1,0,84.0,772.88,0,2026-02-10,2026-02-10,0,0
P009484,4,1,74.5,8636.35,0,2025-03-28,2026-09-27,1,1
P009485,1,0,25.0,217.13,0,2025-04-13,2025-04-13,0,0
P009486,1,0,31.0,1304.03,0,2026-06-30,2026-06-30,0,0
P009487,1,0,97.0,228.78,0,2024-11-11,2024-11-11,0,0
P009488,2,1,63.5,17256.11,0,2026-02-17,2026-09-30,1,0
P009489,2,1,56.5,6445.58,0,2024-12-21,2026-01-02,1,0
P009490,2,1,69.5,13558.95,0,2024-08-01,2025-03-05,1,0
P009491,1,1,40.0,3560.14,0,2026-06-17,2026-06-17,0,0
P009492,1,1,41.0,8776.3,0,2025-06-28,2025-06-28,0,0
P009493,2,1,50.0,10264.58,0,2025-02-13,2026-03-28,1,0
P009494,1,1,90.0,2332.62,0,2025-05-25,2025-05-25,0,0
P009495,1,0,21.0,999.29,0,2025-02-17,2025-02-17,0,0
P009496,2,1,56.5,13639.07,0,2025-04-04,2026-01-06,1,0
P009497,1,0,23.0,714.48,0,2025-01-08,2025-01-08,0,0
P009498,2,0,26.5,1070.2800000000002,0,2024-05-10,2024-09-19,1,0
P009499,1,0,14.0,466.17,0,2024-06-09,2024-06-09,0,0
P009500,2,0,60.0,2582.86,0,2024-06-19,2025-03-02,1,0
P009501,2,1,29.5,6910.06,0,2025-02-25,2025-06-25,1,0
P009502,1,0,47.0,881.21,0,2025-11-09,2025-11-09,0,0
P009503,3,2,64.66666666666667,11912.3,0,2025-03-06,2025-08-26,1,0
P009504,1,0,64.0,482.65,0,2024-01-07,2024-01-07,0,0
P009505,1,0,24.0,570.9,0,2024-08-12,2024-08-12,0,0
P009506,3,1,59.666666666666664,8847.26,0,2025-04-14,2026-01-02,1,0
P009507,1,1,69.0,6217.82,0,2026-06-05,2026-06-05,0,0
P009508,2,1,32.0,5272.27,0,2024-05-07,2024-06-22,1,0
P009509,2,1,65.0,8368.91,0,2026-09-10,2026-09-12,1,0
P009510,1,1,57.0,6942.85,0,2024-07-12,2024-07-12,0,0
P009511,1,0,17.0,639.81,0,2026-01-21,2026-01-21,0,0
P009512,3,1,34.333333333333336,13234.31,1,2025-05-22,2025-08-14,1,0
P009513,2,1,43.5,7954.92,0,2026-01-04,2026-09-09,1,0
P009514,1,0,15.0,225.91,0,2024-08-29,2024-08-29,0,0
P009515,1,0,67.0,858.52,0,2025-10-08,2025-10-08,0,0
P009516,1,0,7.0,492.59,0,2024-10-23,2024-10-23,0,0
P009517,1,0,53.0,385.77,0,2024-08-03,2024-08-03,0,0
P009518,1,1,78.0,7826.22,0,2024-07-16,2024-07-16,0,0
P009519,2,1,37.5,7174.42,0,2024-07-30,2025-08-24,1,0
P009520,3,1,34.333333333333336,5200.54,0,2024-10-20,2025-02-08,1,0
P009521,1,1,32.0,10478.72,0,2025-10-10,2025-10-10,0,0
P009522,1,0,38.0,473.54,0,2024-12-31,2024-12-31,0,0
P009523,2,0,21.5,886.04,0,2026-03-16,2026-09-22,1,0
P009524,1,0,84.0,602.98,0,2025-12-23,2025-12-23,0,0
P009525,2,0,30.0,410.23,0,2024-03-14,2024-04-04,1,0
P009526,1,0,57.0,442.19,0,2026-01-12,2026-01-12,0,0
P009527,1,1,45.0,12322.41,0,2026-01-22,2026-01-22,0,0
P009528,4,2,32.75,13411.58,0,2024-09-13,2026-04-15,1,1
P009529,4,0,47.5,2733.27,0,2024-11-11,2026-07-21,1,1
P009530,1,1,133.0,2046.41,0,2024-05-29,2024-05-29,0,0
P009531,1,0,18.0,305.32,0,2025-07-21,2025-07-21,0,0
P009532,4,1,41.75,14861.75,0,2026-09-10,2026-09-29,1,1
P009533,1,0,25.0,1193.17,0,2025-09-17,2025-09-17,0,0
P009534,1,0,25.0,1347.91,0,2025-11-03,2025-11-03,0,0
P009535,1,0,43.0,534.73,0,2025-09-18,2025-09-18,0,0
P009536,1,0,53.0,703.31,0,2025-08-15,2025-08-15,0,0
P009537,1,0,48.0,1101.91,0,2025-03-12,2025-03-12,0,0
P009538,3,2,36.666666666666664,10627.45,1,2025-06-16,2026-06-23,1,0
P009539,1,0,9.0,369.92,0,2024-09-02,2024-09-02,0,0
P009540,1,0,28.0,275.09,0,2025-11-26,2025-11-26,0,0
P009541,4,2,44.25,60459.579999999994,0,2024-10-05,2025-07-21,1,1
P009542,1,1,62.0,8121.18,0,2025-12-17,2025-12-17,0,0
P009543,1,0,58.0,1907.59,0,2026-01-10,2026-01-10,0,0
P009544,1,0,142.0,669.59,0,2026-06-29,2026-06-29,0,0
P009545,2,0,21.5,585.83,0,2024-05-25,2024-06-11,1,0
P009546,1,0,93.0,1541.47,0,2026-08-25,2026-08-25,0,0
P009547,1,0,17.0,488.15,0,2024-08-08,2024-08-08,0,0
P009548,1,0,28.0,195.45,0,2026-06-03,2026-06-03,0,0
P009549,2,0,24.5,388.67999999999995,0,2026-02-25,2026-05-09,1,0
P009550,1,0,31.0,782.08,0,2024-01-13,2024-01-13,0,0
P009551,1,0,16.0,305.26,0,2026-03-13,2026-03-13,0,0
P009552,3,0,35.0,1568.54,0,2024-05-22,2024-12-26,1,0
P009553,1,0,27.0,284.52,0,2025-12-31,2025-12-31,0,0
P009554,2,2,43.0,5994.1,1,2025-02-17,2025-03-04,1,0
P009555,1,0,40.0,813.33,0,2026-01-03,2026-01-03,0,0
P009556,2,1,47.0,1548.4699999999998,0,2025-04-23,2025-06-26,1,0
P009557,1,0,94.0,2765.56,0,2024-07-24,2024-07-24,0,0
P009558,1,0,57.0,693.1,0,2026-05-04,2026-05-04,0,0
P009559,2,1,33.5,3557.84,0,2026-04-21,2026-08-02,1,0
P009560,1,0,13.0,374.39,0,2024-10-06,2024-10-06,0,0
P009561,3,1,61.333333333333336,3984.02,0,2025-07-07,2026-01-26,1,0
P009562,1,0,64.0,218.47,0,2025-10-21,2025-10-21,0,0
P009563,2,1,25.0,3910.6400000000003,0,2024-04-13,2024-09-20,1,0
P009564,5,1,47.2,5153.09,0,2024-09-25,2026-09-28,1,1
P009565,1,1,35.0,2262.53,0,2024-07-11,2024-07-11,0,0
P009566,3,1,70.66666666666667,6946.34,0,2026-09-20,2026-09-27,1,0
P009567,1,0,15.0,340.16,0,2025-03-23,2025-03-23,0,0
P009568,1,0,19.0,516.32,0,2024-10-15,2024-10-15,0,0
P009569,1,1,34.0,4189.16,0,2026-09-11,2026-09-11,0,0
P009570,2,1,39.5,3239.75,0,2025-07-19,2025-09-09,1,0
P009571,4,2,66.5,42530.33,0,2024-12-21,2026-09-25,1,1
P009572,1,1,78.0,5640.91,0,2025-01-30,2025-01-30,0,0
P009573,2,2,69.0,18977.08,0,2026-04-11,2026-05-14,1,0
P009574,6,1,99.33333333333333,7218.01,0,2025-12-04,2026-09-30,1,1
P009575,3,1,47.666666666666664,8033.28,0,2025-03-11,2025-07-20,1,0
P009576,1,0,30.0,471.03,0,2025-12-26,2025-12-26,0,0
P009577,2,0,23.0,1328.19,0,2025-06-08,2026-03-11,1,0
P009578,1,1,45.0,1674.62,0,2024-06-15,2024-06-15,0,0
P009579,2,0,45.5,995.8800000000001,0,2025-04-29,2025-05-27,1,0
P009580,2,2,58.5,16712.85,0,2024-08-30,2025-03-09,1,0
P009581,3,1,69.33333333333333,27097.769999999997,0,2025-03-30,2026-09-19,1,0
P009582,2,1,43.5,2013.75,0,2024-08-14,2024-09-03,1,0
P009583,3,1,59.333333333333336,2113.31,0,2025-02-06,2025-03-12,1,0
P009584,1,0,13.0,499.55,0,2026-08-02,2026-08-02,0,0
P009585,1,0,49.0,438.31,0,2024-05-29,2024-05-29,0,0
P009586,1,1,29.0,7271.98,0,2024-04-24,2024-04-24,0,0
P009587,1,0,37.0,393.8,0,2025-09-13,2025-09-13,0,0
P009588,2,1,45.0,1287.05,0,2026-04-03,2026-09-12,1,0
P009589,1,0,90.0,610.85,0,2024-07-23,2024-07-23,0,0
P009590,5,1,40.8,4987.389999999999,1,2026-04-17,2026-09-22,1,1
P009591,1,1,58.0,17096.8,0,2026-08-02,2026-08-02,0,0
P009592,1,1,100.0,6625.86,0,2025-02-28,2025-02-28,0,0
P009593,4,1,73.25,19323.93,0,2024-11-22,2026-03-03,1,1
P009594,1,1,47.0,3705.8,0,2025-08-07,2025-08-07,0,0
P009595,1,0,29.0,190.68,0,2025-06-05,2025-06-05,0,0
P009596,4,1,38.5,9744.849999999999,0,2024-05-23,2026-01-14,1,1
P009597,1,0,131.0,344.32,0,2024-02-03,2024-02-03,0,0
P009598,1,0,135.0,630.52,0,2024-08-26,2024-08-26,0,0
P009599,1,0,25.0,471.47,0,2025-05-21,2025-05-21,0,0
P009600,1,0,28.0,522.17,0,2026-02-28,2026-02-28,0,0
P009601,2,0,58.0,2300.7200000000003,0,2025-02-08,2025-02-23,1,0
P009602,4,2,49.75,6145.4,0,2024-05-21,2025-01-22,1,1
P009603,1,1,33.0,3286.81,0,2025-01-23,2025-01-23,0,0
P009604,1,0,12.0,278.25,0,2025-11-11,2025-11-11,0,0
P009605,1,0,38.0,423.48,0,2024-08-25,2024-08-25,0,0
P009606,1,0,57.0,2136.2,0,2024-08-20,2024-08-20,0,0
P009607,2,1,80.5,10181.029999999999,0,2024-02-17,2024-06-12,1,0
P009608,2,0,43.5,1931.4099999999999,0,2024-08-31,2024-11-19,1,0
P009609,1,0,77.0,872.24,0,2025-10-01,2025-10-01,0,0
P009610,1,0,39.0,928.21,0,2025-02-17,2025-02-17,0,0
P009611,2,0,31.0,976.88,0,2026-01-17,2026-03-13,1,0
P009612,4,2,51.75,22315.239999999998,0,2025-12-12,2026-09-29,1,1
P009613,1,0,55.0,924.41,0,2025-08-07,2025-08-07,0,0
P009614,2,0,86.0,2466.8599999999997,0,2024-09-21,2025-06-11,1,0
P009615,2,1,21.0,3935.13,0,2024-01-13,2024-06-15,1,0
P009616,1,0,10.0,299.92,0,2025-11-19,2025-11-19,0,0
P009617,2,1,54.5,9035.060000000001,0,2026-05-06,2026-09-19,1,0
P009618,1,0,28.0,863.02,0,2026-05-17,2026-05-17,0,0
P009619,1,0,190.0,1416.1,0,2025-12-31,2025-12-31,0,0
P009620,5,2,40.0,7273.43,0,2026-08-19,2026-09-30,1,1
P009621,2,0,127.5,1186.94,0,2024-08-23,2025-08-07,1,0
P009622,1,1,58.0,5439.11,0,2024-07-31,2024-07-31,0,0
P009623,2,1,40.0,16447.45,0,2024-01-11,2024-07-25,1,0
P009624,1,1,122.0,7865.94,0,2025-06-19,2025-06-19,0,0
P009625,1,0,35.0,195.53,0,2025-11-18,2025-11-18,0,0
P009626,1,0,17.0,997.27,0,2024-07-17,2024-07-17,0,0
P009627,2,1,58.0,9148.880000000001,0,2024-12-30,2025-02-14,1,0
P009628,1,1,141.0,8038.37,0,2026-02-19,2026-02-19,0,0
P009629,1,0,27.0,363.43,0,2026-02-17,2026-02-17,0,0
P009630,2,0,28.5,2241.73,0,2025-09-30,2026-07-09,1,0
P009631,2,0,97.5,1464.76,0,2024-03-06,2025-04-25,1,0
P009632,1,0,17.0,221.44,0,2024-06-14,2024-06-14,0,0
P009633,3,0,21.666666666666668,1612.71,0,2024-08-19,2025-10-03,1,0
P009634,1,1,47.0,6715.48,0,2024-11-15,2024-11-15,0,0
P009635,1,1,111.0,6207.26,0,2024-03-27,2024-03-27,0,0
P009636,1,0,41.0,1168.4,0,2026-06-14,2026-06-14,0,0
P009637,1,0,15.0,200.58,0,2025-07-24,2025-07-24,0,0
P009638,1,0,16.0,354.98,0,2025-01-16,2025-01-16,0,0
P009639,1,1,52.0,5194.75,0,2025-08-13,2025-08-13,0,0
P009640,1,0,33.0,338.97,0,2024-11-12,2024-11-12,0,0
P009641,3,2,115.33333333333333,14998.859999999999,0,2026-02-24,2026-09-24,1,0
P009642,1,0,26.0,559.84,0,2026-02-05,2026-02-05,0,0
P009643,4,1,38.5,13403.56,0,2025-03-16,2025-11-11,1,1
P009644,1,1,44.0,2624.42,0,2024-06-23,2024-06-23,0,0
P009645,2,0,201.0,3585.7200000000003,0,2026-06-26,2026-09-10,1,0
P009646,1,1,99.0,7835.94,0,2025-12-19,2025-12-19,0,0
P009647,3,0,69.0,2945.62,0,2024-11-13,2025-06-28,1,0
P009648,1,0,52.0,330.27,0,2024-12-09,2024-12-09,0,0
P009649,1,0,33.0,1163.55,0,2024-01-24,2024-01-24,0,0
P009650,1,1,51.0,2047.43,0,2025-03-27,2025-03-27,0,0
P009651,2,0,77.0,1563.1299999999999,0,2024-01-05,2025-01-17,1,0
P009652,1,1,40.0,6876.96,0,2024-02-13,2024-02-13,0,0
P009653,1,0,36.0,215.81,0,2024-02-06,2024-02-06,0,0
P009654,2,0,103.0,2760.23,0,2025-12-15,2026-03-03,1,0
P009655,1,0,15.0,480.74,0,2026-01-10,2026-01-10,0,0
P009656,3,1,29.0,2529.41,0,2026-07-14,2026-09-28,1,0
P009657,1,0,12.0,398.07,0,2024-11-30,2024-11-30,0,0
P009658,1,0,10.0,561.43,0,2026-06-30,2026-06-30,0,0
P009659,4,0,67.75,4322.21,0,2024-06-14,2025-05-25,1,1
P009660,2,1,37.5,17148.039999999997,0,2026-07-07,2026-09-19,1,0
P009661,1,0,54.0,583.18,0,2025-08-24,2025-08-24,0,0
P009662,1,1,35.0,11055.69,0,2024-06-23,2024-06-23,0,0
P009663,1,0,11.0,511.82,0,2024-12-21,2024-12-21,0,0
P009664,1,0,18.0,224.24,0,2024-07-26,2024-07-26,0,0
P009665,2,1,86.5,16179.15,0,2026-07-23,2026-09-26,1,0
P009666,3,2,87.0,9612.77,0,2025-11-11,2026-09-27,1,0
P009667,1,0,25.0,449.11,0,2026-02-20,2026-02-20,0,0
P009668,1,0,7.0,293.3,0,2025-08-29,2025-08-29,0,0
P009669,1,1,92.0,5837.59,0,2025-08-20,2025-08-20,0,0
P009670,2,0,15.5,877.28,0,2024-03-18,2024-07-31,1,0
P009671,1,0,14.0,593.51,0,2024-02-20,2024-02-20,0,0
P009672,1,0,59.0,319.67,0,2024-05-30,2024-05-30,0,0
P009673,1,0,140.0,1139.81,0,2025-04-27,2025-04-27,0,0
P009674,1,0,78.0,432.1,0,2026-05-18,2026-05-18,0,0
P009675,2,1,49.0,7106.03,0,2024-11-04,2025-12-23,1,0
P009676,1,0,182.0,855.61,0,2024-11-11,2024-11-11,0,0
P009677,3,0,34.0,1016.29,0,2026-01-28,2026-09-22,1,0
P009678,1,0,46.0,422.07,0,2025-09-14,2025-09-14,0,0
P009679,2,1,75.0,15483.88,0,2025-03-16,2025-03-30,1,0
P009680,5,2,45.2,14254.13,0,2026-09-15,2026-09-26,1,1
P009681,1,0,37.0,700.37,0,2025-08-31,2025-08-31,0,0
P009682,5,2,58.0,10136.07,0,2024-07-06,2026-09-30,1,1
P009683,1,0,12.0,349.51,0,2024-10-02,2024-10-02,0,0
P009684,1,0,14.0,366.75,0,2026-08-25,2026-08-25,0,0
P009685,1,0,79.0,1562.7,0,2026-07-20,2026-07-20,0,0
P009686,1,0,34.0,721.18,0,2024-01-18,2024-01-18,0,0
P009687,1,1,27.0,6394.61,0,2024-02-04,2024-02-04,0,0
P009688,1,0,15.0,390.74,0,2026-06-06,2026-06-06,0,0
P009689,1,0,66.0,1213.84,0,2025-08-04,2025-08-04,0,0
P009690,1,0,30.0,301.13,0,2026-07-20,2026-07-20,0,0
P009691,1,1,53.0,7717.32,0,2024-04-09,2024-04-09,0,0
P009692,1,0,13.0,448.13,0,2026-07-22,2026-07-22,0,0
P009693,1,0,16.0,646.26,0,2024-12-01,2024-12-01,0,0
P009694,3,1,47.333333333333336,6255.0,0,2025-11-08,2026-06-20,1,0
P009695,1,0,17.0,620.66,0,2025-05-07,2025-05-07,0,0
P009696,2,2,83.0,26646.42,0,2024-09-24,2025-09-03,1,0
P009697,3,3,95.0,20458.38,0,2026-04-05,2026-09-19,1,0
P009698,1,1,20.0,7571.25,0,2026-04-06,2026-04-06,0,0
P009699,4,1,68.5,19487.17,0,2024-03-03,2025-08-06,1,1
P009700,1,1,44.0,4438.21,0,2025-07-01,2025-07-01,0,0
P009701,1,0,14.0,691.17,0,2024-01-19,2024-01-19,0,0
P009702,1,1,40.0,2766.61,0,2025-10-06,2025-10-06,0,0
P009703,1,0,35.0,289.81,0,2024-09-25,2024-09-25,0,0
P009704,1,1,37.0,1087.96,0,2026-06-25,2026-06-25,0,0
P009705,1,0,62.0,649.39,0,2025-09-29,2025-09-29,0,0
P009706,1,0,36.0,333.85,0,2025-05-07,2025-05-07,0,0
P009707,4,2,57.75,19029.54,0,2024-12-02,2025-12-31,1,1
P009708,2,0,22.5,1525.95,0,2025-02-19,2025-03-02,1,0
P009709,1,1,82.0,28062.37,0,2024-03-01,2024-03-01,0,0
P009710,3,1,38.0,28751.870000000003,0,2025-12-30,2026-05-07,1,0
P009711,2,1,53.5,11328.189999999999,0,2025-03-20,2025-04-12,1,0
P009712,1,0,45.0,633.76,0,2025-04-20,2025-04-20,0,0
P009713,5,1,28.4,14351.02,0,2025-03-03,2026-09-25,1,1
P009714,2,2,41.0,11148.11,0,2025-07-11,2026-07-21,1,0
P009715,1,0,21.0,253.54,0,2024-06-01,2024-06-01,0,0
P009716,1,0,45.0,946.62,0,2025-08-15,2025-08-15,0,0
P009717,1,0,66.0,2022.22,0,2026-03-29,2026-03-29,0,0
P009718,1,0,21.0,410.01,0,2025-04-02,2025-04-02,0,0
P009719,1,1,125.0,13472.27,0,2025-07-01,2025-07-01,0,0
P009720,1,1,129.0,6438.45,0,2025-05-10,2025-05-10,0,0
P009721,1,1,60.0,13178.55,0,2025-06-23,2025-06-23,0,0
P009722,3,0,36.0,1666.64,0,2026-04-08,2026-09-19,1,0
P009723,1,0,50.0,545.44,0,2026-08-22,2026-08-22,0,0
P009724,1,0,63.0,823.86,0,2026-05-18,2026-05-18,0,0
P009725,2,1,36.0,6750.25,0,2025-10-03,2026-04-11,1,0
P009726,2,0,20.0,1577.92,0,2024-12-15,2025-03-14,1,0
P009727,1,1,202.0,3226.47,0,2026-05-27,2026-05-27,0,0
P009728,1,1,24.0,7426.57,0,2026-07-29,2026-07-29,0,0
P009729,2,0,61.0,1436.51,0,2026-08-03,2026-09-30,1,0
P009730,1,1,52.0,9330.7,0,2026-03-22,2026-03-22,0,0
P009731,2,2,32.5,26179.84,0,2025-06-25,2026-04-23,1,0
P009732,1,0,36.0,805.33,0,2025-01-17,2025-01-17,0,0
P009733,6,3,44.833333333333336,16941.829999999998,0,2026-07-28,2026-09-25,1,1
P009734,1,0,76.0,580.91,0,2024-08-27,2024-08-27,0,0
P009735,1,1,63.0,9201.57,0,2026-03-27,2026-03-27,0,0
P009736,1,0,19.0,807.64,0,2025-11-17,2025-11-17,0,0
P009737,1,0,118.0,834.89,0,2026-04-03,2026-04-03,0,0
P009738,3,2,63.333333333333336,9598.830000000002,0,2024-04-02,2025-11-08,1,0
P009739,1,0,21.0,301.11,0,2024-02-15,2024-02-15,0,0
P009740,1,1,67.0,14488.51,0,2025-11-20,2025-11-20,0,0
P009741,1,0,37.0,710.61,0,2026-03-24,2026-03-24,0,0
P009742,2,1,45.5,7004.48,0,2026-08-06,2026-09-18,1,0
P009743,1,0,30.0,1599.28,0,2025-04-18,2025-04-18,0,0
P009744,2,1,118.5,9353.17,0,2024-01-24,2025-03-04,1,0
P009745,1,0,33.0,399.45,0,2024-10-26,2024-10-26,0,0
P009746,1,0,14.0,495.71,0,2024-11-25,2024-11-25,0,0
P009747,1,0,11.0,757.25,0,2024-07-28,2024-07-28,0,0
P009748,2,1,171.5,3068.04,0,2026-03-14,2026-09-26,1,0
P009749,1,0,22.0,517.24,0,2026-01-28,2026-01-28,0,0
P009750,2,1,45.0,14853.05,0,2024-06-17,2024-10-10,1,0
P009751,1,0,111.0,598.01,0,2025-04-19,2025-04-19,0,0
P009752,2,1,40.5,3506.72,0,2024-07-24,2025-07-03,1,0
P009753,2,0,34.0,760.92,0,2025-08-29,2025-10-05,1,0
P009754,4,2,51.0,8343.41,0,2025-07-06,2026-08-13,1,1
P009755,1,0,104.0,1339.75,0,2024-01-31,2024-01-31,0,0
P009756,2,0,20.5,1099.3,0,2026-09-15,2026-09-18,1,0
P009757,1,0,34.0,367.65,0,2024-03-11,2024-03-11,0,0
P009758,1,0,10.0,392.34,0,2025-12-23,2025-12-23,0,0
P009759,2,1,39.5,22500.089999999997,0,2025-10-13,2025-11-07,1,0
P009760,1,0,31.0,207.19,0,2024-03-27,2024-03-27,0,0
P009761,4,2,51.25,10780.83,0,2026-04-19,2026-09-19,1,1
P009762,1,0,16.0,717.86,0,2024-03-03,2024-03-03,0,0
P009763,1,0,8.0,648.53,0,2026-09-21,2026-09-21,0,0
P009764,1,0,50.0,528.44,0,2025-05-10,2025-05-10,0,0
P009765,1,1,19.0,9466.66,0,2026-03-02,2026-03-02,0,0
P009766,2,2,44.5,19286.61,1,2025-11-09,2025-11-30,1,0
P009767,1,0,22.0,811.15,0,2025-08-28,2025-08-28,0,0
P009768,2,0,18.0,1103.75,0,2024-08-29,2025-04-18,1,0
P009769,1,1,49.0,13756.82,0,2025-03-21,2025-03-21,0,0
P009770,1,0,170.0,614.96,0,2025-07-23,2025-07-23,0,0
P009771,4,0,58.5,2733.71,0,2025-07-15,2026-09-29,1,1
P009772,3,0,40.0,3455.05,0,2025-01-14,2025-05-27,1,0
P009773,5,2,40.6,26082.48,1,2026-03-23,2026-09-25,1,1
P009774,1,0,12.0,386.23,0,2024-10-02,2024-10-02,0,0
P009775,2,0,59.5,1263.77,0,2025-03-18,2025-07-29,1,0
P009776,2,0,43.5,2564.19,0,2024-12-13,2026-01-31,1,0
P009777,1,1,36.0,3142.43,0,2024-09-13,2024-09-13,0,0
P009778,1,0,19.0,390.96,0,2026-03-28,2026-03-28,0,0
P009779,2,1,67.5,12169.25,0,2025-07-24,2025-09-18,1,0
P009780,1,0,55.0,1049.64,0,2024-12-29,2024-12-29,0,0
P009781,1,0,22.0,417.87,0,2024-08-26,2024-08-26,0,0
P009782,1,1,97.0,13244.95,0,2026-01-13,2026-01-13,0,0
P009783,1,0,19.0,402.77,0,2024-09-12,2024-09-12,0,0
P009784,1,0,102.0,593.68,0,2025-11-21,2025-11-21,0,0
P009785,1,0,26.0,948.48,0,2025-07-18,2025-07-18,0,0
P009786,5,1,61.6,11130.85,0,2024-05-08,2026-06-28,1,1
P009787,1,0,49.0,679.49,0,2026-09-26,2026-09-26,0,0
P009788,2,1,86.0,3427.66,0,2026-08-21,2026-09-28,1,0
P009789,2,2,38.0,17730.5,0,2025-07-24,2026-05-20,1,0
P009790,1,1,80.0,2218.56,0,2025-10-05,2025-10-05,0,0
P009791,1,0,108.0,854.64,0,2024-12-07,2024-12-07,0,0
P009792,2,1,66.5,13785.96,0,2024-01-09,2024-11-16,1,0
P009793,1,1,18.0,9932.46,0,2026-06-18,2026-06-18,0,0
P009794,3,0,87.0,2215.08,0,2024-06-25,2025-02-25,1,0
P009795,3,1,72.33333333333333,13461.01,0,2026-02-20,2026-06-20,1,0
P009796,1,0,35.0,207.92,0,2026-08-02,2026-08-02,0,0
P009797,2,0,57.0,1267.6100000000001,0,2025-09-03,2025-11-24,1,0
P009798,2,0,28.5,2466.5,0,2025-12-16,2026-01-09,1,0
P009799,2,1,28.5,5119.349999999999,0,2025-03-03,2026-03-22,1,0
P009800,2,0,64.5,1186.6399999999999,0,2024-10-02,2024-12-04,1,0
P009801,1,0,23.0,445.98,0,2025-01-14,2025-01-14,0,0
P009802,2,1,47.0,3160.53,0,2024-03-02,2024-04-23,1,0
P009803,2,1,68.0,7305.57,0,2026-04-23,2026-07-09,1,0
P009804,2,0,17.5,1130.2800000000002,0,2026-03-02,2026-08-09,1,0
P009805,1,0,12.0,626.67,0,2025-01-14,2025-01-14,0,0
P009806,1,0,22.0,273.69,0,2025-08-20,2025-08-20,0,0
P009807,1,0,124.0,1061.43,0,2024-12-08,2024-12-08,0,0
P009808,1,1,43.0,3315.86,0,2024-12-18,2024-12-18,0,0
P009809,1,1,36.0,6567.34,0,2024-10-25,2024-10-25,0,0
P009810,1,0,24.0,271.8,0,2026-05-02,2026-05-02,0,0
P009811,1,0,23.0,397.05,0,2026-07-04,2026-07-04,0,0
P009812,1,1,62.0,42106.77,0,2025-12-24,2025-12-24,0,0
P009813,6,2,60.166666666666664,11257.25,0,2026-05-30,2026-09-29,1,1
P009814,1,0,36.0,213.53,0,2025-04-05,2025-04-05,0,0
P009815,1,1,52.0,3018.76,0,2025-11-14,2025-11-14,0,0
P009816,2,1,46.5,2647.75,0,2025-10-22,2026-06-29,1,0
P009817,1,0,60.0,2229.64,0,2025-04-22,2025-04-22,0,0
P009818,1,1,121.0,11354.05,0,2025-01-01,2025-01-01,0,0
P009819,3,2,56.0,4933.17,0,2025-05-26,2026-08-15,1,0
P009820,1,0,34.0,592.54,0,2026-03-27,2026-03-27,0,0
P009821,1,1,59.0,782.63,0,2025-02-05,2025-02-05,0,0
P009822,1,0,22.0,299.78,0,2026-01-20,2026-01-20,0,0
P009823,2,1,45.0,14177.560000000001,0,2024-01-09,2025-02-15,1,0
P009824,1,0,25.0,545.8,0,2025-08-30,2025-08-30,0,0
P009825,1,0,29.0,646.98,0,2024-05-21,2024-05-21,0,0
P009826,1,0,41.0,1065.0,0,2026-05-27,2026-05-27,0,0
P009827,2,0,30.5,854.26,0,2026-06-22,2026-09-12,1,0
P009828,2,0,19.0,952.1800000000001,0,2025-09-27,2026-03-02,1,0
P009829,1,1,112.0,29144.33,0,2024-02-10,2024-02-10,0,0
P009830,3,1,39.0,2604.8900000000003,0,2025-09-15,2026-07-04,1,0
P009831,1,0,14.0,1044.27,0,2024-05-21,2024-05-21,0,0
P009832,1,0,59.0,1192.07,0,2024-06-06,2024-06-06,0,0
P009833,1,0,54.0,1421.42,0,2026-02-19,2026-02-19,0,0
P009834,1,1,54.0,11538.39,0,2026-02-07,2026-02-07,0,0
P009835,1,0,15.0,206.44,0,2026-09-13,2026-09-13,0,0
P009836,1,0,42.0,1048.37,0,2026-08-02,2026-08-02,0,0
P009837,1,0,36.0,584.58,0,2024-08-29,2024-08-29,0,0
P009838,1,1,65.0,7031.67,0,2024-05-07,2024-05-07,0,0
P009839,2,1,89.0,8226.09,0,2024-05-19,2025-01-05,1,0
P009840,4,0,33.25,3463.44,0,2024-10-09,2026-08-04,1,1
P009841,1,1,37.0,8772.5,0,2026-01-02,2026-01-02,0,0
P009842,2,1,79.5,7859.2699999999995,0,2025-10-24,2026-09-06,1,0
P009843,4,2,37.5,12886.749999999998,0,2025-07-23,2026-05-26,1,1
P009844,1,1,56.0,80265.33,0,2026-05-04,2026-05-04,0,0
P009845,1,0,46.0,1837.14,0,2026-09-03,2026-09-03,0,0
P009846,3,1,50.666666666666664,9128.810000000001,0,2026-01-14,2026-06-20,1,0
P009847,1,0,5.0,789.05,0,2024-05-30,2024-05-30,0,0
P009848,1,0,26.0,676.34,0,2024-06-28,2024-06-28,0,0
P009849,1,0,134.0,1401.93,0,2025-05-07,2025-05-07,0,0
P009850,2,0,43.0,2454.49,0,2025-11-10,2026-06-19,1,0
P009851,1,1,61.0,3206.58,0,2024-04-01,2024-04-01,0,0
P009852,1,0,20.0,248.53,0,2025-11-03,2025-11-03,0,0
P009853,3,0,44.0,1612.85,0,2024-04-26,2025-03-16,1,0
P009854,1,0,26.0,422.12,0,2024-07-29,2024-07-29,0,0
P009855,1,0,146.0,981.66,0,2025-08-11,2025-08-11,0,0
P009856,1,0,42.0,303.96,0,2026-09-11,2026-09-11,0,0
P009857,1,0,63.0,2335.35,0,2025-01-18,2025-01-18,0,0
P009858,1,0,36.0,853.62,0,2026-08-30,2026-08-30,0,0
P009859,1,1,71.0,693.85,0,2026-06-25,2026-06-25,0,0
P009860,2,1,51.5,7115.38,0,2026-01-26,2026-04-20,1,0
P009861,1,0,33.0,449.29,0,2025-07-25,2025-07-25,0,0
P009862,2,0,15.5,793.4300000000001,0,2024-11-17,2024-12-21,1,0
P009863,1,0,14.0,253.66,0,2025-02-16,2025-02-16,0,0
P009864,1,1,111.0,10873.92,0,2024-12-18,2024-12-18,0,0
P009865,1,0,38.0,335.87,0,2026-01-25,2026-01-25,0,0
P009866,2,1,67.0,4110.280000000001,0,2026-01-04,2026-09-30,1,0
P009867,1,1,51.0,6762.37,0,2025-07-02,2025-07-02,0,0
P009868,3,1,32.333333333333336,28078.07,0,2025-08-20,2026-09-24,1,0
P009869,2,1,32.5,13054.539999999999,0,2025-09-10,2026-02-07,1,0
P009870,3,2,48.333333333333336,28739.519999999997,0,2024-12-08,2025-03-21,1,0
P009871,1,0,59.0,2164.79,0,2024-06-15,2024-06-15,0,0
P009872,1,1,57.0,6549.12,0,2024-01-31,2024-01-31,0,0
P009873,1,0,27.0,741.35,0,2025-12-15,2025-12-15,0,0
P009874,1,1,114.0,8948.43,0,2025-09-13,2025-09-13,0,0
P009875,1,1,118.0,2968.55,0,2024-05-13,2024-05-13,0,0
P009876,1,0,45.0,636.24,0,2026-04-26,2026-04-26,0,0
P009877,1,0,18.0,139.26,0,2026-08-18,2026-08-18,0,0
P009878,2,1,18.5,31726.920000000002,0,2025-08-23,2025-09-11,1,0
P009879,1,0,34.0,276.32,0,2024-07-13,2024-07-13,0,0
P009880,1,1,56.0,13789.89,0,2024-09-14,2024-09-14,0,0
P009881,2,1,66.0,14292.92,0,2024-08-27,2024-09-26,1,0
P009882,1,0,19.0,337.21,0,2024-04-14,2024-04-14,0,0
P009883,4,3,73.25,33178.44,0,2025-08-04,2026-09-28,1,1
P009884,1,0,66.0,511.81,0,2025-02-08,2025-02-08,0,0
P009885,1,0,26.0,908.01,0,2025-10-31,2025-10-31,0,0
P009886,2,0,33.0,2287.92,0,2025-11-03,2026-03-19,1,0
P009887,2,0,27.5,542.45,0,2025-04-08,2026-06-02,1,0
P009888,2,1,32.0,2859.72,0,2025-01-12,2025-04-13,1,0
P009889,2,2,49.5,29470.230000000003,0,2025-12-11,2026-03-03,1,0
P009890,5,0,36.4,2737.4700000000003,0,2024-08-31,2026-09-13,1,1
P009891,1,0,35.0,1150.38,0,2025-02-18,2025-02-18,0,0
P009892,2,1,32.0,2353.6,1,2026-09-12,2026-09-22,1,0
P009893,1,0,29.0,2306.31,0,2026-02-05,2026-02-05,0,0
P009894,2,1,32.5,11038.63,0,2024-05-08,2025-02-14,1,0
P009895,2,0,27.0,681.97,0,2026-04-20,2026-09-25,1,0
P009896,1,1,43.0,14793.0,0,2025-02-25,2025-02-25,0,0
P009897,1,1,34.0,2422.52,0,2026-07-01,2026-07-01,0,0
P009898,1,0,25.0,1093.33,0,2026-08-23,2026-08-23,0,0
P009899,2,0,40.0,2612.33,0,2024-09-22,2024-10-25,1,0
P009900,2,1,145.5,6937.780000000001,0,2025-04-04,2025-08-07,1,0
P009901,3,1,72.0,7057.9800000000005,1,2024-03-30,2024-05-27,1,0
P009902,1,0,39.0,398.03,0,2024-10-05,2024-10-05,0,0
P009903,1,0,27.0,541.59,0,2026-03-31,2026-03-31,0,0
P009904,1,1,144.0,7839.24,0,2026-02-07,2026-02-07,0,0
P009905,2,1,50.0,14282.970000000001,0,2026-09-01,2026-09-28,1,0
P009906,3,0,59.0,5491.87,0,2026-06-08,2026-09-27,1,0
P009907,1,0,49.0,1363.74,0,2025-05-29,2025-05-29,0,0
P009908,1,1,20.0,2195.34,0,2025-09-10,2025-09-10,0,0
P009909,1,0,49.0,903.69,0,2024-11-18,2024-11-18,0,0
P009910,6,1,35.833333333333336,5448.969999999999,0,2026-01-31,2026-09-27,1,1
P009911,1,0,32.0,252.29,0,2025-07-18,2025-07-18,0,0
P009912,1,0,166.0,968.63,0,2024-07-15,2024-07-15,0,0
P009913,1,0,113.0,738.88,0,2026-09-27,2026-09-27,0,0
P009914,1,1,49.0,10781.44,0,2026-08-04,2026-08-04,0,0
P009915,1,1,84.0,14714.61,0,2026-02-18,2026-02-18,0,0
P009916,2,0,46.5,878.21,0,2024-02-13,2025-02-25,1,0
P009917,1,1,137.0,16395.84,0,2025-12-07,2025-12-07,0,0
P009918,5,0,55.0,3447.09,0,2025-01-22,2026-09-25,1,1
P009919,2,0,29.5,634.52,0,2026-06-02,2026-09-17,1,0
P009920,1,0,24.0,386.54,0,2025-12-28,2025-12-28,0,0
P009921,2,1,80.5,10497.779999999999,0,2025-11-22,2026-04-30,1,0
P009922,1,1,77.0,13094.48,0,2026-04-05,2026-04-05,0,0
P009923,2,1,36.5,2400.95,0,2026-05-21,2026-09-20,1,0
P009924,1,1,80.0,6310.11,0,2025-09-11,2025-09-11,0,0
P009925,2,1,101.5,29804.780000000002,0,2025-12-06,2026-09-23,1,0
P009926,1,0,29.0,188.32,0,2025-11-16,2025-11-16,0,0
P009927,2,1,63.5,7163.31,0,2025-10-31,2025-12-27,1,0
P009928,1,1,55.0,1106.53,0,2025-09-02,2025-09-02,0,0
P009929,1,0,19.0,269.52,0,2024-12-31,2024-12-31,0,0
P009930,2,0,62.5,2443.05,0,2026-02-08,2026-04-27,1,0
P009931,2,0,30.0,1230.89,0,2024-05-06,2025-02-27,1,0
P009932,3,1,71.66666666666667,7361.27,0,2026-05-30,2026-09-16,1,0
P009933,1,0,33.0,548.45,0,2024-01-07,2024-01-07,0,0
P009934,1,0,21.0,191.08,0,2024-01-05,2024-01-05,0,0
P009935,1,1,69.0,11686.62,0,2025-10-04,2025-10-04,0,0
P009936,2,0,110.0,2675.74,0,2026-04-14,2026-09-28,1,0
P009937,1,0,19.0,316.28,0,2024-10-09,2024-10-09,0,0
P009938,1,0,72.0,1406.44,0,2024-08-04,2024-08-04,0,0
P009939,2,1,34.0,17961.38,0,2025-08-25,2025-09-12,1,0
P009940,1,0,35.0,448.17,0,2025-06-13,2025-06-13,0,0
P009941,3,0,47.0,3946.51,0,2026-04-18,2026-07-28,1,0
P009942,2,1,23.0,2409.3599999999997,0,2025-11-12,2025-11-20,1,0
P009943,1,0,14.0,365.05,0,2024-07-18,2024-07-18,0,0
P009944,1,0,92.0,1453.65,0,2024-07-14,2024-07-14,0,0
P009945,1,0,29.0,355.91,0,2026-09-08,2026-09-08,0,0
P009946,3,1,44.0,14856.289999999999,0,2025-08-31,2026-06-05,1,0
P009947,2,1,34.0,8335.4,0,2025-11-01,2026-07-12,1,0
P009948,5,0,77.4,4649.860000000001,0,2025-01-28,2026-05-04,1,1
P009949,1,0,50.0,765.49,0,2024-02-17,2024-02-17,0,0
P009950,1,1,162.0,3673.1,0,2025-02-17,2025-02-17,0,0
P009951,4,1,41.5,6419.68,0,2025-09-04,2026-09-13,1,1
P009952,1,1,100.0,7294.86,0,2025-09-27,2025-09-27,0,0
P009953,1,0,36.0,1751.45,0,2024-09-12,2024-09-12,0,0
P009954,1,0,34.0,259.24,0,2025-11-28,2025-11-28,0,0
P009955,3,1,58.666666666666664,3774.31,0,2025-09-23,2025-12-17,1,0
P009956,1,1,73.0,926.05,0,2026-06-03,2026-06-03,0,0
P009957,1,0,11.0,516.16,0,2024-09-25,2024-09-25,0,0
P009958,4,2,55.25,36631.380000000005,0,2025-03-07,2026-09-24,1,1
P009959,3,0,42.666666666666664,1431.61,0,2024-10-05,2024-12-11,1,0
P009960,4,0,65.75,3208.7999999999997,0,2025-04-14,2026-09-19,1,1
P009961,3,1,38.0,12381.470000000001,0,2024-02-14,2024-10-21,1,0
P009962,1,0,40.0,1192.11,0,2024-10-25,2024-10-25,0,0
P009963,2,2,46.0,7665.09,0,2025-10-14,2026-01-23,1,0
P009964,3,1,37.333333333333336,2279.9700000000003,0,2024-12-02,2025-03-16,1,0
P009965,6,1,46.666666666666664,11896.49,0,2024-06-07,2025-11-09,1,1
P009966,3,1,41.666666666666664,10311.18,0,2025-10-23,2026-09-16,1,0
P009967,1,0,237.0,1032.76,0,2024-06-12,2024-06-12,0,0
P009968,1,0,14.0,600.76,0,2025-05-28,2025-05-28,0,0
P009969,6,2,65.0,33766.49,0,2024-10-23,2026-09-10,1,1
P009970,2,1,67.0,17135.13,0,2024-06-06,2025-07-19,1,0
P009971,1,0,62.0,402.28,0,2024-07-29,2024-07-29,0,0
P009972,2,0,68.0,2172.6,0,2025-07-08,2026-07-20,1,0
P009973,1,0,43.0,461.31,0,2026-01-06,2026-01-06,0,0
P009974,6,3,64.5,23533.44,0,2025-06-22,2026-09-22,1,1
P009975,1,1,206.0,8870.12,0,2024-08-18,2024-08-18,0,0
P009976,3,0,50.0,2084.87,0,2025-07-22,2026-09-16,1,0
P009977,1,1,37.0,5615.73,0,2026-07-03,2026-07-03,0,0
P009978,1,0,116.0,1643.21,0,2024-05-26,2024-05-26,0,0
P009979,2,1,51.0,8162.129999999999,0,2026-04-04,2026-09-29,1,0
P009980,1,0,53.0,760.85,0,2024-02-09,2024-02-09,0,0
P009981,1,0,20.0,341.4,0,2025-10-31,2025-10-31,0,0
P009982,4,2,63.25,19628.66,0,2026-09-15,2026-09-27,1,1
P009983,1,0,12.0,527.58,0,2026-05-01,2026-05-01,0,0
P009984,2,1,33.5,7548.85,0,2024-05-09,2024-09-17,1,0
P009985,2,0,40.0,1682.8,0,2026-08-29,2026-09-20,1,0
P009986,2,0,23.5,563.7,0,2024-09-15,2024-09-24,1,0
P009987,1,1,84.0,5076.11,0,2025-02-10,2025-02-10,0,0
P009988,1,1,37.0,1857.93,0,2025-07-27,2025-07-27,0,0
P009989,1,1,43.0,1406.52,0,2026-04-30,2026-04-30,0,0
P009990,1,0,14.0,522.29,0,2024-08-19,2024-08-19,0,0
P009991,2,0,50.5,1474.82,0,2024-10-03,2025-07-31,1,0
P009992,2,1,42.0,6508.5599999999995,0,2024-12-01,2025-03-14,1,0
P009993,1,0,25.0,652.73,0,2024-12-16,2024-12-16,0,0
P009994,1,0,9.0,456.43,0,2024-05-09,2024-05-09,0,0
P009995,1,0,21.0,527.36,0,2026-04-21,2026-04-21,0,0
P009996,2,0,115.0,2397.62,0,2024-12-19,2025-12-15,1,0
P009997,1,1,39.0,1510.68,0,2026-07-05,2026-07-05,0,0
P009998,4,1,44.0,13589.52,0,2024-11-22,2026-03-13,1,1
P009999,1,0,47.0,292.96,0,2026-05-17,2026-05-17,0,0
P010000,3,0,46.0,1891.11,0,2026-01-01,2026-09-30,1,0
P010001,1,1,45.0,13542.45,0,2025-10-29,2025-10-29,0,0
P010002,2,0,88.0,1528.83,0,2024-03-29,2024-08-01,1,0
P010003,1,1,50.0,5134.97,0,2024-03-30,2024-03-30,0,0
P010004,1,1,83.0,2867.92,0,2026-03-28,2026-03-28,0,0
P010005,1,0,16.0,781.66,0,2025-01-06,2025-01-06,0,0
P010006,2,0,25.0,442.75,0,2025-05-31,2025-06-27,1,0
P010007,2,0,21.0,574.47,0,2025-12-13,2025-12-22,1,0
P010008,1,0,41.0,254.55,0,2024-05-16,2024-05-16,0,0
P010009,1,1,22.0,10459.31,0,2025-10-28,2025-10-28,0,0
P010010,1,1,94.0,4430.31,0,2026-09-11,2026-09-11,0,0
P010011,1,1,52.0,5072.62,0,2024-01-12,2024-01-12,0,0
P010012,3,0,21.0,888.58,0,2025-09-27,2026-07-27,1,0
P010013,1,0,35.0,376.64,0,2026-04-19,2026-04-19,0,0
P010014,1,1,70.0,8156.47,0,2026-05-14,2026-05-14,0,0
P010015,1,1,48.0,1476.35,0,2024-12-29,2024-12-29,0,0
P010016,2,0,22.0,1193.0700000000002,0,2025-06-24,2026-04-07,1,0
P010017,1,0,27.0,239.05,0,2024-10-21,2024-10-21,0,0
P010018,1,0,45.0,394.31,0,2026-01-07,2026-01-07,0,0
P010019,2,1,62.0,8666.710000000001,0,2024-11-10,2025-04-14,1,0
P010020,5,2,49.6,11103.83,0,2025-03-22,2026-04-12,1,1
P010021,1,0,11.0,1117.92,0,2024-01-18,2024-01-18,0,0
P010022,3,0,67.66666666666667,3808.44,0,2024-03-02,2024-08-20,1,0
P010023,1,0,104.0,421.94,0,2024-11-08,2024-11-08,0,0
P010024,2,2,60.5,5990.27,0,2024-10-15,2024-11-21,1,0
P010025,2,1,34.5,7277.9,0,2026-01-15,2026-09-17,1,0
P010026,2,0,14.5,1008.75,0,2025-05-29,2025-06-18,1,0
P010027,1,1,73.0,1448.3,0,2026-01-16,2026-01-16,0,0
P010028,3,0,61.333333333333336,3630.07,0,2024-03-23,2025-04-19,1,0
P010029,1,0,18.0,555.92,0,2026-07-10,2026-07-10,0,0
P010030,1,1,63.0,4759.91,0,2024-02-01,2024-02-01,0,0
P010031,1,1,80.0,7372.15,0,2026-05-02,2026-05-02,0,0
P010032,1,0,20.0,730.14,0,2026-07-31,2026-07-31,0,0
P010033,1,0,23.0,187.19,0,2024-04-24,2024-04-24,0,0
P010034,5,3,76.8,33962.99,1,2026-03-21,2026-09-29,1,1
P010035,1,0,33.0,329.17,0,2025-07-18,2025-07-18,0,0
P010036,1,1,36.0,1712.73,0,2026-05-11,2026-05-11,0,0
P010037,1,0,40.0,360.94,0,2024-06-26,2024-06-26,0,0
P010038,1,1,20.0,1241.94,0,2025-12-17,2025-12-17,0,0
P010039,1,1,43.0,2698.67,0,2026-05-06,2026-05-06,0,0
P010040,1,0,33.0,642.87,0,2026-01-20,2026-01-20,0,0
P010041,1,1,78.0,1525.58,0,2026-08-30,2026-08-30,0,0
P010042,1,1,87.0,5329.79,0,2026-07-26,2026-07-26,0,0
P010043,1,0,41.0,1106.88,0,2025-10-01,2025-10-01,0,0
P010044,2,0,70.5,972.25,0,2024-10-12,2025-06-18,1,0
P010045,4,2,33.0,13710.070000000002,0,2025-01-26,2026-08-04,1,1
P010046,1,1,101.0,6270.66,0,2025-06-27,2025-06-27,0,0
P010047,4,1,56.5,5276.85,0,2025-12-02,2026-09-29,1,1
P010048,1,1,67.0,17006.37,0,2026-09-11,2026-09-11,0,0
P010049,1,1,40.0,11942.9,0,2024-03-03,2024-03-03,0,0
P010050,3,2,79.33333333333333,14517.6,0,2025-03-18,2026-09-15,1,0
P010051,3,0,43.333333333333336,2624.37,0,2024-06-08,2024-12-11,1,0
P010052,6,0,40.333333333333336,2821.82,0,2026-03-28,2026-09-22,1,1
P010053,1,0,29.0,183.64,0,2024-08-01,2024-08-01,0,0
P010054,2,2,62.0,6618.51,0,2026-01-17,2026-09-22,1,0
P010055,1,0,54.0,751.19,0,2024-08-13,2024-08-13,0,0
P010056,2,1,53.5,6801.45,0,2024-02-20,2024-05-30,1,0
P010057,1,1,32.0,7201.32,0,2025-03-29,2025-03-29,0,0
P010058,1,1,35.0,8424.41,0,2026-03-20,2026-03-20,0,0
P010059,4,3,47.75,21551.31,0,2024-10-12,2025-02-11,1,1
P010060,1,0,69.0,565.01,0,2024-03-05,2024-03-05,0,0
P010061,4,3,41.5,8888.539999999999,0,2026-02-25,2026-09-27,1,1
P010062,1,1,54.0,1879.83,0,2025-08-20,2025-08-20,0,0
P010063,1,0,93.0,580.24,0,2026-04-17,2026-04-17,0,0
P010064,1,1,32.0,10870.09,0,2024-11-24,2024-11-24,0,0
P010065,1,0,23.0,876.84,0,2026-04-25,2026-04-25,0,0
P010066,1,0,51.0,359.72,0,2025-09-06,2025-09-06,0,0
P010067,1,1,66.0,4361.6,0,2026-04-01,2026-04-01,0,0
P010068,4,0,29.25,1246.38,0,2026-04-18,2026-09-18,1,1
P010069,1,1,88.0,1861.03,0,2024-09-15,2024-09-15,0,0
P010070,5,0,52.8,5586.99,0,2024-01-10,2025-08-18,1,1
P010071,1,0,96.0,891.83,0,2024-01-13,2024-01-13,0,0
P010072,2,1,32.0,11187.56,1,2025-10-20,2025-11-01,1,0
P010073,1,0,78.0,669.41,0,2026-08-10,2026-08-10,0,0
P010074,1,0,8.0,709.26,0,2025-04-27,2025-04-27,0,0
P010075,2,1,45.5,10320.51,1,2026-06-30,2026-07-24,1,0
P010076,2,0,104.5,1650.29,0,2024-05-05,2025-02-04,1,0
P010077,5,2,55.6,16875.690000000002,0,2024-07-29,2026-08-10,1,1
P010078,1,1,35.0,12863.42,0,2024-11-04,2024-11-04,0,0
P010079,1,1,38.0,8210.68,0,2026-02-10,2026-02-10,0,0
P010080,1,0,39.0,610.34,0,2025-05-16,2025-05-16,0,0
P010081,1,1,47.0,10600.3,0,2026-07-16,2026-07-16,0,0
P010082,1,1,46.0,8380.83,0,2024-05-12,2024-05-12,0,0
P010083,1,1,39.0,5237.5,0,2025-12-08,2025-12-08,0,0
P010084,2,0,36.0,1271.71,0,2026-06-12,2026-06-23,1,0
P010085,2,0,27.0,683.63,0,2025-01-01,2025-02-05,1,0
P010086,1,1,98.0,8841.52,0,2026-06-18,2026-06-18,0,0
P010087,1,0,55.0,1705.48,0,2026-08-29,2026-08-29,0,0
P010088,1,0,16.0,1350.36,0,2025-02-19,2025-02-19,0,0
P010089,2,1,51.0,12571.06,0,2026-02-02,2026-02-15,1,0
P010090,4,0,48.5,2460.2,0,2025-06-10,2026-07-14,1,1
P010091,1,0,21.0,386.14,0,2024-11-29,2024-11-29,0,0
P010092,2,0,53.5,2781.5,0,2025-09-26,2026-04-19,1,0
P010093,3,1,104.33333333333333,8846.44,0,2024-12-04,2026-09-23,1,0
P010094,3,1,133.33333333333334,10378.16,0,2025-05-21,2026-02-24,1,0
P010095,2,2,78.0,20543.11,0,2024-03-07,2024-04-25,1,0
P010096,2,0,49.0,1670.07,0,2026-09-01,2026-09-16,1,0
P010097,1,0,83.0,828.86,0,2025-08-20,2025-08-20,0,0
P010098,2,2,54.5,11463.220000000001,0,2025-05-02,2025-05-20,1,0
P010099,1,0,140.0,968.17,0,2026-09-09,2026-09-09,0,0
P010100,1,0,37.0,786.11,0,2025-11-07,2025-11-07,0,0
P010101,2,0,15.5,1299.58,0,2025-08-13,2025-11-25,1,0
P010102,1,0,65.0,1139.19,0,2024-05-18,2024-05-18,0,0
P010103,1,0,29.0,594.44,0,2025-07-15,2025-07-15,0,0
P010104,2,1,53.0,10212.68,0,2025-05-05,2026-06-25,1,0
P010105,2,1,50.5,10161.279999999999,0,2025-03-22,2025-07-16,1,0
P010106,4,2,42.5,14297.58,0,2024-03-20,2024-07-21,1,1
P010107,1,0,26.0,263.35,0,2025-03-23,2025-03-23,0,0
P010108,1,0,36.0,1123.55,0,2025-06-21,2025-06-21,0,0
P010109,2,0,53.5,1043.02,0,2024-07-11,2025-08-21,1,0
P010110,6,2,59.333333333333336,24253.23,0,2026-01-09,2026-09-27,1,1
P010111,3,2,62.666666666666664,13872.7,0,2025-07-19,2026-07-08,1,0
P010112,2,0,53.5,1256.73,0,2024-05-28,2024-07-18,1,0
P010113,1,0,91.0,1050.7,0,2025-04-16,2025-04-16,0,0
P010114,1,0,43.0,366.0,0,2024-05-20,2024-05-20,0,0
P010115,3,1,49.666666666666664,15215.22,0,2024-05-15,2025-11-25,1,0
P010116,1,1,74.0,5054.71,0,2025-12-04,2025-12-04,0,0
P010117,1,0,14.0,551.65,0,2026-09-06,2026-09-06,0,0
P010118,2,0,55.0,1526.06,0,2024-09-09,2024-10-15,1,0
P010119,1,0,26.0,555.99,0,2024-10-05,2024-10-05,0,0
P010120,1,0,93.0,301.72,0,2026-09-15,2026-09-15,0,0
P010121,1,0,43.0,422.52,0,2024-04-12,2024-04-12,0,0
P010122,1,0,18.0,309.22,0,2024-01-19,2024-01-19,0,0
P010123,2,1,57.0,3624.3,0,2025-10-15,2026-02-12,1,0
P010124,1,0,28.0,1140.55,0,2024-03-05,2024-03-05,0,0
P010125,1,1,87.0,6552.17,0,2025-04-27,2025-04-27,0,0
P010126,2,0,38.5,1098.04,0,2026-01-04,2026-03-09,1,0
P010127,1,0,24.0,300.72,0,2024-12-07,2024-12-07,0,0
P010128,1,0,25.0,476.91,0,2024-09-07,2024-09-07,0,0
P010129,2,0,147.5,1321.47,0,2024-11-15,2024-11-24,1,0
P010130,1,0,31.0,235.76,0,2025-01-30,2025-01-30,0,0
P010131,1,0,38.0,380.27,0,2024-07-22,2024-07-22,0,0
P010132,2,0,20.0,2586.11,0,2025-11-27,2026-08-18,1,0
P010133,1,0,34.0,895.44,0,2025-10-28,2025-10-28,0,0
P010134,1,0,23.0,282.76,0,2026-09-22,2026-09-22,0,0
P010135,2,0,51.5,1496.82,0,2026-05-03,2026-09-20,1,0
P010136,2,0,35.5,1204.01,0,2025-12-20,2026-08-26,1,0
P010137,3,2,45.666666666666664,25827.97,0,2025-05-20,2026-04-15,1,0
P010138,1,1,99.0,1911.56,0,2026-01-06,2026-01-06,0,0
P010139,2,0,34.0,1443.24,0,2024-07-10,2024-09-16,1,0
P010140,1,1,78.0,19192.15,0,2025-11-11,2025-11-11,0,0
P010141,3,1,44.0,14479.9,0,2025-09-22,2026-09-13,1,0
P010142,1,1,46.0,10980.52,0,2026-09-01,2026-09-01,0,0
P010143,3,1,82.33333333333333,4917.57,0,2026-08-27,2026-09-27,1,0
P010144,1,0,36.0,919.83,0,2024-07-31,2024-07-31,0,0
P010145,2,1,44.0,9699.94,0,2024-12-14,2025-12-21,1,0
P010146,1,1,35.0,5233.44,0,2026-01-28,2026-01-28,0,0
P010147,3,0,46.333333333333336,3159.92,0,2024-03-22,2026-02-15,1,0
P010148,3,0,50.666666666666664,2927.62,0,2025-01-03,2026-09-07,1,0
P010149,3,1,36.333333333333336,11773.52,0,2026-08-07,2026-09-29,1,0
P010150,1,0,84.0,727.44,0,2026-03-30,2026-03-30,0,0
P010151,4,2,46.5,10222.47,0,2025-07-24,2026-09-16,1,1
P010152,1,0,22.0,589.4,0,2026-03-22,2026-03-22,0,0
P010153,1,0,112.0,818.29,0,2025-02-09,2025-02-09,0,0
P010154,2,0,16.0,869.07,0,2025-11-05,2026-08-22,1,0
P010155,2,1,60.0,14887.710000000001,0,2026-03-12,2026-09-24,1,0
P010156,1,0,75.0,1398.81,0,2024-02-16,2024-02-16,0,0
P010157,2,1,35.5,11558.32,0,2025-03-14,2025-09-07,1,0
P010158,4,3,43.75,27668.36,0,2024-05-26,2024-11-20,1,1
P010159,2,0,58.0,1276.52,0,2024-06-07,2025-01-21,1,0
P010160,1,0,18.0,219.22,0,2024-12-19,2024-12-19,0,0
P010161,2,0,27.0,729.72,0,2026-06-12,2026-08-18,1,0
P010162,1,1,47.0,5284.29,0,2026-03-27,2026-03-27,0,0
P010163,1,0,58.0,1188.14,0,2026-03-30,2026-03-30,0,0
P010164,1,0,36.0,912.35,0,2024-09-08,2024-09-08,0,0
P010165,2,1,48.0,5963.259999999999,0,2026-08-22,2026-09-22,1,0
P010166,2,0,56.5,1920.75,0,2025-07-28,2025-10-05,1,0
P010167,2,0,40.0,1477.69,0,2025-02-22,2025-04-05,1,0
P010168,3,2,43.333333333333336,15031.53,0,2025-11-22,2026-09-13,1,0
P010169,1,0,26.0,396.86,0,2025-04-16,2025-04-16,0,0
P010170,4,2,48.75,24639.72,0,2025-07-08,2026-09-29,1,1
P010171,4,1,94.75,4911.5599999999995,0,2024-05-22,2026-09-26,1,1
P010172,1,0,19.0,314.13,0,2025-06-12,2025-06-12,0,0
P010173,1,1,28.0,2158.52,0,2026-08-13,2026-08-13,0,0
P010174,1,1,32.0,9376.26,0,2026-01-15,2026-01-15,0,0
P010175,3,0,34.0,3246.34,0,2025-09-03,2026-09-10,1,0
P010176,2,0,16.5,809.5400000000001,0,2025-10-12,2025-12-09,1,0
P010177,1,0,153.0,1903.23,0,2025-01-20,2025-01-20,0,0
P010178,1,0,26.0,306.99,0,2026-05-10,2026-05-10,0,0
P010179,1,0,190.0,1709.09,0,2024-11-29,2024-11-29,0,0
P010180,1,0,44.0,850.89,0,2026-03-19,2026-03-19,0,0
P010181,1,0,11.0,197.89,0,2025-01-23,2025-01-23,0,0
P010182,1,0,9.0,648.22,0,2024-10-27,2024-10-27,0,0
P010183,2,1,104.0,3290.44,0,2024-02-01,2024-03-17,1,0
P010184,1,0,81.0,1467.78,0,2024-05-15,2024-05-15,0,0
P010185,3,1,52.333333333333336,5019.01,0,2025-11-03,2026-04-20,1,0
P010186,2,1,39.0,4511.29,0,2025-05-24,2025-09-26,1,0
P010187,1,1,47.0,9118.61,0,2024-04-11,2024-04-11,0,0
P010188,1,0,17.0,348.65,0,2025-02-18,2025-02-18,0,0
P010189,1,1,184.0,5997.94,0,2026-04-21,2026-04-21,0,0
P010190,5,3,44.0,33130.14,0,2026-03-10,2026-09-30,1,1
P010191,2,2,42.5,13074.05,0,2025-11-15,2026-02-11,1,0
P010192,2,0,24.0,1178.54,0,2024-01-08,2024-02-06,1,0
P010193,1,1,85.0,5763.82,0,2025-07-13,2025-07-13,0,0
P010194,1,0,70.0,675.83,0,2025-04-27,2025-04-27,0,0
P010195,1,0,25.0,153.46,0,2026-09-02,2026-09-02,0,0
P010196,1,0,11.0,509.71,0,2024-07-08,2024-07-08,0,0
P010197,1,0,96.0,1034.0,0,2026-09-27,2026-09-27,0,0
P010198,1,0,29.0,420.73,0,2025-07-12,2025-07-12,0,0
P010199,2,2,50.5,15509.28,0,2024-07-09,2024-10-10,1,0
P010200,1,1,18.0,12310.76,0,2024-06-06,2024-06-06,0,0
P010201,1,0,79.0,1262.22,0,2025-03-26,2025-03-26,0,0
P010202,3,1,115.33333333333333,12757.119999999999,0,2025-04-17,2026-05-31,1,0
P010203,1,1,59.0,3951.85,0,2026-02-07,2026-02-07,0,0
P010204,1,0,43.0,514.82,0,2024-07-22,2024-07-22,0,0
P010205,2,0,21.5,564.13,0,2025-08-12,2025-11-15,1,0
P010206,1,0,12.0,232.36,0,2026-01-25,2026-01-25,0,0
P010207,1,0,10.0,468.49,0,2026-03-17,2026-03-17,0,0
P010208,1,0,81.0,798.34,0,2024-04-26,2024-04-26,0,0
P010209,1,0,87.0,1026.84,0,2024-06-17,2024-06-17,0,0
P010210,2,0,33.5,2692.0699999999997,0,2025-03-20,2025-10-09,1,0
P010211,6,1,68.33333333333333,9657.01,0,2024-08-04,2025-09-21,1,1
P010212,4,2,104.5,18283.75,0,2024-01-09,2025-10-28,1,1
P010213,2,0,16.5,767.01,0,2024-07-20,2025-04-03,1,0
P010214,1,0,26.0,212.17,0,2026-08-29,2026-08-29,0,0
P010215,1,0,38.0,434.45,0,2025-07-17,2025-07-17,0,0
P010216,1,0,74.0,955.92,0,2024-12-24,2024-12-24,0,0
P010217,2,2,55.0,8175.58,0,2025-02-18,2025-12-18,1,0
P010218,1,0,116.0,1395.75,0,2025-11-21,2025-11-21,0,0
P010219,1,0,117.0,1723.79,0,2025-10-20,2025-10-20,0,0
P010220,1,0,56.0,897.1,0,2025-07-21,2025-07-21,0,0
P010221,2,0,32.5,1122.17,0,2024-05-03,2024-06-08,1,0
P010222,1,0,106.0,820.86,0,2025-05-08,2025-05-08,0,0
P010223,1,0,45.0,275.41,0,2026-01-27,2026-01-27,0,0
P010224,1,0,66.0,825.92,0,2024-07-30,2024-07-30,0,0
P010225,2,0,35.0,1498.74,0,2025-02-19,2026-01-28,1,0
P010226,6,0,50.0,6275.24,0,2024-11-05,2026-09-23,1,1
P010227,1,0,18.0,309.96,0,2025-09-19,2025-09-19,0,0
P010228,1,0,15.0,595.53,0,2025-11-06,2025-11-06,0,0
P010229,2,0,22.0,1400.9699999999998,0,2024-07-11,2025-04-23,1,0
P010230,3,1,36.0,9261.18,0,2025-07-18,2026-07-08,1,0
P010231,4,0,59.0,3287.94,0,2026-01-11,2026-09-30,1,1
P010232,1,0,159.0,713.4,0,2026-05-11,2026-05-11,0,0
P010233,1,0,13.0,470.7,0,2024-06-17,2024-06-17,0,0
P010234,1,1,109.0,10756.68,0,2025-08-31,2025-08-31,0,0
P010235,5,1,63.8,21393.379999999997,0,2026-09-06,2026-09-25,1,1
P010236,3,2,115.0,31732.47,0,2024-05-06,2024-08-24,1,0
P010237,1,0,41.0,1635.93,0,2024-08-02,2024-08-02,0,0
P010238,2,1,49.0,4310.7,0,2025-03-02,2026-03-19,1,0
P010239,1,0,21.0,644.82,0,2024-08-29,2024-08-29,0,0
P010240,1,0,15.0,740.48,0,2026-03-09,2026-03-09,0,0
P010241,1,1,38.0,7658.34,0,2024-01-10,2024-01-10,0,0
P010242,1,0,19.0,1118.26,0,2025-09-16,2025-09-16,0,0
P010243,2,0,16.0,868.15,0,2024-05-22,2024-07-03,1,0
P010244,1,1,59.0,6920.5,0,2026-05-04,2026-05-04,0,0
P010245,4,0,76.5,2814.9900000000002,0,2025-12-10,2026-09-16,1,1
P010246,1,1,106.0,14990.28,0,2026-07-10,2026-07-10,0,0
P010247,1,1,88.0,3691.87,0,2024-08-12,2024-08-12,0,0
P010248,2,1,33.0,6412.56,0,2026-09-24,2026-09-30,1,0
P010249,1,0,33.0,564.46,0,2026-03-03,2026-03-03,0,0
P010250,1,0,31.0,835.24,0,2024-04-22,2024-04-22,0,0
P010251,1,0,27.0,169.29,0,2024-12-16,2024-12-16,0,0
P010252,1,0,7.0,541.22,0,2024-05-07,2024-05-07,0,0
P010253,1,1,51.0,4772.08,0,2026-07-13,2026-07-13,0,0
P010254,1,0,91.0,769.65,0,2025-09-08,2025-09-08,0,0
P010255,1,0,14.0,343.21,0,2026-02-22,2026-02-22,0,0
P010256,2,0,52.0,1476.48,0,2026-01-15,2026-09-23,1,0
P010257,2,1,35.5,7685.2699999999995,1,2025-12-13,2026-01-11,1,0
P010258,2,0,68.5,1227.23,0,2025-09-04,2025-10-19,1,0
P010259,1,1,61.0,6935.52,0,2025-09-12,2025-09-12,0,0
P010260,1,0,53.0,812.3,0,2026-06-04,2026-06-04,0,0
P010261,2,1,37.5,8084.37,0,2024-03-04,2024-04-25,1,0
P010262,1,1,50.0,16285.83,0,2024-10-13,2024-10-13,0,0
P010263,3,0,53.666666666666664,2848.5699999999997,0,2024-09-12,2025-06-01,1,0
P010264,1,0,13.0,398.09,0,2025-05-23,2025-05-23,0,0
P010265,1,0,42.0,106.45,0,2024-04-01,2024-04-01,0,0
P010266,2,0,49.0,831.99,0,2026-05-16,2026-08-19,1,0
P010267,2,2,92.5,20078.510000000002,0,2024-07-15,2025-04-09,1,0
P010268,1,0,10.0,218.66,0,2026-05-16,2026-05-16,0,0
P010269,1,1,36.0,2138.44,0,2025-10-18,2025-10-18,0,0
P010270,1,0,41.0,589.39,0,2026-08-08,2026-08-08,0,0
P010271,1,0,33.0,323.63,0,2024-07-05,2024-07-05,0,0
P010272,1,1,114.0,2930.39,0,2026-05-16,2026-05-16,0,0
P010273,2,2,45.5,19754.63,0,2025-04-22,2026-01-13,1,0
P010274,2,0,74.0,1214.1799999999998,0,2026-05-12,2026-06-09,1,0
P010275,2,0,53.5,3803.69,0,2025-01-19,2025-06-25,1,0
P010276,4,0,61.75,2966.73,0,2024-03-29,2026-09-30,1,1
P010277,1,1,56.0,22888.3,0,2026-03-10,2026-03-10,0,0
P010278,1,0,131.0,928.19,0,2024-08-01,2024-08-01,0,0
P010279,1,1,73.0,1769.87,0,2026-03-05,2026-03-05,0,0
P010280,1,0,11.0,360.54,0,2026-01-06,2026-01-06,0,0
P010281,2,0,51.5,1414.62,0,2024-06-14,2024-10-15,1,0
P010282,1,0,83.0,605.8,0,2024-02-02,2024-02-02,0,0
P010283,1,0,50.0,1319.06,0,2026-09-05,2026-09-05,0,0
P010284,1,0,33.0,727.94,0,2024-04-30,2024-04-30,0,0
P010285,3,1,45.0,4511.07,0,2025-10-11,2026-09-10,1,0
P010286,1,1,73.0,5047.93,0,2025-11-09,2025-11-09,0,0
P010287,1,0,68.0,275.98,0,2026-04-07,2026-04-07,0,0
P010288,5,1,46.4,11677.1,0,2024-08-07,2026-08-03,1,1
P010289,1,0,70.0,992.23,0,2024-07-03,2024-07-03,0,0
P010290,2,1,64.5,4866.530000000001,0,2026-01-19,2026-09-18,1,0
P010291,1,0,48.0,1035.33,0,2026-07-27,2026-07-27,0,0
P010292,1,0,21.0,338.45,0,2025-09-25,2025-09-25,0,0
P010293,1,0,32.0,539.22,0,2026-05-24,2026-05-24,0,0
P010294,2,1,44.5,5924.79,0,2026-06-14,2026-09-29,1,0
P010295,1,0,44.0,1734.68,0,2026-01-29,2026-01-29,0,0
P010296,2,0,49.0,2181.55,0,2024-10-30,2024-12-16,1,0
P010297,1,1,59.0,9960.85,0,2025-02-24,2025-02-24,0,0
P010298,3,0,20.0,871.29,0,2025-04-07,2025-05-24,1,0
P010299,2,1,72.5,5640.09,0,2025-11-06,2026-09-21,1,0
P010300,1,0,17.0,612.35,0,2024-08-11,2024-08-11,0,0
P010301,1,1,35.0,3013.72,0,2024-03-30,2024-03-30,0,0
P010302,1,0,28.0,891.51,0,2025-04-09,2025-04-09,0,0
P010303,1,0,18.0,650.25,0,2025-11-23,2025-11-23,0,0
P010304,2,0,42.5,1206.34,0,2024-03-26,2024-09-03,1,0
P010305,1,1,40.0,5225.55,0,2024-02-18,2024-02-18,0,0
P010306,3,2,69.0,7451.55,0,2026-08-22,2026-09-19,1,0
P010307,2,1,44.0,8309.45,0,2025-05-15,2025-08-24,1,0
P010308,1,1,38.0,9177.93,0,2026-06-09,2026-06-09,0,0
P010309,1,0,47.0,2265.39,0,2026-01-02,2026-01-02,0,0
P010310,3,1,82.0,7012.820000000001,0,2024-09-18,2025-02-23,1,0
P010311,3,1,30.666666666666668,6333.43,0,2024-11-04,2025-03-04,1,0
P010312,4,0,29.25,1892.98,0,2024-05-17,2025-12-31,1,1
P010313,2,0,64.5,1474.1200000000001,0,2026-01-31,2026-03-02,1,0
P010314,1,1,27.0,11291.67,0,2025-09-02,2025-09-02,0,0
P010315,1,1,30.0,6621.54,0,2024-12-06,2024-12-06,0,0
P010316,1,0,73.0,273.06,0,2026-01-01,2026-01-01,0,0
P010317,2,0,37.5,1455.53,0,2024-09-25,2024-10-23,1,0
P010318,1,0,87.0,682.19,0,2026-09-08,2026-09-08,0,0
P010319,1,0,17.0,543.33,0,2025-07-10,2025-07-10,0,0
P010320,1,1,66.0,2125.86,0,2025-08-11,2025-08-11,0,0
P010321,5,0,80.8,4536.24,0,2024-02-02,2026-07-12,1,1
P010322,3,1,33.333333333333336,3637.14,0,2024-07-11,2025-06-09,1,0
P010323,1,0,80.0,519.0,0,2026-05-13,2026-05-13,0,0
P010324,1,0,21.0,410.3,0,2024-11-30,2024-11-30,0,0
P010325,6,2,46.5,11746.15,0,2024-07-31,2026-09-16,1,1
P010326,1,0,99.0,653.24,0,2026-05-22,2026-05-22,0,0
P010327,5,0,119.0,4344.41,0,2025-03-31,2026-09-29,1,1
P010328,2,0,79.0,1300.65,0,2026-02-14,2026-09-28,1,0
P010329,1,0,54.0,753.97,0,2024-04-01,2024-04-01,0,0
P010330,2,0,24.0,755.72,0,2024-06-16,2024-07-12,1,0
P010331,1,0,15.0,693.93,0,2025-08-06,2025-08-06,0,0
P010332,1,0,124.0,960.16,0,2025-01-04,2025-01-04,0,0
P010333,2,0,28.5,660.0799999999999,0,2024-02-22,2025-03-14,1,0
P010334,1,0,26.0,191.86,0,2025-09-10,2025-09-10,0,0
P010335,2,2,90.5,3230.11,0,2026-09-10,2026-09-22,1,0
P010336,1,1,44.0,2256.94,0,2024-03-22,2024-03-22,0,0
P010337,2,2,67.5,18407.879999999997,0,2025-03-06,2026-04-13,1,0
P010338,1,0,32.0,775.6,0,2026-07-29,2026-07-29,0,0
P010339,4,2,44.75,10464.33,0,2025-07-20,2026-09-25,1,1
P010340,1,0,21.0,1016.02,0,2024-03-14,2024-03-14,0,0
P010341,1,0,48.0,946.84,0,2026-06-11,2026-06-11,0,0
P010342,1,1,31.0,5795.98,0,2024-09-26,2024-09-26,0,0
P010343,1,1,29.0,6268.46,0,2024-02-26,2024-02-26,0,0
P010344,1,0,131.0,525.89,0,2024-11-12,2024-11-12,0,0
P010345,3,0,22.333333333333332,1396.58,0,2025-03-14,2025-08-19,1,0
P010346,1,0,17.0,297.32,0,2025-03-22,2025-03-22,0,0
P010347,1,0,10.0,323.08,0,2025-08-03,2025-08-03,0,0
P010348,1,1,33.0,2354.66,0,2024-05-16,2024-05-16,0,0
P010349,1,1,120.0,6833.11,0,2026-09-05,2026-09-05,0,0
P010350,2,1,49.0,17168.98,0,2026-06-10,2026-09-29,1,0
P010351,3,1,51.333333333333336,10155.01,0,2024-07-31,2025-06-15,1,0
P010352,2,1,44.5,24351.55,0,2025-07-09,2025-09-13,1,0
P010353,1,0,12.0,990.1,0,2026-05-15,2026-05-15,0,0
P010354,6,0,40.666666666666664,4032.38,0,2025-05-02,2026-09-24,1,1
P010355,2,1,64.0,10440.12,0,2025-05-12,2025-08-06,1,0
P010356,1,0,15.0,280.92,0,2025-04-08,2025-04-08,0,0
P010357,2,0,51.5,2231.56,0,2026-09-09,2026-09-22,1,0
P010358,3,2,26.333333333333332,17169.739999999998,0,2025-10-29,2026-09-23,1,0
P010359,1,0,11.0,288.71,0,2024-08-13,2024-08-13,0,0
P010360,2,1,39.0,2873.67,0,2025-08-31,2026-06-17,1,0
P010361,3,2,29.0,20274.86,0,2024-06-09,2025-09-19,1,0
P010362,1,1,26.0,15046.41,0,2024-05-12,2024-05-12,0,0
P010363,2,1,52.0,14187.019999999999,0,2026-04-01,2026-06-04,1,0
P010364,1,1,144.0,9250.93,0,2024-09-07,2024-09-07,0,0
P010365,1,0,52.0,1014.41,0,2024-05-04,2024-05-04,0,0
P010366,1,1,48.0,6957.36,0,2025-11-04,2025-11-04,0,0
P010367,1,0,23.0,605.63,0,2024-02-28,2024-02-28,0,0
P010368,1,0,26.0,376.75,0,2025-05-25,2025-05-25,0,0
P010369,1,0,12.0,666.75,0,2025-11-06,2025-11-06,0,0
P010370,1,0,18.0,241.54,0,2024-01-04,2024-01-04,0,0
P010371,1,1,40.0,4069.71,0,2026-03-16,2026-03-16,0,0
P010372,4,2,37.5,17820.93,0,2026-08-09,2026-09-29,1,1
P010373,2,2,52.0,12073.23,0,2026-01-08,2026-09-17,1,0
P010374,2,1,47.5,15338.36,0,2024-07-18,2025-02-20,1,0
P010375,1,1,35.0,11370.46,0,2025-01-28,2025-01-28,0,0
P010376,1,0,47.0,1347.74,0,2024-11-25,2024-11-25,0,0
P010377,1,0,50.0,875.87,0,2025-05-25,2025-05-25,0,0
P010378,2,2,47.5,11914.470000000001,0,2026-05-25,2026-09-24,1,0
P010379,4,0,51.75,3621.5499999999997,0,2026-05-14,2026-09-28,1,1
P010380,1,0,50.0,586.57,0,2024-12-19,2024-12-19,0,0
P010381,2,1,45.0,10999.98,0,2026-04-20,2026-09-11,1,0
P010382,1,0,31.0,1702.19,0,2026-08-13,2026-08-13,0,0
P010383,1,0,33.0,1246.43,0,2024-01-08,2024-01-08,0,0
P010384,1,0,17.0,124.01,0,2025-03-15,2025-03-15,0,0
P010385,1,1,57.0,10123.97,0,2024-03-04,2024-03-04,0,0
P010386,1,0,97.0,1354.84,0,2025-12-23,2025-12-23,0,0
P010387,1,1,77.0,4301.57,0,2026-08-25,2026-08-25,0,0
P010388,5,1,68.0,20840.99,0,2024-08-15,2026-02-03,1,1
P010389,2,0,16.5,904.56,0,2024-12-04,2025-09-15,1,0
P010390,3,1,36.0,11132.0,0,2026-03-11,2026-09-27,1,0
P010391,1,0,63.0,1506.97,0,2024-12-14,2024-12-14,0,0
P010392,1,0,116.0,1510.06,0,2026-04-07,2026-04-07,0,0
P010393,1,1,53.0,6406.96,0,2025-09-16,2025-09-16,0,0
P010394,1,0,11.0,421.25,0,2024-01-11,2024-01-11,0,0
P010395,1,0,10.0,161.26,0,2024-07-10,2024-07-10,0,0
P010396,2,1,62.0,5484.33,0,2026-08-28,2026-09-20,1,0
P010397,1,0,21.0,392.56,0,2024-12-04,2024-12-04,0,0
P010398,1,1,32.0,9832.49,0,2026-02-19,2026-02-19,0,0
P010399,1,0,31.0,208.88,0,2024-01-20,2024-01-20,0,0
P010400,1,0,56.0,279.79,0,2025-06-18,2025-06-18,0,0
P010401,1,1,52.0,5260.18,0,2025-06-06,2025-06-06,0,0
P010402,3,1,70.0,3476.19,0,2025-01-07,2026-06-13,1,0
P010403,2,0,66.0,970.6899999999999,0,2026-06-24,2026-09-16,1,0
P010404,3,1,35.333333333333336,13367.58,0,2024-01-30,2024-08-25,1,0
P010405,2,0,49.0,1341.0900000000001,0,2024-02-19,2024-11-27,1,0
P010406,1,0,23.0,329.12,0,2026-01-23,2026-01-23,0,0
P010407,4,1,72.5,3704.96,0,2025-07-14,2026-09-21,1,1
P010408,1,1,55.0,6663.63,0,2026-08-26,2026-08-26,0,0
P010409,1,0,67.0,946.05,0,2024-10-11,2024-10-11,0,0
P010410,1,1,32.0,8688.49,0,2025-01-10,2025-01-10,0,0
P010411,1,1,51.0,4625.29,0,2025-01-13,2025-01-13,0,0
P010412,1,0,37.0,187.77,0,2024-03-21,2024-03-21,0,0
P010413,1,0,32.0,299.52,0,2026-06-26,2026-06-26,0,0
P010414,1,0,28.0,722.65,0,2025-09-22,2025-09-22,0,0
P010415,3,1,49.333333333333336,13454.33,0,2024-07-25,2026-01-20,1,0
P010416,1,0,36.0,495.92,0,2024-08-01,2024-08-01,0,0
P010417,2,2,54.5,14371.74,0,2025-03-09,2025-12-25,1,0
P010418,1,1,38.0,2220.09,0,2024-11-14,2024-11-14,0,0
P010419,1,0,135.0,925.02,0,2025-01-15,2025-01-15,0,0
P010420,1,1,147.0,8945.0,0,2025-08-12,2025-08-12,0,0
P010421,1,1,84.0,15616.85,0,2025-01-30,2025-01-30,0,0
P010422,1,0,15.0,563.58,0,2026-02-22,2026-02-22,0,0
P010423,1,1,53.0,6813.13,0,2026-09-11,2026-09-11,0,0
P010424,1,0,15.0,524.46,0,2026-01-29,2026-01-29,0,0
P010425,1,0,135.0,579.84,0,2025-03-01,2025-03-01,0,0
P010426,1,0,32.0,2306.29,0,2026-08-02,2026-08-02,0,0
P010427,1,0,40.0,733.9,0,2024-02-25,2024-02-25,0,0
P010428,1,0,115.0,682.56,0,2026-09-27,2026-09-27,0,0
P010429,1,0,8.0,301.58,0,2026-02-15,2026-02-15,0,0
P010430,2,1,47.5,4300.67,0,2024-04-01,2024-06-30,1,0
P010431,1,0,70.0,816.94,0,2025-07-20,2025-07-20,0,0
P010432,1,0,40.0,412.45,0,2025-01-18,2025-01-18,0,0
P010433,1,0,71.0,1019.11,0,2025-06-08,2025-06-08,0,0
P010434,1,0,48.0,474.75,0,2026-08-13,2026-08-13,0,0
P010435,2,0,69.0,389.88,0,2024-10-29,2025-03-08,1,0
P010436,2,0,63.5,3238.01,0,2024-11-28,2025-10-10,1,0
P010437,2,0,36.5,2397.04,0,2024-12-15,2026-01-26,1,0
P010438,2,1,78.0,12099.25,0,2025-02-18,2025-12-19,1,0
P010439,1,0,49.0,324.96,0,2025-11-07,2025-11-07,0,0
P010440,6,0,36.5,3018.45,0,2024-06-04,2026-09-24,1,1
P010441,1,0,12.0,768.26,0,2026-03-20,2026-03-20,0,0
P010442,1,1,60.0,1195.91,0,2025-03-14,2025-03-14,0,0
P010443,1,0,79.0,1076.1,0,2026-02-16,2026-02-16,0,0
P010444,1,0,66.0,1398.32,0,2024-01-27,2024-01-27,0,0
P010445,1,0,19.0,689.67,0,2026-03-06,2026-03-06,0,0
P010446,1,1,79.0,4523.29,0,2026-06-09,2026-06-09,0,0
P010447,1,1,52.0,6316.87,0,2024-10-14,2024-10-14,0,0
P010448,2,1,45.5,13298.57,0,2025-01-30,2026-01-19,1,0
P010449,2,1,27.5,1298.62,0,2025-07-06,2025-07-30,1,0
P010450,2,1,62.0,9351.4,0,2024-03-27,2025-03-16,1,0
P010451,2,0,27.5,430.67,0,2024-01-07,2024-07-28,1,0
P010452,1,0,37.0,1155.32,0,2025-04-21,2025-04-21,0,0
P010453,1,0,37.0,409.58,0,2024-07-22,2024-07-22,0,0
P010454,1,0,29.0,344.13,0,2025-11-15,2025-11-15,0,0
P010455,1,1,109.0,11259.08,0,2026-05-16,2026-05-16,0,0
P010456,1,0,10.0,174.19,0,2025-07-26,2025-07-26,0,0
P010457,1,0,45.0,1073.85,0,2025-10-03,2025-10-03,0,0
P010458,1,1,41.0,2951.28,0,2024-02-13,2024-02-13,0,0
P010459,2,2,33.5,11678.35,0,2025-05-06,2026-05-06,1,0
P010460,1,0,15.0,841.55,0,2025-06-03,2025-06-03,0,0
P010461,1,1,24.0,8742.53,0,2024-04-26,2024-04-26,0,0
P010462,2,0,44.5,1514.94,0,2024-10-13,2025-08-09,1,0
P010463,1,0,28.0,347.08,0,2025-05-27,2025-05-27,0,0
P010464,4,2,52.0,19868.86,1,2025-03-20,2026-06-05,1,1
P010465,1,0,39.0,550.4,0,2026-04-27,2026-04-27,0,0
P010466,1,0,21.0,284.13,0,2025-07-16,2025-07-16,0,0
P010467,1,1,63.0,12995.44,0,2026-05-26,2026-05-26,0,0
P010468,2,0,23.5,774.5999999999999,0,2026-08-25,2026-09-16,1,0
P010469,1,1,69.0,7502.19,0,2024-11-27,2024-11-27,0,0
P010470,1,0,77.0,1217.38,0,2024-03-31,2024-03-31,0,0
P010471,1,0,42.0,613.69,0,2025-04-15,2025-04-15,0,0
P010472,1,1,109.0,2823.22,0,2025-05-06,2025-05-06,0,0
P010473,4,2,114.75,26988.74,0,2026-07-03,2026-09-30,1,1
P010474,1,1,21.0,12144.36,0,2024-07-16,2024-07-16,0,0
P010475,1,1,51.0,2012.39,0,2025-05-24,2025-05-24,0,0
P010476,1,0,26.0,478.13,0,2025-01-22,2025-01-22,0,0
P010477,2,1,50.0,14308.03,0,2024-05-20,2025-05-05,1,0
P010478,1,0,102.0,523.56,0,2026-01-07,2026-01-07,0,0
P010479,1,0,14.0,591.74,0,2026-02-15,2026-02-15,0,0
P010480,1,0,48.0,342.3,0,2026-02-10,2026-02-10,0,0
P010481,1,1,39.0,17120.83,0,2024-10-25,2024-10-25,0,0
P010482,1,0,15.0,853.54,0,2025-07-05,2025-07-05,0,0
P010483,3,1,26.333333333333332,5964.75,0,2024-05-11,2025-07-24,1,0
P010484,2,1,55.0,13359.43,0,2025-02-26,2025-03-07,1,0
P010485,1,0,76.0,1489.05,0,2024-03-03,2024-03-03,0,0
P010486,1,1,74.0,2789.63,0,2025-02-09,2025-02-09,0,0
P010487,1,0,90.0,850.33,0,2025-11-24,2025-11-24,0,0
P010488,1,0,27.0,566.5,0,2025-12-12,2025-12-12,0,0
P010489,1,0,10.0,696.92,0,2026-07-27,2026-07-27,0,0
P010490,3,1,39.666666666666664,12508.81,0,2024-08-20,2025-02-07,1,0
P010491,1,0,12.0,569.52,0,2025-11-03,2025-11-03,0,0
P010492,3,0,50.333333333333336,2170.3599999999997,0,2024-11-13,2025-12-03,1,0
P010493,1,1,32.0,6423.92,0,2024-01-31,2024-01-31,0,0
P010494,1,0,9.0,637.5,0,2024-07-26,2024-07-26,0,0
P010495,1,1,60.0,2999.72,0,2026-06-23,2026-06-23,0,0
P010496,1,0,28.0,1665.61,0,2025-04-11,2025-04-11,0,0
P010497,1,0,138.0,1529.52,0,2024-02-26,2024-02-26,0,0
P010498,1,1,27.0,30883.12,0,2026-03-18,2026-03-18,0,0
P010499,1,0,58.0,522.26,0,2026-05-12,2026-05-12,0,0
P010500,1,0,92.0,439.12,0,2026-05-07,2026-05-07,0,0
P010501,3,1,64.0,9988.76,0,2025-07-19,2026-09-29,1,0
P010502,1,0,46.0,1287.74,0,2024-06-22,2024-06-22,0,0
P010503,3,1,45.333333333333336,18850.559999999998,0,2026-03-29,2026-09-24,1,0
P010504,6,1,54.5,4945.68,0,2025-03-10,2026-09-26,1,1
P010505,1,0,24.0,215.13,0,2024-06-11,2024-06-11,0,0
P010506,1,1,46.0,2261.01,0,2024-02-12,2024-02-12,0,0
P010507,1,0,11.0,615.96,0,2024-01-29,2024-01-29,0,0
P010508,1,1,30.0,15090.4,0,2026-07-15,2026-07-15,0,0
P010509,1,1,53.0,1577.27,0,2026-01-17,2026-01-17,0,0
P010510,2,0,100.0,1024.21,0,2025-01-22,2025-02-20,1,0
P010511,1,0,8.0,759.69,0,2026-04-07,2026-04-07,0,0
P010512,1,0,20.0,205.73,0,2024-10-20,2024-10-20,0,0
P010513,4,2,81.5,23914.58,0,2025-05-26,2026-09-27,1,1
P010514,4,0,44.5,4749.58,0,2024-06-12,2025-01-15,1,1
P010515,1,0,14.0,413.47,0,2024-11-06,2024-11-06,0,0
P010516,1,0,91.0,1304.67,0,2026-02-24,2026-02-24,0,0
P010517,1,1,66.0,8552.97,0,2025-01-07,2025-01-07,0,0
P010518,1,1,38.0,2906.23,0,2026-05-30,2026-05-30,0,0
P010519,3,0,66.66666666666667,2776.1899999999996,0,2024-02-17,2024-05-21,1,0
P010520,2,0,34.5,895.12,0,2026-04-19,2026-09-19,1,0
P010521,4,1,43.75,9361.46,0,2026-07-20,2026-09-29,1,1
P010522,1,0,23.0,429.87,0,2025-01-12,2025-01-12,0,0
P010523,1,1,109.0,7071.44,0,2025-08-27,2025-08-27,0,0
P010524,1,0,52.0,340.52,0,2025-09-12,2025-09-12,0,0
P010525,1,0,9.0,424.26,0,2024-09-17,2024-09-17,0,0
P010526,1,0,44.0,1273.13,0,2026-05-13,2026-05-13,0,0
P010527,1,0,164.0,1427.55,0,2026-02-21,2026-02-21,0,0
P010528,1,0,19.0,691.63,0,2026-05-11,2026-05-11,0,0
P010529,1,1,58.0,1029.52,0,2024-08-11,2024-08-11,0,0
P010530,1,0,33.0,1267.53,0,2025-08-08,2025-08-08,0,0
P010531,1,0,15.0,460.42,0,2024-04-28,2024-04-28,0,0
P010532,2,0,21.5,636.0,0,2025-08-31,2025-12-30,1,0
P010533,1,0,60.0,650.25,0,2025-12-23,2025-12-23,0,0
P010534,1,1,149.0,7391.57,0,2025-03-10,2025-03-10,0,0
P010535,2,1,38.5,9756.029999999999,0,2025-09-29,2025-10-23,1,0
P010536,6,3,81.0,18166.97,2,2025-01-29,2026-09-18,1,1
P010537,1,0,31.0,840.59,0,2025-07-18,2025-07-18,0,0
P010538,1,1,30.0,920.88,0,2026-02-22,2026-02-22,0,0
P010539,1,0,55.0,717.14,0,2025-11-13,2025-11-13,0,0
P010540,1,0,41.0,1452.52,0,2026-08-05,2026-08-05,0,0
P010541,1,0,41.0,1210.32,0,2026-07-12,2026-07-12,0,0
P010542,1,0,21.0,870.6,0,2026-04-14,2026-04-14,0,0
P010543,1,1,75.0,13207.71,0,2024-09-16,2024-09-16,0,0
P010544,4,2,96.5,15422.54,1,2026-07-08,2026-09-26,1,1
P010545,1,1,32.0,21662.85,0,2026-04-10,2026-04-10,0,0
P010546,1,0,31.0,416.76,0,2025-11-10,2025-11-10,0,0
P010547,1,0,61.0,715.38,0,2024-10-20,2024-10-20,0,0
P010548,1,0,20.0,550.71,0,2026-08-27,2026-08-27,0,0
P010549,3,0,32.666666666666664,2189.51,0,2024-06-30,2025-10-31,1,0
P010550,1,1,137.0,12309.68,0,2024-05-18,2024-05-18,0,0
P010551,1,0,16.0,246.15,0,2026-06-16,2026-06-16,0,0
P010552,1,0,113.0,492.63,0,2025-07-22,2025-07-22,0,0
P010553,1,0,65.0,1106.13,0,2024-06-16,2024-06-16,0,0
P010554,1,0,98.0,1108.34,0,2025-10-31,2025-10-31,0,0
P010555,3,2,55.666666666666664,36066.07,0,2026-08-12,2026-09-28,1,0
P010556,1,1,112.0,14644.81,0,2024-01-11,2024-01-11,0,0
P010557,3,1,74.0,4773.01,0,2025-06-07,2026-09-24,1,0
P010558,1,0,53.0,1371.5,0,2026-07-17,2026-07-17,0,0
P010559,2,0,64.5,1008.19,0,2024-12-30,2025-10-22,1,0
P010560,1,0,32.0,377.65,0,2025-04-15,2025-04-15,0,0
P010561,2,0,23.5,1245.6399999999999,0,2026-06-21,2026-09-25,1,0
P010562,1,0,19.0,187.86,0,2025-12-01,2025-12-01,0,0
P010563,2,1,41.0,3536.87,0,2025-01-06,2025-10-31,1,0
P010564,2,1,42.5,13436.19,0,2025-02-01,2026-02-15,1,0
P010565,3,0,44.666666666666664,2687.7400000000002,0,2025-01-03,2026-07-06,1,0
P010566,3,1,24.333333333333332,6702.42,0,2026-01-06,2026-04-18,1,0
P010567,1,0,34.0,345.37,0,2026-03-18,2026-03-18,0,0
P010568,2,2,75.0,20649.690000000002,0,2025-02-22,2025-03-23,1,0
P010569,1,0,88.0,1759.48,0,2025-11-26,2025-11-26,0,0
P010570,1,0,47.0,926.46,0,2024-06-19,2024-06-19,0,0
P010571,1,0,73.0,810.53,0,2026-06-23,2026-06-23,0,0
P010572,3,2,36.666666666666664,15609.7,0,2026-09-10,2026-09-29,1,0
P010573,4,1,47.75,4579.57,0,2026-03-19,2026-09-21,1,1
P010574,3,2,78.66666666666667,16576.95,0,2025-01-19,2026-02-28,1,0
P010575,2,0,49.0,2428.53,0,2026-02-18,2026-06-17,1,0
P010576,2,0,34.0,729.8199999999999,0,2026-01-13,2026-07-02,1,0
P010577,1,1,69.0,2513.53,0,2026-08-01,2026-08-01,0,0
P010578,1,0,90.0,730.64,0,2025-02-10,2025-02-10,0,0
P010579,1,1,35.0,6037.82,0,2024-07-12,2024-07-12,0,0
P010580,2,0,33.0,2526.6099999999997,0,2024-09-02,2024-09-25,1,0
P010581,1,0,50.0,1023.98,0,2025-04-16,2025-04-16,0,0
P010582,1,1,74.0,9236.74,0,2024-05-29,2024-05-29,0,0
P010583,1,0,24.0,513.37,0,2026-07-11,2026-07-11,0,0
P010584,5,1,98.0,6008.22,0,2024-05-11,2024-11-27,1,1
P010585,1,0,14.0,659.03,0,2024-09-11,2024-09-11,0,0
P010586,1,0,10.0,225.6,0,2025-06-05,2025-06-05,0,0
P010587,2,1,50.5,14176.77,0,2025-09-03,2026-08-04,1,0
P010588,3,1,60.666666666666664,3646.5099999999998,0,2024-07-09,2025-03-10,1,0
P010589,1,1,69.0,11066.47,0,2025-02-28,2025-02-28,0,0
P010590,1,0,23.0,568.7,0,2026-08-30,2026-08-30,0,0
P010591,1,0,122.0,977.79,0,2026-01-23,2026-01-23,0,0
P010592,4,1,25.0,7331.03,0,2025-11-27,2026-09-22,1,1
P010593,1,1,62.0,5801.73,0,2024-09-19,2024-09-19,0,0
P010594,1,0,146.0,879.9,0,2025-06-08,2025-06-08,0,0
P010595,1,1,21.0,11855.5,0,2024-10-02,2024-10-02,0,0
P010596,1,0,24.0,278.48,0,2024-12-19,2024-12-19,0,0
P010597,5,3,40.8,15779.4,0,2024-05-11,2026-09-20,1,1
P010598,3,0,45.0,1737.26,0,2025-08-26,2026-09-27,1,0
P010599,5,2,59.4,8465.630000000001,0,2025-07-23,2026-09-30,1,1
P010600,1,0,81.0,910.72,0,2024-03-22,2024-03-22,0,0
P010601,1,1,58.0,9171.49,0,2025-02-06,2025-02-06,0,0
P010602,1,0,16.0,1358.94,0,2025-06-29,2025-06-29,0,0
P010603,2,0,32.5,774.14,0,2025-07-13,2025-09-30,1,0
P010604,6,2,34.666666666666664,23071.71,0,2024-10-28,2026-09-24,1,1
P010605,4,2,60.25,30158.89,0,2025-01-05,2026-04-16,1,1
P010606,1,0,21.0,345.32,0,2025-03-11,2025-03-11,0,0
P010607,1,0,10.0,734.77,0,2025-03-17,2025-03-17,0,0
P010608,2,0,31.5,2379.12,0,2025-11-20,2026-02-12,1,0
P010609,1,1,42.0,7387.02,0,2024-08-12,2024-08-12,0,0
P010610,1,0,64.0,655.74,0,2026-08-25,2026-08-25,0,0
P010611,1,0,27.0,339.68,0,2026-07-08,2026-07-08,0,0
P010612,1,0,35.0,493.16,0,2026-04-14,2026-04-14,0,0
P010613,1,0,114.0,940.97,0,2026-06-03,2026-06-03,0,0
P010614,3,1,113.0,21462.329999999998,0,2024-11-13,2026-02-20,1,0
P010615,1,0,20.0,263.89,0,2025-07-18,2025-07-18,0,0
P010616,5,3,45.6,21541.36,0,2026-07-31,2026-09-27,1,1
P010617,1,0,90.0,1232.41,0,2026-08-14,2026-08-14,0,0
P010618,2,0,44.0,2258.6800000000003,0,2025-01-18,2025-04-14,1,0
P010619,1,1,50.0,4882.89,0,2026-03-17,2026-03-17,0,0
P010620,1,0,43.0,445.85,0,2024-04-28,2024-04-28,0,0
P010621,1,0,23.0,192.19,0,2025-03-30,2025-03-30,0,0
P010622,1,0,44.0,264.48,0,2025-02-06,2025-02-06,0,0
P010623,3,1,38.333333333333336,2733.88,0,2025-08-06,2026-02-11,1,0
P010624,2,0,57.5,1309.5,0,2024-12-16,2025-02-03,1,0
P010625,3,0,19.333333333333332,1594.25,0,2026-09-21,2026-09-26,1,0
P010626,2,1,58.0,2090.45,0,2025-11-10,2026-04-26,1,0
P010627,2,0,56.5,2111.72,0,2026-03-29,2026-09-30,1,0
P010628,3,1,32.0,13654.58,0,2025-08-23,2026-07-29,1,0
P010629,1,0,37.0,1579.28,0,2025-03-14,2025-03-14,0,0
P010630,1,0,90.0,801.87,0,2025-01-01,2025-01-01,0,0
P010631,1,0,29.0,880.02,0,2024-07-27,2024-07-27,0,0
P010632,2,1,72.0,4350.51,0,2026-08-13,2026-09-25,1,0
P010633,1,0,23.0,297.39,0,2025-12-02,2025-12-02,0,0
P010634,1,0,44.0,240.52,0,2024-04-13,2024-04-13,0,0
P010635,1,1,60.0,8925.63,0,2024-09-27,2024-09-27,0,0
P010636,3,2,39.333333333333336,26728.760000000002,0,2025-10-08,2026-09-14,1,0
P010637,1,0,25.0,344.44,0,2025-09-15,2025-09-15,0,0
P010638,1,0,7.0,1176.19,0,2024-02-29,2024-02-29,0,0
P010639,2,0,50.5,1567.47,0,2025-12-10,2026-09-22,1,0
P010640,1,1,15.0,10405.56,0,2024-03-06,2024-03-06,0,0
P010641,3,0,21.0,1132.3600000000001,0,2025-05-26,2025-11-12,1,0
P010642,1,1,51.0,940.91,0,2025-07-27,2025-07-27,0,0
P010643,3,1,40.666666666666664,4139.95,0,2024-10-03,2026-04-25,1,0
P010644,1,1,41.0,19515.62,0,2024-02-24,2024-02-24,0,0
P010645,1,0,122.0,507.3,0,2026-08-01,2026-08-01,0,0
P010646,1,0,61.0,1247.68,0,2025-06-12,2025-06-12,0,0
P010647,1,0,37.0,376.35,0,2025-03-13,2025-03-13,0,0
P010648,2,0,49.5,2336.59,0,2026-02-06,2026-06-16,1,0
P010649,2,1,88.0,15105.34,0,2024-03-09,2024-05-30,1,0
P010650,2,1,33.5,9918.6,0,2026-03-25,2026-06-01,1,0
P010651,2,1,24.5,10556.59,0,2025-11-07,2026-02-27,1,0
P010652,1,0,12.0,449.02,0,2026-01-30,2026-01-30,0,0
P010653,1,0,76.0,437.31,0,2025-10-01,2025-10-01,0,0
P010654,1,0,23.0,323.52,0,2024-02-22,2024-02-22,0,0
P010655,1,0,142.0,461.25,0,2026-08-30,2026-08-30,0,0
P010656,1,1,51.0,10412.48,0,2026-04-08,2026-04-08,0,0
P010657,2,0,25.5,668.47,0,2025-05-19,2025-07-27,1,0
P010658,1,1,58.0,7940.9,0,2025-11-28,2025-11-28,0,0
P010659,2,2,50.5,4730.29,0,2024-08-17,2025-07-06,1,0
P010660,5,2,79.8,16107.64,0,2024-07-31,2026-09-28,1,1
P010661,1,0,26.0,535.53,0,2024-05-18,2024-05-18,0,0
P010662,1,1,44.0,2841.29,0,2026-04-17,2026-04-17,0,0
P010663,3,1,47.666666666666664,5316.000000000001,0,2024-02-29,2025-05-03,1,0
P010664,2,1,110.0,9868.15,0,2026-08-31,2026-09-25,1,0
P010665,6,3,39.166666666666664,39400.88,0,2024-10-02,2026-09-22,1,1
P010666,1,0,61.0,497.59,0,2025-11-13,2025-11-13,0,0
P010667,1,1,50.0,2258.04,0,2024-02-07,2024-02-07,0,0
P010668,3,1,70.33333333333333,14495.09,0,2025-12-18,2026-09-16,1,0
P010669,1,0,24.0,153.27,0,2026-06-05,2026-06-05,0,0
P010670,1,0,98.0,1135.28,0,2025-04-20,2025-04-20,0,0
P010671,4,2,27.0,15334.74,0,2025-06-07,2026-09-18,1,1
P010672,1,0,48.0,449.24,0,2025-03-18,2025-03-18,0,0
P010673,1,0,45.0,518.54,0,2024-01-18,2024-01-18,0,0
P010674,1,0,45.0,562.43,0,2025-02-20,2025-02-20,0,0
P010675,1,0,55.0,924.55,0,2024-02-15,2024-02-15,0,0
P010676,4,1,32.5,8003.72,1,2025-03-03,2025-08-05,1,1
P010677,1,0,31.0,125.7,0,2024-11-14,2024-11-14,0,0
P010678,1,0,56.0,1457.28,0,2024-12-09,2024-12-09,0,0
P010679,3,1,65.66666666666667,12060.73,0,2026-06-24,2026-09-05,1,0
P010680,1,0,36.0,536.56,0,2026-09-02,2026-09-02,0,0
P010681,2,0,17.5,929.24,0,2024-11-17,2025-10-30,1,0
P010682,2,0,40.0,958.9300000000001,0,2025-06-25,2026-02-11,1,0
P010683,1,1,45.0,3093.82,0,2024-12-28,2024-12-28,0,0
P010684,1,0,35.0,415.87,0,2026-06-07,2026-06-07,0,0
P010685,6,0,74.5,2428.07,0,2026-04-28,2026-09-20,1,1
P010686,1,1,110.0,10534.96,0,2026-02-11,2026-02-11,0,0
P010687,2,0,27.5,969.91,0,2025-12-26,2026-06-19,1,0
P010688,2,0,64.0,1667.03,0,2024-03-03,2024-08-30,1,0
P010689,1,1,62.0,6692.49,0,2026-07-28,2026-07-28,0,0
P010690,2,2,67.0,6278.18,0,2025-01-25,2025-12-19,1,0
P010691,3,0,34.0,1956.5900000000001,0,2024-06-22,2024-09-29,1,0
P010692,2,0,106.0,2236.83,0,2025-12-22,2026-02-03,1,0
P010693,2,1,53.5,19243.26,0,2024-02-25,2025-03-16,1,0
P010694,1,1,121.0,6887.23,0,2024-06-13,2024-06-13,0,0
P010695,1,1,105.0,13996.15,0,2025-05-08,2025-05-08,0,0
P010696,1,0,91.0,897.56,0,2025-11-01,2025-11-01,0,0
P010697,1,0,23.0,818.37,0,2026-04-29,2026-04-29,0,0
P010698,1,0,27.0,487.52,0,2026-06-16,2026-06-16,0,0
P010699,1,0,27.0,334.49,0,2025-05-16,2025-05-16,0,0
P010700,1,0,14.0,161.9,0,2024-04-29,2024-04-29,0,0
P010701,1,0,33.0,1814.99,0,2026-01-05,2026-01-05,0,0
P010702,1,1,65.0,15884.36,0,2026-08-23,2026-08-23,0,0
P010703,1,0,61.0,764.76,0,2026-01-13,2026-01-13,0,0
P010704,1,0,21.0,446.75,0,2024-10-27,2024-10-27,0,0
P010705,1,0,88.0,776.24,0,2024-03-25,2024-03-25,0,0
P010706,1,0,20.0,999.55,0,2024-07-02,2024-07-02,0,0
P010707,4,1,52.0,5685.92,0,2024-11-11,2025-11-01,1,1
P010708,1,1,67.0,5773.6,0,2024-12-23,2024-12-23,0,0
P010709,1,0,153.0,1338.32,0,2025-12-09,2025-12-09,0,0
P010710,2,2,87.5,12672.21,0,2024-08-05,2025-09-28,1,0
P010711,1,0,19.0,233.96,0,2024-11-09,2024-11-09,0,0
P010712,1,1,169.0,4952.12,0,2024-01-21,2024-01-21,0,0
P010713,2,1,81.5,2389.92,0,2024-04-25,2024-09-21,1,0
P010714,3,1,65.66666666666667,2960.1099999999997,1,2026-02-16,2026-03-28,1,0
P010715,2,0,32.0,685.96,0,2025-06-18,2025-08-23,1,0
P010716,2,1,56.0,5185.08,0,2026-07-07,2026-09-11,1,0
P010717,2,1,44.0,7317.04,0,2024-08-14,2025-04-09,1,0
P010718,3,1,38.0,4293.68,0,2026-09-17,2026-09-25,1,0
P010719,4,2,67.5,15395.7,1,2025-12-18,2026-09-26,1,1
P010720,1,0,35.0,299.47,0,2024-05-24,2024-05-24,0,0
P010721,1,1,22.0,8727.96,0,2026-06-08,2026-06-08,0,0
P010722,2,0,56.5,2381.15,0,2026-07-05,2026-09-22,1,0
P010723,1,0,41.0,412.29,0,2024-11-25,2024-11-25,0,0
P010724,1,0,12.0,938.08,0,2024-09-23,2024-09-23,0,0
P010725,1,1,47.0,7456.89,0,2026-09-05,2026-09-05,0,0
P010726,2,0,48.5,1342.05,0,2025-10-31,2026-01-22,1,0
P010727,2,0,32.5,1468.2,0,2025-03-09,2025-04-20,1,0
P010728,2,1,76.0,5993.82,0,2025-03-19,2025-10-24,1,0
P010729,1,1,26.0,7187.35,0,2025-02-17,2025-02-17,0,0
P010730,1,0,28.0,267.8,0,2024-04-30,2024-04-30,0,0
P010731,2,0,94.5,1187.23,0,2024-12-19,2026-01-27,1,0
P010732,1,0,26.0,410.89,0,2026-04-06,2026-04-06,0,0
P010733,2,1,36.0,20180.9,0,2026-08-11,2026-09-29,1,0
P010734,1,0,74.0,663.57,0,2024-04-12,2024-04-12,0,0
P010735,1,0,23.0,663.77,0,2026-04-07,2026-04-07,0,0
P010736,1,0,56.0,672.34,0,2026-01-14,2026-01-14,0,0
P010737,1,0,68.0,1515.9,0,2025-06-15,2025-06-15,0,0
P010738,1,0,27.0,611.84,0,2024-02-16,2024-02-16,0,0
P010739,5,2,42.2,13854.96,0,2024-07-14,2025-10-01,1,1
P010740,1,0,19.0,213.39,0,2024-12-10,2024-12-10,0,0
P010741,1,1,67.0,16699.45,0,2025-09-24,2025-09-24,0,0
P010742,1,0,20.0,747.63,0,2025-10-19,2025-10-19,0,0
P010743,1,1,48.0,12188.34,0,2025-03-13,2025-03-13,0,0
P010744,1,1,56.0,937.87,0,2025-11-05,2025-11-05,0,0
P010745,1,0,20.0,691.93,0,2024-05-15,2024-05-15,0,0
P010746,2,1,56.5,3411.07,0,2024-11-29,2025-04-17,1,0
P010747,1,0,38.0,797.99,0,2024-04-27,2024-04-27,0,0
P010748,1,0,21.0,493.35,0,2025-05-24,2025-05-24,0,0
P010749,2,1,104.0,4750.97,0,2024-03-21,2025-04-30,1,0
P010750,1,1,21.0,6934.54,0,2024-12-11,2024-12-11,0,0
P010751,3,2,72.66666666666667,10733.18,1,2026-09-01,2026-09-28,1,0
P010752,1,0,75.0,976.41,0,2026-06-26,2026-06-26,0,0
P010753,1,1,86.0,4604.33,0,2025-12-18,2025-12-18,0,0
P010754,1,0,58.0,632.63,0,2025-08-22,2025-08-22,0,0
P010755,1,1,133.0,6542.18,0,2024-09-28,2024-09-28,0,0
P010756,1,1,20.0,1781.73,0,2025-10-10,2025-10-10,0,0
P010757,1,0,18.0,656.41,0,2024-08-19,2024-08-19,0,0
P010758,2,0,155.5,1879.73,0,2026-09-14,2026-09-17,1,0
P010759,1,0,24.0,210.73,0,2024-12-17,2024-12-17,0,0
P010760,1,0,15.0,589.31,0,2025-05-01,2025-05-01,0,0
P010761,1,0,47.0,1083.09,0,2024-08-07,2024-08-07,0,0
P010762,6,1,56.166666666666664,13525.560000000001,0,2024-08-19,2026-04-21,1,1
P010763,2,2,76.5,17786.239999999998,0,2024-03-14,2024-10-31,1,0
P010764,1,0,35.0,573.18,0,2025-12-12,2025-12-12,0,0
P010765,1,0,91.0,1356.39,0,2026-06-29,2026-06-29,0,0
P010766,2,1,34.0,11445.900000000001,0,2025-10-13,2026-05-05,1,0
P010767,3,2,40.333333333333336,10284.59,0,2025-10-30,2026-07-11,1,0
P010768,1,1,58.0,5984.64,0,2025-01-20,2025-01-20,0,0
P010769,1,0,39.0,214.32,0,2026-02-05,2026-02-05,0,0
P010770,5,4,66.2,37297.26,0,2024-01-31,2026-09-26,1,1
P010771,1,1,45.0,4685.3,0,2026-08-18,2026-08-18,0,0
P010772,2,0,15.5,676.12,0,2026-07-12,2026-09-12,1,0
P010773,1,0,54.0,460.9,0,2024-04-05,2024-04-05,0,0
P010774,1,0,12.0,379.07,0,2025-06-14,2025-06-14,0,0
P010775,1,0,16.0,397.09,0,2026-05-31,2026-05-31,0,0
P010776,3,0,27.666666666666668,1784.37,0,2025-03-18,2026-08-20,1,0
P010777,2,1,41.0,10153.369999999999,0,2025-02-26,2025-05-14,1,0
P010778,1,1,69.0,6608.43,0,2025-09-20,2025-09-20,0,0
P010779,2,0,28.5,998.1600000000001,0,2025-01-09,2025-02-05,1,0
P010780,1,0,35.0,433.01,0,2025-01-20,2025-01-20,0,0
P010781,2,0,55.0,1614.43,0,2026-08-09,2026-09-19,1,0
P010782,3,0,32.0,2221.33,0,2025-09-25,2026-09-25,1,0
P010783,1,0,36.0,477.71,0,2025-10-23,2025-10-23,0,0
P010784,1,0,37.0,179.48,0,2025-06-06,2025-06-06,0,0
P010785,1,0,13.0,341.06,0,2024-02-13,2024-02-13,0,0
P010786,2,1,46.0,3219.66,0,2024-02-15,2024-09-10,1,0
P010787,3,2,30.666666666666668,18989.44,0,2025-02-18,2026-08-06,1,0
P010788,2,0,69.0,1195.54,0,2024-01-18,2024-01-27,1,0
P010789,1,0,34.0,732.08,0,2024-05-04,2024-05-04,0,0
P010790,1,0,8.0,303.83,0,2024-11-06,2024-11-06,0,0
P010791,3,0,46.0,3042.3599999999997,0,2024-04-08,2025-06-13,1,0
P010792,1,0,39.0,490.73,0,2025-04-15,2025-04-15,0,0
P010793,4,1,61.5,11978.83,1,2026-03-10,2026-09-24,1,1
P010794,6,2,71.66666666666667,12235.79,0,2026-03-15,2026-09-21,1,1
P010795,1,0,34.0,523.58,0,2025-04-29,2025-04-29,0,0
P010796,2,1,41.0,7129.91,0,2024-09-07,2025-02-16,1,0
P010797,1,1,48.0,4698.26,0,2025-02-06,2025-02-06,0,0
P010798,1,1,44.0,7880.28,0,2025-11-17,2025-11-17,0,0
P010799,4,2,61.75,6043.27,0,2024-04-09,2025-04-26,1,1
P010800,1,0,42.0,960.47,0,2025-05-21,2025-05-21,0,0
P010801,2,0,61.5,2279.4,0,2025-12-23,2026-06-21,1,0
P010802,1,1,93.0,6873.34,0,2025-05-16,2025-05-16,0,0
P010803,2,0,44.0,1400.96,0,2024-02-15,2025-02-10,1,0
P010804,1,0,73.0,577.13,0,2024-10-09,2024-10-09,0,0
P010805,5,1,59.2,3555.66,0,2024-01-24,2026-09-11,1,1
P010806,1,0,21.0,367.5,0,2025-05-07,2025-05-07,0,0
P010807,1,0,15.0,553.23,0,2026-04-15,2026-04-15,0,0
P010808,1,0,48.0,569.65,0,2025-09-10,2025-09-10,0,0
P010809,1,1,55.0,2740.18,0,2026-01-18,2026-01-18,0,0
P010810,1,1,81.0,11006.58,0,2025-02-26,2025-02-26,0,0
P010811,2,0,36.5,932.01,0,2024-10-08,2024-12-26,1,0
P010812,1,0,34.0,515.66,0,2025-05-25,2025-05-25,0,0
P010813,1,0,37.0,484.96,0,2026-08-10,2026-08-10,0,0
P010814,1,0,25.0,427.65,0,2024-02-05,2024-02-05,0,0
P010815,1,0,25.0,672.52,0,2026-01-23,2026-01-23,0,0
P010816,1,1,42.0,7836.68,0,2024-08-25,2024-08-25,0,0
P010817,1,0,91.0,809.93,0,2025-08-04,2025-08-04,0,0
P010818,2,1,57.5,3190.62,0,2026-07-08,2026-07-22,1,0
P010819,1,0,45.0,1287.9,0,2026-09-15,2026-09-15,0,0
P010820,1,0,33.0,832.21,0,2025-04-02,2025-04-02,0,0
P010821,1,0,153.0,404.51,0,2025-01-18,2025-01-18,0,0
P010822,1,0,54.0,1147.63,0,2024-03-05,2024-03-05,0,0
P010823,2,2,50.0,6404.860000000001,0,2025-01-06,2025-12-07,1,0
P010824,3,2,56.666666666666664,15848.689999999999,0,2024-07-06,2025-11-02,1,0
P010825,1,1,50.0,12503.52,0,2026-04-15,2026-04-15,0,0
P010826,2,1,35.0,26733.54,0,2024-07-18,2024-11-05,1,0
P010827,2,0,32.0,891.3,0,2026-09-13,2026-09-16,1,0
P010828,2,1,38.5,10367.34,1,2026-09-05,2026-09-19,1,0
P010829,1,0,58.0,834.32,0,2025-12-29,2025-12-29,0,0
P010830,1,1,28.0,10421.82,0,2026-09-22,2026-09-22,0,0
P010831,1,0,39.0,1755.55,0,2025-07-14,2025-07-14,0,0
P010832,2,0,22.5,1035.19,0,2025-03-14,2025-03-30,1,0
P010833,1,0,32.0,381.48,0,2024-10-11,2024-10-11,0,0
P010834,1,1,64.0,14079.93,0,2025-05-19,2025-05-19,0,0
P010835,1,1,45.0,7241.39,0,2025-02-14,2025-02-14,0,0
P010836,2,0,88.5,1905.58,0,2025-12-17,2026-02-01,1,0
P010837,1,0,27.0,437.99,0,2024-01-01,2024-01-01,0,0
P010838,1,0,55.0,698.56,0,2024-03-04,2024-03-04,0,0
P010839,1,1,96.0,14059.54,0,2024-02-09,2024-02-09,0,0
P010840,1,0,12.0,365.0,0,2025-11-15,2025-11-15,0,0
P010841,4,1,69.0,8229.27,0,2026-02-05,2026-09-21,1,1
P010842,2,2,89.5,35101.78,0,2025-05-21,2025-07-25,1,0
P010843,4,1,38.25,6099.2,0,2026-05-19,2026-09-19,1,1
P010844,2,0,27.5,1100.46,0,2026-02-28,2026-09-13,1,0
P010845,1,0,115.0,1629.4,0,2024-07-14,2024-07-14,0,0
P010846,5,2,32.2,14737.499999999998,0,2025-06-18,2026-09-22,1,1
P010847,1,0,97.0,1262.51,0,2026-09-04,2026-09-04,0,0
P010848,3,1,76.66666666666667,30008.66,0,2025-04-26,2026-06-21,1,0
P010849,1,0,15.0,319.93,0,2024-07-27,2024-07-27,0,0
P010850,1,1,57.0,16089.8,0,2025-03-31,2025-03-31,0,0
P010851,1,0,80.0,692.66,0,2026-05-09,2026-05-09,0,0
P010852,1,1,73.0,2214.13,0,2024-09-29,2024-09-29,0,0
P010853,5,3,81.4,20017.96,2,2026-09-15,2026-09-30,1,1
P010854,1,0,22.0,373.95,0,2024-07-13,2024-07-13,0,0
P010855,1,0,35.0,515.5,0,2025-09-16,2025-09-16,0,0
P010856,1,0,61.0,783.56,0,2025-04-29,2025-04-29,0,0
P010857,3,1,32.666666666666664,7067.3,0,2026-03-13,2026-08-02,1,0
P010858,2,0,12.5,930.73,0,2024-05-17,2024-06-08,1,0
P010859,1,1,37.0,11070.08,0,2026-09-07,2026-09-07,0,0
P010860,3,0,42.333333333333336,3360.14,0,2024-09-10,2024-10-21,1,0
P010861,4,1,66.25,10802.83,0,2025-10-17,2026-09-26,1,1
P010862,1,0,11.0,513.12,0,2024-08-21,2024-08-21,0,0
P010863,3,1,32.333333333333336,14921.310000000001,0,2026-01-17,2026-09-26,1,0
P010864,1,1,87.0,1198.96,0,2024-08-04,2024-08-04,0,0
P010865,2,1,29.0,3964.06,0,2025-12-08,2026-07-31,1,0
P010866,2,1,70.0,11798.01,0,2026-01-30,2026-09-14,1,0
P010867,1,0,19.0,369.41,0,2025-02-05,2025-02-05,0,0
P010868,1,0,75.0,1227.05,0,2025-01-02,2025-01-02,0,0
P010869,1,0,20.0,242.86,0,2025-02-21,2025-02-21,0,0
P010870,1,0,29.0,348.19,0,2024-05-11,2024-05-11,0,0
P010871,3,1,53.666666666666664,7842.85,0,2026-06-21,2026-09-26,1,0
P010872,2,0,28.5,1366.99,0,2026-09-17,2026-09-30,1,0
P010873,1,1,54.0,9921.37,0,2024-08-25,2024-08-25,0,0
P010874,1,0,81.0,1587.36,0,2025-07-17,2025-07-17,0,0
P010875,2,0,16.5,1523.72,0,2024-03-01,2024-06-01,1,0
P010876,2,0,88.5,2049.66,0,2025-08-18,2025-09-13,1,0
P010877,1,0,29.0,568.94,0,2026-09-24,2026-09-24,0,0
P010878,1,1,80.0,4226.01,0,2025-04-16,2025-04-16,0,0
P010879,3,1,40.333333333333336,5483.15,0,2024-12-10,2025-04-18,1,0
P010880,1,1,32.0,6288.09,0,2025-04-29,2025-04-29,0,0
P010881,1,0,11.0,598.33,0,2024-03-27,2024-03-27,0,0
P010882,4,2,53.75,15775.460000000001,0,2026-02-03,2026-09-16,1,1
P010883,6,0,14.666666666666666,3427.19,0,2025-11-02,2026-09-28,1,1
P010884,2,1,48.0,1669.1799999999998,0,2026-01-20,2026-04-06,1,0
P010885,1,0,84.0,1111.8,0,2026-03-19,2026-03-19,0,0
P010886,3,1,68.66666666666667,9621.78,0,2025-10-20,2026-09-30,1,0
P010887,1,0,57.0,520.77,0,2024-06-09,2024-06-09,0,0
P010888,1,0,14.0,402.54,0,2026-08-18,2026-08-18,0,0
P010889,2,0,18.0,722.6700000000001,0,2025-04-07,2025-09-06,1,0
P010890,1,0,46.0,389.48,0,2025-01-29,2025-01-29,0,0
P010891,2,1,159.5,17497.239999999998,0,2025-05-07,2025-11-10,1,0
P010892,1,1,53.0,1635.92,0,2024-03-15,2024-03-15,0,0
P010893,4,1,55.5,5662.32,0,2024-11-01,2026-03-25,1,1
P010894,1,0,23.0,1110.13,0,2024-11-13,2024-11-13,0,0
P010895,2,1,51.5,7361.96,0,2024-06-06,2024-12-08,1,0
P010896,1,1,51.0,13151.79,0,2024-12-15,2024-12-15,0,0
P010897,1,0,88.0,1007.3,0,2024-05-31,2024-05-31,0,0
P010898,2,2,76.0,16806.92,0,2024-08-26,2025-09-16,1,0
P010899,1,1,39.0,8467.29,0,2026-01-13,2026-01-13,0,0
P010900,3,2,40.0,8502.99,0,2024-12-22,2025-06-04,1,0
P010901,2,0,95.5,2488.3599999999997,0,2024-06-08,2024-12-07,1,0
P010902,4,0,58.5,3541.48,0,2025-10-13,2026-09-24,1,1
P010903,2,1,20.0,6020.1,0,2026-05-10,2026-09-25,1,0
P010904,1,1,41.0,15394.72,0,2024-10-16,2024-10-16,0,0
P010905,2,2,50.0,11674.22,0,2025-11-18,2026-02-02,1,0
P010906,1,1,20.0,7379.65,0,2026-05-31,2026-05-31,0,0
P010907,1,1,107.0,7886.12,0,2024-03-23,2024-03-23,0,0
P010908,1,1,27.0,4539.16,0,2025-12-26,2025-12-26,0,0
P010909,1,0,15.0,768.2,0,2024-08-09,2024-08-09,0,0
P010910,1,0,33.0,364.27,0,2025-09-22,2025-09-22,0,0
P010911,2,1,57.5,6116.34,0,2025-04-09,2025-05-31,1,0
P010912,3,1,40.333333333333336,3237.89,0,2026-07-20,2026-09-11,1,0
P010913,1,0,30.0,219.16,0,2025-10-21,2025-10-21,0,0
P010914,1,1,69.0,2032.52,0,2024-11-02,2024-11-02,0,0
P010915,2,1,66.0,4613.55,0,2024-07-12,2025-08-06,1,0
P010916,2,1,52.0,10477.28,0,2024-09-15,2025-04-25,1,0
P010917,1,0,59.0,814.07,0,2024-06-06,2024-06-06,0,0
P010918,1,1,53.0,4653.01,0,2025-12-29,2025-12-29,0,0
P010919,2,0,30.5,1194.48,0,2026-04-26,2026-06-23,1,0
P010920,2,0,141.5,4545.049999999999,0,2024-09-05,2024-09-26,1,0
P010921,2,1,17.5,2267.44,0,2026-08-07,2026-09-23,1,0
P010922,1,0,52.0,442.93,0,2025-07-15,2025-07-15,0,0
P010923,1,0,32.0,598.35,0,2025-07-31,2025-07-31,0,0
P010924,3,1,51.333333333333336,22945.519999999997,0,2024-07-07,2025-03-29,1,0
P010925,1,1,30.0,1741.91,0,2026-04-21,2026-04-21,0,0
P010926,1,0,23.0,609.87,0,2026-03-11,2026-03-11,0,0
P010927,2,1,74.0,15039.119999999999,0,2024-12-13,2025-01-12,1,0
P010928,2,1,31.0,11628.22,0,2024-01-29,2025-02-17,1,0
P010929,1,0,60.0,2119.38,0,2024-03-23,2024-03-23,0,0
P010930,4,2,54.0,22782.3,0,2025-05-07,2026-09-22,1,1
P010931,1,1,34.0,3287.51,0,2025-05-23,2025-05-23,0,0
P010932,1,0,15.0,594.89,0,2025-02-07,2025-02-07,0,0
P010933,2,1,41.5,15005.38,0,2024-01-03,2024-05-06,1,0
P010934,1,0,21.0,281.14,0,2025-08-09,2025-08-09,0,0
P010935,1,1,96.0,8247.71,0,2026-04-21,2026-04-21,0,0
P010936,3,2,44.333333333333336,6234.49,0,2025-10-27,2026-08-21,1,0
P010937,2,1,27.0,7302.41,0,2024-04-26,2024-09-27,1,0
P010938,1,1,32.0,15821.54,0,2024-12-02,2024-12-02,0,0
P010939,1,0,30.0,770.92,0,2026-01-12,2026-01-12,0,0
P010940,1,0,17.0,698.55,0,2025-06-04,2025-06-04,0,0
P010941,1,0,55.0,956.56,0,2025-02-25,2025-02-25,0,0
P010942,1,0,48.0,652.63,0,2026-08-03,2026-08-03,0,0
P010943,1,0,35.0,753.66,0,2026-04-11,2026-04-11,0,0
P010944,1,0,18.0,179.08,0,2026-05-17,2026-05-17,0,0
P010945,2,1,90.5,5256.09,0,2026-07-15,2026-08-23,1,0
P010946,1,0,12.0,333.38,0,2024-08-03,2024-08-03,0,0
P010947,1,0,24.0,407.54,0,2026-04-30,2026-04-30,0,0
P010948,2,1,95.0,2162.1099999999997,0,2025-02-17,2025-03-04,1,0
P010949,1,0,44.0,176.69,0,2025-02-22,2025-02-22,0,0
P010950,1,0,67.0,1149.27,0,2026-02-09,2026-02-09,0,0
P010951,1,0,18.0,679.93,0,2026-03-21,2026-03-21,0,0
P010952,1,0,56.0,1037.41,0,2024-01-28,2024-01-28,0,0
P010953,5,2,42.4,16052.490000000002,0,2025-11-12,2026-09-16,1,1
P010954,3,1,63.666666666666664,9407.59,0,2024-11-02,2026-06-26,1,0
P010955,1,0,93.0,1195.74,0,2025-11-20,2025-11-20,0,0
P010956,1,1,88.0,19243.43,0,2026-06-02,2026-06-02,0,0
P010957,2,1,35.0,8133.96,0,2025-03-26,2026-01-14,1,0
P010958,1,0,26.0,1178.14,0,2025-12-06,2025-12-06,0,0
P010959,2,0,120.0,3016.99,0,2025-05-13,2025-06-02,1,0
P010960,2,1,28.5,17329.120000000003,0,2024-05-24,2024-07-30,1,0
P010961,1,1,25.0,1243.52,0,2024-04-03,2024-04-03,0,0
P010962,2,0,143.0,2242.81,0,2025-07-07,2025-12-26,1,0
P010963,1,1,75.0,2170.03,0,2024-02-13,2024-02-13,0,0
P010964,2,2,32.5,7054.110000000001,0,2024-09-15,2024-12-12,1,0
P010965,2,0,11.5,726.54,0,2024-08-24,2025-08-20,1,0
P010966,2,0,40.0,946.4,0,2024-01-02,2025-01-22,1,0
P010967,1,0,63.0,1308.0,0,2025-06-20,2025-06-20,0,0
P010968,4,2,58.75,23504.309999999998,0,2025-11-15,2026-06-25,1,1
P010969,1,0,18.0,927.79,0,2025-01-27,2025-01-27,0,0
P010970,3,1,48.0,3077.13,0,2025-04-03,2026-09-26,1,0
P010971,2,1,98.0,5547.95,0,2024-09-05,2025-02-15,1,0
P010972,1,1,100.0,3976.48,0,2024-10-07,2024-10-07,0,0
P010973,1,0,34.0,628.53,0,2025-03-18,2025-03-18,0,0
P010974,2,0,91.5,1617.01,0,2025-12-04,2026-08-25,1,0
P010975,1,0,40.0,931.82,0,2025-01-23,2025-01-23,0,0
P010976,1,0,47.0,399.91,0,2024-05-23,2024-05-23,0,0
P010977,1,0,31.0,556.45,0,2025-12-24,2025-12-24,0,0
P010978,2,0,42.5,977.11,0,2026-02-10,2026-08-28,1,0
P010979,2,1,38.5,8685.02,0,2025-12-16,2026-04-24,1,0
P010980,1,0,60.0,951.91,0,2025-01-07,2025-01-07,0,0
P010981,1,1,53.0,7814.39,0,2025-03-23,2025-03-23,0,0
P010982,1,1,31.0,5858.14,0,2024-01-08,2024-01-08,0,0
P010983,2,2,52.0,13881.27,0,2026-09-12,2026-09-29,1,0
P010984,1,0,16.0,548.5,0,2025-09-24,2025-09-24,0,0
P010985,1,0,49.0,764.09,0,2025-08-14,2025-08-14,0,0
P010986,1,1,34.0,6962.51,0,2024-01-03,2024-01-03,0,0
P010987,4,3,54.25,23617.74,0,2025-12-10,2026-08-17,1,1
P010988,1,0,263.0,2103.49,0,2026-05-23,2026-05-23,0,0
P010989,3,1,65.66666666666667,7439.41,0,2026-07-03,2026-09-29,1,0
P010990,1,0,29.0,532.41,0,2024-08-26,2024-08-26,0,0
P010991,1,0,55.0,245.31,0,2024-03-16,2024-03-16,0,0
P010992,1,0,19.0,190.42,0,2025-01-06,2025-01-06,0,0
P010993,3,0,68.0,2594.9700000000003,0,2025-09-22,2025-12-18,1,0
P010994,1,1,61.0,29846.65,0,2026-07-21,2026-07-21,0,0
P010995,2,0,73.0,1466.65,0,2024-01-26,2024-02-27,1,0
P010996,1,0,16.0,209.61,0,2024-12-07,2024-12-07,0,0
P010997,1,1,66.0,15634.33,0,2025-10-18,2025-10-18,0,0
P010998,1,0,36.0,482.87,0,2026-05-18,2026-05-18,0,0
P010999,1,1,70.0,16722.25,0,2026-03-24,2026-03-24,0,0
P011000,2,0,51.0,2090.9700000000003,0,2024-12-16,2024-12-27,1,0
P011001,2,0,65.0,2366.0299999999997,0,2024-03-24,2024-06-02,1,0
P011002,1,0,37.0,1332.76,0,2024-03-03,2024-03-03,0,0
P011003,1,0,53.0,1214.86,0,2024-05-29,2024-05-29,0,0
P011004,2,0,44.5,945.25,0,2026-03-27,2026-09-15,1,0
P011005,6,1,27.333333333333332,8409.01,0,2026-03-10,2026-09-29,1,1
P011006,2,1,78.0,9747.12,0,2026-04-19,2026-09-17,1,0
P011007,1,0,22.0,449.33,0,2024-04-16,2024-04-16,0,0
P011008,1,0,24.0,252.39,0,2025-04-11,2025-04-11,0,0
P011009,1,0,12.0,213.96,0,2024-11-02,2024-11-02,0,0
P011010,2,1,70.0,8411.66,0,2024-03-28,2025-01-25,1,0
P011011,1,0,67.0,733.77,0,2026-02-08,2026-02-08,0,0
P011012,1,0,36.0,504.56,0,2025-04-08,2025-04-08,0,0
P011013,2,0,32.5,1310.28,0,2026-02-24,2026-04-27,1,0
P011014,1,1,53.0,4992.62,0,2024-05-04,2024-05-04,0,0
P011015,1,0,33.0,311.92,0,2026-06-07,2026-06-07,0,0
P011016,1,1,74.0,11337.5,0,2025-09-13,2025-09-13,0,0
P011017,2,0,19.0,621.89,0,2026-02-17,2026-09-14,1,0
P011018,2,0,50.0,1975.58,0,2025-08-02,2026-08-03,1,0
P011019,1,1,25.0,7602.45,0,2026-01-04,2026-01-04,0,0
P011020,3,1,48.333333333333336,6391.08,0,2026-05-22,2026-06-27,1,0
P011021,1,1,47.0,13946.96,0,2026-05-05,2026-05-05,0,0
P011022,5,2,41.2,19133.010000000002,1,2024-02-12,2025-04-17,1,1
P011023,1,1,96.0,42308.06,0,2024-09-18,2024-09-18,0,0
P011024,2,0,61.0,3045.89,0,2025-02-16,2025-12-25,1,0
P011025,1,0,10.0,1202.65,0,2024-05-07,2024-05-07,0,0
P011026,1,0,21.0,519.35,0,2026-03-03,2026-03-03,0,0
P011027,2,0,32.0,692.13,0,2024-10-25,2024-12-27,1,0
P011028,1,0,38.0,2703.37,0,2025-03-07,2025-03-07,0,0
P011029,1,0,12.0,196.11,0,2024-02-08,2024-02-08,0,0
P011030,1,1,56.0,2525.57,0,2024-08-01,2024-08-01,0,0
P011031,1,1,33.0,3553.62,0,2025-01-02,2025-01-02,0,0
P011032,1,1,53.0,5984.47,0,2024-06-07,2024-06-07,0,0
P011033,1,0,19.0,313.9,0,2024-03-28,2024-03-28,0,0
P011034,1,0,26.0,465.24,0,2024-02-25,2024-02-25,0,0
P011035,1,1,39.0,14149.53,0,2026-09-01,2026-09-01,0,0
P011036,1,0,72.0,1196.85,0,2024-04-17,2024-04-17,0,0
P011037,1,1,61.0,8576.09,0,2026-02-11,2026-02-11,0,0
P011038,3,0,32.0,2986.4,0,2024-09-20,2026-06-18,1,0
P011039,1,0,115.0,1148.17,0,2024-04-30,2024-04-30,0,0
P011040,1,0,27.0,783.34,0,2025-11-17,2025-11-17,0,0
P011041,1,0,85.0,469.93,0,2024-02-23,2024-02-23,0,0
P011042,1,0,14.0,952.87,0,2026-06-21,2026-06-21,0,0
P011043,1,0,15.0,203.42,0,2026-03-06,2026-03-06,0,0
P011044,1,0,35.0,1086.0,0,2024-01-14,2024-01-14,0,0
P011045,1,0,68.0,826.39,0,2024-12-02,2024-12-02,0,0
P011046,1,1,68.0,5878.67,0,2024-03-18,2024-03-18,0,0
P011047,2,1,52.0,14290.16,0,2024-03-26,2025-02-15,1,0
P011048,1,0,52.0,2014.74,0,2026-02-06,2026-02-06,0,0
P011049,1,0,85.0,580.85,0,2025-08-10,2025-08-10,0,0
P011050,1,0,67.0,1000.52,0,2026-06-07,2026-06-07,0,0
P011051,4,2,37.25,13666.38,0,2025-11-15,2026-05-16,1,1
P011052,1,0,26.0,655.99,0,2025-11-05,2025-11-05,0,0
P011053,1,0,15.0,346.86,0,2026-03-11,2026-03-11,0,0
P011054,1,0,45.0,394.71,0,2024-01-04,2024-01-04,0,0
P011055,2,1,64.5,7958.790000000001,0,2025-03-22,2025-08-31,1,0
P011056,4,2,93.25,33330.880000000005,0,2024-10-14,2026-08-25,1,1
P011057,1,1,25.0,11242.24,0,2026-04-18,2026-04-18,0,0
P011058,3,0,23.0,1778.37,0,2026-01-31,2026-09-24,1,0
P011059,1,0,12.0,430.38,0,2026-03-31,2026-03-31,0,0
P011060,2,1,48.0,2601.9700000000003,0,2024-01-23,2024-12-16,1,0
P011061,2,0,39.5,1096.03,0,2024-12-27,2025-10-08,1,0
P011062,2,0,35.0,2068.59,0,2024-08-26,2025-06-22,1,0
P011063,2,0,53.5,1780.3799999999999,0,2024-06-19,2024-11-08,1,0
P011064,1,0,49.0,633.63,0,2025-08-09,2025-08-09,0,0
P011065,1,0,44.0,278.02,0,2026-09-16,2026-09-16,0,0
P011066,1,0,34.0,280.72,0,2026-08-11,2026-08-11,0,0
P011067,2,1,62.0,8774.8,0,2024-02-04,2024-04-09,1,0
P011068,2,0,28.5,1044.96,0,2025-08-24,2025-11-14,1,0
P011069,1,1,83.0,17637.07,0,2024-06-12,2024-06-12,0,0
P011070,1,1,66.0,1214.03,0,2025-12-01,2025-12-01,0,0
P011071,2,1,48.0,3251.14,1,2026-01-23,2026-02-06,1,0
P011072,1,0,45.0,835.63,0,2024-09-11,2024-09-11,0,0
P011073,2,0,38.0,1708.24,0,2024-04-19,2024-06-28,1,0
P011074,1,1,35.0,13006.02,0,2025-07-26,2025-07-26,0,0
P011075,2,2,47.0,24719.6,0,2024-09-17,2025-01-30,1,0
P011076,2,1,111.5,3203.8999999999996,0,2024-12-26,2025-01-11,1,0
P011077,1,1,66.0,11571.93,0,2025-05-04,2025-05-04,0,0
P011078,1,0,98.0,1710.69,0,2026-05-09,2026-05-09,0,0
P011079,3,0,41.333333333333336,2430.6900000000005,0,2026-03-30,2026-08-07,1,0
P011080,2,1,34.5,11169.859999999999,0,2026-09-07,2026-09-20,1,0
P011081,1,0,26.0,455.3,0,2026-05-10,2026-05-10,0,0
P011082,3,1,59.333333333333336,35154.34,0,2025-08-29,2026-09-17,1,0
P011083,2,1,63.5,8915.07,0,2025-11-22,2025-12-31,1,0
P011084,2,1,72.5,16713.95,0,2024-11-15,2025-11-06,1,0
P011085,2,0,28.5,775.18,0,2025-07-11,2025-10-31,1,0
P011086,1,0,27.0,477.83,0,2025-02-07,2025-02-07,0,0
P011087,4,0,38.75,4904.29,0,2026-03-01,2026-08-03,1,1
P011088,2,2,61.0,3120.7,0,2025-12-04,2026-04-29,1,0
P011089,2,0,43.0,1524.06,0,2024-07-22,2025-01-10,1,0
P011090,2,0,46.0,893.27,0,2024-10-05,2024-10-28,1,0
P011091,2,0,61.5,2099.01,0,2024-03-01,2025-04-10,1,0
P011092,3,1,62.666666666666664,2005.57,0,2024-02-04,2024-12-15,1,0
P011093,2,1,32.0,2712.61,0,2025-08-03,2026-01-24,1,0
P011094,2,1,56.0,11521.29,0,2024-05-06,2024-08-18,1,0
P011095,6,2,55.166666666666664,27710.73,0,2024-07-19,2026-09-19,1,1
P011096,1,1,28.0,10923.96,0,2026-03-19,2026-03-19,0,0
P011097,1,1,27.0,6393.67,0,2025-12-05,2025-12-05,0,0
P011098,3,2,59.666666666666664,11188.16,0,2026-02-21,2026-09-26,1,0
P011099,3,0,87.66666666666667,2837.1299999999997,0,2024-01-31,2025-12-07,1,0
P011100,1,0,34.0,375.03,0,2026-08-15,2026-08-15,0,0
P011101,2,1,42.5,2716.6200000000003,0,2024-05-23,2024-05-30,1,0
P011102,4,3,50.25,15781.25,0,2024-03-09,2025-05-30,1,1
P011103,1,1,71.0,7816.95,0,2026-08-12,2026-08-12,0,0
P011104,2,0,31.0,536.8199999999999,0,2024-12-17,2025-12-12,1,0
P011105,1,0,83.0,383.08,0,2026-04-20,2026-04-20,0,0
P011106,2,0,67.5,1778.4,0,2024-08-23,2025-07-04,1,0
P011107,1,0,18.0,505.94,0,2026-01-31,2026-01-31,0,0
P011108,1,1,28.0,6327.34,0,2025-05-27,2025-05-27,0,0
P011109,2,1,37.5,20677.760000000002,0,2025-08-23,2025-09-20,1,0
P011110,1,1,61.0,9951.79,0,2026-07-28,2026-07-28,0,0
P011111,2,1,82.0,4804.55,0,2024-07-15,2025-04-06,1,0
P011112,2,0,112.0,2539.93,0,2026-09-10,2026-09-29,1,0
P011113,1,1,31.0,6937.08,0,2025-09-27,2025-09-27,0,0
P011114,1,0,60.0,1729.72,0,2026-01-05,2026-01-05,0,0
P011115,1,0,50.0,806.26,0,2025-02-15,2025-02-15,0,0
P011116,1,1,47.0,7072.38,0,2025-05-07,2025-05-07,0,0
P011117,4,1,47.0,9149.789999999999,0,2025-08-05,2026-06-21,1,1
P011118,1,0,50.0,322.48,0,2025-07-24,2025-07-24,0,0
P011119,5,2,35.2,11940.45,0,2026-03-22,2026-09-30,1,1
P011120,2,1,41.0,1587.96,0,2024-02-11,2024-11-13,1,0
P011121,1,1,51.0,8466.16,0,2026-05-22,2026-05-22,0,0
P011122,1,0,50.0,659.39,0,2024-07-13,2024-07-13,0,0
P011123,1,0,33.0,200.04,0,2025-10-01,2025-10-01,0,0
P011124,1,1,50.0,6580.05,0,2026-06-12,2026-06-12,0,0
P011125,1,0,20.0,332.95,0,2025-08-12,2025-08-12,0,0
P011126,1,0,54.0,989.12,0,2026-03-10,2026-03-10,0,0
P011127,1,1,50.0,17673.91,0,2025-05-09,2025-05-09,0,0
P011128,1,1,43.0,6506.34,0,2024-02-16,2024-02-16,0,0
P011129,1,1,42.0,5532.47,0,2026-07-23,2026-07-23,0,0
P011130,1,0,208.0,1325.92,0,2024-11-21,2024-11-21,0,0
P011131,1,1,58.0,4411.15,0,2026-08-23,2026-08-23,0,0
P011132,1,1,21.0,7346.49,0,2024-08-01,2024-08-01,0,0
P011133,1,0,11.0,491.53,0,2026-09-11,2026-09-11,0,0
P011134,1,1,50.0,3731.63,0,2026-05-09,2026-05-09,0,0
P011135,4,1,64.25,6432.89,0,2025-12-05,2026-09-26,1,1
P011136,1,0,25.0,399.39,0,2024-03-14,2024-03-14,0,0
P011137,4,1,20.5,9136.21,0,2024-02-12,2026-02-14,1,1
P011138,1,0,44.0,435.43,0,2026-03-31,2026-03-31,0,0
P011139,4,0,36.25,1971.76,0,2025-06-17,2026-07-09,1,1
P011140,1,0,45.0,606.8,0,2025-09-24,2025-09-24,0,0
P011141,2,0,22.5,1143.8400000000001,0,2026-01-23,2026-04-07,1,0
P011142,1,0,20.0,553.2,0,2026-07-26,2026-07-26,0,0
P011143,1,0,85.0,711.82,0,2025-06-27,2025-06-27,0,0
P011144,2,1,66.0,10034.650000000001,0,2025-01-01,2025-12-29,1,0
P011145,2,1,111.0,24579.84,0,2026-06-19,2026-09-24,1,0
P011146,1,0,41.0,766.54,0,2024-10-21,2024-10-21,0,0
P011147,1,0,53.0,1004.3,0,2025-05-16,2025-05-16,0,0
P011148,1,0,23.0,570.33,0,2026-03-20,2026-03-20,0,0
P011149,2,0,78.5,3345.58,0,2026-01-09,2026-01-18,1,0
P011150,3,1,49.0,9986.22,0,2024-06-18,2025-08-20,1,0
P011151,2,2,31.0,22033.46,0,2026-02-12,2026-04-07,1,0
P011152,3,1,34.666666666666664,5248.91,0,2024-01-07,2024-09-22,1,0
P011153,4,2,42.25,4455.0599999999995,0,2026-03-04,2026-09-15,1,1
P011154,1,1,50.0,7979.64,0,2024-08-12,2024-08-12,0,0
P011155,1,1,32.0,6767.36,0,2025-09-21,2025-09-21,0,0
P011156,1,1,38.0,11043.99,0,2026-02-17,2026-02-17,0,0
P011157,1,0,61.0,442.09,0,2025-07-20,2025-07-20,0,0
P011158,1,1,75.0,5222.01,0,2024-08-06,2024-08-06,0,0
P011159,4,2,33.0,3932.3199999999997,1,2025-10-13,2026-09-19,1,1
P011160,1,1,45.0,13759.5,0,2025-12-18,2025-12-18,0,0
P011161,1,0,20.0,288.31,0,2025-01-04,2025-01-04,0,0
P011162,1,0,61.0,2775.42,0,2024-10-21,2024-10-21,0,0
P011163,4,1,56.25,4906.59,0,2024-05-12,2025-07-17,1,1
P011164,1,1,44.0,9382.49,0,2024-09-16,2024-09-16,0,0
P011165,1,0,34.0,570.54,0,2025-12-07,2025-12-07,0,0
P011166,1,1,25.0,7273.68,0,2024-10-07,2024-10-07,0,0
P011167,2,0,27.0,848.95,0,2024-03-30,2024-12-03,1,0
P011168,2,0,54.0,1231.2199999999998,0,2024-07-21,2025-06-14,1,0
P011169,1,1,55.0,17849.21,0,2024-09-30,2024-09-30,0,0
P011170,1,0,17.0,405.68,0,2025-12-20,2025-12-20,0,0
P011171,3,1,28.333333333333332,9512.599999999999,0,2025-04-11,2026-03-31,1,0
P011172,2,0,31.0,1806.42,0,2025-03-07,2025-05-23,1,0
P011173,1,0,25.0,513.54,0,2025-10-20,2025-10-20,0,0
P011174,1,0,42.0,328.04,0,2025-06-13,2025-06-13,0,0
P011175,1,0,9.0,493.43,0,2025-04-02,2025-04-02,0,0
P011176,1,1,42.0,15711.87,0,2025-04-10,2025-04-10,0,0
P011177,3,1,42.0,6406.2699999999995,0,2025-12-09,2026-03-23,1,0
P011178,1,0,11.0,771.9,0,2025-11-10,2025-11-10,0,0
P011179,1,1,87.0,7265.17,0,2025-04-15,2025-04-15,0,0
P011180,1,0,21.0,414.17,0,2026-01-01,2026-01-01,0,0
P011181,3,0,54.666666666666664,2634.5199999999995,0,2026-09-04,2026-09-26,1,0
P011182,4,1,25.0,3544.18,0,2025-07-28,2026-01-17,1,1
P011183,1,1,50.0,12005.51,0,2026-01-14,2026-01-14,0,0
P011184,1,1,37.0,7587.32,0,2024-07-08,2024-07-08,0,0
P011185,2,0,59.0,830.51,0,2024-09-26,2024-11-27,1,0
P011186,1,0,117.0,761.91,0,2025-11-05,2025-11-05,0,0
P011187,1,0,30.0,202.87,0,2024-09-30,2024-09-30,0,0
P011188,1,0,31.0,361.48,0,2024-11-08,2024-11-08,0,0
P011189,3,1,40.666666666666664,7871.4400000000005,0,2024-06-30,2026-02-19,1,0
P011190,3,0,47.666666666666664,1248.78,0,2024-03-18,2025-11-02,1,0
P011191,1,0,25.0,405.61,0,2024-09-01,2024-09-01,0,0
P011192,1,0,24.0,700.08,0,2025-01-11,2025-01-11,0,0
P011193,1,0,21.0,294.62,0,2024-06-04,2024-06-04,0,0
P011194,1,0,31.0,149.51,0,2024-08-21,2024-08-21,0,0
P011195,1,0,29.0,552.43,0,2025-08-01,2025-08-01,0,0
P011196,1,0,38.0,333.74,0,2024-06-02,2024-06-02,0,0
P011197,2,0,37.5,1701.73,0,2024-09-27,2025-07-31,1,0
P011198,2,1,161.5,10413.23,0,2025-06-20,2025-07-27,1,0
P011199,2,0,17.0,1246.65,0,2025-02-11,2025-07-06,1,0
P011200,1,0,33.0,356.75,0,2025-01-18,2025-01-18,0,0
P011201,2,1,45.0,8951.810000000001,0,2024-08-05,2024-10-24,1,0
P011202,1,0,42.0,1122.31,0,2026-04-20,2026-04-20,0,0
P011203,1,0,31.0,277.99,0,2026-02-05,2026-02-05,0,0
P011204,4,1,55.25,4193.47,0,2025-03-10,2026-09-22,1,1
P011205,1,0,36.0,622.15,0,2026-08-08,2026-08-08,0,0
P011206,1,1,98.0,6527.1,0,2026-05-18,2026-05-18,0,0
P011207,1,0,13.0,328.39,0,2025-11-12,2025-11-12,0,0
P011208,1,0,41.0,829.28,0,2025-02-17,2025-02-17,0,0
P011209,3,1,61.333333333333336,13628.22,0,2026-07-25,2026-09-28,1,0
P011210,2,0,40.0,770.3,0,2025-03-18,2025-12-27,1,0
P011211,1,0,31.0,367.95,0,2025-03-30,2025-03-30,0,0
P011212,1,0,90.0,687.87,0,2026-03-29,2026-03-29,0,0
P011213,1,0,25.0,518.94,0,2026-04-26,2026-04-26,0,0
P011214,2,1,62.0,12586.0,0,2024-11-28,2025-05-17,1,0
P011215,1,0,30.0,1586.5,0,2026-05-17,2026-05-17,0,0
P011216,1,1,107.0,19518.4,0,2025-01-12,2025-01-12,0,0
P011217,3,2,66.66666666666667,9905.29,0,2025-01-05,2025-05-09,1,0
P011218,1,0,76.0,264.36,0,2025-06-30,2025-06-30,0,0
P011219,1,0,11.0,329.81,0,2025-06-17,2025-06-17,0,0
P011220,4,4,68.75,36894.84,0,2024-04-20,2024-10-12,1,1
P011221,1,0,72.0,854.39,0,2025-06-14,2025-06-14,0,0
P011222,2,1,30.0,3368.88,0,2025-07-13,2025-11-17,1,0
P011223,1,0,22.0,401.29,0,2024-10-28,2024-10-28,0,0
P011224,1,1,65.0,4689.95,0,2026-06-27,2026-06-27,0,0
P011225,2,0,32.0,1719.6299999999999,0,2025-10-16,2026-09-27,1,0
P011226,2,2,45.0,13720.529999999999,0,2024-02-22,2024-08-16,1,0
P011227,1,0,77.0,581.17,0,2025-12-13,2025-12-13,0,0
P011228,1,0,20.0,642.9,0,2026-06-11,2026-06-11,0,0
P011229,1,1,54.0,35164.36,0,2025-03-04,2025-03-04,0,0
P011230,2,0,63.0,2609.3,0,2025-08-27,2025-09-12,1,0
P011231,2,0,18.0,886.24,0,2026-07-31,2026-09-25,1,0
P011232,1,0,172.0,667.95,0,2024-01-24,2024-01-24,0,0
P011233,1,0,38.0,381.39,0,2026-03-28,2026-03-28,0,0
P011234,1,0,26.0,1163.26,0,2024-11-17,2024-11-17,0,0
P011235,2,1,48.0,3043.7200000000003,0,2025-02-08,2025-07-04,1,0
P011236,1,0,23.0,147.23,0,2026-09-29,2026-09-29,0,0
P011237,1,0,113.0,2804.41,0,2024-09-06,2024-09-06,0,0
P011238,4,1,34.0,9618.79,0,2024-02-25,2025-02-20,1,1
P011239,3,0,106.66666666666667,3398.27,0,2025-05-29,2026-05-22,1,0
P011240,1,1,67.0,17792.18,0,2024-03-28,2024-03-28,0,0
P011241,3,1,96.66666666666667,13608.53,0,2024-08-04,2025-09-04,1,0
P011242,2,1,41.0,13131.69,0,2026-08-07,2026-09-27,1,0
P011243,4,1,26.25,3439.6000000000004,0,2025-07-16,2026-09-29,1,1
P011244,1,0,72.0,1670.81,0,2024-12-26,2024-12-26,0,0
P011245,1,1,103.0,5777.9,0,2026-04-06,2026-04-06,0,0
P011246,1,0,45.0,349.82,0,2025-08-24,2025-08-24,0,0
P011247,1,1,78.0,15603.14,0,2026-01-28,2026-01-28,0,0
P011248,1,1,34.0,2213.1,0,2025-07-20,2025-07-20,0,0
P011249,3,1,36.333333333333336,3398.83,0,2025-12-22,2026-09-13,1,0
P011250,3,1,48.333333333333336,2766.04,0,2024-07-01,2025-07-02,1,0
P011251,3,1,29.333333333333332,6636.07,0,2024-10-29,2026-02-04,1,0
P011252,1,1,36.0,4055.53,0,2025-01-12,2025-01-12,0,0
P011253,6,0,36.5,3642.47,0,2025-10-26,2026-09-28,1,1
P011254,3,0,27.666666666666668,2305.9700000000003,0,2025-11-06,2026-05-01,1,0
P011255,2,0,14.5,1231.15,0,2026-06-07,2026-09-28,1,0
P011256,3,1,37.0,1549.54,0,2025-06-19,2025-09-06,1,0
P011257,1,1,101.0,1582.19,0,2026-05-29,2026-05-29,0,0
P011258,1,0,87.0,1095.33,0,2024-09-02,2024-09-02,0,0
P011259,2,1,109.5,2913.26,0,2024-12-12,2025-11-11,1,0
P011260,1,1,53.0,8562.16,0,2026-06-03,2026-06-03,0,0
P011261,1,0,30.0,201.91,0,2024-03-19,2024-03-19,0,0
P011262,1,0,24.0,552.48,0,2024-06-23,2024-06-23,0,0
P011263,2,0,59.0,2234.52,0,2024-03-04,2024-05-07,1,0
P011264,3,1,17.666666666666668,2571.51,0,2026-09-05,2026-09-19,1,0
P011265,1,0,16.0,705.71,0,2024-06-21,2024-06-21,0,0
P011266,1,0,81.0,1007.99,0,2025-03-09,2025-03-09,0,0
P011267,5,1,40.2,15122.14,0,2025-02-24,2025-09-15,1,1
P011268,1,1,21.0,1620.29,0,2024-07-12,2024-07-12,0,0
P011269,1,0,9.0,325.59,0,2026-03-21,2026-03-21,0,0
P011270,1,0,114.0,918.9,0,2026-04-27,2026-04-27,0,0
P011271,2,1,69.0,10235.679999999998,0,2024-06-14,2025-04-29,1,0
P011272,1,0,29.0,480.09,0,2025-08-04,2025-08-04,0,0
P011273,1,1,76.0,2729.62,0,2024-01-22,2024-01-22,0,0
P011274,2,0,84.0,1405.83,0,2024-12-01,2024-12-25,1,0
P011275,1,1,28.0,20514.44,0,2025-10-16,2025-10-16,0,0
P011276,1,0,20.0,414.72,0,2025-07-31,2025-07-31,0,0
P011277,1,0,11.0,549.24,0,2024-02-16,2024-02-16,0,0
P011278,1,0,40.0,332.28,0,2026-03-18,2026-03-18,0,0
P011279,1,1,62.0,10501.57,0,2024-05-31,2024-05-31,0,0
P011280,3,0,22.333333333333332,1539.13,0,2024-05-26,2025-06-30,1,0
P011281,1,0,16.0,503.79,0,2025-01-31,2025-01-31,0,0
P011282,1,0,11.0,590.9,0,2025-09-30,2025-09-30,0,0
P011283,1,0,59.0,793.76,0,2026-04-18,2026-04-18,0,0
P011284,1,0,198.0,473.38,0,2024-12-23,2024-12-23,0,0
P011285,1,1,38.0,2104.97,0,2024-01-05,2024-01-05,0,0
P011286,4,3,69.25,38961.52,0,2025-07-14,2026-09-30,1,1
P011287,1,0,13.0,187.64,0,2025-03-15,2025-03-15,0,0
P011288,1,0,5.0,825.07,0,2026-08-20,2026-08-20,0,0
P011289,3,2,63.333333333333336,16390.370000000003,0,2026-05-29,2026-09-20,1,0
P011290,1,1,137.0,7171.1,0,2024-01-01,2024-01-01,0,0
P011291,1,0,9.0,410.22,0,2024-12-11,2024-12-11,0,0
P011292,1,0,24.0,1184.48,0,2024-12-11,2024-12-11,0,0
P011293,4,1,57.5,8759.26,0,2024-02-05,2025-04-26,1,1
P011294,1,1,34.0,9613.12,0,2024-06-17,2024-06-17,0,0
P011295,2,1,52.0,4008.6099999999997,0,2025-11-21,2025-12-06,1,0
P011296,1,0,29.0,1831.82,0,2024-12-07,2024-12-07,0,0
P011297,1,0,40.0,433.57,0,2024-04-25,2024-04-25,0,0
P011298,1,0,25.0,368.91,0,2024-08-19,2024-08-19,0,0
P011299,1,0,55.0,1011.21,0,2024-10-19,2024-10-19,0,0
P011300,1,1,109.0,967.24,0,2024-11-10,2024-11-10,0,0
P011301,2,1,57.0,12299.8,0,2025-03-16,2025-03-28,1,0
P011302,1,0,52.0,512.58,0,2025-12-29,2025-12-29,0,0
P011303,1,1,40.0,1915.16,0,2026-02-13,2026-02-13,0,0
P011304,4,1,56.0,13491.62,0,2025-03-08,2026-05-26,1,1
P011305,1,0,32.0,336.9,0,2025-05-19,2025-05-19,0,0
P011306,1,1,50.0,14762.39,0,2024-02-23,2024-02-23,0,0
P011307,1,0,26.0,317.87,0,2026-04-10,2026-04-10,0,0
P011308,1,0,33.0,1505.56,0,2025-11-19,2025-11-19,0,0
P011309,2,1,60.0,10971.44,0,2025-07-20,2026-04-22,1,0
P011310,2,1,68.5,8948.52,0,2025-12-11,2026-09-28,1,0
P011311,3,0,47.0,2209.77,0,2026-07-09,2026-09-24,1,0
P011312,1,0,20.0,269.28,0,2025-11-24,2025-11-24,0,0
P011313,2,0,64.0,1607.48,0,2025-06-07,2025-08-13,1,0
P011314,1,0,26.0,575.98,0,2025-12-26,2025-12-26,0,0
P011315,1,0,15.0,415.82,0,2026-06-22,2026-06-22,0,0
P011316,1,0,22.0,525.41,0,2025-08-14,2025-08-14,0,0
P011317,2,0,52.0,3203.86,0,2024-04-13,2025-04-25,1,0
P011318,2,1,29.5,1633.35,0,2024-01-25,2025-02-06,1,0
P011319,1,0,32.0,664.52,0,2025-08-02,2025-08-02,0,0
P011320,2,0,86.5,2186.94,0,2025-12-11,2026-07-24,1,0
P011321,1,1,54.0,7531.36,0,2024-11-06,2024-11-06,0,0
P011322,3,1,69.33333333333333,11083.87,0,2026-04-26,2026-06-19,1,0
P011323,2,1,58.0,9049.5,0,2026-02-15,2026-08-27,1,0
P011324,1,0,49.0,331.05,0,2026-06-13,2026-06-13,0,0
P011325,1,1,43.0,8422.48,0,2024-06-25,2024-06-25,0,0
P011326,5,3,48.0,33482.21,0,2025-06-08,2026-09-22,1,1
P011327,1,0,31.0,764.41,0,2026-09-14,2026-09-14,0,0
P011328,3,2,81.66666666666667,11855.64,0,2024-06-03,2025-06-04,1,0
P011329,1,0,24.0,254.21,0,2025-09-21,2025-09-21,0,0
P011330,2,2,50.0,21933.84,0,2026-01-01,2026-06-21,1,0
P011331,2,2,77.0,22491.61,0,2025-12-22,2026-01-27,1,0
P011332,1,0,213.0,583.45,0,2026-06-15,2026-06-15,0,0
P011333,2,1,28.0,17097.71,0,2026-06-29,2026-09-13,1,0
P011334,1,0,28.0,353.58,0,2025-05-03,2025-05-03,0,0
P011335,1,0,58.0,1973.58,0,2025-03-29,2025-03-29,0,0
P011336,1,0,35.0,296.22,0,2024-10-26,2024-10-26,0,0
P011337,1,0,28.0,736.5,0,2026-03-15,2026-03-15,0,0
P011338,1,0,15.0,408.93,0,2026-09-14,2026-09-14,0,0
P011339,1,0,25.0,482.72,0,2024-01-27,2024-01-27,0,0
P011340,1,0,22.0,644.22,0,2025-11-05,2025-11-05,0,0
P011341,2,0,151.5,1188.4299999999998,0,2026-06-16,2026-09-14,1,0
P011342,1,0,28.0,366.24,0,2026-02-01,2026-02-01,0,0
P011343,5,1,45.2,19808.730000000003,0,2025-05-20,2026-09-19,1,1
P011344,1,0,65.0,719.01,0,2025-01-06,2025-01-06,0,0
P011345,2,1,83.5,3538.79,0,2024-07-17,2024-08-05,1,0
P011346,1,0,140.0,1693.86,0,2026-01-22,2026-01-22,0,0
P011347,2,0,82.5,1392.8799999999999,0,2024-04-18,2025-05-26,1,0
P011348,1,0,72.0,552.85,0,2025-10-22,2025-10-22,0,0
P011349,1,1,24.0,11009.11,0,2025-03-18,2025-03-18,0,0
P011350,1,1,54.0,7167.73,0,2024-08-27,2024-08-27,0,0
P011351,2,2,68.0,18438.690000000002,0,2024-11-03,2025-02-12,1,0
P011352,1,0,20.0,529.18,0,2024-06-01,2024-06-01,0,0
P011353,3,0,77.33333333333333,1885.05,0,2024-08-14,2025-08-31,1,0
P011354,2,0,30.0,990.15,0,2025-07-21,2026-08-31,1,0
P011355,1,0,28.0,415.08,0,2025-09-26,2025-09-26,0,0
P011356,1,0,24.0,1818.37,0,2024-10-21,2024-10-21,0,0
P011357,2,2,44.5,11089.54,0,2025-09-13,2026-09-17,1,0
P011358,2,0,31.0,754.56,0,2025-07-10,2025-08-18,1,0
P011359,3,1,31.0,4546.88,0,2025-06-04,2026-06-13,1,0
P011360,1,0,21.0,372.14,0,2025-07-07,2025-07-07,0,0
P011361,1,0,47.0,469.87,0,2024-07-02,2024-07-02,0,0
P011362,2,1,83.0,7402.53,0,2026-07-17,2026-09-30,1,0
P011363,1,0,20.0,411.56,0,2025-08-04,2025-08-04,0,0
P011364,2,0,28.5,1488.27,0,2025-04-12,2025-05-08,1,0
P011365,3,1,51.0,4915.63,0,2024-02-01,2025-08-18,1,0
P011366,2,1,56.5,3189.5699999999997,0,2025-01-22,2025-03-15,1,0
P011367,1,0,132.0,1465.56,0,2026-06-29,2026-06-29,0,0
P011368,1,0,111.0,963.88,0,2025-08-17,2025-08-17,0,0
P011369,2,0,51.5,2562.25,0,2024-01-13,2024-04-25,1,0
P011370,1,1,104.0,11201.5,0,2024-01-13,2024-01-13,0,0
P011371,1,0,19.0,268.22,0,2026-04-24,2026-04-24,0,0
P011372,3,0,25.0,1484.11,0,2025-06-04,2026-04-15,1,0
P011373,1,0,40.0,556.39,0,2026-03-27,2026-03-27,0,0
P011374,2,1,35.0,2522.63,0,2025-10-10,2025-10-17,1,0
P011375,1,0,67.0,583.07,0,2026-09-07,2026-09-07,0,0
P011376,6,1,36.5,5494.29,0,2024-01-17,2026-07-15,1,1
P011377,1,0,33.0,1446.83,0,2024-01-20,2024-01-20,0,0
P011378,2,2,32.5,9288.7,0,2025-03-08,2026-01-05,1,0
P011379,3,2,67.66666666666667,8809.12,0,2025-10-15,2026-09-25,1,0
P011380,2,0,50.0,1384.63,0,2026-06-29,2026-09-24,1,0
P011381,1,1,30.0,5114.12,0,2025-04-18,2025-04-18,0,0
P011382,1,0,51.0,496.9,0,2025-03-25,2025-03-25,0,0
P011383,1,1,60.0,5010.4,0,2025-05-17,2025-05-17,0,0
P011384,2,0,68.0,890.1600000000001,0,2024-12-20,2026-01-21,1,0
P011385,1,0,78.0,1907.24,0,2025-08-07,2025-08-07,0,0
P011386,4,0,59.75,2970.92,0,2024-09-24,2024-12-12,1,1
P011387,1,0,70.0,407.37,0,2025-06-10,2025-06-10,0,0
P011388,1,0,27.0,555.03,0,2025-05-24,2025-05-24,0,0
P011389,1,0,33.0,234.49,0,2026-06-21,2026-06-21,0,0
P011390,1,0,58.0,453.7,0,2025-01-29,2025-01-29,0,0
P011391,2,2,51.5,9543.6,0,2026-05-09,2026-07-20,1,0
P011392,2,1,44.0,21426.21,0,2026-07-29,2026-09-24,1,0
P011393,1,0,54.0,1247.13,0,2025-08-15,2025-08-15,0,0
P011394,1,0,19.0,308.81,0,2024-05-22,2024-05-22,0,0
P011395,4,3,75.75,16353.24,0,2025-08-18,2026-07-02,1,1
P011396,4,1,51.0,9537.849999999999,0,2025-10-31,2026-09-23,1,1
P011397,1,1,138.0,8355.06,0,2024-07-26,2024-07-26,0,0
P011398,1,1,41.0,5043.76,0,2024-06-15,2024-06-15,0,0
P011399,1,1,64.0,11405.96,0,2025-01-11,2025-01-11,0,0
P011400,1,0,297.0,520.46,0,2024-11-05,2024-11-05,0,0
P011401,2,1,75.0,2673.39,0,2025-10-31,2026-09-17,1,0
P011402,1,0,14.0,913.49,0,2024-04-05,2024-04-05,0,0
P011403,2,0,31.0,1742.56,0,2026-05-15,2026-09-28,1,0
P011404,1,0,64.0,517.39,0,2025-05-17,2025-05-17,0,0
P011405,1,0,33.0,351.9,0,2026-07-19,2026-07-19,0,0
P011406,2,1,22.5,13753.689999999999,0,2026-01-26,2026-09-10,1,0
P011407,1,1,93.0,10923.52,0,2026-06-29,2026-06-29,0,0
P011408,2,0,36.0,1158.35,0,2026-02-19,2026-04-09,1,0
P011409,2,0,104.0,3889.01,0,2025-12-22,2026-08-06,1,0
P011410,2,1,49.5,6582.150000000001,0,2024-10-14,2025-07-06,1,0
P011411,1,1,108.0,10942.46,0,2026-08-29,2026-08-29,0,0
P011412,1,0,74.0,1242.67,0,2024-11-21,2024-11-21,0,0
P011413,2,0,98.5,941.69,0,2025-10-21,2025-11-09,1,0
P011414,1,0,97.0,717.84,0,2025-05-21,2025-05-21,0,0
P011415,1,0,17.0,446.58,0,2024-10-01,2024-10-01,0,0
P011416,1,1,34.0,7475.38,0,2024-05-08,2024-05-08,0,0
P011417,1,0,20.0,621.3,0,2024-07-10,2024-07-10,0,0
P011418,1,1,42.0,9628.83,0,2025-10-30,2025-10-30,0,0
P011419,1,1,52.0,5690.7,0,2024-05-10,2024-05-10,0,0
P011420,1,1,81.0,3589.56,0,2025-11-11,2025-11-11,0,0
P011421,1,1,57.0,4377.44,0,2025-03-15,2025-03-15,0,0
P011422,3,2,56.666666666666664,18485.37,0,2026-03-28,2026-09-21,1,0
P011423,3,1,146.33333333333334,14180.189999999999,0,2025-08-24,2026-06-08,1,0
P011424,2,1,73.0,18070.539999999997,0,2024-05-09,2025-05-27,1,0
P011425,2,0,73.0,1676.27,0,2026-03-25,2026-05-26,1,0
P011426,3,1,56.333333333333336,18125.52,0,2026-01-02,2026-09-22,1,0
P011427,1,1,38.0,2923.73,0,2025-07-14,2025-07-14,0,0
P011428,3,0,34.666666666666664,2657.0,0,2026-05-24,2026-09-14,1,0
P011429,2,2,53.5,2250.83,0,2026-03-27,2026-09-12,1,0
P011430,2,0,27.5,1278.81,0,2024-04-22,2025-02-11,1,0
P011431,3,1,51.0,9201.69,0,2024-03-31,2025-10-29,1,0
P011432,1,0,46.0,942.63,0,2026-05-09,2026-05-09,0,0
P011433,1,0,36.0,628.86,0,2025-08-29,2025-08-29,0,0
P011434,1,0,27.0,1030.83,0,2024-01-25,2024-01-25,0,0
P011435,2,0,31.5,1696.8899999999999,0,2024-04-20,2025-01-29,1,0
P011436,1,1,63.0,9785.11,0,2025-02-12,2025-02-12,0,0
P011437,1,0,25.0,422.07,0,2024-12-03,2024-12-03,0,0
P011438,1,0,30.0,334.76,0,2025-11-15,2025-11-15,0,0
P011439,1,0,23.0,795.26,0,2026-08-24,2026-08-24,0,0
P011440,1,0,62.0,924.39,0,2026-01-20,2026-01-20,0,0
P011441,1,1,46.0,5271.3,0,2024-08-20,2024-08-20,0,0
P011442,1,0,18.0,171.72,0,2025-07-05,2025-07-05,0,0
P011443,2,1,59.5,3708.88,0,2026-03-15,2026-06-02,1,0
P011444,6,4,67.66666666666667,27739.05,1,2026-07-14,2026-09-30,1,1
P011445,3,0,35.333333333333336,1181.19,0,2025-02-02,2025-07-16,1,0
P011446,4,0,59.0,4234.5,0,2024-10-21,2025-09-15,1,1
P011447,4,2,44.25,10019.32,0,2024-11-29,2025-10-19,1,1
P011448,1,0,54.0,427.9,0,2026-01-13,2026-01-13,0,0
P011449,2,1,34.0,7453.97,0,2026-02-04,2026-05-02,1,0
P011450,1,0,17.0,494.43,0,2024-04-19,2024-04-19,0,0
P011451,1,0,26.0,228.61,0,2024-05-04,2024-05-04,0,0
P011452,2,1,53.0,9838.08,0,2026-05-18,2026-09-26,1,0
P011453,1,1,33.0,2816.13,0,2026-07-23,2026-07-23,0,0
P011454,3,0,60.333333333333336,1851.7400000000002,0,2026-01-13,2026-06-29,1,0
P011455,1,0,79.0,726.49,0,2025-07-06,2025-07-06,0,0
P011456,1,1,26.0,16269.66,0,2024-03-05,2024-03-05,0,0
P011457,2,1,69.0,13826.5,0,2026-01-30,2026-09-14,1,0
P011458,1,0,36.0,593.82,0,2024-12-26,2024-12-26,0,0
P011459,1,1,90.0,6549.97,0,2024-11-03,2024-11-03,0,0
P011460,2,0,26.0,1311.08,0,2026-07-29,2026-08-22,1,0
P011461,1,0,60.0,525.91,0,2025-02-09,2025-02-09,0,0
P011462,2,0,44.0,558.83,0,2025-03-26,2026-03-22,1,0
P011463,1,0,22.0,308.07,0,2025-03-10,2025-03-10,0,0
P011464,1,0,27.0,265.26,0,2026-03-24,2026-03-24,0,0
P011465,2,1,35.5,1837.2600000000002,0,2025-01-08,2025-04-24,1,0
P011466,1,1,30.0,1463.41,0,2024-04-23,2024-04-23,0,0
P011467,2,0,14.0,1034.21,0,2026-02-22,2026-04-28,1,0
P011468,1,0,10.0,343.15,0,2026-08-10,2026-08-10,0,0
P011469,1,0,19.0,426.85,0,2025-09-27,2025-09-27,0,0
P011470,2,0,20.5,935.35,0,2024-01-17,2025-02-18,1,0
P011471,2,1,40.0,4448.85,0,2026-05-16,2026-08-11,1,0
P011472,1,0,81.0,1281.29,0,2026-06-25,2026-06-25,0,0
P011473,1,0,145.0,1282.98,0,2024-01-09,2024-01-09,0,0
P011474,2,0,49.5,2075.15,0,2024-09-12,2024-09-30,1,0
P011475,1,0,155.0,787.6,0,2025-11-17,2025-11-17,0,0
P011476,4,0,25.0,5071.44,0,2024-08-08,2026-04-26,1,1
P011477,2,0,51.5,1539.3799999999999,0,2025-02-21,2025-05-23,1,0
P011478,1,0,32.0,752.0,0,2024-04-12,2024-04-12,0,0
P011479,3,1,41.0,1919.74,0,2025-11-25,2026-09-14,1,0
P011480,1,0,200.0,869.79,0,2024-09-18,2024-09-18,0,0
P011481,4,2,39.5,9484.51,0,2025-06-06,2026-07-21,1,1
P011482,1,1,39.0,4241.22,0,2024-09-29,2024-09-29,0,0
P011483,3,0,53.333333333333336,1512.1,0,2026-03-20,2026-09-26,1,0
P011484,3,0,65.66666666666667,3285.75,0,2025-10-11,2026-07-12,1,0
P011485,2,0,48.5,1644.72,0,2025-10-26,2026-09-17,1,0
P011486,2,0,22.0,957.95,0,2026-08-13,2026-09-26,1,0
P011487,1,0,23.0,245.85,0,2024-02-26,2024-02-26,0,0
P011488,3,1,50.333333333333336,2425.0,0,2025-01-22,2025-10-14,1,0
P011489,2,1,24.5,30445.67,0,2026-08-17,2026-09-12,1,0
P011490,1,0,33.0,534.6,0,2025-10-08,2025-10-08,0,0
P011491,1,0,26.0,656.16,0,2024-11-21,2024-11-21,0,0
P011492,1,1,94.0,16731.44,0,2025-12-31,2025-12-31,0,0
P011493,6,4,56.333333333333336,26413.19,0,2025-08-31,2026-09-17,1,1
P011494,1,0,32.0,213.59,0,2026-08-16,2026-08-16,0,0
P011495,3,1,46.333333333333336,3484.79,0,2026-03-18,2026-09-27,1,0
P011496,1,0,17.0,353.56,0,2026-02-09,2026-02-09,0,0
P011497,2,0,36.5,2113.02,0,2025-05-11,2025-06-20,1,0
P011498,2,0,45.5,1456.0900000000001,0,2026-07-24,2026-09-22,1,0
P011499,1,0,18.0,421.24,0,2025-08-23,2025-08-23,0,0
P011500,1,0,9.0,501.86,0,2025-09-06,2025-09-06,0,0
P011501,2,1,45.5,14391.76,0,2025-08-23,2025-09-14,1,0
P011502,2,1,37.5,5215.25,0,2025-10-06,2025-12-21,1,0
P011503,2,1,77.0,9821.91,0,2024-05-03,2024-06-21,1,0
P011504,1,0,25.0,460.05,0,2026-07-17,2026-07-17,0,0
P011505,6,0,53.333333333333336,3422.0699999999997,0,2025-01-03,2026-09-24,1,1
P011506,2,0,40.0,3518.7200000000003,0,2026-03-26,2026-09-30,1,0
P011507,1,1,108.0,9902.91,0,2024-08-31,2024-08-31,0,0
P011508,1,0,78.0,581.37,0,2024-07-01,2024-07-01,0,0
P011509,1,1,106.0,7742.56,0,2025-04-08,2025-04-08,0,0
P011510,1,0,37.0,510.42,0,2025-08-04,2025-08-04,0,0
P011511,1,0,66.0,1068.3,0,2026-08-10,2026-08-10,0,0
P011512,1,0,128.0,1317.16,0,2024-03-30,2024-03-30,0,0
P011513,6,1,39.0,6415.87,1,2026-08-15,2026-09-29,1,1
P011514,1,1,42.0,1694.48,0,2024-02-08,2024-02-08,0,0
P011515,3,0,86.33333333333333,1495.09,0,2024-03-27,2026-06-18,1,0
P011516,1,0,121.0,971.05,0,2026-06-17,2026-06-17,0,0
P011517,1,1,118.0,47491.01,0,2024-10-08,2024-10-08,0,0
P011518,2,0,20.0,1100.83,0,2025-03-23,2026-05-04,1,0
P011519,1,1,49.0,2155.24,0,2025-05-04,2025-05-04,0,0
P011520,2,1,38.5,2121.9,0,2026-02-14,2026-05-31,1,0
P011521,1,0,15.0,1501.24,0,2026-03-04,2026-03-04,0,0
P011522,1,0,61.0,515.47,0,2024-02-14,2024-02-14,0,0
P011523,2,0,94.5,1279.33,0,2024-01-27,2025-02-23,1,0
P011524,2,1,76.5,19021.96,0,2024-02-20,2024-10-23,1,0
P011525,1,1,111.0,10256.66,0,2024-06-28,2024-06-28,0,0
P011526,1,0,75.0,1141.07,0,2025-01-12,2025-01-12,0,0
P011527,1,0,26.0,196.65,0,2026-09-01,2026-09-01,0,0
P011528,1,0,66.0,301.9,0,2026-05-23,2026-05-23,0,0
P011529,2,1,51.0,9013.06,0,2024-12-19,2025-02-13,1,0
P011530,1,1,112.0,7608.76,0,2026-08-29,2026-08-29,0,0
P011531,1,0,10.0,819.24,0,2024-02-14,2024-02-14,0,0
P011532,3,1,33.0,16004.13,0,2025-10-16,2026-09-30,1,0
P011533,1,0,20.0,326.97,0,2025-02-22,2025-02-22,0,0
P011534,4,1,101.25,5467.18,0,2024-05-14,2025-10-02,1,1
P011535,1,0,48.0,894.94,0,2024-04-26,2024-04-26,0,0
P011536,1,0,48.0,1160.79,0,2026-04-19,2026-04-19,0,0
P011537,1,1,43.0,11465.46,0,2026-08-15,2026-08-15,0,0
P011538,1,1,48.0,13827.93,0,2025-11-05,2025-11-05,0,0
P011539,1,0,69.0,707.71,0,2024-01-15,2024-01-15,0,0
P011540,1,0,25.0,882.61,0,2026-04-21,2026-04-21,0,0
P011541,1,0,58.0,928.95,0,2024-05-10,2024-05-10,0,0
P011542,2,0,20.0,1317.15,0,2026-01-25,2026-09-27,1,0
P011543,1,1,56.0,6048.03,0,2024-08-19,2024-08-19,0,0
P011544,1,0,41.0,952.06,0,2026-01-21,2026-01-21,0,0
P011545,1,1,54.0,19615.57,0,2024-10-22,2024-10-22,0,0
P011546,1,1,48.0,7353.6,0,2026-05-13,2026-05-13,0,0
P011547,1,0,48.0,249.82,0,2025-03-01,2025-03-01,0,0
P011548,4,0,44.5,1403.12,0,2025-04-27,2025-12-05,1,1
P011549,1,1,70.0,11552.18,0,2026-02-16,2026-02-16,0,0
P011550,3,1,28.0,8681.56,0,2024-12-21,2025-05-30,1,0
P011551,1,0,28.0,1276.28,0,2024-03-14,2024-03-14,0,0
P011552,2,0,53.0,1275.42,0,2025-10-13,2026-01-05,1,0
P011553,1,1,45.0,5933.63,0,2025-05-29,2025-05-29,0,0
P011554,1,0,38.0,1510.93,0,2026-09-22,2026-09-22,0,0
P011555,3,2,47.0,12304.710000000001,0,2025-07-21,2026-08-23,1,0
P011556,2,0,30.5,681.95,0,2025-04-11,2026-04-30,1,0
P011557,3,1,53.0,9459.03,0,2026-01-27,2026-09-30,1,0
P011558,1,0,45.0,885.66,0,2025-01-13,2025-01-13,0,0
P011559,1,0,15.0,241.02,0,2024-05-14,2024-05-14,0,0
P011560,1,0,45.0,612.72,0,2024-05-06,2024-05-06,0,0
P011561,3,0,29.0,1339.42,0,2024-07-22,2025-07-14,1,0
P011562,3,1,93.0,8165.41,0,2025-07-02,2026-09-28,1,0
P011563,1,1,58.0,13153.51,0,2025-04-27,2025-04-27,0,0
P011564,1,0,14.0,854.9,0,2024-04-17,2024-04-17,0,0
P011565,2,0,47.0,1149.56,0,2025-11-08,2026-02-24,1,0
P011566,1,0,20.0,242.83,0,2024-08-21,2024-08-21,0,0
P011567,1,1,46.0,7875.59,0,2024-11-08,2024-11-08,0,0
P011568,1,0,10.0,393.73,0,2024-01-29,2024-01-29,0,0
P011569,1,0,112.0,984.83,0,2025-08-25,2025-08-25,0,0
P011570,1,1,50.0,1329.85,0,2024-05-10,2024-05-10,0,0
P011571,1,0,46.0,2377.8,0,2026-03-28,2026-03-28,0,0
P011572,1,0,142.0,535.27,0,2025-08-28,2025-08-28,0,0
P011573,2,2,59.5,16547.89,0,2024-05-03,2025-02-08,1,0
P011574,3,2,93.33333333333333,20148.25,0,2026-04-08,2026-09-25,1,0
P011575,4,2,64.25,9078.79,0,2025-12-26,2026-09-29,1,1
P011576,2,0,76.5,1019.38,0,2026-03-15,2026-05-12,1,0
P011577,1,0,28.0,147.65,0,2025-12-21,2025-12-21,0,0
P011578,1,0,38.0,342.41,0,2024-12-03,2024-12-03,0,0
P011579,1,0,21.0,502.0,0,2024-10-03,2024-10-03,0,0
P011580,2,1,60.5,10097.460000000001,0,2024-02-06,2025-01-18,1,0
P011581,1,1,75.0,14901.03,0,2024-09-15,2024-09-15,0,0
P011582,2,0,51.0,1394.37,0,2025-06-19,2026-04-03,1,0
P011583,1,0,28.0,256.2,0,2025-11-24,2025-11-24,0,0
P011584,2,2,37.0,18090.45,0,2025-03-10,2026-02-24,1,0
P011585,1,1,51.0,18544.92,0,2025-02-18,2025-02-18,0,0
P011586,1,0,23.0,206.83,0,2024-09-22,2024-09-22,0,0
P011587,1,0,64.0,267.12,0,2025-09-30,2025-09-30,0,0
P011588,1,0,11.0,370.69,0,2025-06-11,2025-06-11,0,0
P011589,2,1,32.5,5903.9400000000005,0,2026-06-28,2026-09-04,1,0
P011590,1,1,152.0,5194.99,0,2024-05-30,2024-05-30,0,0
P011591,2,0,23.0,707.25,0,2025-09-08,2025-11-04,1,0
P011592,2,1,51.5,12421.369999999999,0,2026-08-20,2026-09-22,1,0
P011593,1,0,42.0,317.64,0,2025-11-15,2025-11-15,0,0
P011594,1,1,38.0,374.81,0,2025-04-04,2025-04-04,0,0
P011595,3,1,122.66666666666667,10913.92,0,2026-02-11,2026-09-30,1,0
P011596,1,0,20.0,439.18,0,2024-01-08,2024-01-08,0,0
P011597,2,1,32.5,2296.81,0,2026-03-09,2026-04-02,1,0
P011598,1,0,14.0,903.38,0,2024-10-16,2024-10-16,0,0
P011599,2,1,61.0,2959.05,0,2026-08-24,2026-09-06,1,0
P011600,2,0,53.0,1251.37,0,2025-07-19,2026-08-01,1,0
P011601,1,1,121.0,2199.93,0,2024-06-24,2024-06-24,0,0
P011602,1,0,21.0,483.65,0,2024-02-04,2024-02-04,0,0
P011603,1,1,20.0,4031.14,0,2025-10-02,2025-10-02,0,0
P011604,1,0,8.0,674.62,0,2025-11-02,2025-11-02,0,0
P011605,2,2,73.0,24081.48,0,2024-02-15,2024-05-03,1,0
P011606,3,1,33.0,5651.95,0,2025-07-15,2026-04-15,1,0
P011607,3,0,70.33333333333333,3191.28,0,2026-05-14,2026-09-29,1,0
P011608,1,1,62.0,4261.31,0,2025-03-18,2025-03-18,0,0
P011609,1,0,10.0,268.82,0,2026-09-15,2026-09-15,0,0
P011610,1,0,12.0,748.94,0,2026-04-10,2026-04-10,0,0
P011611,1,0,25.0,249.19,0,2026-01-19,2026-01-19,0,0
P011612,1,0,158.0,1709.13,0,2024-03-09,2024-03-09,0,0
P011613,3,1,78.66666666666667,10631.87,0,2024-08-02,2025-09-21,1,0
P011614,1,0,24.0,1429.04,0,2026-07-27,2026-07-27,0,0
P011615,2,1,29.0,15794.09,0,2025-06-07,2025-11-25,1,0
P011616,1,1,33.0,8518.33,0,2025-05-13,2025-05-13,0,0
P011617,1,0,29.0,1789.16,0,2025-12-13,2025-12-13,0,0
P011618,1,0,35.0,713.11,0,2026-08-01,2026-08-01,0,0
P011619,1,0,68.0,1435.39,0,2024-12-02,2024-12-02,0,0
P011620,2,0,68.0,1529.23,0,2025-05-22,2026-05-14,1,0
P011621,2,1,54.0,4759.79,0,2026-08-30,2026-09-17,1,0
P011622,1,1,49.0,2839.57,0,2025-04-01,2025-04-01,0,0
P011623,1,0,24.0,228.91,0,2024-03-05,2024-03-05,0,0
P011624,1,0,62.0,135.38,0,2026-08-04,2026-08-04,0,0
P011625,1,1,29.0,7955.61,0,2026-08-10,2026-08-10,0,0
P011626,3,1,73.0,6746.8099999999995,0,2024-04-08,2025-02-20,1,0
P011627,3,1,29.666666666666668,5270.51,0,2024-05-25,2025-05-10,1,0
P011628,1,1,50.0,2540.22,0,2026-05-06,2026-05-06,0,0
P011629,3,1,49.333333333333336,7526.22,0,2025-10-28,2026-09-20,1,0
P011630,2,1,81.0,9745.570000000002,0,2024-01-08,2024-12-31,1,0
P011631,1,1,78.0,1248.5,0,2024-09-16,2024-09-16,0,0
P011632,3,0,63.333333333333336,2278.58,0,2025-10-16,2026-09-01,1,0
P011633,1,0,47.0,806.16,0,2025-07-27,2025-07-27,0,0
P011634,2,1,60.0,3974.56,0,2026-08-13,2026-09-17,1,0
P011635,2,2,48.5,21576.21,0,2024-12-01,2024-12-09,1,0
P011636,3,1,31.0,32004.16,0,2026-09-04,2026-09-25,1,0
P011637,2,0,46.5,940.33,0,2025-03-15,2025-06-13,1,0
P011638,2,1,63.0,3274.34,0,2024-10-14,2025-10-25,1,0
P011639,6,4,43.833333333333336,14639.19,1,2026-03-26,2026-09-23,1,1
P011640,1,1,40.0,20011.53,0,2024-01-06,2024-01-06,0,0
P011641,3,1,47.666666666666664,4796.54,0,2025-07-17,2026-08-09,1,0
P011642,4,2,53.0,11179.87,0,2025-10-09,2026-09-27,1,1
P011643,1,1,86.0,21749.49,0,2026-09-25,2026-09-25,0,0
P011644,1,1,30.0,12000.78,0,2026-05-22,2026-05-22,0,0
P011645,2,1,83.0,7429.73,0,2024-02-06,2024-02-25,1,0
P011646,2,2,52.5,20523.28,0,2024-10-28,2025-04-01,1,0
P011647,1,1,53.0,4343.59,0,2026-01-09,2026-01-09,0,0
P011648,2,0,73.5,1030.76,0,2025-01-25,2025-08-28,1,0
P011649,1,1,48.0,1488.43,0,2025-05-27,2025-05-27,0,0
P011650,4,2,54.5,9166.13,0,2026-09-14,2026-09-29,1,1
P011651,1,0,13.0,214.93,0,2024-06-29,2024-06-29,0,0
P011652,1,0,65.0,1106.41,0,2025-01-16,2025-01-16,0,0
P011653,5,3,50.2,21545.86,1,2024-09-23,2026-09-10,1,1
P011654,2,1,68.5,10724.38,0,2025-10-17,2025-11-15,1,0
P011655,1,0,59.0,1317.74,0,2025-12-14,2025-12-14,0,0
P011656,2,1,49.5,3137.14,0,2024-01-26,2025-03-01,1,0
P011657,1,0,42.0,538.9,0,2025-02-06,2025-02-06,0,0
P011658,4,1,27.75,5943.03,0,2024-01-30,2024-08-13,1,1
P011659,2,1,71.0,6544.5,0,2024-07-31,2025-09-11,1,0
P011660,1,0,77.0,1069.26,0,2025-01-13,2025-01-13,0,0
P011661,1,1,44.0,13629.38,0,2025-05-08,2025-05-08,0,0
P011662,3,2,55.333333333333336,13672.9,1,2024-12-23,2025-04-01,1,0
P011663,4,1,82.25,10242.32,0,2025-12-20,2026-08-29,1,1
P011664,2,0,137.5,2788.5299999999997,0,2025-06-21,2026-05-05,1,0
P011665,3,2,53.0,25172.159999999996,0,2026-01-05,2026-07-06,1,0
P011666,1,0,15.0,243.55,0,2026-04-22,2026-04-22,0,0
P011667,2,0,30.5,1023.04,0,2024-06-13,2025-07-28,1,0
P011668,1,0,180.0,1071.56,0,2026-02-21,2026-02-21,0,0
P011669,2,0,62.0,1208.57,0,2025-01-23,2025-10-18,1,0
P011670,1,0,32.0,879.98,0,2026-03-29,2026-03-29,0,0
P011671,3,1,41.333333333333336,7071.4800000000005,0,2026-04-21,2026-09-19,1,0
P011672,1,1,64.0,6816.66,0,2024-12-01,2024-12-01,0,0
P011673,3,1,94.0,3086.8900000000003,0,2024-03-14,2024-09-24,1,0
P011674,1,0,41.0,662.34,0,2026-09-25,2026-09-25,0,0
P011675,1,0,196.0,519.57,0,2026-04-07,2026-04-07,0,0
P011676,3,0,43.666666666666664,2477.18,0,2025-10-31,2026-09-24,1,0
P011677,1,1,52.0,3439.27,0,2025-09-02,2025-09-02,0,0
P011678,1,1,117.0,12592.12,0,2026-05-10,2026-05-10,0,0
P011679,1,1,68.0,13335.77,0,2024-08-17,2024-08-17,0,0
P011680,2,1,63.0,16447.12,0,2026-03-21,2026-09-10,1,0
P011681,1,1,54.0,5890.65,0,2024-10-18,2024-10-18,0,0
P011682,1,1,58.0,3663.39,0,2024-01-01,2024-01-01,0,0
P011683,1,1,52.0,13731.64,0,2024-11-06,2024-11-06,0,0
P011684,1,1,54.0,10891.67,0,2025-12-29,2025-12-29,0,0
P011685,2,0,47.0,835.97,0,2025-09-27,2025-12-04,1,0
P011686,3,2,60.333333333333336,48148.6,0,2024-03-29,2025-08-05,1,0
P011687,1,0,84.0,821.33,0,2025-01-16,2025-01-16,0,0
P011688,1,0,112.0,2028.15,0,2026-06-04,2026-06-04,0,0
P011689,2,0,39.0,1404.57,0,2025-03-24,2025-06-01,1,0
P011690,1,0,10.0,290.23,0,2024-09-07,2024-09-07,0,0
P011691,1,0,25.0,582.73,0,2025-08-28,2025-08-28,0,0
P011692,1,1,93.0,6489.62,0,2024-10-02,2024-10-02,0,0
P011693,1,1,34.0,12410.04,0,2025-11-04,2025-11-04,0,0
P011694,2,0,27.0,329.76,0,2025-03-30,2026-02-28,1,0
P011695,1,0,18.0,279.6,0,2024-03-07,2024-03-07,0,0
P011696,1,1,87.0,50873.5,0,2024-07-19,2024-07-19,0,0
P011697,5,1,39.8,9847.0,0,2025-06-07,2026-09-21,1,1
P011698,3,2,62.666666666666664,31190.48,0,2025-06-07,2026-09-20,1,0
P011699,1,0,42.0,339.37,0,2025-01-04,2025-01-04,0,0
P011700,1,1,48.0,6009.11,0,2026-02-05,2026-02-05,0,0
P011701,1,0,104.0,658.93,0,2024-09-26,2024-09-26,0,0
P011702,2,1,50.5,14969.5,0,2025-04-05,2026-03-10,1,0
P011703,1,1,71.0,3288.64,0,2025-02-24,2025-02-24,0,0
P011704,1,1,66.0,2349.99,0,2025-06-24,2025-06-24,0,0
P011705,1,1,90.0,19313.97,0,2024-03-06,2024-03-06,0,0
P011706,1,0,34.0,672.91,0,2025-09-26,2025-09-26,0,0
P011707,1,0,12.0,152.25,0,2026-09-23,2026-09-23,0,0
P011708,1,1,71.0,6921.47,0,2024-11-21,2024-11-21,0,0
P011709,1,1,102.0,7628.19,0,2025-10-30,2025-10-30,0,0
P011710,1,0,50.0,332.61,0,2026-03-22,2026-03-22,0,0
P011711,2,1,58.5,9692.77,0,2024-12-28,2025-12-13,1,0
P011712,1,0,41.0,795.45,0,2026-08-04,2026-08-04,0,0
P011713,1,0,105.0,605.46,0,2024-07-16,2024-07-16,0,0
P011714,2,0,33.5,721.1400000000001,0,2026-02-11,2026-09-20,1,0
P011715,2,0,33.0,566.95,0,2026-05-04,2026-09-20,1,0
P011716,5,1,34.6,11217.56,1,2026-08-27,2026-09-27,1,1
P011717,4,1,87.5,7734.55,1,2025-05-23,2025-12-05,1,1
P011718,2,0,82.5,1586.26,0,2025-10-25,2025-12-04,1,0
P011719,1,0,29.0,834.68,0,2024-11-23,2024-11-23,0,0
P011720,3,1,54.666666666666664,9570.09,0,2025-02-21,2025-06-22,1,0
P011721,1,1,92.0,1055.54,0,2025-02-17,2025-02-17,0,0
P011722,1,0,42.0,397.68,0,2025-02-21,2025-02-21,0,0
P011723,1,0,10.0,290.71,0,2026-07-07,2026-07-07,0,0
P011724,1,0,40.0,874.54,0,2024-11-19,2024-11-19,0,0
P011725,1,0,22.0,452.37,0,2024-01-01,2024-01-01,0,0
P011726,1,1,117.0,10326.55,0,2025-07-06,2025-07-06,0,0
P011727,1,1,45.0,1018.49,0,2025-12-23,2025-12-23,0,0
P011728,2,1,33.5,12442.15,0,2024-04-04,2025-03-02,1,0
P011729,3,1,47.0,4954.6900000000005,0,2026-01-01,2026-01-24,1,0
P011730,1,0,42.0,978.24,0,2026-01-07,2026-01-07,0,0
P011731,3,1,36.666666666666664,8004.63,0,2026-07-07,2026-09-22,1,0
P011732,1,0,25.0,237.22,0,2025-11-08,2025-11-08,0,0
P011733,1,0,15.0,503.11,0,2026-07-05,2026-07-05,0,0
P011734,1,0,100.0,992.95,0,2024-04-04,2024-04-04,0,0
P011735,2,1,43.0,14992.51,0,2025-03-11,2025-08-27,1,0
P011736,1,0,22.0,215.68,0,2026-08-17,2026-08-17,0,0
P011737,2,2,64.5,15608.16,0,2024-12-19,2025-07-01,1,0
P011738,1,0,23.0,138.03,0,2025-12-11,2025-12-11,0,0
P011739,2,0,22.0,758.6899999999999,0,2024-09-12,2024-10-05,1,0
P011740,5,2,41.0,16305.820000000002,0,2025-04-26,2026-09-20,1,1
P011741,1,0,25.0,337.41,0,2024-01-19,2024-01-19,0,0
P011742,1,0,20.0,194.24,0,2026-04-08,2026-04-08,0,0
P011743,1,0,21.0,309.7,0,2025-08-13,2025-08-13,0,0
P011744,2,0,37.0,1112.1399999999999,0,2026-09-23,2026-09-26,1,0
P011745,3,0,16.666666666666668,1889.09,0,2026-07-06,2026-09-21,1,0
P011746,1,0,20.0,998.08,0,2025-09-24,2025-09-24,0,0
P011747,1,0,22.0,1425.61,0,2025-06-26,2025-06-26,0,0
P011748,3,0,26.666666666666668,1327.5,0,2026-09-03,2026-09-14,1,0
P011749,1,0,20.0,305.62,0,2024-12-09,2024-12-09,0,0
P011750,1,1,60.0,3379.51,0,2025-01-31,2025-01-31,0,0
P011751,1,0,18.0,267.0,0,2025-12-02,2025-12-02,0,0
P011752,1,0,20.0,659.34,0,2024-03-29,2024-03-29,0,0
P011753,1,0,17.0,183.5,0,2024-05-14,2024-05-14,0,0
P011754,2,0,27.5,1163.6599999999999,0,2024-12-02,2025-03-02,1,0
P011755,2,0,28.5,1719.84,0,2025-04-05,2026-01-06,1,0
P011756,1,0,72.0,861.43,0,2024-09-05,2024-09-05,0,0
P011757,4,2,51.0,13852.49,0,2024-11-04,2026-09-27,1,1
P011758,1,0,31.0,339.38,0,2024-02-29,2024-02-29,0,0
P011759,2,1,51.0,16521.3,0,2024-03-22,2024-12-02,1,0
P011760,3,2,27.666666666666668,11941.419999999998,0,2026-01-10,2026-09-27,1,0
P011761,2,1,30.5,7887.95,1,2026-08-23,2026-09-10,1,0
P011762,1,0,27.0,510.89,0,2024-02-23,2024-02-23,0,0
P011763,2,0,49.0,2060.01,0,2024-07-07,2024-11-03,1,0
P011764,1,1,162.0,1315.96,0,2026-08-16,2026-08-16,0,0
P011765,1,0,26.0,569.97,0,2025-08-04,2025-08-04,0,0
P011766,1,0,63.0,309.29,0,2025-09-15,2025-09-15,0,0
P011767,1,0,49.0,1668.96,0,2026-01-26,2026-01-26,0,0
P011768,1,1,46.0,1387.47,0,2026-07-31,2026-07-31,0,0
P011769,1,0,97.0,776.86,0,2026-06-02,2026-06-02,0,0
P011770,1,0,16.0,356.76,0,2024-01-11,2024-01-11,0,0
P011771,1,1,124.0,3606.74,0,2026-01-15,2026-01-15,0,0
P011772,1,0,116.0,804.51,0,2026-02-09,2026-02-09,0,0
P011773,3,2,33.666666666666664,9938.58,0,2024-01-07,2025-08-12,1,0
P011774,4,0,32.25,1984.32,0,2024-12-12,2026-09-28,1,1
P011775,2,0,69.0,1413.83,0,2025-04-25,2025-07-13,1,0
P011776,5,3,55.4,26179.95,0,2024-06-11,2026-08-18,1,1
P011777,1,0,27.0,696.67,0,2026-04-28,2026-04-28,0,0
P011778,1,0,8.0,421.65,0,2025-10-13,2025-10-13,0,0
P011779,1,0,59.0,670.48,0,2024-03-21,2024-03-21,0,0
P011780,4,1,34.0,16793.92,0,2025-01-22,2026-03-06,1,1
P011781,1,0,22.0,379.25,0,2024-07-11,2024-07-11,0,0
P011782,4,2,55.75,10516.81,0,2024-02-12,2025-12-29,1,1
P011783,1,1,23.0,20555.78,0,2025-03-25,2025-03-25,0,0
P011784,1,0,33.0,196.81,0,2024-04-08,2024-04-08,0,0
P011785,2,0,86.0,2078.15,0,2024-06-08,2024-07-12,1,0
P011786,1,1,37.0,20018.44,0,2025-05-04,2025-05-04,0,0
P011787,1,1,66.0,7892.01,0,2026-09-15,2026-09-15,0,0
P011788,1,1,69.0,9081.86,0,2024-04-27,2024-04-27,0,0
P011789,1,1,72.0,8155.76,0,2024-12-10,2024-12-10,0,0
P011790,1,1,181.0,7202.22,0,2025-06-17,2025-06-17,0,0
P011791,3,0,20.333333333333332,1346.61,0,2025-07-25,2026-02-09,1,0
P011792,3,2,28.0,7350.57,0,2025-10-05,2026-09-17,1,0
P011793,3,1,47.0,3235.88,0,2025-09-01,2026-01-21,1,0
P011794,1,1,69.0,6592.12,0,2026-06-17,2026-06-17,0,0
P011795,3,1,75.0,19774.04,0,2025-09-27,2026-09-28,1,0
P011796,1,0,51.0,1247.39,0,2025-06-23,2025-06-23,0,0
P011797,2,0,69.5,2150.18,0,2026-01-09,2026-03-27,1,0
P011798,1,1,25.0,1308.03,0,2024-07-12,2024-07-12,0,0
P011799,1,0,11.0,632.33,0,2025-10-01,2025-10-01,0,0
P011800,1,1,56.0,12047.17,0,2025-12-31,2025-12-31,0,0
P011801,1,0,146.0,579.85,0,2025-02-25,2025-02-25,0,0
P011802,2,1,49.0,21001.94,0,2024-06-24,2024-08-21,1,0
P011803,1,0,58.0,697.12,0,2024-10-04,2024-10-04,0,0
P011804,3,0,67.66666666666667,1247.34,0,2025-03-05,2025-08-17,1,0
P011805,1,0,16.0,128.74,0,2025-03-14,2025-03-14,0,0
P011806,1,0,18.0,280.79,0,2024-07-17,2024-07-17,0,0
P011807,1,0,30.0,259.51,0,2024-11-23,2024-11-23,0,0
P011808,1,1,66.0,10123.63,0,2024-05-07,2024-05-07,0,0
P011809,3,1,27.666666666666668,12738.01,1,2026-01-12,2026-02-22,1,0
P011810,1,0,65.0,1238.7,0,2024-03-22,2024-03-22,0,0
P011811,1,0,21.0,347.79,0,2025-02-19,2025-02-19,0,0
P011812,1,1,94.0,7463.11,0,2024-09-16,2024-09-16,0,0
P011813,1,0,61.0,779.91,0,2024-02-20,2024-02-20,0,0
P011814,3,1,55.333333333333336,11530.74,0,2024-05-02,2025-11-07,1,0
P011815,1,1,87.0,5168.09,0,2024-07-02,2024-07-02,0,0
P011816,3,2,73.66666666666667,22287.59,0,2024-06-13,2025-09-16,1,0
P011817,3,0,48.666666666666664,2431.86,0,2025-08-30,2026-07-03,1,0
P011818,1,0,44.0,494.02,0,2025-04-16,2025-04-16,0,0
P011819,1,1,42.0,8296.78,0,2025-05-18,2025-05-18,0,0
P011820,6,2,34.333333333333336,14787.54,0,2026-07-24,2026-09-27,1,1
P011821,1,0,20.0,316.9,0,2025-10-28,2025-10-28,0,0
P011822,1,1,36.0,494.46,0,2026-03-15,2026-03-15,0,0
P011823,1,0,12.0,380.45,0,2026-01-31,2026-01-31,0,0
P011824,2,0,12.5,1544.7199999999998,0,2025-02-03,2025-02-22,1,0
P011825,1,1,44.0,2152.58,0,2024-10-25,2024-10-25,0,0
P011826,1,0,50.0,600.04,0,2026-07-24,2026-07-24,0,0
P011827,1,0,25.0,319.16,0,2024-03-07,2024-03-07,0,0
P011828,1,0,46.0,326.4,0,2025-05-17,2025-05-17,0,0
P011829,1,1,39.0,8184.67,0,2026-04-27,2026-04-27,0,0
P011830,2,0,11.0,1730.6799999999998,0,2024-03-18,2024-04-04,1,0
P011831,1,0,21.0,348.29,0,2025-12-20,2025-12-20,0,0
P011832,1,1,132.0,8386.77,0,2024-03-07,2024-03-07,0,0
P011833,1,0,14.0,669.38,0,2024-02-03,2024-02-03,0,0
P011834,1,0,20.0,495.48,0,2025-03-04,2025-03-04,0,0
P011835,2,1,86.5,5119.52,0,2025-08-26,2026-03-10,1,0
P011836,1,0,21.0,439.55,0,2026-01-22,2026-01-22,0,0
P011837,3,2,55.333333333333336,28758.690000000002,0,2025-11-12,2026-09-27,1,0
P011838,1,0,58.0,1191.55,0,2026-08-28,2026-08-28,0,0
P011839,1,1,26.0,11746.04,0,2025-11-14,2025-11-14,0,0
P011840,1,0,37.0,337.92,0,2025-10-07,2025-10-07,0,0
P011841,2,1,84.5,2421.46,0,2025-09-08,2026-07-28,1,0
P011842,1,0,50.0,252.79,0,2026-09-22,2026-09-22,0,0
P011843,3,1,28.666666666666668,4844.0,0,2024-04-11,2024-08-13,1,0
P011844,5,1,60.4,5810.85,0,2025-01-25,2026-09-30,1,1
P011845,1,0,32.0,532.93,0,2024-07-14,2024-07-14,0,0
P011846,4,3,82.5,37000.84,1,2026-01-04,2026-09-28,1,1
P011847,1,0,38.0,321.4,0,2024-04-20,2024-04-20,0,0
P011848,1,0,24.0,117.37,0,2026-08-16,2026-08-16,0,0
P011849,5,1,63.8,9116.24,0,2026-04-01,2026-09-30,1,1
P011850,6,2,42.5,22477.920000000002,1,2025-12-20,2026-09-30,1,1
P011851,2,1,59.0,11333.77,0,2026-07-20,2026-08-02,1,0
P011852,4,3,39.5,11957.42,0,2024-01-23,2026-03-03,1,1
P011853,1,0,18.0,756.79,0,2024-04-25,2024-04-25,0,0
P011854,2,0,34.0,1243.6599999999999,0,2024-11-27,2025-02-02,1,0
P011855,1,0,59.0,627.35,0,2026-04-22,2026-04-22,0,0
P011856,1,0,22.0,200.36,0,2026-09-24,2026-09-24,0,0
P011857,1,0,31.0,620.47,0,2024-09-08,2024-09-08,0,0
P011858,1,0,15.0,651.25,0,2024-08-11,2024-08-11,0,0
P011859,1,1,35.0,11162.36,0,2024-05-01,2024-05-01,0,0
P011860,1,0,24.0,480.87,0,2026-07-03,2026-07-03,0,0
P011861,2,1,52.5,15261.550000000001,0,2024-08-31,2025-05-16,1,0
P011862,2,0,28.5,415.28,0,2024-01-13,2024-06-09,1,0
P011863,2,0,29.5,495.28,0,2025-03-15,2026-01-06,1,0
P011864,4,0,27.75,3036.33,0,2024-06-28,2025-02-11,1,1
P011865,1,0,12.0,447.15,0,2025-08-03,2025-08-03,0,0
P011866,1,1,64.0,25917.28,0,2024-09-02,2024-09-02,0,0
P011867,1,0,30.0,298.89,0,2026-01-29,2026-01-29,0,0
P011868,2,1,72.5,9619.51,0,2024-06-11,2024-08-15,1,0
P011869,1,0,71.0,313.29,0,2024-12-15,2024-12-15,0,0
P011870,4,2,44.75,25962.89,0,2024-07-07,2026-02-22,1,1
P011871,1,0,40.0,509.0,0,2025-01-04,2025-01-04,0,0
P011872,2,2,50.0,13138.19,0,2025-02-02,2025-02-17,1,0
P011873,1,1,23.0,1603.95,0,2025-01-13,2025-01-13,0,0
P011874,6,5,51.333333333333336,43621.93,1,2024-02-20,2026-04-13,1,1
P011875,2,0,33.5,1582.5300000000002,0,2024-12-27,2025-05-09,1,0
P011876,1,0,29.0,463.55,0,2026-07-22,2026-07-22,0,0
P011877,1,1,39.0,2552.81,0,2025-08-22,2025-08-22,0,0
P011878,4,1,36.25,13163.16,0,2024-01-25,2024-11-28,1,1
P011879,1,0,23.0,1334.06,0,2026-06-11,2026-06-11,0,0
P011880,1,0,16.0,501.48,0,2026-03-11,2026-03-11,0,0
P011881,1,1,15.0,16035.59,0,2024-10-24,2024-10-24,0,0
P011882,1,0,63.0,1667.15,0,2024-09-22,2024-09-22,0,0
P011883,1,0,15.0,595.77,0,2026-02-23,2026-02-23,0,0
P011884,2,0,73.5,2956.46,0,2025-06-17,2025-09-12,1,0
P011885,6,2,26.833333333333332,22122.07,0,2025-05-25,2026-09-24,1,1
P011886,1,0,13.0,1343.99,0,2025-09-14,2025-09-14,0,0
P011887,1,0,23.0,764.38,0,2024-09-13,2024-09-13,0,0
P011888,1,0,26.0,358.36,0,2024-01-02,2024-01-02,0,0
P011889,4,1,75.25,13611.970000000001,0,2026-02-01,2026-09-21,1,1
P011890,2,1,50.5,18735.81,1,2024-09-02,2024-09-14,1,0
P011891,1,0,8.0,225.78,0,2026-08-30,2026-08-30,0,0
P011892,1,0,106.0,2083.63,0,2026-01-12,2026-01-12,0,0
P011893,2,1,14.0,4909.780000000001,0,2024-10-02,2025-08-06,1,0
P011894,1,0,28.0,351.71,0,2024-06-30,2024-06-30,0,0
P011895,5,2,36.4,16733.5,0,2025-03-11,2026-04-11,1,1
P011896,1,0,33.0,1607.71,0,2026-01-11,2026-01-11,0,0
P011897,1,0,88.0,2217.33,0,2025-09-12,2025-09-12,0,0
P011898,2,1,42.0,13406.960000000001,0,2025-08-31,2025-12-23,1,0
P011899,3,1,82.0,2442.9300000000003,0,2024-01-21,2024-03-07,1,0
P011900,1,0,32.0,383.23,0,2024-01-23,2024-01-23,0,0
P011901,1,0,34.0,1119.13,0,2026-07-03,2026-07-03,0,0
P011902,1,0,28.0,787.89,0,2024-09-14,2024-09-14,0,0
P011903,1,1,35.0,11731.0,0,2025-07-05,2025-07-05,0,0
P011904,4,1,71.5,7504.629999999999,0,2026-09-05,2026-09-27,1,1
P011905,1,0,42.0,572.71,0,2025-04-04,2025-04-04,0,0
P011906,1,0,77.0,959.9,0,2024-02-07,2024-02-07,0,0
P011907,1,1,122.0,5401.95,0,2025-06-09,2025-06-09,0,0
P011908,1,0,75.0,1175.36,0,2025-12-11,2025-12-11,0,0
P011909,2,0,37.5,2106.46,0,2026-09-06,2026-09-25,1,0
P011910,2,0,23.0,1078.16,0,2025-10-30,2026-09-21,1,0
P011911,1,0,18.0,105.71,0,2024-08-07,2024-08-07,0,0
P011912,1,0,51.0,238.46,0,2025-11-09,2025-11-09,0,0
P011913,1,0,24.0,121.25,0,2026-07-09,2026-07-09,0,0
P011914,1,0,35.0,2011.65,0,2026-06-24,2026-06-24,0,0
P011915,1,0,88.0,387.11,0,2024-01-31,2024-01-31,0,0
P011916,1,1,78.0,11531.47,0,2025-08-23,2025-08-23,0,0
P011917,1,0,43.0,1892.81,0,2024-10-08,2024-10-08,0,0
P011918,1,0,79.0,690.43,0,2025-06-29,2025-06-29,0,0
P011919,1,0,19.0,464.56,0,2026-08-27,2026-08-27,0,0
P011920,3,0,98.0,3118.6,0,2026-07-05,2026-09-29,1,0
P011921,1,0,19.0,774.79,0,2024-07-05,2024-07-05,0,0
P011922,2,1,38.0,8901.519999999999,0,2026-03-14,2026-09-27,1,0
P011923,1,0,35.0,815.22,0,2026-05-02,2026-05-02,0,0
P011924,1,0,30.0,457.4,0,2025-10-09,2025-10-09,0,0
P011925,3,1,65.33333333333333,3719.6800000000003,0,2024-12-22,2025-07-05,1,0
P011926,1,0,31.0,730.36,0,2026-04-28,2026-04-28,0,0
P011927,5,1,39.8,10579.630000000001,1,2026-03-20,2026-09-23,1,1
P011928,1,0,41.0,1529.71,0,2024-02-05,2024-02-05,0,0
P011929,3,1,45.333333333333336,5605.27,0,2025-08-01,2026-05-22,1,0
P011930,1,1,118.0,12938.98,0,2024-12-07,2024-12-07,0,0
P011931,2,0,41.5,1825.75,0,2026-02-03,2026-02-21,1,0
P011932,1,0,18.0,1843.13,0,2025-06-17,2025-06-17,0,0
P011933,1,0,82.0,1217.68,0,2025-11-20,2025-11-20,0,0
P011934,1,0,34.0,1072.16,0,2025-11-01,2025-11-01,0,0
P011935,2,0,41.0,1540.51,0,2026-02-09,2026-03-18,1,0
P011936,3,3,40.333333333333336,32286.1,0,2026-04-05,2026-09-19,1,0
P011937,1,1,77.0,1108.39,0,2024-06-20,2024-06-20,0,0
P011938,5,3,43.0,21258.17,0,2025-04-17,2026-09-30,1,1
P011939,2,2,41.0,7496.76,0,2025-11-23,2026-07-11,1,0
P011940,1,0,33.0,191.49,0,2024-02-24,2024-02-24,0,0
P011941,1,1,60.0,9806.01,0,2026-09-13,2026-09-13,0,0
P011942,2,1,70.5,13180.15,0,2026-04-14,2026-09-27,1,0
P011943,1,1,36.0,2906.07,0,2024-03-10,2024-03-10,0,0
P011944,4,1,83.0,19199.35,0,2025-02-22,2026-09-13,1,1
P011945,1,0,23.0,355.03,0,2026-09-21,2026-09-21,0,0
P011946,1,0,33.0,534.39,0,2024-09-24,2024-09-24,0,0
P011947,1,0,53.0,883.34,0,2026-07-23,2026-07-23,0,0
P011948,3,1,49.333333333333336,6017.009999999999,0,2025-08-30,2026-09-29,1,0
P011949,2,0,21.0,914.6400000000001,0,2025-12-23,2026-01-31,1,0
P011950,1,0,13.0,207.8,0,2024-01-13,2024-01-13,0,0
P011951,2,0,39.0,1152.77,0,2024-05-03,2024-05-14,1,0
P011952,1,0,23.0,305.08,0,2025-08-15,2025-08-15,0,0
P011953,2,1,46.0,14860.11,0,2025-10-28,2025-12-30,1,0
P011954,1,0,13.0,308.77,0,2025-01-03,2025-01-03,0,0
P011955,1,1,30.0,1307.64,0,2024-01-15,2024-01-15,0,0
P011956,1,1,39.0,7336.32,0,2025-08-02,2025-08-02,0,0
P011957,2,1,69.5,11388.13,0,2025-02-01,2025-09-10,1,0
P011958,1,0,16.0,410.77,0,2024-11-11,2024-11-11,0,0
P011959,1,0,71.0,678.73,0,2025-01-27,2025-01-27,0,0
P011960,1,0,9.0,457.2,0,2026-01-15,2026-01-15,0,0
P011961,1,0,26.0,379.53,0,2026-02-13,2026-02-13,0,0
P011962,1,1,60.0,5831.24,0,2024-02-05,2024-02-05,0,0
P011963,1,0,70.0,1915.29,0,2026-07-26,2026-07-26,0,0
P011964,1,1,32.0,10855.7,0,2025-10-08,2025-10-08,0,0
P011965,2,0,69.5,2348.99,0,2026-07-02,2026-09-14,1,0
P011966,1,1,38.0,26260.95,0,2025-09-19,2025-09-19,0,0
P011967,1,0,16.0,495.8,0,2026-02-14,2026-02-14,0,0
P011968,2,0,32.0,739.47,0,2025-10-01,2026-03-11,1,0
P011969,2,0,22.0,1634.58,0,2024-07-14,2025-01-03,1,0
P011970,1,1,81.0,12731.69,0,2025-11-29,2025-11-29,0,0
P011971,3,1,79.0,10634.81,0,2024-08-16,2026-05-11,1,0
P011972,3,0,37.0,1856.68,0,2026-03-22,2026-05-31,1,0
P011973,5,3,34.4,28039.17,0,2024-08-24,2025-05-22,1,1
P011974,4,0,39.0,1395.01,0,2025-10-05,2026-09-23,1,1
P011975,1,0,16.0,183.39,0,2024-06-13,2024-06-13,0,0
P011976,1,1,76.0,3264.15,0,2025-01-24,2025-01-24,0,0
P011977,1,0,25.0,742.23,0,2024-07-28,2024-07-28,0,0
P011978,1,0,53.0,610.73,0,2024-02-21,2024-02-21,0,0
P011979,2,0,48.5,570.36,0,2026-06-11,2026-07-02,1,0
P011980,1,0,71.0,369.06,0,2024-07-26,2024-07-26,0,0
P011981,1,0,43.0,473.02,0,2024-10-27,2024-10-27,0,0
P011982,4,2,40.75,26322.31,0,2025-06-13,2026-09-28,1,1
P011983,1,0,21.0,299.95,0,2024-04-22,2024-04-22,0,0
P011984,2,1,57.5,8164.48,0,2024-02-07,2024-02-21,1,0
P011985,2,1,52.5,7761.41,0,2024-01-25,2024-11-10,1,0
P011986,2,0,18.5,609.16,0,2024-03-04,2024-12-30,1,0
P011987,1,0,38.0,430.41,0,2026-01-10,2026-01-10,0,0
P011988,1,0,35.0,490.89,0,2024-05-02,2024-05-02,0,0
P011989,4,2,49.25,16996.09,0,2025-07-17,2026-09-29,1,1
P011990,1,0,227.0,836.91,0,2026-05-14,2026-05-14,0,0
P011991,4,1,29.25,6741.959999999999,0,2024-12-07,2026-09-18,1,1
P011992,2,1,28.0,1382.76,0,2024-09-16,2024-09-29,1,0
P011993,2,0,30.5,687.89,0,2024-10-14,2024-12-24,1,0
P011994,1,0,29.0,538.06,0,2024-06-02,2024-06-02,0,0
P011995,3,1,48.0,11997.5,0,2025-02-01,2026-03-07,1,0
P011996,2,1,41.0,13100.98,0,2025-05-12,2025-05-19,1,0
P011997,3,1,24.333333333333332,6897.9,0,2026-03-03,2026-09-23,1,0
P011998,1,0,11.0,434.98,0,2024-11-30,2024-11-30,0,0
P011999,1,0,39.0,580.51,0,2025-12-09,2025-12-09,0,0
P012000,1,0,41.0,374.74,0,2025-11-14,2025-11-14,0,0
P012001,1,1,34.0,2133.1,0,2024-11-02,2024-11-02,0,0
P012002,1,1,48.0,8559.61,0,2026-02-14,2026-02-14,0,0
P012003,1,1,31.0,7217.06,0,2025-03-08,2025-03-08,0,0
P012004,1,0,13.0,561.38,0,2024-03-31,2024-03-31,0,0
P012005,1,1,48.0,9524.49,0,2024-07-06,2024-07-06,0,0
P012006,1,0,19.0,919.37,0,2025-10-29,2025-10-29,0,0
P012007,3,1,53.0,14248.720000000001,0,2024-07-16,2025-08-29,1,0
P012008,5,1,99.8,11451.199999999999,1,2026-05-28,2026-09-21,1,1
P012009,1,1,35.0,10849.43,0,2026-06-07,2026-06-07,0,0
P012010,2,0,46.0,1614.29,0,2024-12-05,2025-02-01,1,0
P012011,2,0,49.5,2129.38,0,2026-07-01,2026-09-22,1,0
P012012,1,0,22.0,984.6,0,2025-06-11,2025-06-11,0,0
P012013,1,1,95.0,18250.59,0,2025-01-13,2025-01-13,0,0
P012014,1,0,17.0,195.42,0,2024-12-17,2024-12-17,0,0
P012015,1,0,51.0,333.71,0,2026-09-14,2026-09-14,0,0
P012016,1,1,72.0,9795.98,0,2024-03-27,2024-03-27,0,0
P012017,2,0,41.0,2086.52,0,2025-03-14,2025-04-01,1,0
P012018,3,1,50.666666666666664,10118.81,0,2026-07-10,2026-09-29,1,0
P012019,1,0,71.0,788.35,0,2024-09-02,2024-09-02,0,0
P012020,5,2,57.4,17780.74,0,2024-02-11,2026-07-06,1,1
P012021,1,0,32.0,460.56,0,2025-11-10,2025-11-10,0,0
P012022,1,0,99.0,818.86,0,2025-08-07,2025-08-07,0,0
P012023,1,0,30.0,1281.27,0,2025-12-15,2025-12-15,0,0
P012024,3,1,48.0,11356.73,0,2024-06-13,2025-06-15,1,0
P012025,2,2,105.5,22104.23,0,2024-11-03,2025-01-12,1,0
P012026,2,1,41.0,8928.679999999998,0,2026-01-25,2026-02-10,1,0
P012027,1,0,11.0,502.2,0,2025-07-25,2025-07-25,0,0
P012028,1,0,31.0,307.43,0,2025-09-26,2025-09-26,0,0
P012029,6,2,38.666666666666664,14012.88,0,2024-08-04,2026-09-26,1,1
P012030,3,0,39.333333333333336,2903.54,0,2025-10-25,2026-09-26,1,0
P012031,1,1,21.0,12808.78,0,2025-11-13,2025-11-13,0,0
P012032,2,1,38.0,6157.4400000000005,0,2024-02-18,2025-02-11,1,0
P012033,2,2,78.0,24406.489999999998,0,2026-09-18,2026-09-30,1,0
P012034,2,1,56.0,2812.76,0,2024-06-06,2024-08-16,1,0
P012035,1,0,30.0,694.85,0,2026-01-19,2026-01-19,0,0
P012036,2,0,97.0,992.6600000000001,0,2025-03-09,2025-07-20,1,0
P012037,1,0,23.0,331.94,0,2026-01-23,2026-01-23,0,0
P012038,1,0,14.0,238.68,0,2025-11-23,2025-11-23,0,0
P012039,1,0,122.0,910.6,0,2024-06-04,2024-06-04,0,0
P012040,1,1,62.0,7512.27,0,2024-01-30,2024-01-30,0,0
P012041,1,0,26.0,509.31,0,2024-06-29,2024-06-29,0,0
P012042,2,0,38.0,806.0899999999999,0,2024-03-02,2024-04-27,1,0
P012043,4,1,52.0,6773.18,0,2024-08-16,2026-09-27,1,1
P012044,1,0,22.0,611.63,0,2024-06-15,2024-06-15,0,0
P012045,2,1,32.5,2568.94,0,2024-01-01,2024-10-21,1,0
P012046,3,1,44.666666666666664,15722.920000000002,0,2026-07-30,2026-09-20,1,0
P012047,2,1,35.5,3068.85,0,2026-05-25,2026-06-28,1,0
P012048,1,0,21.0,1008.88,0,2026-09-07,2026-09-07,0,0
P012049,1,0,16.0,527.92,0,2026-03-05,2026-03-05,0,0
P012050,1,0,10.0,559.87,0,2026-08-23,2026-08-23,0,0
P012051,1,0,17.0,621.72,0,2025-10-02,2025-10-02,0,0
P012052,1,0,28.0,612.79,0,2024-04-20,2024-04-20,0,0
P012053,1,0,23.0,197.7,0,2026-09-11,2026-09-11,0,0
P012054,1,0,25.0,284.0,0,2026-04-25,2026-04-25,0,0
P012055,4,1,106.25,14190.79,0,2024-09-17,2025-12-09,1,1
P012056,1,0,104.0,1084.52,0,2025-07-09,2025-07-09,0,0
P012057,3,1,44.333333333333336,5846.41,0,2024-05-29,2025-05-27,1,0
P012058,1,0,27.0,495.22,0,2024-08-17,2024-08-17,0,0
P012059,1,0,64.0,463.18,0,2024-12-04,2024-12-04,0,0
P012060,3,1,65.66666666666667,21080.63,0,2026-01-09,2026-05-30,1,0
P012061,2,2,33.5,19102.14,0,2024-06-09,2024-09-03,1,0
P012062,1,1,65.0,6538.81,0,2025-08-11,2025-08-11,0,0
P012063,1,0,24.0,584.88,0,2025-05-04,2025-05-04,0,0
P012064,1,0,18.0,130.33,0,2024-06-17,2024-06-17,0,0
P012065,3,1,43.0,19118.24,0,2026-04-24,2026-06-19,1,0
P012066,1,1,52.0,4490.1,0,2024-07-19,2024-07-19,0,0
P012067,1,1,43.0,1400.33,0,2024-01-05,2024-01-05,0,0
P012068,1,0,17.0,644.62,0,2024-10-10,2024-10-10,0,0
P012069,2,0,47.5,1852.4099999999999,0,2024-04-24,2024-05-31,1,0
P012070,3,1,77.66666666666667,6147.14,0,2024-09-25,2026-02-04,1,0
P012071,1,1,22.0,9474.34,0,2025-07-02,2025-07-02,0,0
P012072,1,0,103.0,1415.56,0,2026-03-19,2026-03-19,0,0
P012073,1,1,40.0,2742.63,0,2025-06-19,2025-06-19,0,0
P012074,3,1,94.33333333333333,11579.89,0,2024-02-12,2024-12-18,1,0
P012075,1,0,39.0,756.48,0,2024-08-27,2024-08-27,0,0
P012076,3,2,56.0,7065.13,0,2026-05-20,2026-09-18,1,0
P012077,1,0,73.0,1334.31,0,2025-12-16,2025-12-16,0,0
P012078,2,2,62.0,13699.11,0,2024-04-26,2024-06-07,1,0
P012079,2,2,90.5,16344.460000000001,0,2025-06-09,2025-07-01,1,0
P012080,1,1,44.0,6594.97,0,2024-01-31,2024-01-31,0,0
P012081,1,0,46.0,911.82,0,2026-03-29,2026-03-29,0,0
P012082,1,0,35.0,458.51,0,2025-05-14,2025-05-14,0,0
P012083,1,0,54.0,1308.94,0,2026-02-25,2026-02-25,0,0
P012084,2,0,47.5,1826.5800000000002,0,2024-11-14,2025-03-03,1,0
P012085,4,0,26.5,3360.44,0,2025-11-07,2026-06-05,1,1
P012086,2,2,36.5,22682.36,0,2025-02-04,2026-01-31,1,0
P012087,1,1,105.0,18351.62,0,2025-09-20,2025-09-20,0,0
P012088,1,1,70.0,9515.47,0,2026-02-21,2026-02-21,0,0
P012089,1,0,66.0,1971.5,0,2025-09-10,2025-09-10,0,0
P012090,1,0,20.0,337.49,0,2026-04-12,2026-04-12,0,0
P012091,3,0,42.666666666666664,1162.1,0,2025-04-22,2026-05-21,1,0
P012092,3,2,59.333333333333336,12378.539999999999,0,2025-04-11,2025-12-06,1,0
P012093,2,1,42.5,7403.47,0,2025-12-23,2026-09-23,1,0
P012094,1,1,62.0,6427.67,0,2024-01-11,2024-01-11,0,0
P012095,2,0,27.5,1058.21,0,2024-06-30,2025-08-05,1,0
P012096,2,1,23.5,4776.66,0,2026-07-12,2026-08-01,1,0
P012097,1,1,71.0,929.85,0,2026-03-19,2026-03-19,0,0
P012098,2,0,18.0,586.66,0,2026-01-08,2026-05-29,1,0
P012099,2,0,54.5,2982.88,0,2026-04-30,2026-06-19,1,0
P012100,1,0,96.0,1872.54,0,2025-03-19,2025-03-19,0,0
P012101,1,0,28.0,519.34,0,2026-07-05,2026-07-05,0,0
P012102,4,0,167.5,3362.01,0,2026-06-14,2026-09-24,1,1
P012103,1,0,309.0,477.35,0,2024-11-11,2024-11-11,0,0
P012104,3,1,46.333333333333336,15435.44,0,2024-12-07,2026-05-24,1,0
P012105,2,1,63.0,2758.48,0,2026-08-20,2026-09-13,1,0
P012106,1,0,34.0,481.84,0,2026-09-12,2026-09-12,0,0
P012107,2,1,23.0,2669.46,0,2025-09-29,2025-11-23,1,0
P012108,2,0,25.5,832.69,0,2026-08-28,2026-09-12,1,0
P012109,3,2,51.333333333333336,9610.3,0,2025-07-17,2026-06-16,1,0
P012110,1,1,38.0,6069.55,0,2025-05-05,2025-05-05,0,0
P012111,1,1,145.0,6871.62,0,2024-07-15,2024-07-15,0,0
P012112,1,0,24.0,554.13,0,2025-02-17,2025-02-17,0,0
P012113,3,2,35.0,11583.77,0,2025-09-12,2025-12-10,1,0
P012114,2,1,38.5,14890.74,0,2025-02-11,2025-06-07,1,0
P012115,2,0,52.0,1885.09,0,2026-05-21,2026-06-12,1,0
P012116,1,0,17.0,787.25,0,2025-01-08,2025-01-08,0,0
P012117,1,0,45.0,484.28,0,2026-06-12,2026-06-12,0,0
P012118,1,0,9.0,422.53,0,2024-01-11,2024-01-11,0,0
P012119,1,0,37.0,215.86,0,2025-08-01,2025-08-01,0,0
P012120,1,0,21.0,359.76,0,2024-12-18,2024-12-18,0,0
P012121,1,0,62.0,630.49,0,2025-05-30,2025-05-30,0,0
P012122,2,0,112.5,1610.83,0,2025-08-14,2026-07-31,1,0
P012123,3,1,26.0,3232.43,0,2024-01-21,2024-10-04,1,0
P012124,1,1,50.0,1072.72,0,2024-12-14,2024-12-14,0,0
P012125,2,0,96.0,1847.71,0,2024-04-24,2024-11-18,1,0
P012126,1,0,21.0,505.98,0,2026-07-06,2026-07-06,0,0
P012127,2,1,63.5,14520.050000000001,0,2025-01-31,2025-07-03,1,0
P012128,1,1,111.0,12213.9,0,2026-06-08,2026-06-08,0,0
P012129,1,0,28.0,176.28,0,2024-05-27,2024-05-27,0,0
P012130,1,0,14.0,555.27,0,2024-01-02,2024-01-02,0,0
P012131,1,0,11.0,569.56,0,2026-07-18,2026-07-18,0,0
P012132,1,1,26.0,4011.53,0,2025-08-13,2025-08-13,0,0
P012133,1,0,20.0,585.52,0,2025-12-09,2025-12-09,0,0
P012134,2,0,56.5,1126.28,0,2025-11-08,2026-02-12,1,0
P012135,3,1,44.666666666666664,18285.19,0,2024-02-06,2025-04-02,1,0
P012136,1,0,80.0,721.67,0,2025-09-10,2025-09-10,0,0
P012137,1,0,30.0,346.41,0,2024-02-23,2024-02-23,0,0
P012138,1,0,51.0,1236.63,0,2024-05-13,2024-05-13,0,0
P012139,2,0,73.5,1374.3899999999999,0,2025-01-05,2025-11-12,1,0
P012140,1,1,42.0,9111.4,0,2024-06-16,2024-06-16,0,0
P012141,3,1,37.333333333333336,9337.43,0,2026-03-07,2026-09-29,1,0
P012142,4,4,54.25,34473.68,0,2026-07-16,2026-09-20,1,1
P012143,2,2,62.0,15614.009999999998,0,2026-02-25,2026-03-09,1,0
P012144,1,0,38.0,1057.16,0,2024-12-14,2024-12-14,0,0
P012145,1,1,34.0,14796.35,0,2024-09-26,2024-09-26,0,0
P012146,4,1,33.25,4513.04,0,2026-01-15,2026-09-30,1,1
P012147,1,0,74.0,590.47,0,2024-08-11,2024-08-11,0,0
P012148,1,0,26.0,1505.23,0,2025-07-31,2025-07-31,0,0
P012149,1,1,51.0,15087.78,0,2025-07-21,2025-07-21,0,0
P012150,1,0,69.0,582.43,0,2025-05-17,2025-05-17,0,0
P012151,4,2,70.25,22012.34,1,2026-07-06,2026-09-27,1,1
P012152,2,0,55.0,1157.06,0,2025-11-15,2026-05-21,1,0
P012153,1,0,20.0,338.38,0,2026-01-04,2026-01-04,0,0
P012154,1,0,14.0,531.8,0,2026-02-03,2026-02-03,0,0
P012155,3,1,34.666666666666664,14953.91,0,2025-11-25,2026-09-27,1,0
P012156,1,0,69.0,743.09,0,2026-01-25,2026-01-25,0,0
P012157,1,0,29.0,388.28,0,2024-07-13,2024-07-13,0,0
P012158,1,0,31.0,163.88,0,2025-04-09,2025-04-09,0,0
P012159,1,0,36.0,306.41,0,2024-10-25,2024-10-25,0,0
P012160,1,0,32.0,595.42,0,2025-06-27,2025-06-27,0,0
P012161,2,1,22.5,1723.87,0,2024-11-09,2025-01-01,1,0
P012162,1,1,28.0,1599.93,0,2024-11-23,2024-11-23,0,0
P012163,1,0,48.0,1327.48,0,2026-01-08,2026-01-08,0,0
P012164,1,0,10.0,459.94,0,2025-10-04,2025-10-04,0,0
P012165,1,1,193.0,11717.28,0,2026-07-04,2026-07-04,0,0
P012166,1,0,25.0,381.55,0,2025-03-23,2025-03-23,0,0
P012167,4,1,54.25,8788.7,0,2025-03-30,2026-06-17,1,1
P012168,2,0,57.0,1603.3899999999999,0,2024-10-04,2025-10-23,1,0
P012169,1,0,22.0,185.25,0,2025-07-08,2025-07-08,0,0
P012170,1,0,20.0,230.0,0,2026-01-04,2026-01-04,0,0
P012171,2,0,27.5,782.94,0,2026-02-21,2026-09-18,1,0
P012172,1,0,57.0,1320.31,0,2024-04-01,2024-04-01,0,0
P012173,2,0,36.5,1318.04,0,2026-09-21,2026-09-25,1,0
P012174,1,0,35.0,505.13,0,2024-06-29,2024-06-29,0,0
P012175,5,3,45.8,37627.88,0,2024-05-26,2026-02-01,1,1
P012176,1,0,31.0,362.09,0,2024-02-17,2024-02-17,0,0
P012177,2,0,20.5,1012.25,0,2026-08-18,2026-09-16,1,0
P012178,1,0,36.0,949.41,0,2025-02-05,2025-02-05,0,0
P012179,1,1,81.0,13230.29,0,2025-10-07,2025-10-07,0,0
P012180,1,1,85.0,3240.92,0,2026-05-22,2026-05-22,0,0
P012181,1,1,32.0,1399.94,0,2026-08-29,2026-08-29,0,0
P012182,4,1,49.75,5787.74,0,2024-05-03,2025-11-22,1,1
P012183,1,0,46.0,1169.88,0,2026-02-24,2026-02-24,0,0
P012184,1,0,40.0,962.42,0,2025-08-12,2025-08-12,0,0
P012185,1,0,34.0,900.3,0,2026-08-20,2026-08-20,0,0
P012186,1,0,38.0,800.99,0,2024-10-02,2024-10-02,0,0
P012187,2,0,20.5,620.88,0,2025-01-08,2026-01-06,1,0
P012188,1,0,20.0,514.01,0,2025-10-27,2025-10-27,0,0
P012189,1,0,33.0,180.86,0,2024-12-14,2024-12-14,0,0
P012190,1,0,51.0,319.91,0,2025-06-15,2025-06-15,0,0
P012191,1,0,14.0,570.35,0,2026-09-22,2026-09-22,0,0
P012192,1,0,93.0,649.21,0,2025-02-09,2025-02-09,0,0
P012193,1,0,91.0,966.04,0,2026-08-31,2026-08-31,0,0
P012194,1,0,47.0,1763.03,0,2025-09-09,2025-09-09,0,0
P012195,3,3,50.333333333333336,42307.11,0,2025-08-18,2026-06-11,1,0
P012196,1,1,110.0,5360.34,0,2026-01-10,2026-01-10,0,0
P012197,1,0,24.0,327.83,0,2025-04-17,2025-04-17,0,0
P012198,1,0,29.0,554.76,0,2024-11-02,2024-11-02,0,0
P012199,1,0,18.0,873.01,0,2024-01-26,2024-01-26,0,0
P012200,2,0,22.0,533.14,0,2026-04-10,2026-04-30,1,0
P012201,3,0,50.0,4711.5599999999995,0,2024-07-07,2026-01-25,1,0
P012202,1,0,119.0,1585.73,0,2025-06-17,2025-06-17,0,0
P012203,1,0,40.0,316.08,0,2025-12-28,2025-12-28,0,0
P012204,2,1,47.0,11141.140000000001,0,2024-04-10,2024-12-20,1,0
P012205,1,1,149.0,6961.49,0,2025-07-08,2025-07-08,0,0
P012206,1,1,96.0,55570.16,0,2025-09-23,2025-09-23,0,0
P012207,1,1,111.0,1872.04,0,2026-09-13,2026-09-13,0,0
P012208,1,0,16.0,683.08,0,2026-08-04,2026-08-04,0,0
P012209,2,2,71.5,10480.44,0,2025-05-29,2025-12-15,1,0
P012210,6,3,67.16666666666667,21482.54,0,2025-04-11,2026-09-28,1,1
P012211,1,1,33.0,5989.11,0,2025-03-20,2025-03-20,0,0
P012212,1,1,178.0,5911.84,0,2024-04-15,2024-04-15,0,0
P012213,3,2,49.0,11437.52,0,2025-09-06,2026-09-25,1,0
P012214,3,1,37.0,6793.43,0,2026-05-11,2026-09-29,1,0
P012215,1,0,33.0,681.13,0,2024-08-30,2024-08-30,0,0
P012216,1,0,28.0,575.15,0,2026-04-11,2026-04-11,0,0
P012217,1,0,48.0,794.16,0,2026-09-22,2026-09-22,0,0
P012218,1,0,40.0,1042.78,0,2026-01-14,2026-01-14,0,0
P012219,1,0,37.0,382.09,0,2026-08-14,2026-08-14,0,0
P012220,1,0,60.0,1866.45,0,2025-07-15,2025-07-15,0,0
P012221,2,0,16.0,1333.06,0,2024-04-16,2024-09-22,1,0
P012222,1,0,16.0,282.74,0,2024-12-24,2024-12-24,0,0
P012223,1,0,35.0,307.62,0,2026-05-15,2026-05-15,0,0
P012224,2,2,61.5,15015.99,0,2026-03-13,2026-08-30,1,0
P012225,4,1,26.0,12758.52,0,2024-01-28,2025-01-24,1,1
P012226,1,0,19.0,451.2,0,2025-10-29,2025-10-29,0,0
P012227,1,0,18.0,621.62,0,2025-05-31,2025-05-31,0,0
P012228,2,2,63.5,5183.9,0,2024-05-27,2024-06-19,1,0
P012229,1,0,73.0,1016.08,0,2025-04-11,2025-04-11,0,0
P012230,3,2,39.0,11647.82,0,2026-06-28,2026-09-30,1,0
P012231,1,1,31.0,10846.24,0,2024-01-06,2024-01-06,0,0
P012232,1,0,59.0,1236.11,0,2025-05-14,2025-05-14,0,0
P012233,2,0,27.5,755.86,0,2026-09-04,2026-09-28,1,0
P012234,1,0,19.0,488.63,0,2024-02-11,2024-02-11,0,0
P012235,1,0,57.0,1144.36,0,2024-06-17,2024-06-17,0,0
P012236,2,0,33.0,583.62,0,2025-11-09,2025-12-25,1,0
P012237,1,1,82.0,1517.51,0,2026-03-25,2026-03-25,0,0
P012238,1,0,101.0,1520.34,0,2024-09-25,2024-09-25,0,0
P012239,1,0,11.0,498.49,0,2024-02-01,2024-02-01,0,0
P012240,1,0,30.0,689.46,0,2026-02-18,2026-02-18,0,0
P012241,2,1,44.0,1676.8,0,2025-01-19,2025-02-10,1,0
P012242,1,1,46.0,2602.56,0,2026-07-04,2026-07-04,0,0
P012243,1,0,8.0,432.89,0,2024-08-30,2024-08-30,0,0
P012244,1,0,26.0,197.16,0,2026-04-06,2026-04-06,0,0
P012245,1,0,18.0,285.59,0,2024-10-14,2024-10-14,0,0
P012246,1,0,19.0,680.82,0,2025-04-07,2025-04-07,0,0
P012247,2,0,59.0,3512.13,0,2026-06-25,2026-07-04,1,0
P012248,2,0,22.0,939.74,0,2024-09-08,2024-11-02,1,0
P012249,1,0,34.0,413.3,0,2026-08-17,2026-08-17,0,0
P012250,1,0,41.0,725.22,0,2026-04-07,2026-04-07,0,0
P012251,1,0,30.0,419.92,0,2024-02-18,2024-02-18,0,0
P012252,3,0,17.666666666666668,1798.81,0,2026-01-17,2026-09-26,1,0
P012253,1,1,67.0,13289.07,0,2026-03-29,2026-03-29,0,0
P012254,1,0,41.0,311.68,0,2025-10-06,2025-10-06,0,0
P012255,1,0,40.0,567.49,0,2026-06-27,2026-06-27,0,0
P012256,1,0,53.0,602.48,0,2024-07-13,2024-07-13,0,0
P012257,2,0,82.0,2580.86,0,2025-02-17,2025-03-09,1,0
P012258,1,1,25.0,8721.07,0,2024-12-14,2024-12-14,0,0
P012259,1,0,39.0,248.12,0,2026-04-16,2026-04-16,0,0
P012260,1,0,7.0,358.95,0,2025-01-12,2025-01-12,0,0
P012261,1,1,36.0,4135.22,0,2026-08-22,2026-08-22,0,0
P012262,1,0,43.0,130.06,0,2024-01-19,2024-01-19,0,0
P012263,2,0,47.0,1583.0,0,2025-10-30,2026-06-28,1,0
P012264,2,1,55.5,11857.86,0,2025-02-06,2025-08-10,1,0
P012265,1,0,34.0,1043.3,0,2026-03-10,2026-03-10,0,0
P012266,1,1,20.0,3367.02,0,2025-05-08,2025-05-08,0,0
P012267,6,3,55.333333333333336,29905.21,1,2026-02-10,2026-09-29,1,1
P012268,1,1,83.0,14994.0,0,2025-07-27,2025-07-27,0,0
P012269,4,1,52.5,37642.41,1,2026-06-21,2026-09-30,1,1
P012270,1,0,38.0,1649.42,0,2026-02-03,2026-02-03,0,0
P012271,1,1,54.0,6806.37,0,2026-05-22,2026-05-22,0,0
P012272,3,0,24.0,2433.98,0,2024-01-21,2025-03-09,1,0
P012273,3,0,43.0,2799.48,0,2024-03-08,2025-03-15,1,0
P012274,2,2,34.5,15107.84,0,2026-06-10,2026-09-15,1,0
P012275,1,0,19.0,421.64,0,2024-02-08,2024-02-08,0,0
P012276,1,0,47.0,2453.87,0,2026-01-03,2026-01-03,0,0
P012277,1,0,40.0,378.02,0,2024-11-08,2024-11-08,0,0
P012278,2,0,51.0,942.27,0,2026-04-09,2026-09-28,1,0
P012279,1,0,54.0,881.76,0,2024-10-28,2024-10-28,0,0
P012280,2,0,20.5,1350.6100000000001,0,2024-09-13,2025-02-26,1,0
P012281,1,0,48.0,340.2,0,2024-03-10,2024-03-10,0,0
P012282,1,0,21.0,337.67,0,2025-12-28,2025-12-28,0,0
P012283,1,1,71.0,14273.32,0,2025-04-14,2025-04-14,0,0
P012284,1,0,97.0,1933.47,0,2024-11-19,2024-11-19,0,0
P012285,2,0,22.5,547.3,0,2024-07-15,2025-06-06,1,0
P012286,3,1,64.0,5732.509999999999,0,2025-12-20,2026-09-12,1,0
P012287,2,2,80.0,10027.14,0,2026-02-08,2026-07-08,1,0
P012288,1,1,46.0,5932.89,0,2025-08-30,2025-08-30,0,0
P012289,4,0,33.25,3418.3,0,2024-02-21,2026-08-25,1,1
P012290,1,1,20.0,1785.53,0,2025-12-14,2025-12-14,0,0
P012291,1,0,21.0,171.25,0,2025-09-22,2025-09-22,0,0
P012292,1,0,21.0,289.98,0,2025-10-02,2025-10-02,0,0
P012293,2,0,23.5,849.02,0,2026-05-27,2026-06-21,1,0
P012294,1,0,64.0,706.46,0,2025-08-26,2025-08-26,0,0
P012295,2,1,62.0,20532.780000000002,0,2026-03-09,2026-06-24,1,0
P012296,1,0,21.0,786.08,0,2024-12-23,2024-12-23,0,0
P012297,1,1,79.0,13604.23,0,2024-10-23,2024-10-23,0,0
P012298,1,0,57.0,843.19,0,2025-06-14,2025-06-14,0,0
P012299,2,0,22.5,1196.7,0,2026-01-19,2026-09-19,1,0
P012300,3,1,20.666666666666668,7948.9400000000005,0,2024-12-20,2026-05-01,1,0
P012301,2,2,50.5,41919.770000000004,0,2024-03-03,2024-12-23,1,0
P012302,1,0,20.0,208.71,0,2024-08-25,2024-08-25,0,0
P012303,1,0,12.0,823.07,0,2025-10-25,2025-10-25,0,0
P012304,5,1,93.2,11576.76,0,2024-02-24,2026-09-25,1,1
P012305,1,0,70.0,1154.57,0,2024-01-12,2024-01-12,0,0
P012306,3,2,51.333333333333336,8857.42,0,2024-02-02,2024-05-27,1,0
P012307,3,2,53.0,14176.01,0,2024-02-15,2024-11-29,1,0
P012308,3,0,34.0,1701.48,0,2024-10-12,2025-07-29,1,0
P012309,1,0,135.0,983.01,0,2024-01-31,2024-01-31,0,0
P012310,1,1,52.0,13650.32,0,2026-08-27,2026-08-27,0,0
P012311,2,1,52.5,2149.94,0,2025-01-21,2025-10-22,1,0
P012312,4,2,59.25,19883.670000000002,0,2025-11-08,2026-09-28,1,1
P012313,1,0,29.0,1336.33,0,2025-01-08,2025-01-08,0,0
P012314,2,0,21.5,439.46,0,2024-09-02,2024-11-16,1,0
P012315,1,0,93.0,924.54,0,2024-12-19,2024-12-19,0,0
P012316,1,0,152.0,591.95,0,2024-10-01,2024-10-01,0,0
P012317,1,0,29.0,657.84,0,2026-07-29,2026-07-29,0,0
P012318,2,0,26.0,564.61,0,2024-11-07,2025-09-15,1,0
P012319,1,1,67.0,16322.54,0,2024-01-03,2024-01-03,0,0
P012320,4,1,48.75,15105.57,0,2026-06-02,2026-09-22,1,1
P012321,1,0,144.0,775.22,0,2024-10-11,2024-10-11,0,0
P012322,2,0,57.0,1285.07,0,2024-02-29,2024-04-12,1,0
P012323,1,0,23.0,305.44,0,2024-03-21,2024-03-21,0,0
P012324,1,0,120.0,818.06,0,2025-07-17,2025-07-17,0,0
P012325,2,0,68.5,1154.43,0,2024-02-08,2024-04-02,1,0
P012326,1,1,94.0,14131.55,0,2025-03-18,2025-03-18,0,0
P012327,2,1,42.5,11451.17,0,2025-02-12,2025-05-22,1,0
P012328,1,1,83.0,10983.84,0,2024-11-29,2024-11-29,0,0
P012329,4,3,57.75,22383.29,0,2024-09-20,2026-01-09,1,1
P012330,1,0,178.0,1874.57,0,2025-03-11,2025-03-11,0,0
P012331,2,0,69.5,1652.0900000000001,0,2025-04-27,2026-01-05,1,0
P012332,3,1,29.666666666666668,1695.8400000000001,0,2025-06-10,2026-09-29,1,0
P012333,6,0,39.333333333333336,3963.25,0,2024-01-15,2026-09-19,1,1
P012334,1,1,76.0,9422.12,0,2024-04-22,2024-04-22,0,0
P012335,2,1,37.0,7988.66,0,2026-05-28,2026-07-21,1,0
P012336,1,0,6.0,269.01,0,2025-03-30,2025-03-30,0,0
P012337,1,1,20.0,9241.55,0,2025-01-06,2025-01-06,0,0
P012338,4,0,31.0,2705.9199999999996,0,2025-07-26,2026-02-18,1,1
P012339,5,1,42.0,13518.380000000001,0,2024-05-02,2026-08-01,1,1
P012340,1,0,23.0,563.22,0,2024-12-23,2024-12-23,0,0
P012341,2,0,43.0,3049.12,0,2024-10-21,2025-11-26,1,0
P012342,1,0,35.0,452.76,0,2026-01-01,2026-01-01,0,0
P012343,1,0,83.0,1620.54,0,2025-10-27,2025-10-27,0,0
P012344,1,0,8.0,446.33,0,2024-05-03,2024-05-03,0,0
P012345,1,0,14.0,789.25,0,2025-08-30,2025-08-30,0,0
P012346,1,1,83.0,1535.35,0,2026-05-06,2026-05-06,0,0
P012347,4,1,51.25,12414.66,0,2026-04-22,2026-09-26,1,1
P012348,1,0,33.0,546.13,0,2026-06-17,2026-06-17,0,0
P012349,4,1,38.75,9932.23,0,2024-11-05,2025-05-03,1,1
P012350,1,1,66.0,10039.65,0,2025-05-22,2025-05-22,0,0
P012351,2,0,19.5,596.59,0,2025-09-26,2026-02-03,1,0
P012352,2,0,14.0,1221.85,0,2024-04-01,2025-01-27,1,0
P012353,1,1,80.0,42429.34,0,2026-04-19,2026-04-19,0,0
P012354,2,1,78.5,3503.6299999999997,0,2024-09-08,2025-01-11,1,0
P012355,1,1,53.0,15166.26,0,2026-08-25,2026-08-25,0,0
P012356,1,1,62.0,1621.87,0,2024-08-18,2024-08-18,0,0
P012357,1,1,64.0,4361.25,0,2026-05-09,2026-05-09,0,0
P012358,1,1,44.0,2019.21,0,2024-10-23,2024-10-23,0,0
P012359,1,0,50.0,1727.0,0,2025-08-10,2025-08-10,0,0
P012360,2,2,74.5,8804.41,0,2024-12-22,2025-10-23,1,0
P012361,1,0,37.0,243.28,0,2025-09-07,2025-09-07,0,0
P012362,1,0,15.0,359.0,0,2024-03-11,2024-03-11,0,0
P012363,1,0,33.0,455.2,0,2025-04-01,2025-04-01,0,0
P012364,1,1,49.0,4625.77,0,2024-09-16,2024-09-16,0,0
P012365,3,0,61.0,3294.35,0,2024-05-23,2025-03-01,1,0
P012366,2,1,32.0,3779.84,0,2025-08-07,2026-09-15,1,0
P012367,1,0,44.0,1076.12,0,2026-04-28,2026-04-28,0,0
P012368,1,1,125.0,5591.36,0,2026-03-07,2026-03-07,0,0
P012369,2,1,52.0,7368.58,0,2026-05-03,2026-09-21,1,0
P012370,1,1,41.0,6614.91,0,2026-05-26,2026-05-26,0,0
P012371,2,1,39.0,11039.55,0,2025-09-30,2026-02-28,1,0
P012372,1,0,95.0,1089.33,0,2024-05-03,2024-05-03,0,0
P012373,1,0,49.0,1933.8,0,2024-04-21,2024-04-21,0,0
P012374,1,0,34.0,470.32,0,2026-09-22,2026-09-22,0,0
P012375,1,0,9.0,259.91,0,2025-05-16,2025-05-16,0,0
P012376,2,1,84.0,13424.279999999999,0,2024-02-01,2024-08-09,1,0
P012377,1,0,12.0,885.27,0,2024-04-26,2024-04-26,0,0
P012378,1,0,25.0,378.81,0,2024-07-03,2024-07-03,0,0
P012379,1,0,7.0,167.79,0,2024-09-18,2024-09-18,0,0
P012380,1,1,64.0,4353.18,0,2024-03-20,2024-03-20,0,0
P012381,1,0,39.0,608.5,0,2026-08-21,2026-08-21,0,0
P012382,2,0,68.5,948.86,0,2024-12-09,2025-12-12,1,0
P012383,1,1,43.0,6207.96,0,2024-09-02,2024-09-02,0,0
P012384,1,0,42.0,145.76,0,2024-12-18,2024-12-18,0,0
P012385,2,1,40.0,6898.69,0,2024-12-10,2025-02-26,1,0
P012386,3,0,24.333333333333332,1201.75,0,2024-11-22,2024-12-21,1,0
P012387,1,0,59.0,405.01,0,2025-03-23,2025-03-23,0,0
P012388,2,0,32.0,1808.61,0,2026-07-23,2026-08-10,1,0
P012389,5,2,32.0,19279.87,0,2025-08-12,2026-09-26,1,1
P012390,1,1,65.0,19683.63,0,2026-07-22,2026-07-22,0,0
P012391,3,2,61.333333333333336,16905.0,0,2024-10-16,2025-01-30,1,0
P012392,1,1,31.0,5867.09,0,2024-01-28,2024-01-28,0,0
P012393,2,0,46.5,2235.38,0,2024-08-26,2025-08-04,1,0
P012394,2,1,63.0,5947.88,1,2025-10-22,2025-11-17,1,0
P012395,2,1,43.5,15044.21,0,2025-03-21,2025-12-19,1,0
P012396,2,1,46.5,10605.59,0,2026-09-14,2026-09-29,1,0
P012397,3,2,50.0,16555.38,1,2025-01-30,2025-09-02,1,0
P012398,1,1,71.0,2552.57,0,2025-12-13,2025-12-13,0,0
P012399,5,2,60.4,5739.3,0,2026-01-29,2026-09-12,1,1
P012400,4,1,43.5,5376.04,0,2024-01-01,2026-02-13,1,1
P012401,1,0,65.0,729.38,0,2024-02-28,2024-02-28,0,0
P012402,1,0,15.0,179.14,0,2025-12-16,2025-12-16,0,0
P012403,1,1,95.0,5227.51,0,2026-08-29,2026-08-29,0,0
P012404,6,1,65.83333333333333,19024.99,0,2025-04-26,2026-09-30,1,1
P012405,1,1,100.0,4616.51,0,2025-10-30,2025-10-30,0,0
P012406,1,0,115.0,686.27,0,2026-07-02,2026-07-02,0,0
P012407,3,0,24.0,2366.4399999999996,0,2024-06-18,2025-11-01,1,0
P012408,1,1,21.0,5714.04,0,2025-12-09,2025-12-09,0,0
P012409,3,1,49.0,4417.280000000001,0,2026-02-13,2026-09-18,1,0
P012410,1,0,27.0,417.27,0,2024-05-28,2024-05-28,0,0
P012411,1,1,66.0,7795.08,0,2025-01-01,2025-01-01,0,0
P012412,2,1,54.5,9555.81,0,2024-08-19,2024-08-29,1,0
P012413,1,0,25.0,474.04,0,2026-04-14,2026-04-14,0,0
P012414,1,0,60.0,1362.34,0,2026-09-10,2026-09-10,0,0
P012415,2,0,62.0,1557.4199999999998,0,2025-04-03,2026-01-10,1,0
P012416,1,0,61.0,1638.07,0,2024-09-27,2024-09-27,0,0
P012417,1,0,22.0,152.0,0,2026-09-06,2026-09-06,0,0
P012418,1,0,29.0,582.17,0,2025-08-08,2025-08-08,0,0
P012419,1,0,111.0,597.2,0,2024-09-03,2024-09-03,0,0
P012420,2,1,36.5,16970.43,0,2026-04-12,2026-05-10,1,0
P012421,1,0,57.0,529.57,0,2026-04-24,2026-04-24,0,0
P012422,3,1,30.333333333333332,10582.859999999999,0,2026-08-26,2026-09-21,1,0
P012423,6,1,36.833333333333336,7085.51,1,2026-02-05,2026-09-27,1,1
P012424,1,0,19.0,543.16,0,2024-06-23,2024-06-23,0,0
P012425,1,0,22.0,1017.96,0,2024-03-09,2024-03-09,0,0
P012426,1,0,116.0,516.81,0,2026-04-06,2026-04-06,0,0
P012427,1,0,15.0,537.67,0,2026-09-05,2026-09-05,0,0
P012428,1,0,143.0,2354.1,0,2026-09-03,2026-09-03,0,0
P012429,1,1,56.0,3200.56,0,2026-01-24,2026-01-24,0,0
P012430,3,0,62.333333333333336,3544.72,0,2025-09-12,2025-12-25,1,0
P012431,3,1,37.333333333333336,28956.969999999998,0,2024-12-23,2025-08-06,1,0
P012432,2,0,38.0,849.56,0,2024-12-13,2025-09-21,1,0
P012433,1,0,46.0,858.6,0,2025-05-26,2025-05-26,0,0
P012434,4,1,82.5,13920.84,0,2024-03-07,2026-09-21,1,1
P012435,1,0,84.0,1713.23,0,2024-07-27,2024-07-27,0,0
P012436,1,0,30.0,469.82,0,2025-10-08,2025-10-08,0,0
P012437,2,1,90.5,6545.51,0,2024-01-26,2024-12-12,1,0
P012438,2,1,29.0,7940.07,0,2024-07-07,2025-05-18,1,0
P012439,3,1,27.666666666666668,3823.29,0,2026-03-16,2026-09-25,1,0
P012440,1,0,206.0,1239.96,0,2024-02-11,2024-02-11,0,0
P012441,1,0,15.0,566.15,0,2026-07-06,2026-07-06,0,0
P012442,1,0,15.0,383.98,0,2024-09-21,2024-09-21,0,0
P012443,1,0,81.0,649.96,0,2025-01-01,2025-01-01,0,0
P012444,2,0,38.5,911.03,0,2025-09-22,2026-08-23,1,0
P012445,1,0,55.0,1649.9,0,2025-09-29,2025-09-29,0,0
P012446,2,0,20.0,1100.3400000000001,0,2025-11-01,2026-03-31,1,0
P012447,5,2,81.4,8323.949999999999,0,2026-08-10,2026-09-29,1,1
P012448,3,1,70.0,26487.85,0,2026-06-17,2026-09-15,1,0
P012449,3,0,54.333333333333336,1883.1,0,2024-06-09,2025-03-01,1,0
P012450,2,0,32.0,900.52,0,2025-04-12,2025-06-14,1,0
P012451,3,1,45.666666666666664,12500.32,0,2025-03-19,2025-11-29,1,0
P012452,6,2,52.0,22339.0,0,2024-01-14,2026-09-28,1,1
P012453,1,0,60.0,522.99,0,2025-02-15,2025-02-15,0,0
P012454,5,1,65.4,7540.33,0,2026-08-29,2026-09-30,1,1
P012455,2,2,80.0,19429.79,1,2026-09-07,2026-09-24,1,0
P012456,1,1,71.0,3101.38,0,2024-09-11,2024-09-11,0,0
P012457,1,0,106.0,575.86,0,2026-01-22,2026-01-22,0,0
P012458,1,0,65.0,1120.46,0,2025-04-26,2025-04-26,0,0
P012459,3,2,50.0,19975.74,0,2026-03-23,2026-09-16,1,0
P012460,2,0,38.5,2266.21,0,2025-06-07,2026-01-12,1,0
P012461,1,1,181.0,6228.87,0,2024-11-18,2024-11-18,0,0
P012462,1,0,39.0,222.37,0,2025-06-29,2025-06-29,0,0
P012463,1,1,24.0,10311.3,0,2025-09-17,2025-09-17,0,0
P012464,1,1,51.0,4232.72,0,2026-06-24,2026-06-24,0,0
P012465,3,0,58.333333333333336,1978.56,0,2025-01-13,2026-04-08,1,0
P012466,1,0,26.0,205.05,0,2026-06-06,2026-06-06,0,0
P012467,2,0,26.0,889.5,0,2026-03-31,2026-09-13,1,0
P012468,1,1,125.0,22851.99,0,2025-04-08,2025-04-08,0,0
P012469,2,1,41.5,6805.42,0,2025-01-29,2025-09-28,1,0
P012470,1,0,15.0,766.53,0,2024-09-14,2024-09-14,0,0
P012471,1,0,71.0,1161.95,0,2025-11-18,2025-11-18,0,0
P012472,4,1,30.75,3561.0,0,2026-04-22,2026-09-22,1,1
P012473,1,0,20.0,1032.21,0,2025-01-09,2025-01-09,0,0
P012474,2,0,61.5,2127.94,0,2025-04-30,2026-02-04,1,0
P012475,2,0,63.0,1242.25,0,2026-07-05,2026-09-10,1,0
P012476,2,1,45.5,22859.94,0,2026-04-24,2026-08-02,1,0
P012477,2,2,56.0,18584.77,0,2024-04-01,2024-05-22,1,0
P012478,2,0,55.5,969.9100000000001,0,2025-01-20,2025-12-27,1,0
P012479,5,1,43.6,6145.03,0,2026-01-17,2026-09-18,1,1
P012480,1,0,32.0,251.83,0,2026-04-10,2026-04-10,0,0
P012481,2,1,76.0,5372.0,0,2026-02-01,2026-09-19,1,0
P012482,4,1,39.0,4761.95,0,2026-04-24,2026-09-25,1,1
P012483,4,1,67.0,11353.52,1,2026-08-07,2026-09-22,1,1
P012484,1,0,55.0,1291.77,0,2025-05-04,2025-05-04,0,0
P012485,2,2,59.5,27503.469999999998,0,2024-02-23,2024-07-19,1,0
P012486,1,0,19.0,448.35,0,2026-05-25,2026-05-25,0,0
P012487,1,0,34.0,217.04,0,2026-08-18,2026-08-18,0,0
P012488,2,0,86.0,1334.31,0,2024-10-09,2024-11-13,1,0
P012489,1,0,22.0,801.67,0,2024-03-31,2024-03-31,0,0
P012490,1,0,29.0,323.68,0,2024-03-21,2024-03-21,0,0
P012491,2,0,85.5,1064.89,0,2025-01-27,2025-03-30,1,0
P012492,1,0,128.0,1493.95,0,2025-12-13,2025-12-13,0,0
P012493,3,1,31.0,3594.0699999999997,0,2024-04-17,2024-11-12,1,0
P012494,3,1,50.0,2483.84,0,2025-04-05,2026-08-27,1,0
P012495,3,2,73.33333333333333,33816.81,0,2024-12-26,2025-08-04,1,0
P012496,1,0,28.0,924.74,0,2024-12-27,2024-12-27,0,0
P012497,3,1,44.333333333333336,4756.07,0,2024-05-14,2026-03-12,1,0
P012498,2,1,43.0,20948.96,0,2026-06-19,2026-07-13,1,0
P012499,2,2,55.5,41796.55,1,2025-08-18,2025-09-11,1,0
P012500,1,0,47.0,576.07,0,2026-01-14,2026-01-14,0,0
P012501,2,0,15.0,619.76,0,2024-12-14,2025-01-06,1,0
P012502,1,0,11.0,479.8,0,2026-08-06,2026-08-06,0,0
P012503,2,0,35.5,1439.62,0,2024-10-08,2025-04-16,1,0
P012504,1,0,13.0,708.12,0,2024-01-18,2024-01-18,0,0
P012505,1,0,19.0,379.71,0,2024-05-28,2024-05-28,0,0
P012506,1,0,22.0,229.24,0,2024-07-10,2024-07-10,0,0
P012507,1,0,30.0,575.95,0,2025-08-24,2025-08-24,0,0
P012508,2,1,47.0,2921.2200000000003,0,2026-02-16,2026-09-29,1,0
P012509,1,0,72.0,1709.63,0,2026-01-04,2026-01-04,0,0
P012510,2,1,52.0,10004.45,0,2024-06-18,2024-08-29,1,0
P012511,1,0,15.0,209.82,0,2024-11-19,2024-11-19,0,0
P012512,1,1,45.0,1364.38,0,2026-05-09,2026-05-09,0,0
P012513,1,0,26.0,909.44,0,2026-09-22,2026-09-22,0,0
P012514,3,2,47.0,23929.170000000002,0,2025-06-22,2026-09-29,1,0
P012515,1,1,42.0,2251.74,0,2024-06-22,2024-06-22,0,0
P012516,1,1,37.0,5305.91,0,2025-01-05,2025-01-05,0,0
P012517,4,1,35.0,2224.5299999999997,0,2025-09-06,2026-09-22,1,1
P012518,1,0,72.0,1197.38,0,2024-01-11,2024-01-11,0,0
P012519,1,1,29.0,9284.58,0,2024-11-14,2024-11-14,0,0
P012520,1,0,66.0,819.83,0,2025-03-02,2025-03-02,0,0
P012521,1,0,11.0,230.9,0,2025-12-30,2025-12-30,0,0
P012522,6,1,31.833333333333332,19987.5,0,2025-09-08,2026-09-27,1,1
P012523,4,1,57.5,7935.85,0,2025-06-28,2026-09-21,1,1
P012524,2,1,91.0,10454.05,0,2025-08-16,2025-12-28,1,0
P012525,1,1,37.0,4895.78,0,2024-06-24,2024-06-24,0,0
P012526,1,1,117.0,4957.5,0,2025-12-02,2025-12-02,0,0
P012527,1,0,36.0,935.55,0,2024-09-12,2024-09-12,0,0
P012528,1,0,43.0,586.48,0,2025-04-26,2025-04-26,0,0
P012529,1,1,37.0,1761.6,0,2024-10-26,2024-10-26,0,0
P012530,2,0,29.5,1602.87,0,2024-10-27,2025-07-16,1,0
P012531,2,2,39.5,21692.7,0,2024-01-05,2024-08-23,1,0
P012532,1,0,58.0,813.58,0,2025-06-27,2025-06-27,0,0
P012533,3,0,29.0,1068.01,0,2025-03-18,2025-10-24,1,0
P012534,2,1,63.0,4065.7000000000003,1,2024-01-26,2024-02-11,1,0
P012535,1,1,69.0,1674.66,0,2024-06-17,2024-06-17,0,0
P012536,1,1,46.0,1548.48,0,2025-12-15,2025-12-15,0,0
P012537,1,0,26.0,737.09,0,2025-11-07,2025-11-07,0,0
P012538,1,0,116.0,1182.81,0,2024-07-20,2024-07-20,0,0
P012539,1,0,62.0,558.96,0,2026-06-28,2026-06-28,0,0
P012540,1,0,27.0,1129.13,0,2025-08-14,2025-08-14,0,0
P012541,1,0,127.0,1208.95,0,2024-02-17,2024-02-17,0,0
P012542,4,3,46.5,26251.65,0,2025-10-10,2026-09-27,1,1
P012543,2,1,28.0,5765.84,0,2025-01-17,2025-02-08,1,0
P012544,2,1,51.5,8919.33,0,2025-08-06,2026-03-20,1,0
P012545,1,1,64.0,8938.67,0,2025-05-04,2025-05-04,0,0
P012546,1,1,79.0,3036.31,0,2026-08-07,2026-08-07,0,0
P012547,3,1,59.666666666666664,3158.45,1,2024-01-05,2024-02-20,1,0
P012548,1,1,121.0,7170.53,0,2024-01-03,2024-01-03,0,0
P012549,4,1,45.5,14325.19,0,2025-08-28,2026-09-28,1,1
P012550,1,0,20.0,492.21,0,2024-04-06,2024-04-06,0,0
P012551,1,0,64.0,785.99,0,2026-01-12,2026-01-12,0,0
P012552,4,1,37.75,7868.93,0,2025-12-29,2026-09-29,1,1
P012553,1,0,27.0,1473.42,0,2025-01-08,2025-01-08,0,0
P012554,1,0,46.0,890.85,0,2025-01-30,2025-01-30,0,0
P012555,1,0,33.0,139.31,0,2025-10-21,2025-10-21,0,0
P012556,2,0,84.5,1117.29,0,2024-09-12,2025-05-30,1,0
P012557,1,0,13.0,563.21,0,2026-04-11,2026-04-11,0,0
P012558,2,0,89.0,2062.0299999999997,0,2024-05-28,2024-06-24,1,0
P012559,1,1,154.0,2229.84,0,2024-05-15,2024-05-15,0,0
P012560,1,0,48.0,1385.43,0,2024-02-20,2024-02-20,0,0
P012561,3,0,22.0,2081.8900000000003,0,2026-05-09,2026-09-10,1,0
P012562,1,1,50.0,3492.73,0,2026-03-22,2026-03-22,0,0
P012563,1,0,47.0,1067.07,0,2025-05-31,2025-05-31,0,0
P012564,1,0,12.0,590.13,0,2025-07-19,2025-07-19,0,0
P012565,2,2,42.5,6571.389999999999,0,2026-09-20,2026-09-29,1,0
P012566,2,1,76.5,9822.71,0,2026-06-21,2026-07-08,1,0
P012567,1,0,46.0,341.83,0,2024-06-06,2024-06-06,0,0
P012568,1,1,44.0,1774.91,0,2024-06-19,2024-06-19,0,0
P012569,1,0,90.0,726.71,0,2026-05-08,2026-05-08,0,0
P012570,1,1,62.0,10001.61,0,2025-02-21,2025-02-21,0,0
P012571,2,2,103.5,14235.710000000001,0,2025-07-31,2025-12-14,1,0
P012572,1,1,80.0,1648.36,0,2024-09-05,2024-09-05,0,0
P012573,1,0,21.0,826.56,0,2026-08-19,2026-08-19,0,0
P012574,1,0,33.0,368.15,0,2025-08-31,2025-08-31,0,0
P012575,1,1,58.0,21905.02,0,2026-06-07,2026-06-07,0,0
P012576,1,1,31.0,6590.23,0,2024-07-07,2024-07-07,0,0
P012577,1,0,18.0,235.98,0,2025-06-21,2025-06-21,0,0
P012578,1,1,40.0,2384.42,0,2025-02-01,2025-02-01,0,0
P012579,1,1,87.0,12389.12,0,2026-04-04,2026-04-04,0,0
P012580,1,0,51.0,519.47,0,2024-05-15,2024-05-15,0,0
P012581,1,0,23.0,232.41,0,2026-05-19,2026-05-19,0,0
P012582,3,2,47.666666666666664,22428.07,0,2025-06-01,2026-05-14,1,0
P012583,2,1,85.5,8223.74,0,2024-10-10,2025-01-20,1,0
P012584,2,2,56.0,23933.34,0,2024-06-25,2024-07-26,1,0
P012585,1,0,61.0,784.99,0,2026-03-03,2026-03-03,0,0
P012586,1,0,17.0,536.48,0,2026-04-08,2026-04-08,0,0
P012587,1,1,166.0,5662.9,0,2024-02-03,2024-02-03,0,0
P012588,1,0,58.0,2200.93,0,2026-02-22,2026-02-22,0,0
P012589,1,0,31.0,518.94,0,2026-01-20,2026-01-20,0,0
P012590,1,0,11.0,394.0,0,2026-08-06,2026-08-06,0,0
P012591,1,0,34.0,873.68,0,2026-01-31,2026-01-31,0,0
P012592,1,0,60.0,147.49,0,2025-04-12,2025-04-12,0,0
P012593,2,1,59.0,10971.179999999998,0,2024-07-05,2024-08-02,1,0
P012594,1,0,23.0,938.4,0,2025-11-10,2025-11-10,0,0
P012595,2,1,79.5,10857.32,0,2026-02-02,2026-04-05,1,0
P012596,3,1,66.66666666666667,12536.06,0,2024-05-08,2025-06-18,1,0
P012597,1,1,36.0,2403.2,0,2024-04-29,2024-04-29,0,0
P012598,4,0,61.0,2195.64,0,2026-01-11,2026-09-22,1,1
P012599,3,2,41.0,17865.489999999998,0,2024-03-14,2024-06-10,1,0
P012600,2,1,17.5,19783.77,0,2026-04-25,2026-07-04,1,0
P012601,4,1,43.75,6245.93,0,2024-03-30,2025-01-19,1,1
P012602,5,0,37.4,2675.2200000000003,0,2024-10-06,2026-07-20,1,1
P012603,2,0,100.5,3171.79,0,2026-03-10,2026-09-26,1,0
P012604,1,0,26.0,378.3,0,2024-03-15,2024-03-15,0,0
P012605,1,1,40.0,10715.41,0,2024-02-28,2024-02-28,0,0
P012606,4,1,57.5,3873.22,0,2024-01-11,2026-06-20,1,1
P012607,3,1,39.333333333333336,11276.4,0,2024-01-24,2025-12-03,1,0
P012608,1,0,15.0,343.34,0,2025-08-24,2025-08-24,0,0
P012609,1,1,99.0,22350.24,0,2024-01-25,2024-01-25,0,0
P012610,1,1,49.0,1097.48,0,2026-03-11,2026-03-11,0,0
P012611,6,3,47.666666666666664,30627.56,1,2026-04-13,2026-09-29,1,1
P012612,2,1,34.5,10142.69,0,2024-05-17,2024-10-03,1,0
P012613,1,1,56.0,5654.93,0,2024-05-29,2024-05-29,0,0
P012614,5,2,58.6,10579.439999999999,1,2024-06-21,2026-09-30,1,1
P012615,1,0,26.0,704.33,0,2024-11-16,2024-11-16,0,0
P012616,1,1,188.0,14928.3,0,2024-07-13,2024-07-13,0,0
P012617,1,1,102.0,11593.93,0,2025-12-25,2025-12-25,0,0
P012618,1,1,72.0,5837.45,0,2024-04-21,2024-04-21,0,0
P012619,4,2,55.75,4829.39,0,2025-06-30,2026-09-23,1,1
P012620,2,2,91.0,20870.87,0,2024-07-17,2024-10-06,1,0
P012621,1,1,87.0,7122.04,0,2024-05-11,2024-05-11,0,0
P012622,1,1,77.0,12987.12,0,2024-06-25,2024-06-25,0,0
P012623,2,0,61.5,2371.6800000000003,0,2024-03-26,2024-12-17,1,0
P012624,1,0,17.0,744.63,0,2025-08-30,2025-08-30,0,0
P012625,1,0,31.0,885.72,0,2025-01-12,2025-01-12,0,0
P012626,4,3,53.75,17225.97,0,2026-02-04,2026-09-27,1,1
P012627,2,0,35.5,437.95,0,2025-03-29,2025-11-20,1,0
P012628,3,1,44.0,4888.23,1,2025-04-10,2025-06-08,1,0
P012629,1,0,118.0,457.5,0,2025-12-22,2025-12-22,0,0
P012630,1,0,95.0,881.96,0,2024-02-02,2024-02-02,0,0
P012631,3,3,56.0,25960.85,0,2025-02-25,2026-01-28,1,0
P012632,1,1,79.0,2761.46,0,2024-04-19,2024-04-19,0,0
P012633,2,1,37.0,3510.29,0,2024-11-07,2025-10-19,1,0
P012634,1,1,27.0,9548.33,0,2026-01-24,2026-01-24,0,0
P012635,1,0,13.0,537.88,0,2024-11-27,2024-11-27,0,0
P012636,1,0,43.0,413.85,0,2025-08-10,2025-08-10,0,0
P012637,1,0,38.0,526.26,0,2026-01-07,2026-01-07,0,0
P012638,2,0,71.5,2071.45,0,2025-03-15,2026-03-04,1,0
P012639,3,1,83.66666666666667,10639.23,0,2024-01-24,2024-10-09,1,0
P012640,2,0,46.0,1080.46,0,2024-08-11,2025-04-14,1,0
P012641,1,1,40.0,1793.02,0,2026-09-23,2026-09-23,0,0
P012642,1,1,72.0,6234.25,0,2024-09-04,2024-09-04,0,0
P012643,1,0,19.0,192.35,0,2026-02-21,2026-02-21,0,0
P012644,1,0,6.0,481.37,0,2024-01-28,2024-01-28,0,0
P012645,1,0,79.0,637.48,0,2024-01-19,2024-01-19,0,0
P012646,1,0,31.0,197.43,0,2025-10-23,2025-10-23,0,0
P012647,1,0,67.0,809.66,0,2024-07-02,2024-07-02,0,0
P012648,1,0,37.0,620.2,0,2025-11-10,2025-11-10,0,0
P012649,3,1,127.0,17621.45,0,2026-05-09,2026-08-08,1,0
P012650,1,0,41.0,734.84,0,2024-11-16,2024-11-16,0,0
P012651,2,2,69.0,17346.58,0,2026-02-09,2026-04-09,1,0
P012652,1,0,25.0,269.63,0,2024-11-10,2024-11-10,0,0
P012653,1,0,10.0,795.97,0,2025-02-27,2025-02-27,0,0
P012654,1,0,24.0,275.84,0,2026-05-05,2026-05-05,0,0
P012655,1,0,33.0,1251.87,0,2026-04-28,2026-04-28,0,0
P012656,1,0,39.0,527.39,0,2024-08-10,2024-08-10,0,0
P012657,3,1,47.0,12316.640000000001,0,2025-11-29,2026-09-30,1,0
P012658,1,0,26.0,751.47,0,2026-02-11,2026-02-11,0,0
P012659,1,0,100.0,1390.36,0,2025-05-21,2025-05-21,0,0
P012660,1,0,43.0,264.85,0,2026-03-02,2026-03-02,0,0
P012661,1,0,44.0,121.02,0,2025-12-15,2025-12-15,0,0
P012662,3,2,36.0,25682.910000000003,0,2025-03-17,2026-01-03,1,0
P012663,2,2,48.0,22103.370000000003,1,2024-12-10,2025-01-01,1,0
P012664,1,0,87.0,2376.39,0,2026-06-07,2026-06-07,0,0
P012665,2,0,41.5,2736.98,0,2026-02-28,2026-09-23,1,0
P012666,2,1,52.0,10538.76,0,2025-09-11,2026-08-20,1,0
P012667,1,0,59.0,1052.98,0,2025-01-26,2025-01-26,0,0
P012668,2,0,74.5,755.73,0,2025-04-02,2025-08-13,1,0
P012669,2,1,83.5,2717.55,0,2025-11-12,2025-12-07,1,0
P012670,3,2,106.33333333333333,12100.21,0,2024-01-29,2024-05-22,1,0
P012671,1,0,22.0,216.16,0,2025-01-30,2025-01-30,0,0
P012672,2,0,36.0,884.68,0,2025-05-20,2025-08-15,1,0
P012673,3,0,64.33333333333333,1753.52,0,2025-12-30,2026-09-19,1,0
P012674,2,1,34.0,5300.74,0,2024-09-30,2025-10-23,1,0
P012675,1,1,42.0,26688.05,0,2024-04-18,2024-04-18,0,0
P012676,1,0,24.0,554.05,0,2026-07-28,2026-07-28,0,0
P012677,1,0,31.0,293.4,0,2026-02-24,2026-02-24,0,0
P012678,5,1,33.8,5159.6900000000005,0,2025-10-29,2026-09-24,1,1
P012679,2,0,44.0,921.27,0,2025-09-29,2026-01-08,1,0
P012680,1,0,32.0,903.44,0,2024-02-22,2024-02-22,0,0
P012681,2,0,30.0,762.76,0,2024-07-03,2025-01-29,1,0
P012682,2,0,65.5,1755.1,0,2025-05-09,2025-07-05,1,0
P012683,1,0,115.0,544.41,0,2025-08-29,2025-08-29,0,0
P012684,3,0,58.0,1631.17,0,2025-01-18,2026-02-24,1,0
P012685,1,0,36.0,531.11,0,2025-12-21,2025-12-21,0,0
P012686,2,0,74.5,985.9200000000001,0,2024-02-20,2024-02-29,1,0
P012687,2,1,47.0,2323.91,0,2024-08-15,2025-04-04,1,0
P012688,2,0,33.0,679.35,0,2025-08-13,2026-07-15,1,0
P012689,2,1,40.5,10782.38,0,2024-03-14,2024-03-23,1,0
P012690,1,0,34.0,815.59,0,2025-08-14,2025-08-14,0,0
P012691,1,0,15.0,689.51,0,2025-03-10,2025-03-10,0,0
P012692,1,0,29.0,301.97,0,2024-04-27,2024-04-27,0,0
P012693,1,1,48.0,1528.98,0,2026-08-31,2026-08-31,0,0
P012694,1,0,17.0,526.88,0,2025-04-22,2025-04-22,0,0
P012695,2,0,57.0,1842.3200000000002,0,2024-03-28,2024-07-01,1,0
P012696,1,0,13.0,416.47,0,2024-09-06,2024-09-06,0,0
P012697,1,0,112.0,448.46,0,2024-11-11,2024-11-11,0,0
P012698,2,1,70.0,23400.34,0,2026-08-29,2026-09-30,1,0
P012699,2,0,40.5,1250.79,0,2025-03-30,2025-12-20,1,0
P012700,2,0,54.5,755.54,0,2026-05-01,2026-08-10,1,0
P012701,1,1,82.0,10633.45,0,2024-07-09,2024-07-09,0,0
P012702,1,0,148.0,1218.74,0,2024-08-01,2024-08-01,0,0
P012703,1,1,65.0,13854.04,0,2025-02-07,2025-02-07,0,0
P012704,1,0,89.0,894.3,0,2026-02-25,2026-02-25,0,0
P012705,1,0,143.0,564.64,0,2024-08-18,2024-08-18,0,0
P012706,1,0,26.0,306.19,0,2024-08-02,2024-08-02,0,0
P012707,3,0,40.666666666666664,1256.22,0,2025-09-14,2026-09-16,1,0
P012708,1,0,149.0,948.44,0,2026-08-14,2026-08-14,0,0
P012709,1,0,42.0,2336.86,0,2024-05-12,2024-05-12,0,0
P012710,2,0,59.5,700.51,0,2025-09-30,2026-02-05,1,0
P012711,3,0,17.666666666666668,1038.73,0,2025-02-03,2026-04-24,1,0
P012712,5,2,65.4,22404.940000000002,0,2024-05-10,2025-01-03,1,1
P012713,1,0,26.0,635.07,0,2026-06-01,2026-06-01,0,0
P012714,1,1,133.0,9649.44,0,2025-02-06,2025-02-06,0,0
P012715,1,1,41.0,25622.82,0,2025-01-31,2025-01-31,0,0
P012716,4,2,49.0,15193.400000000001,0,2026-03-07,2026-09-20,1,1
P012717,4,2,72.75,18471.4,0,2026-07-02,2026-09-25,1,1
P012718,2,0,15.0,589.54,0,2025-12-26,2026-07-24,1,0
P012719,1,0,6.0,247.1,0,2024-08-30,2024-08-30,0,0
P012720,1,0,117.0,2412.5,0,2026-05-04,2026-05-04,0,0
P012721,1,1,80.0,2164.6,0,2024-04-09,2024-04-09,0,0
P012722,1,0,76.0,1328.03,0,2024-12-02,2024-12-02,0,0
P012723,1,1,44.0,13956.87,0,2026-08-31,2026-08-31,0,0
P012724,3,2,39.333333333333336,21640.57,0,2024-03-13,2024-09-19,1,0
P012725,1,0,38.0,379.91,0,2025-12-09,2025-12-09,0,0
P012726,1,1,75.0,8319.87,0,2026-01-15,2026-01-15,0,0
P012727,1,1,44.0,707.59,0,2024-04-03,2024-04-03,0,0
P012728,4,1,46.75,12624.05,0,2025-08-24,2026-09-19,1,1
P012729,2,0,22.0,779.0699999999999,0,2026-01-08,2026-02-13,1,0
P012730,1,1,52.0,31577.61,0,2024-10-21,2024-10-21,0,0
P012731,1,1,37.0,16925.74,0,2025-06-13,2025-06-13,0,0
P012732,3,0,18.666666666666668,1291.6,0,2024-12-18,2025-04-20,1,0
P012733,2,1,31.5,7894.88,0,2026-07-07,2026-08-23,1,0
P012734,2,1,37.0,7659.98,0,2024-11-01,2024-12-21,1,0
P012735,2,1,28.5,7814.52,0,2026-06-27,2026-09-14,1,0
P012736,2,1,24.0,12016.15,0,2024-12-29,2025-10-05,1,0
P012737,1,0,15.0,317.1,0,2026-09-19,2026-09-19,0,0
P012738,1,0,31.0,786.63,0,2025-05-03,2025-05-03,0,0
P012739,1,0,25.0,535.94,0,2025-04-12,2025-04-12,0,0
P012740,1,0,17.0,387.52,0,2025-10-17,2025-10-17,0,0
P012741,1,0,82.0,1019.46,0,2026-03-24,2026-03-24,0,0
P012742,3,1,57.666666666666664,14746.630000000001,0,2024-10-04,2025-08-15,1,0
P012743,1,1,32.0,9522.47,0,2024-02-19,2024-02-19,0,0
P012744,4,2,47.5,16427.27,0,2024-11-08,2026-09-12,1,1
P012745,1,1,68.0,6399.01,0,2024-12-06,2024-12-06,0,0
P012746,1,0,95.0,1739.14,0,2024-09-19,2024-09-19,0,0
P012747,1,0,39.0,216.31,0,2024-02-24,2024-02-24,0,0
P012748,2,0,35.0,1174.13,0,2025-05-12,2025-06-03,1,0
P012749,2,0,33.0,912.63,0,2025-02-06,2026-01-20,1,0
P012750,1,0,110.0,2488.84,0,2025-03-20,2025-03-20,0,0
P012751,1,1,35.0,1233.64,0,2026-05-27,2026-05-27,0,0
P012752,4,1,82.0,2896.49,0,2026-05-11,2026-09-24,1,1
P012753,4,3,82.0,26223.800000000003,0,2026-01-21,2026-09-10,1,1
P012754,1,0,20.0,255.7,0,2024-03-10,2024-03-10,0,0
P012755,1,0,20.0,386.61,0,2025-09-03,2025-09-03,0,0
P012756,1,1,53.0,2525.85,0,2026-09-11,2026-09-11,0,0
P012757,2,0,25.5,1017.38,0,2024-11-23,2025-07-09,1,0
P012758,2,1,32.5,10005.42,0,2025-01-24,2025-02-04,1,0
P012759,1,0,21.0,601.27,0,2024-03-20,2024-03-20,0,0
P012760,2,0,78.5,1373.18,0,2025-09-28,2025-10-10,1,0
P012761,3,2,90.0,10466.47,0,2025-01-21,2025-10-05,1,0
P012762,1,0,42.0,1514.43,0,2026-08-10,2026-08-10,0,0
P012763,3,2,55.666666666666664,14378.06,0,2024-03-19,2024-06-05,1,0
P012764,1,0,86.0,1057.01,0,2025-07-13,2025-07-13,0,0
P012765,1,1,20.0,3093.91,0,2024-07-09,2024-07-09,0,0
P012766,1,1,54.0,13634.07,0,2025-12-16,2025-12-16,0,0
P012767,1,1,88.0,10136.15,0,2025-10-17,2025-10-17,0,0
P012768,2,0,27.0,726.05,0,2025-01-05,2025-04-09,1,0
P012769,1,1,28.0,13790.21,0,2026-02-09,2026-02-09,0,0
P012770,1,0,57.0,190.13,0,2026-09-14,2026-09-14,0,0
P012771,1,0,23.0,368.05,0,2025-12-11,2025-12-11,0,0
P012772,2,1,38.5,6134.259999999999,0,2026-09-03,2026-09-19,1,0
P012773,1,0,29.0,288.37,0,2025-11-27,2025-11-27,0,0
P012774,1,1,38.0,4171.56,0,2026-07-02,2026-07-02,0,0
P012775,1,0,136.0,2087.34,0,2026-05-28,2026-05-28,0,0
P012776,2,0,18.0,1112.27,0,2025-01-30,2025-08-22,1,0
P012777,1,1,49.0,14206.08,0,2024-03-18,2024-03-18,0,0
P012778,4,2,85.0,26168.39,1,2026-06-04,2026-09-30,1,1
P012779,2,1,40.5,14784.02,0,2026-03-09,2026-05-08,1,0
P012780,1,1,43.0,9429.92,0,2024-11-18,2024-11-18,0,0
P012781,2,0,80.0,2728.81,0,2025-09-16,2026-09-20,1,0
P012782,2,0,14.5,1304.06,0,2024-02-19,2024-11-29,1,0
P012783,1,0,100.0,601.71,0,2026-04-29,2026-04-29,0,0
P012784,1,1,27.0,2029.6,0,2024-10-29,2024-10-29,0,0
P012785,1,0,173.0,1251.66,0,2026-05-13,2026-05-13,0,0
P012786,3,2,64.0,22431.420000000002,0,2025-02-01,2026-09-29,1,0
P012787,2,1,75.0,4522.32,0,2024-02-21,2024-02-28,1,0
P012788,1,0,91.0,532.77,0,2024-01-24,2024-01-24,0,0
P012789,1,0,64.0,1285.07,0,2024-06-11,2024-06-11,0,0
P012790,2,2,116.5,16391.489999999998,0,2025-03-25,2025-06-12,1,0
P012791,2,0,51.0,952.6999999999999,0,2024-03-02,2025-03-15,1,0
P012792,3,1,36.0,15396.02,0,2026-02-10,2026-09-14,1,0
P012793,1,1,49.0,2484.89,0,2025-06-12,2025-06-12,0,0
P012794,1,0,12.0,702.0,0,2025-04-04,2025-04-04,0,0
P012795,2,0,52.0,2652.23,0,2025-05-04,2025-12-23,1,0
P012796,1,0,28.0,394.68,0,2024-07-10,2024-07-10,0,0
P012797,2,0,19.5,609.36,0,2026-04-19,2026-09-22,1,0
P012798,1,1,25.0,5893.06,0,2024-11-14,2024-11-14,0,0
P012799,1,0,24.0,270.21,0,2024-07-26,2024-07-26,0,0
P012800,2,1,54.0,12823.11,0,2026-09-11,2026-09-27,1,0
P012801,4,2,53.75,20545.4,0,2026-02-14,2026-09-28,1,1
P012802,1,1,87.0,18916.55,0,2026-06-18,2026-06-18,0,0
P012803,3,2,45.666666666666664,36324.1,0,2024-11-12,2025-07-01,1,0
P012804,1,1,52.0,32519.14,0,2024-11-11,2024-11-11,0,0
P012805,1,1,71.0,4965.44,0,2025-09-18,2025-09-18,0,0
P012806,2,2,78.0,15556.86,0,2026-05-19,2026-06-30,1,0
P012807,1,1,71.0,2612.68,0,2026-04-03,2026-04-03,0,0
P012808,1,0,22.0,563.45,0,2025-10-25,2025-10-25,0,0
P012809,2,1,25.0,18918.6,0,2025-06-28,2026-05-16,1,0
P012810,1,0,76.0,570.73,0,2026-06-13,2026-06-13,0,0
P012811,2,0,57.0,746.98,0,2024-03-30,2025-02-14,1,0
P012812,1,0,36.0,829.73,0,2026-09-13,2026-09-13,0,0
P012813,3,2,79.33333333333333,22781.43,0,2025-05-23,2026-02-06,1,0
P012814,2,0,40.5,894.22,0,2026-03-06,2026-09-16,1,0
P012815,1,1,139.0,2513.59,0,2025-04-24,2025-04-24,0,0
P012816,1,1,24.0,5067.17,0,2026-05-25,2026-05-25,0,0
P012817,1,1,168.0,7700.53,0,2024-07-02,2024-07-02,0,0
P012818,1,0,13.0,435.67,0,2024-03-16,2024-03-16,0,0
P012819,1,0,28.0,230.19,0,2025-12-12,2025-12-12,0,0
P012820,1,0,48.0,376.14,0,2026-01-21,2026-01-21,0,0
P012821,3,1,78.33333333333333,26495.04,0,2026-02-01,2026-09-28,1,0
P012822,5,3,34.8,19600.45,0,2025-07-05,2026-09-18,1,1
P012823,2,0,26.0,1252.54,0,2026-05-22,2026-07-28,1,0
P012824,1,0,24.0,218.84,0,2025-08-31,2025-08-31,0,0
P012825,1,1,66.0,9614.43,0,2026-03-25,2026-03-25,0,0
P012826,5,2,39.2,9905.39,0,2025-03-02,2026-09-29,1,1
P012827,1,0,21.0,222.92,0,2026-02-15,2026-02-15,0,0
P012828,1,1,29.0,5659.02,0,2025-07-16,2025-07-16,0,0
P012829,2,1,39.5,44567.69,0,2026-03-17,2026-09-13,1,0
P012830,3,1,37.333333333333336,9661.189999999999,0,2025-05-01,2026-04-04,1,0
P012831,6,1,35.0,11045.96,0,2026-03-13,2026-09-28,1,1
P012832,1,0,14.0,423.97,0,2024-07-23,2024-07-23,0,0
P012833,2,0,27.5,1458.22,0,2024-09-01,2024-12-20,1,0
P012834,1,1,112.0,22010.25,0,2024-09-22,2024-09-22,0,0
P012835,1,1,38.0,3778.37,0,2025-07-21,2025-07-21,0,0
P012836,2,1,48.5,15485.76,0,2024-12-15,2025-06-08,1,0
P012837,1,0,34.0,733.38,0,2026-04-16,2026-04-16,0,0
P012838,1,1,89.0,19018.48,0,2025-03-29,2025-03-29,0,0
P012839,2,0,49.0,2310.69,0,2025-05-08,2026-03-05,1,0
P012840,1,0,22.0,386.48,0,2024-08-18,2024-08-18,0,0
P012841,1,1,46.0,13921.91,0,2026-04-22,2026-04-22,0,0
P012842,1,0,13.0,273.08,0,2024-04-14,2024-04-14,0,0
P012843,2,2,51.5,19705.44,0,2024-10-12,2025-03-06,1,0
P012844,3,2,56.333333333333336,16886.11,0,2026-06-09,2026-09-16,1,0
P012845,5,1,37.8,13795.75,0,2026-01-12,2026-09-26,1,1
P012846,2,1,29.0,10025.69,0,2026-07-30,2026-09-11,1,0
P012847,2,0,45.0,2057.84,0,2025-02-23,2025-09-07,1,0
P012848,2,1,51.5,1493.21,0,2026-08-19,2026-09-10,1,0
P012849,2,1,30.0,10769.67,0,2025-10-13,2025-10-24,1,0
P012850,1,0,79.0,597.2,0,2024-01-05,2024-01-05,0,0
P012851,1,0,91.0,786.67,0,2024-06-27,2024-06-27,0,0
P012852,1,0,30.0,337.79,0,2025-11-26,2025-11-26,0,0
P012853,3,0,65.66666666666667,2168.38,0,2025-06-19,2026-01-27,1,0
P012854,1,0,15.0,1088.83,0,2026-03-03,2026-03-03,0,0
P012855,1,0,30.0,1025.2,0,2026-09-18,2026-09-18,0,0
P012856,1,0,28.0,326.0,0,2024-02-04,2024-02-04,0,0
P012857,1,0,21.0,652.67,0,2025-07-08,2025-07-08,0,0
P012858,2,1,33.5,2416.62,0,2026-05-26,2026-09-25,1,0
P012859,3,1,55.333333333333336,10947.05,0,2025-06-05,2025-12-06,1,0
P012860,1,0,19.0,341.6,0,2024-04-02,2024-04-02,0,0
P012861,1,1,42.0,7801.98,0,2025-08-24,2025-08-24,0,0
P012862,1,1,73.0,12432.14,0,2025-01-14,2025-01-14,0,0
P012863,1,0,147.0,337.43,0,2026-07-08,2026-07-08,0,0
P012864,1,0,29.0,237.59,0,2025-09-10,2025-09-10,0,0
P012865,2,1,51.0,3359.5499999999997,0,2025-11-30,2026-02-15,1,0
P012866,4,2,53.5,17736.219999999998,0,2026-04-26,2026-09-24,1,1
P012867,2,1,63.0,12956.76,0,2025-02-10,2025-12-22,1,0
P012868,4,2,62.0,24063.41,0,2025-08-09,2025-12-09,1,1
P012869,1,0,16.0,301.85,0,2025-07-11,2025-07-11,0,0
P012870,1,0,32.0,557.06,0,2026-07-27,2026-07-27,0,0
P012871,1,0,58.0,203.8,0,2026-06-19,2026-06-19,0,0
P012872,4,3,37.25,5695.46,1,2025-08-03,2026-09-29,1,1
P012873,1,0,35.0,342.01,0,2024-05-10,2024-05-10,0,0
P012874,2,0,42.0,2963.5499999999997,0,2024-09-14,2025-10-01,1,0
P012875,4,1,50.0,5274.84,0,2025-07-26,2026-09-23,1,1
P012876,1,1,49.0,1616.08,0,2025-08-13,2025-08-13,0,0
P012877,1,0,56.0,766.64,0,2024-06-02,2024-06-02,0,0
P012878,3,0,54.0,1633.51,0,2024-01-14,2024-12-27,1,0
P012879,1,0,191.0,1187.58,0,2024-03-08,2024-03-08,0,0
P012880,2,0,24.0,1618.09,0,2024-07-09,2024-09-21,1,0
P012881,2,0,58.0,1361.7,0,2024-11-29,2024-12-30,1,0
P012882,1,1,220.0,10128.98,0,2025-01-12,2025-01-12,0,0
P012883,3,1,41.333333333333336,13460.57,0,2025-02-16,2025-06-05,1,0
P012884,1,1,100.0,9761.99,0,2025-11-19,2025-11-19,0,0
P012885,6,1,29.333333333333332,11369.79,0,2025-06-23,2026-09-12,1,1
P012886,1,0,72.0,1054.85,0,2025-06-16,2025-06-16,0,0
P012887,1,0,13.0,576.68,0,2026-05-12,2026-05-12,0,0
P012888,3,1,60.333333333333336,4818.81,0,2025-02-07,2025-05-28,1,0
P012889,2,0,51.5,742.8499999999999,0,2024-11-14,2025-02-09,1,0
P012890,1,0,60.0,1471.26,0,2024-11-27,2024-11-27,0,0
P012891,1,0,47.0,1358.46,0,2024-09-04,2024-09-04,0,0
P012892,1,0,16.0,536.68,0,2024-05-11,2024-05-11,0,0
P012893,1,0,50.0,1084.18,0,2024-12-05,2024-12-05,0,0
P012894,1,0,21.0,486.24,0,2025-03-25,2025-03-25,0,0
P012895,1,0,94.0,1028.47,0,2025-12-05,2025-12-05,0,0
P012896,1,0,38.0,451.03,0,2025-01-06,2025-01-06,0,0
P012897,1,0,24.0,247.27,0,2024-09-23,2024-09-23,0,0
P012898,1,0,42.0,921.48,0,2025-12-14,2025-12-14,0,0
P012899,3,2,51.666666666666664,17967.95,0,2024-07-08,2025-10-24,1,0
P012900,1,1,33.0,13437.74,0,2024-03-25,2024-03-25,0,0
P012901,3,1,56.333333333333336,6894.09,0,2024-12-24,2025-04-29,1,0
P012902,1,0,69.0,1466.33,0,2025-07-25,2025-07-25,0,0
P012903,1,1,63.0,2017.57,0,2025-01-10,2025-01-10,0,0
P012904,1,1,89.0,2694.51,0,2024-05-06,2024-05-06,0,0
P012905,1,0,23.0,360.0,0,2025-05-18,2025-05-18,0,0
P012906,2,1,99.0,19874.11,0,2025-12-29,2026-03-07,1,0
P012907,1,1,57.0,23730.02,0,2026-09-10,2026-09-10,0,0
P012908,3,1,47.666666666666664,4776.58,0,2024-12-18,2025-03-01,1,0
P012909,2,0,37.5,890.27,0,2025-02-16,2025-03-20,1,0
P012910,1,0,24.0,402.66,0,2025-11-15,2025-11-15,0,0
P012911,1,0,19.0,294.23,0,2025-10-08,2025-10-08,0,0
P012912,1,1,82.0,1152.14,0,2025-05-31,2025-05-31,0,0
P012913,1,0,26.0,716.84,0,2025-07-14,2025-07-14,0,0
P012914,1,0,11.0,594.32,0,2026-09-21,2026-09-21,0,0
P012915,3,0,27.333333333333332,930.6899999999999,0,2026-04-25,2026-09-11,1,0
P012916,1,0,38.0,97.22,0,2026-07-31,2026-07-31,0,0
P012917,1,0,17.0,425.13,0,2026-07-25,2026-07-25,0,0
P012918,1,1,74.0,1103.95,0,2025-07-14,2025-07-14,0,0
P012919,1,0,95.0,1700.26,0,2026-01-25,2026-01-25,0,0
P012920,2,2,45.5,15025.92,0,2024-11-05,2025-05-14,1,0
P012921,1,0,42.0,2099.75,0,2025-05-22,2025-05-22,0,0
P012922,1,1,33.0,5941.82,0,2025-10-05,2025-10-05,0,0
P012923,2,1,120.5,5680.21,0,2024-03-03,2024-06-04,1,0
P012924,1,1,26.0,2159.06,0,2026-03-13,2026-03-13,0,0
P012925,2,1,36.0,7406.379999999999,0,2026-03-24,2026-07-30,1,0
P012926,2,1,45.0,12462.79,0,2025-10-08,2026-09-27,1,0
P012927,1,0,29.0,1060.25,0,2024-06-25,2024-06-25,0,0
P012928,1,0,14.0,833.74,0,2026-05-19,2026-05-19,0,0
P012929,1,1,100.0,6126.46,0,2025-11-02,2025-11-02,0,0
P012930,1,1,36.0,2418.5,0,2026-01-27,2026-01-27,0,0
P012931,4,1,42.0,9480.27,0,2024-08-09,2026-07-26,1,1
P012932,2,1,59.0,11837.109999999999,0,2025-06-17,2025-09-17,1,0
P012933,1,1,32.0,5741.69,0,2025-03-09,2025-03-09,0,0
P012934,1,0,31.0,815.79,0,2024-05-19,2024-05-19,0,0
P012935,1,1,76.0,9380.14,0,2024-01-11,2024-01-11,0,0
P012936,2,1,23.0,6100.93,0,2024-02-20,2024-07-22,1,0
P012937,1,0,120.0,992.12,0,2026-07-23,2026-07-23,0,0
P012938,1,0,57.0,901.75,0,2026-03-13,2026-03-13,0,0
P012939,1,0,59.0,456.19,0,2025-04-05,2025-04-05,0,0
P012940,4,2,33.75,19081.07,1,2026-09-04,2026-09-28,1,1
P012941,2,0,18.5,984.62,0,2024-12-24,2025-11-03,1,0
P012942,4,3,97.75,24370.14,1,2026-07-27,2026-09-30,1,1
P012943,2,1,39.0,4271.65,0,2025-11-20,2026-04-28,1,0
P012944,1,0,35.0,186.75,0,2024-02-09,2024-02-09,0,0
P012945,1,0,17.0,487.22,0,2025-10-06,2025-10-06,0,0
P012946,2,1,33.5,6077.200000000001,0,2024-02-25,2024-06-01,1,0
P012947,2,0,35.0,2747.36,0,2025-11-16,2026-03-17,1,0
P012948,1,0,35.0,1064.89,0,2026-09-23,2026-09-23,0,0
P012949,1,0,76.0,786.43,0,2026-03-24,2026-03-24,0,0
P012950,2,0,10.0,654.9300000000001,0,2025-09-30,2026-04-06,1,0
P012951,5,2,48.6,16770.13,0,2025-11-27,2026-09-23,1,1
P012952,1,0,16.0,315.11,0,2024-10-21,2024-10-21,0,0
P012953,1,0,30.0,632.46,0,2024-12-25,2024-12-25,0,0
P012954,1,0,20.0,357.23,0,2024-06-25,2024-06-25,0,0
P012955,6,2,39.333333333333336,22657.11,0,2025-08-20,2026-09-30,1,1
P012956,1,0,14.0,247.33,0,2024-11-12,2024-11-12,0,0
P012957,2,0,17.5,2106.9700000000003,0,2025-11-30,2026-04-10,1,0
P012958,3,0,50.0,1523.19,0,2025-09-11,2026-09-23,1,0
P012959,6,1,44.666666666666664,14389.77,0,2025-03-07,2026-09-16,1,1
P012960,1,0,55.0,1342.85,0,2025-10-28,2025-10-28,0,0
P012961,2,1,78.0,2816.25,0,2024-10-30,2025-07-08,1,0
P012962,4,3,50.25,7658.62,0,2026-09-10,2026-09-30,1,1
P012963,4,0,38.25,1767.5,0,2025-06-30,2026-07-08,1,1
P012964,2,1,127.5,13572.23,1,2026-08-15,2026-09-03,1,0
P012965,3,0,39.0,1277.76,0,2024-09-13,2025-04-16,1,0
P012966,1,0,16.0,323.12,0,2024-04-11,2024-04-11,0,0
P012967,1,0,19.0,409.74,0,2025-02-03,2025-02-03,0,0
P012968,1,1,46.0,1617.38,0,2024-08-27,2024-08-27,0,0
P012969,4,1,36.25,12140.37,0,2026-02-21,2026-09-24,1,1
P012970,1,0,34.0,122.62,0,2024-10-01,2024-10-01,0,0
P012971,1,0,13.0,265.44,0,2025-06-09,2025-06-09,0,0
P012972,2,2,49.5,12111.43,0,2025-07-16,2025-09-18,1,0
P012973,3,2,43.0,17492.809999999998,0,2026-04-26,2026-09-12,1,0
P012974,3,2,62.0,15292.77,0,2024-12-29,2026-07-07,1,0
P012975,4,3,52.25,14278.420000000002,1,2026-01-16,2026-09-29,1,1
P012976,1,0,18.0,280.31,0,2025-10-14,2025-10-14,0,0
P012977,1,0,23.0,639.42,0,2025-12-09,2025-12-09,0,0
P012978,6,1,29.5,6644.71,1,2026-06-14,2026-09-29,1,1
P012979,1,1,25.0,3109.43,0,2025-02-27,2025-02-27,0,0
P012980,1,0,13.0,366.29,0,2026-07-04,2026-07-04,0,0
P012981,1,0,71.0,937.0,0,2026-05-06,2026-05-06,0,0
P012982,1,1,84.0,9343.09,0,2024-05-12,2024-05-12,0,0
P012983,1,1,62.0,3638.86,0,2025-10-16,2025-10-16,0,0
P012984,1,1,81.0,5465.94,0,2025-01-11,2025-01-11,0,0
P012985,1,1,41.0,2118.25,0,2026-07-16,2026-07-16,0,0
P012986,1,0,80.0,787.86,0,2024-02-14,2024-02-14,0,0
P012987,2,2,34.0,17632.65,0,2026-07-08,2026-07-30,1,0
P012988,2,1,50.0,2066.18,0,2026-04-06,2026-05-30,1,0
P012989,3,0,71.0,2546.05,0,2025-01-01,2025-12-10,1,0
P012990,1,1,47.0,4714.3,0,2025-07-08,2025-07-08,0,0
P012991,2,1,63.0,7462.42,0,2026-05-02,2026-09-25,1,0
P012992,4,1,68.0,17582.6,1,2024-03-25,2025-05-15,1,1
P012993,1,1,103.0,17991.05,0,2024-07-22,2024-07-22,0,0
P012994,6,2,47.333333333333336,17855.99,0,2026-03-19,2026-09-14,1,1
P012995,2,0,32.0,1688.97,0,2025-06-03,2026-03-16,1,0
P012996,2,0,33.5,890.15,0,2026-03-24,2026-09-20,1,0
P012997,1,0,114.0,1924.43,0,2025-04-23,2025-04-23,0,0
P012998,1,1,35.0,1681.16,0,2024-10-17,2024-10-17,0,0
P012999,1,0,47.0,1154.66,0,2024-02-23,2024-02-23,0,0
P013000,1,1,35.0,10876.47,0,2025-05-10,2025-05-10,0,0
P013001,2,0,36.0,702.5899999999999,0,2024-04-30,2024-09-05,1,0
P013002,1,1,56.0,1887.75,0,2026-09-12,2026-09-12,0,0
P013003,1,0,43.0,405.49,0,2025-10-22,2025-10-22,0,0
P013004,2,1,30.5,15396.880000000001,0,2024-06-07,2024-09-05,1,0
P013005,1,1,49.0,1905.37,0,2026-08-30,2026-08-30,0,0
P013006,1,0,19.0,302.49,0,2025-03-23,2025-03-23,0,0
P013007,2,2,30.0,13372.2,0,2025-01-21,2026-01-14,1,0
P013008,1,0,26.0,270.9,0,2024-01-14,2024-01-14,0,0
P013009,2,0,57.0,2133.9,0,2026-02-17,2026-09-20,1,0
P013010,2,1,35.5,3380.17,0,2026-06-19,2026-09-05,1,0
P013011,3,0,38.333333333333336,2701.4,0,2024-05-01,2024-08-05,1,0
P013012,1,1,20.0,2400.91,0,2026-05-27,2026-05-27,0,0
P013013,1,0,5.0,359.94,0,2026-05-30,2026-05-30,0,0
P013014,2,2,80.5,18535.28,0,2025-09-13,2025-10-23,1,0
P013015,1,0,73.0,1786.04,0,2024-11-23,2024-11-23,0,0
P013016,1,0,15.0,426.63,0,2025-07-11,2025-07-11,0,0
P013017,5,1,50.8,4190.8,0,2024-06-01,2025-08-30,1,1
P013018,2,1,60.0,10430.130000000001,0,2025-05-29,2025-11-17,1,0
P013019,1,0,29.0,780.23,0,2026-06-10,2026-06-10,0,0
P013020,3,0,142.66666666666666,3428.33,0,2025-02-25,2025-06-05,1,0
P013021,3,1,23.333333333333332,8901.89,0,2024-05-11,2025-09-07,1,0
P013022,2,1,29.0,1517.55,0,2026-06-29,2026-09-02,1,0
P013023,1,1,25.0,941.61,0,2026-03-19,2026-03-19,0,0
P013024,2,0,40.5,915.65,0,2026-06-04,2026-07-11,1,0
P013025,1,0,57.0,945.98,0,2026-09-06,2026-09-06,0,0
P013026,1,0,29.0,583.89,0,2025-12-03,2025-12-03,0,0
P013027,1,0,21.0,839.5,0,2024-07-04,2024-07-04,0,0
P013028,3,2,71.33333333333333,23272.9,0,2024-08-16,2024-11-06,1,0
P013029,1,1,31.0,15452.87,0,2026-04-20,2026-04-20,0,0
P013030,1,0,45.0,277.97,0,2024-04-07,2024-04-07,0,0
P013031,1,1,63.0,7711.79,0,2025-10-15,2025-10-15,0,0
P013032,1,1,47.0,2695.69,0,2025-12-30,2025-12-30,0,0
P013033,1,1,48.0,6549.25,0,2026-08-15,2026-08-15,0,0
P013034,1,0,61.0,536.87,0,2026-01-04,2026-01-04,0,0
P013035,1,1,36.0,5118.8,0,2024-06-03,2024-06-03,0,0
P013036,1,0,40.0,770.63,0,2024-12-04,2024-12-04,0,0
P013037,1,1,48.0,5832.31,0,2025-06-18,2025-06-18,0,0
P013038,1,0,30.0,150.55,0,2025-11-05,2025-11-05,0,0
P013039,1,0,34.0,305.73,0,2024-10-14,2024-10-14,0,0
P013040,2,0,95.0,2111.4,0,2025-10-27,2026-02-25,1,0
P013041,2,1,36.5,3474.64,0,2025-04-21,2026-05-09,1,0
P013042,2,1,66.5,8296.54,0,2024-04-30,2024-10-24,1,0
P013043,1,0,21.0,322.39,0,2024-12-29,2024-12-29,0,0
P013044,1,1,36.0,20351.46,0,2024-11-16,2024-11-16,0,0
P013045,1,0,29.0,660.39,0,2026-07-27,2026-07-27,0,0
P013046,1,1,56.0,13818.21,0,2025-07-15,2025-07-15,0,0
P013047,1,1,60.0,4624.55,0,2025-06-17,2025-06-17,0,0
P013048,1,0,12.0,452.55,0,2025-11-18,2025-11-18,0,0
P013049,1,0,9.0,295.08,0,2026-03-08,2026-03-08,0,0
P013050,2,0,24.5,1019.51,0,2025-10-12,2025-11-02,1,0
P013051,1,1,25.0,11816.35,0,2025-10-10,2025-10-10,0,0
P013052,4,2,46.0,9603.0,0,2026-01-11,2026-09-10,1,1
P013053,2,1,62.0,2803.2,0,2024-08-21,2025-10-11,1,0
P013054,3,2,55.0,12255.570000000002,0,2025-06-25,2026-07-20,1,0
P013055,1,1,51.0,1531.66,0,2025-05-11,2025-05-11,0,0
P013056,1,0,16.0,373.88,0,2024-04-18,2024-04-18,0,0
P013057,1,1,54.0,10178.19,0,2024-10-31,2024-10-31,0,0
P013058,2,1,48.5,12582.69,0,2024-12-31,2025-11-16,1,0
P013059,1,1,61.0,5114.01,0,2026-04-06,2026-04-06,0,0
P013060,1,0,29.0,356.65,0,2024-12-25,2024-12-25,0,0
P013061,1,0,15.0,370.32,0,2025-08-31,2025-08-31,0,0
P013062,2,0,40.5,2179.58,0,2026-06-01,2026-07-21,1,0
P013063,2,0,67.0,664.66,0,2026-01-09,2026-03-14,1,0
P013064,2,0,42.5,946.66,0,2026-05-24,2026-09-24,1,0
P013065,1,0,31.0,548.33,0,2026-05-26,2026-05-26,0,0
P013066,1,0,15.0,473.39,0,2026-02-23,2026-02-23,0,0
P013067,3,1,53.333333333333336,6632.530000000001,0,2024-11-07,2025-03-09,1,0
P013068,1,0,99.0,2059.26,0,2025-12-18,2025-12-18,0,0
P013069,2,1,49.0,15316.26,1,2025-11-13,2025-12-09,1,0
P013070,1,1,50.0,15992.53,0,2024-01-31,2024-01-31,0,0
P013071,2,1,31.0,19597.69,0,2025-02-17,2025-04-19,1,0
P013072,1,1,38.0,1796.64,0,2026-07-27,2026-07-27,0,0
P013073,2,0,25.5,798.51,0,2025-05-05,2025-05-23,1,0
P013074,1,0,16.0,397.49,0,2025-03-21,2025-03-21,0,0
P013075,1,1,49.0,3175.43,0,2024-10-03,2024-10-03,0,0
P013076,1,0,25.0,544.94,0,2026-08-24,2026-08-24,0,0
P013077,5,2,56.0,15180.09,0,2026-03-26,2026-09-26,1,1
P013078,2,0,42.5,1314.23,0,2026-06-11,2026-07-26,1,0
P013079,1,0,68.0,1043.27,0,2026-02-12,2026-02-12,0,0
P013080,1,0,29.0,1401.37,0,2025-03-22,2025-03-22,0,0
P013081,2,2,80.0,19204.440000000002,0,2026-06-11,2026-09-30,1,0
P013082,2,2,57.0,13470.68,0,2025-06-06,2026-03-31,1,0
P013083,1,0,37.0,317.87,0,2025-05-11,2025-05-11,0,0
P013084,1,0,16.0,806.52,0,2026-05-29,2026-05-29,0,0
P013085,1,1,71.0,18070.44,0,2024-12-28,2024-12-28,0,0
P013086,1,1,37.0,4147.65,0,2025-11-04,2025-11-04,0,0
P013087,1,0,178.0,1042.51,0,2025-03-04,2025-03-04,0,0
P013088,3,1,51.0,9696.74,0,2024-11-05,2025-11-22,1,0
P013089,2,0,29.0,950.21,0,2026-01-30,2026-04-19,1,0
P013090,3,1,52.0,4732.6,0,2024-11-29,2025-12-31,1,0
P013091,1,1,53.0,15467.63,0,2026-07-16,2026-07-16,0,0
P013092,1,1,35.0,9096.16,0,2026-04-02,2026-04-02,0,0
P013093,1,0,50.0,795.32,0,2026-01-12,2026-01-12,0,0
P013094,2,0,117.0,1417.53,0,2026-02-06,2026-09-28,1,0
P013095,1,0,28.0,475.43,0,2026-05-22,2026-05-22,0,0
P013096,2,0,23.0,976.9200000000001,0,2026-04-14,2026-04-29,1,0
P013097,1,0,38.0,596.68,0,2026-09-07,2026-09-07,0,0
P013098,2,1,28.0,10531.73,0,2025-01-16,2025-12-07,1,0
P013099,1,1,41.0,4553.63,0,2026-04-26,2026-04-26,0,0
P013100,4,0,61.0,2514.67,0,2024-12-21,2026-09-05,1,1
P013101,2,0,40.5,1165.26,0,2024-05-19,2024-12-21,1,0
P013102,1,0,24.0,656.31,0,2024-01-01,2024-01-01,0,0
P013103,1,1,69.0,25667.28,0,2024-07-06,2024-07-06,0,0
P013104,1,0,47.0,345.13,0,2026-01-27,2026-01-27,0,0
P013105,4,2,70.5,23573.42,0,2026-04-11,2026-09-20,1,1
P013106,1,0,12.0,1198.2,0,2024-04-14,2024-04-14,0,0
P013107,4,1,32.75,4383.98,0,2025-06-12,2025-11-04,1,1
P013108,2,0,81.0,1773.38,0,2024-08-26,2024-10-26,1,0
P013109,5,3,82.6,45631.66,0,2024-02-01,2025-07-09,1,1
P013110,2,2,92.5,7487.15,0,2024-08-27,2025-07-25,1,0
P013111,1,1,49.0,25955.03,0,2026-04-15,2026-04-15,0,0
P013112,3,1,62.333333333333336,4963.45,0,2025-11-02,2026-05-07,1,0
P013113,2,0,48.5,2569.5200000000004,0,2024-06-12,2025-07-08,1,0
P013114,1,1,35.0,10554.88,0,2024-02-10,2024-02-10,0,0
P013115,1,0,34.0,1183.02,0,2025-07-18,2025-07-18,0,0
P013116,2,0,17.5,1018.88,0,2026-03-28,2026-05-07,1,0
P013117,1,0,39.0,341.89,0,2025-11-22,2025-11-22,0,0
P013118,1,1,50.0,2737.49,0,2026-07-31,2026-07-31,0,0
P013119,2,1,55.5,8923.859999999999,0,2026-09-07,2026-09-15,1,0
P013120,1,1,37.0,1694.95,0,2025-02-12,2025-02-12,0,0
P013121,3,0,35.0,2076.51,0,2025-05-02,2026-09-29,1,0
P013122,1,0,14.0,258.87,0,2025-08-12,2025-08-12,0,0
P013123,5,2,57.0,32944.83,1,2025-06-18,2026-09-28,1,1
P013124,2,1,45.0,12113.97,0,2026-06-18,2026-09-28,1,0
P013125,1,0,24.0,216.17,0,2024-07-19,2024-07-19,0,0
P013126,1,1,187.0,9454.36,0,2024-03-02,2024-03-02,0,0
P013127,1,0,14.0,339.05,0,2024-12-20,2024-12-20,0,0
P013128,2,0,21.0,888.3100000000001,0,2025-12-11,2026-01-26,1,0
P013129,1,1,35.0,6692.14,0,2025-11-24,2025-11-24,0,0
P013130,1,0,19.0,200.6,0,2025-04-12,2025-04-12,0,0
P013131,1,0,29.0,275.13,0,2025-07-15,2025-07-15,0,0
P013132,1,1,25.0,1713.35,0,2026-09-02,2026-09-02,0,0
P013133,1,0,47.0,274.23,0,2024-08-20,2024-08-20,0,0
P013134,1,0,52.0,465.41,0,2025-03-02,2025-03-02,0,0
P013135,2,0,63.5,1719.52,0,2026-01-14,2026-08-08,1,0
P013136,4,2,52.25,17889.329999999998,0,2025-01-30,2025-12-06,1,1
P013137,6,2,51.666666666666664,11897.05,0,2025-07-11,2026-09-29,1,1
P013138,1,0,21.0,1169.93,0,2026-02-27,2026-02-27,0,0
P013139,1,1,77.0,23968.43,0,2025-11-15,2025-11-15,0,0
P013140,1,1,39.0,8683.79,0,2024-10-31,2024-10-31,0,0
P013141,1,0,13.0,310.46,0,2025-09-24,2025-09-24,0,0
P013142,1,1,40.0,21565.56,0,2024-10-13,2024-10-13,0,0
P013143,3,0,67.33333333333333,1839.14,0,2025-04-07,2026-05-08,1,0
P013144,2,0,101.5,818.7299999999999,0,2026-06-07,2026-06-26,1,0
P013145,2,2,56.0,16648.27,0,2024-03-30,2024-08-25,1,0
P013146,2,1,36.5,4554.47,0,2025-04-09,2026-03-16,1,0
P013147,1,1,119.0,12535.06,0,2024-03-04,2024-03-04,0,0
P013148,1,1,51.0,1382.91,0,2024-03-02,2024-03-02,0,0
P013149,3,0,32.0,1276.29,0,2025-05-13,2025-12-15,1,0
P013150,2,1,74.5,10106.97,0,2024-12-01,2025-02-09,1,0
P013151,4,2,40.0,13939.74,0,2025-12-05,2026-09-16,1,1
P013152,1,1,69.0,12313.59,0,2025-07-22,2025-07-22,0,0
P013153,2,1,68.5,18420.2,0,2024-05-13,2025-04-30,1,0
P013154,4,2,76.25,10305.380000000001,0,2026-06-18,2026-09-25,1,1
P013155,1,0,55.0,1476.51,0,2026-04-25,2026-04-25,0,0
P013156,1,0,20.0,466.72,0,2024-09-11,2024-09-11,0,0
P013157,1,1,67.0,13680.27,0,2025-04-01,2025-04-01,0,0
P013158,2,1,36.5,922.6099999999999,0,2026-04-21,2026-07-24,1,0
P013159,2,0,81.0,1117.23,0,2024-05-24,2025-02-08,1,0
P013160,1,0,14.0,576.95,0,2024-07-26,2024-07-26,0,0
P013161,1,0,59.0,385.89,0,2025-01-06,2025-01-06,0,0
P013162,2,0,17.0,541.72,0,2026-05-06,2026-09-18,1,0
P013163,2,0,25.0,495.43999999999994,0,2025-04-16,2025-05-02,1,0
P013164,2,0,86.0,2425.38,0,2025-10-05,2025-12-24,1,0
P013165,1,0,22.0,580.44,0,2024-03-09,2024-03-09,0,0
P013166,2,0,14.0,1052.19,0,2024-12-23,2025-09-01,1,0
P013167,1,0,45.0,694.68,0,2025-03-20,2025-03-20,0,0
P013168,1,1,37.0,21308.67,0,2026-01-14,2026-01-14,0,0
P013169,1,0,130.0,1021.03,0,2024-05-22,2024-05-22,0,0
P013170,2,1,69.5,15529.99,0,2024-11-07,2024-12-26,1,0
P013171,3,2,46.333333333333336,10609.96,0,2024-06-14,2026-03-27,1,0
P013172,6,0,28.166666666666668,3146.2799999999997,0,2024-10-09,2026-04-16,1,1
P013173,4,2,50.0,10768.09,0,2026-08-07,2026-09-21,1,1
P013174,1,0,7.0,156.9,0,2024-07-22,2024-07-22,0,0
P013175,2,1,37.0,1477.99,0,2024-02-02,2024-09-22,1,0
P013176,1,1,43.0,14107.15,0,2026-03-14,2026-03-14,0,0
P013177,1,0,47.0,182.21,0,2024-05-30,2024-05-30,0,0
P013178,3,0,37.666666666666664,2458.6099999999997,0,2026-04-03,2026-09-12,1,0
P013179,1,0,16.0,355.08,0,2026-09-30,2026-09-30,0,0
P013180,3,0,37.333333333333336,1862.6699999999998,0,2026-04-01,2026-09-28,1,0
P013181,1,1,88.0,10743.53,0,2024-01-21,2024-01-21,0,0
P013182,2,1,32.0,7511.62,0,2026-06-03,2026-09-18,1,0
P013183,3,1,67.0,7164.08,0,2026-02-24,2026-09-15,1,0
P013184,2,0,63.0,1041.77,0,2025-06-22,2025-08-14,1,0
P013185,3,1,26.333333333333332,3451.02,0,2025-05-03,2025-08-19,1,0
P013186,1,1,37.0,1889.9,0,2025-07-07,2025-07-07,0,0
P013187,1,0,45.0,1040.21,0,2025-10-11,2025-10-11,0,0
P013188,3,1,45.333333333333336,13275.53,0,2025-10-18,2026-01-22,1,0
P013189,3,0,31.666666666666668,1055.44,0,2024-07-19,2025-07-16,1,0
P013190,2,1,79.5,1540.36,0,2024-06-11,2024-11-09,1,0
P013191,2,1,55.0,1829.65,0,2024-07-01,2024-08-19,1,0
P013192,1,0,111.0,1258.18,0,2025-04-25,2025-04-25,0,0
P013193,3,1,41.333333333333336,19440.81,0,2026-09-12,2026-09-21,1,0
P013194,4,2,57.0,18377.85,0,2024-05-16,2025-02-24,1,1
P013195,1,0,17.0,700.65,0,2025-12-01,2025-12-01,0,0
P013196,3,2,36.333333333333336,18719.91,0,2026-04-20,2026-09-06,1,0
P013197,1,1,21.0,4437.7,0,2025-07-19,2025-07-19,0,0
P013198,1,1,36.0,4494.71,0,2026-08-05,2026-08-05,0,0
P013199,1,0,25.0,112.41,0,2024-08-01,2024-08-01,0,0
P013200,1,1,106.0,10655.43,0,2024-03-28,2024-03-28,0,0
P013201,1,0,17.0,1143.61,0,2025-06-20,2025-06-20,0,0
P013202,1,0,29.0,238.29,0,2024-09-03,2024-09-03,0,0
P013203,1,0,19.0,679.7,0,2025-08-04,2025-08-04,0,0
P013204,2,2,55.5,18107.96,0,2025-03-12,2025-10-10,1,0
P013205,1,1,57.0,32347.84,0,2026-08-27,2026-08-27,0,0
P013206,2,0,12.5,850.51,0,2025-01-16,2025-01-28,1,0
P013207,1,1,68.0,16923.49,0,2026-04-29,2026-04-29,0,0
P013208,1,1,54.0,7154.24,0,2024-01-02,2024-01-02,0,0
P013209,1,0,23.0,374.03,0,2026-09-09,2026-09-09,0,0
P013210,3,1,35.0,8012.53,0,2024-09-28,2025-04-01,1,0
P013211,1,0,47.0,2147.27,0,2025-02-27,2025-02-27,0,0
P013212,1,0,18.0,504.02,0,2026-06-28,2026-06-28,0,0
P013213,1,1,47.0,6953.89,0,2025-07-08,2025-07-08,0,0
P013214,2,1,32.0,2650.64,0,2025-09-06,2026-04-15,1,0
P013215,2,0,15.5,1062.0,0,2025-07-30,2026-01-23,1,0
P013216,1,1,53.0,3357.57,0,2024-12-08,2024-12-08,0,0
P013217,1,1,109.0,5545.44,0,2024-08-16,2024-08-16,0,0
P013218,1,1,142.0,12582.2,0,2025-11-24,2025-11-24,0,0
P013219,5,1,40.2,8295.83,1,2025-08-12,2026-09-12,1,1
P013220,1,1,45.0,9896.26,0,2026-06-12,2026-06-12,0,0
P013221,1,0,17.0,147.5,0,2026-04-30,2026-04-30,0,0
P013222,1,0,23.0,874.15,0,2024-11-29,2024-11-29,0,0
P013223,1,0,20.0,245.12,0,2026-03-19,2026-03-19,0,0
P013224,2,0,54.5,725.4100000000001,0,2024-02-27,2024-11-13,1,0
P013225,1,0,99.0,2666.11,0,2026-06-03,2026-06-03,0,0
P013226,1,1,58.0,5334.32,0,2025-07-11,2025-07-11,0,0
P013227,1,0,34.0,1370.57,0,2024-12-11,2024-12-11,0,0
P013228,1,1,26.0,2176.49,0,2024-04-13,2024-04-13,0,0
P013229,4,2,36.5,19104.030000000002,0,2025-01-21,2026-07-24,1,1
P013230,1,1,36.0,6334.16,0,2025-11-07,2025-11-07,0,0
P013231,2,1,65.0,16603.09,0,2025-03-13,2025-05-15,1,0
P013232,1,0,11.0,422.03,0,2025-06-01,2025-06-01,0,0
P013233,1,0,16.0,708.45,0,2026-06-24,2026-06-24,0,0
P013234,2,2,41.0,11120.8,0,2024-04-17,2025-05-25,1,0
P013235,1,0,38.0,976.74,0,2024-08-29,2024-08-29,0,0
P013236,1,0,12.0,342.23,0,2024-08-26,2024-08-26,0,0
P013237,1,1,68.0,5854.21,0,2026-06-04,2026-06-04,0,0
P013238,2,0,19.0,2452.98,0,2026-09-10,2026-09-24,1,0
P013239,1,0,22.0,551.88,0,2024-07-06,2024-07-06,0,0
P013240,1,1,46.0,23998.7,0,2025-07-03,2025-07-03,0,0
P013241,3,1,70.66666666666667,6203.3099999999995,0,2025-10-05,2026-09-26,1,0
P013242,1,1,24.0,1752.92,0,2026-06-06,2026-06-06,0,0
P013243,1,0,16.0,326.53,0,2025-10-25,2025-10-25,0,0
P013244,1,0,49.0,517.98,0,2024-02-11,2024-02-11,0,0
P013245,1,1,30.0,16489.32,0,2026-01-26,2026-01-26,0,0
P013246,1,0,43.0,1346.23,0,2024-02-19,2024-02-19,0,0
P013247,1,0,26.0,426.88,0,2025-09-27,2025-09-27,0,0
P013248,3,1,51.333333333333336,8760.06,0,2024-09-22,2025-01-26,1,0
P013249,1,1,38.0,9024.99,0,2025-10-18,2025-10-18,0,0
P013250,1,1,57.0,4942.59,0,2024-11-16,2024-11-16,0,0
P013251,1,0,26.0,945.58,0,2025-06-01,2025-06-01,0,0
P013252,1,0,93.0,245.78,0,2025-10-29,2025-10-29,0,0
P013253,1,0,28.0,581.04,0,2024-05-24,2024-05-24,0,0
P013254,1,0,63.0,2776.41,0,2025-05-03,2025-05-03,0,0
P013255,1,1,72.0,11440.35,0,2026-06-09,2026-06-09,0,0
P013256,3,2,39.0,16925.2,0,2025-06-26,2026-03-08,1,0
P013257,2,1,45.5,3862.45,0,2025-09-28,2025-11-09,1,0
P013258,3,3,56.666666666666664,3692.2599999999998,0,2025-09-21,2026-09-21,1,0
P013259,1,0,59.0,631.46,0,2025-10-22,2025-10-22,0,0
P013260,1,0,15.0,738.91,0,2026-09-04,2026-09-04,0,0
P013261,2,1,33.5,14885.38,0,2025-08-09,2025-09-18,1,0
P013262,2,0,111.0,2714.68,0,2025-02-08,2025-03-19,1,0
P013263,2,0,31.0,1565.6,0,2024-02-22,2024-09-22,1,0
P013264,1,0,32.0,876.96,0,2026-08-07,2026-08-07,0,0
P013265,1,0,44.0,1162.56,0,2025-09-08,2025-09-08,0,0
P013266,1,1,44.0,4509.75,0,2025-04-26,2025-04-26,0,0
P013267,1,0,56.0,524.11,0,2025-10-23,2025-10-23,0,0
P013268,1,0,35.0,2447.46,0,2024-02-24,2024-02-24,0,0
P013269,2,0,35.0,1468.8899999999999,0,2026-02-16,2026-04-06,1,0
P013270,1,0,32.0,686.24,0,2024-02-10,2024-02-10,0,0
P013271,2,0,32.0,1011.78,0,2026-04-23,2026-09-28,1,0
P013272,1,0,36.0,341.28,0,2024-01-18,2024-01-18,0,0
P013273,1,1,59.0,6378.78,0,2025-10-12,2025-10-12,0,0
P013274,1,0,63.0,312.82,0,2026-03-24,2026-03-24,0,0
P013275,1,0,12.0,304.5,0,2024-08-12,2024-08-12,0,0
P013276,1,1,70.0,5339.71,0,2025-09-16,2025-09-16,0,0
P013277,1,0,62.0,532.19,0,2025-01-14,2025-01-14,0,0
P013278,2,1,42.0,7088.349999999999,0,2025-04-01,2025-10-07,1,0
P013279,1,0,71.0,508.63,0,2024-07-15,2024-07-15,0,0
P013280,1,1,68.0,2647.78,0,2024-02-28,2024-02-28,0,0
P013281,1,0,33.0,517.27,0,2024-10-21,2024-10-21,0,0
P013282,2,1,33.5,8511.949999999999,0,2025-02-21,2025-08-19,1,0
P013283,3,0,54.666666666666664,2998.34,0,2024-09-29,2025-07-21,1,0
P013284,1,0,18.0,419.3,0,2025-03-09,2025-03-09,0,0
P013285,1,0,10.0,576.66,0,2024-03-29,2024-03-29,0,0
P013286,2,0,71.0,2111.82,0,2024-06-04,2024-12-22,1,0
P013287,1,0,78.0,693.89,0,2024-08-17,2024-08-17,0,0
P013288,1,1,40.0,18024.02,0,2024-09-20,2024-09-20,0,0
P013289,3,2,51.333333333333336,17295.71,0,2026-04-17,2026-08-12,1,0
P013290,1,0,101.0,1499.72,0,2025-05-02,2025-05-02,0,0
P013291,1,0,15.0,463.0,0,2026-04-04,2026-04-04,0,0
P013292,2,1,32.5,6428.349999999999,0,2026-08-25,2026-09-26,1,0
P013293,3,1,36.333333333333336,10820.249999999998,0,2025-08-24,2026-09-25,1,0
P013294,2,1,98.0,14855.58,0,2024-06-13,2024-09-22,1,0
P013295,1,0,11.0,416.51,0,2024-10-19,2024-10-19,0,0
P013296,2,0,51.0,1449.78,0,2026-08-13,2026-09-24,1,0
P013297,1,0,29.0,416.83,0,2026-02-16,2026-02-16,0,0
P013298,1,0,40.0,1406.01,0,2024-01-24,2024-01-24,0,0
P013299,1,0,24.0,363.99,0,2026-05-18,2026-05-18,0,0
P013300,2,1,56.0,12427.03,0,2026-01-28,2026-07-17,1,0
P013301,3,2,99.0,19348.38,0,2024-08-16,2025-10-28,1,0
P013302,1,1,69.0,9441.09,0,2024-09-09,2024-09-09,0,0
P013303,4,1,59.75,4187.57,0,2025-05-22,2026-08-28,1,1
P013304,1,1,32.0,6196.38,0,2025-03-31,2025-03-31,0,0
P013305,4,0,42.75,4113.93,0,2024-03-13,2025-02-18,1,1
P013306,2,1,25.0,13281.24,0,2026-03-05,2026-08-13,1,0
P013307,4,1,56.25,11331.33,0,2025-10-25,2026-09-19,1,1
P013308,1,0,12.0,329.09,0,2026-06-04,2026-06-04,0,0
P013309,1,1,64.0,5865.04,0,2025-06-03,2025-06-03,0,0
P013310,2,1,53.0,2371.7799999999997,0,2026-06-04,2026-09-12,1,0
P013311,2,2,48.0,18149.36,0,2024-08-21,2025-05-16,1,0
P013312,1,0,15.0,150.65,0,2025-01-09,2025-01-09,0,0
P013313,1,0,106.0,894.48,0,2026-09-26,2026-09-26,0,0
P013314,2,1,85.0,13099.55,0,2025-03-08,2025-03-16,1,0
P013315,1,0,25.0,471.3,0,2024-06-01,2024-06-01,0,0
P013316,3,0,16.666666666666668,1514.74,0,2024-08-09,2026-08-09,1,0
P013317,1,0,61.0,868.72,0,2024-03-09,2024-03-09,0,0
P013318,1,0,26.0,276.69,0,2025-08-06,2025-08-06,0,0
P013319,1,0,48.0,1149.63,0,2025-11-04,2025-11-04,0,0
P013320,1,1,63.0,2128.16,0,2024-09-19,2024-09-19,0,0
P013321,1,1,49.0,1942.65,0,2025-07-26,2025-07-26,0,0
P013322,1,0,36.0,263.25,0,2024-08-01,2024-08-01,0,0
P013323,1,0,33.0,628.01,0,2025-08-12,2025-08-12,0,0
P013324,4,0,31.0,2586.75,0,2026-05-09,2026-09-23,1,1
P013325,1,1,58.0,2290.54,0,2024-03-07,2024-03-07,0,0
P013326,2,2,48.5,42924.08,0,2026-01-13,2026-09-25,1,0
P013327,1,1,105.0,7362.27,0,2025-01-14,2025-01-14,0,0
P013328,2,1,56.5,7240.2,0,2025-09-02,2025-09-18,1,0
P013329,1,0,320.0,1796.43,0,2024-04-14,2024-04-14,0,0
P013330,1,0,119.0,1112.28,0,2024-07-15,2024-07-15,0,0
P013331,2,1,37.5,5443.4,0,2024-11-30,2024-12-15,1,0
P013332,3,1,52.333333333333336,8871.25,0,2024-03-06,2025-04-13,1,0
P013333,1,1,68.0,6943.11,0,2024-04-21,2024-04-21,0,0
P013334,1,0,11.0,398.57,0,2025-07-29,2025-07-29,0,0
P013335,3,1,72.0,3344.54,0,2024-08-08,2024-12-20,1,0
P013336,1,0,27.0,714.9,0,2024-08-18,2024-08-18,0,0
P013337,1,0,35.0,917.65,0,2026-02-22,2026-02-22,0,0
P013338,4,2,57.25,10952.71,0,2024-03-04,2024-07-28,1,1
P013339,4,1,82.75,7495.3,0,2025-02-28,2026-09-16,1,1
P013340,1,0,76.0,1272.42,0,2025-12-02,2025-12-02,0,0
P013341,1,0,44.0,1717.32,0,2024-11-29,2024-11-29,0,0
P013342,1,0,142.0,798.53,0,2026-09-06,2026-09-06,0,0
P013343,2,0,38.0,559.74,0,2026-09-15,2026-09-24,1,0
P013344,1,1,37.0,4992.08,0,2025-10-18,2025-10-18,0,0
P013345,6,3,56.166666666666664,34425.87,1,2025-08-01,2026-09-26,1,1
P013346,2,1,44.5,2137.89,0,2025-11-23,2026-07-05,1,0
P013347,1,0,83.0,893.14,0,2024-04-05,2024-04-05,0,0
P013348,2,2,74.0,17200.24,0,2024-02-05,2024-04-13,1,0
P013349,2,1,89.5,4697.88,0,2024-06-30,2024-11-23,1,0
P013350,1,1,58.0,18450.17,0,2025-04-14,2025-04-14,0,0
P013351,1,1,59.0,6943.78,0,2024-01-13,2024-01-13,0,0
P013352,3,1,33.333333333333336,6937.08,0,2025-12-15,2026-09-22,1,0
P013353,1,1,62.0,20202.93,0,2026-01-13,2026-01-13,0,0
P013354,1,0,16.0,124.93,0,2026-01-26,2026-01-26,0,0
P013355,1,0,23.0,346.53,0,2026-04-11,2026-04-11,0,0
P013356,1,1,65.0,10959.09,0,2024-10-15,2024-10-15,0,0
P013357,1,0,23.0,614.87,0,2026-06-12,2026-06-12,0,0
P013358,5,2,56.6,26762.07,0,2025-05-24,2026-09-20,1,1
P013359,5,0,78.0,3408.6000000000004,0,2024-02-24,2025-08-12,1,1
P013360,1,1,32.0,2192.07,0,2024-06-09,2024-06-09,0,0
P013361,1,1,86.0,10700.23,0,2025-03-18,2025-03-18,0,0
P013362,2,0,49.0,1742.54,0,2025-06-24,2026-07-15,1,0
P013363,3,1,74.0,7751.47,0,2025-06-04,2026-09-21,1,0
P013364,3,2,39.333333333333336,18427.61,0,2025-09-11,2026-09-19,1,0
P013365,1,1,43.0,6082.37,0,2024-11-21,2024-11-21,0,0
P013366,2,0,110.0,2416.33,0,2025-10-28,2025-11-14,1,0
P013367,5,2,49.4,7559.67,0,2024-01-01,2026-06-05,1,1
P013368,1,0,69.0,750.97,0,2025-12-13,2025-12-13,0,0
P013369,3,0,77.33333333333333,2717.7799999999997,0,2024-07-14,2025-11-30,1,0
P013370,1,0,70.0,555.45,0,2024-01-11,2024-01-11,0,0
P013371,1,0,17.0,1034.88,0,2024-05-22,2024-05-22,0,0
P013372,4,1,29.5,5028.93,0,2024-04-05,2025-06-08,1,1
P013373,2,0,103.5,1606.97,0,2025-11-15,2025-12-10,1,0
P013374,6,3,54.0,12706.83,2,2025-01-29,2026-09-21,1,1
P013375,1,0,48.0,1077.03,0,2026-08-06,2026-08-06,0,0
P013376,2,0,47.0,2430.71,0,2025-04-14,2025-06-16,1,0
P013377,1,0,95.0,1393.05,0,2024-08-24,2024-08-24,0,0
P013378,1,0,23.0,361.02,0,2024-05-15,2024-05-15,0,0
P013379,2,1,70.5,11268.39,0,2024-12-03,2025-05-22,1,0
P013380,1,0,124.0,705.14,0,2026-02-27,2026-02-27,0,0
P013381,1,0,19.0,822.91,0,2024-08-21,2024-08-21,0,0
P013382,3,1,42.666666666666664,10876.79,0,2025-08-16,2026-09-18,1,0
P013383,1,1,69.0,11713.46,0,2024-10-03,2024-10-03,0,0
P013384,1,0,30.0,629.32,0,2025-10-21,2025-10-21,0,0
P013385,1,1,131.0,2742.11,0,2024-11-03,2024-11-03,0,0
P013386,1,0,28.0,1005.33,0,2024-10-19,2024-10-19,0,0
P013387,1,0,17.0,796.07,0,2025-07-04,2025-07-04,0,0
P013388,3,1,26.0,12049.970000000001,1,2026-03-25,2026-09-29,1,0
P013389,1,0,123.0,1097.64,0,2024-07-19,2024-07-19,0,0
P013390,4,1,54.5,13367.04,0,2025-12-21,2026-09-11,1,1
P013391,3,0,49.333333333333336,1462.6,0,2025-10-24,2026-05-31,1,0
P013392,1,1,57.0,9171.52,0,2025-08-16,2025-08-16,0,0
P013393,1,0,24.0,1347.91,0,2026-06-27,2026-06-27,0,0
P013394,2,2,62.0,25098.32,0,2025-10-04,2026-03-17,1,0
P013395,1,1,83.0,20531.66,0,2024-01-27,2024-01-27,0,0
P013396,4,0,31.0,3801.66,0,2025-06-27,2026-08-05,1,1
P013397,1,0,25.0,2153.77,0,2024-11-15,2024-11-15,0,0
P013398,1,1,78.0,10471.52,0,2025-05-07,2025-05-07,0,0
P013399,1,0,28.0,448.67,0,2026-04-17,2026-04-17,0,0
P013400,2,1,30.5,7704.97,0,2025-07-03,2025-09-22,1,0
P013401,1,0,46.0,2151.91,0,2026-01-21,2026-01-21,0,0
P013402,1,0,18.0,888.19,0,2025-01-08,2025-01-08,0,0
P013403,1,1,92.0,20338.65,0,2026-08-17,2026-08-17,0,0
P013404,1,1,123.0,2641.88,0,2025-06-05,2025-06-05,0,0
P013405,3,1,73.0,9927.78,0,2026-02-22,2026-06-02,1,0
P013406,1,0,24.0,628.16,0,2026-04-06,2026-04-06,0,0
P013407,2,1,41.0,5324.0,0,2024-11-15,2025-01-28,1,0
P013408,2,1,43.5,12210.310000000001,0,2026-04-22,2026-06-12,1,0
P013409,1,1,42.0,1856.69,0,2025-02-28,2025-02-28,0,0
P013410,2,1,54.5,6328.58,0,2026-08-28,2026-09-20,1,0
P013411,1,0,27.0,761.97,0,2024-02-22,2024-02-22,0,0
P013412,1,0,91.0,1828.5,0,2024-07-11,2024-07-11,0,0
P013413,1,0,32.0,226.23,0,2024-02-21,2024-02-21,0,0
P013414,1,0,85.0,615.68,0,2025-11-30,2025-11-30,0,0
P013415,1,0,51.0,1485.14,0,2025-08-17,2025-08-17,0,0
P013416,1,0,43.0,875.14,0,2025-08-29,2025-08-29,0,0
P013417,5,1,41.4,10941.34,0,2026-09-05,2026-09-29,1,1
P013418,1,0,15.0,705.61,0,2026-02-25,2026-02-25,0,0
P013419,1,0,18.0,395.43,0,2024-06-29,2024-06-29,0,0
P013420,2,1,92.5,4258.49,0,2024-01-10,2024-10-18,1,0
P013421,1,0,83.0,1947.47,0,2024-02-26,2024-02-26,0,0
P013422,1,0,33.0,492.52,0,2024-02-22,2024-02-22,0,0
P013423,1,1,129.0,15324.02,0,2025-07-29,2025-07-29,0,0
P013424,1,1,111.0,7188.32,0,2026-04-04,2026-04-04,0,0
P013425,1,0,38.0,474.0,0,2026-02-27,2026-02-27,0,0
P013426,4,0,69.25,1617.43,0,2025-07-04,2025-12-24,1,1
P013427,1,0,29.0,345.75,0,2024-08-01,2024-08-01,0,0
P013428,1,1,61.0,11017.45,0,2025-11-03,2025-11-03,0,0
P013429,1,0,15.0,733.81,0,2025-12-12,2025-12-12,0,0
P013430,1,0,93.0,608.23,0,2024-12-15,2024-12-15,0,0
P013431,3,1,23.666666666666668,2743.58,0,2025-02-15,2025-04-12,1,0
P013432,1,1,62.0,8099.72,0,2024-04-15,2024-04-15,0,0
P013433,1,1,64.0,5152.41,0,2025-02-28,2025-02-28,0,0
P013434,1,0,21.0,276.68,0,2025-10-06,2025-10-06,0,0
P013435,1,0,11.0,672.94,0,2024-06-28,2024-06-28,0,0
P013436,1,0,16.0,2866.59,0,2025-12-02,2025-12-02,0,0
P013437,3,0,17.666666666666668,1191.67,0,2024-07-19,2025-06-07,1,0
P013438,1,1,88.0,955.67,0,2026-03-27,2026-03-27,0,0
P013439,2,1,74.0,2276.26,0,2025-04-30,2025-10-06,1,0
P013440,1,0,43.0,481.67,0,2025-06-23,2025-06-23,0,0
P013441,1,0,17.0,255.99,0,2024-11-29,2024-11-29,0,0
P013442,1,1,49.0,4093.25,0,2025-04-08,2025-04-08,0,0
P013443,3,1,35.0,4248.9,0,2024-08-09,2026-01-22,1,0
P013444,1,0,10.0,539.93,0,2026-06-03,2026-06-03,0,0
P013445,3,1,78.66666666666667,5466.51,1,2025-10-17,2026-06-07,1,0
P013446,2,1,54.0,14486.73,0,2025-01-28,2025-09-30,1,0
P013447,1,0,27.0,503.61,0,2026-03-07,2026-03-07,0,0
P013448,1,0,25.0,738.36,0,2025-06-29,2025-06-29,0,0
P013449,4,0,43.25,2756.01,0,2024-09-17,2025-12-08,1,1
P013450,1,0,23.0,513.83,0,2026-09-23,2026-09-23,0,0
P013451,2,1,38.0,6748.5599999999995,0,2025-07-31,2026-04-26,1,0
P013452,2,0,30.5,1375.01,0,2025-01-20,2025-02-03,1,0
P013453,2,2,30.5,3894.69,0,2025-07-23,2025-10-02,1,0
P013454,3,0,43.333333333333336,3507.71,0,2026-05-22,2026-09-22,1,0
P013455,2,0,42.5,3501.2299999999996,0,2025-10-22,2025-11-20,1,0
P013456,1,0,80.0,1799.99,0,2026-09-29,2026-09-29,0,0
P013457,1,0,20.0,678.11,0,2025-02-09,2025-02-09,0,0
P013458,2,1,28.0,12187.63,0,2026-04-05,2026-09-14,1,0
P013459,1,1,76.0,6902.96,0,2026-03-04,2026-03-04,0,0
P013460,1,1,55.0,11029.3,0,2024-12-01,2024-12-01,0,0
P013461,1,0,67.0,425.94,0,2026-09-09,2026-09-09,0,0
P013462,2,1,69.0,10375.939999999999,0,2024-06-08,2024-09-03,1,0
P013463,1,0,35.0,1654.33,0,2026-04-12,2026-04-12,0,0
P013464,1,0,51.0,419.55,0,2026-01-17,2026-01-17,0,0
P013465,1,1,43.0,25988.9,0,2026-08-13,2026-08-13,0,0
P013466,2,2,42.0,58238.83,0,2026-01-30,2026-08-15,1,0
P013467,2,0,95.0,2732.83,0,2024-08-13,2025-06-15,1,0
P013468,4,2,54.75,17600.440000000002,0,2025-01-16,2026-09-28,1,1
P013469,1,1,29.0,10067.02,0,2025-03-27,2025-03-27,0,0
P013470,2,2,46.0,18606.93,0,2024-11-18,2025-10-07,1,0
P013471,1,0,23.0,507.85,0,2025-01-12,2025-01-12,0,0
P013472,1,1,32.0,12821.04,0,2025-12-09,2025-12-09,0,0
P013473,1,1,137.0,11434.64,0,2026-08-04,2026-08-04,0,0
P013474,1,0,31.0,205.66,0,2024-08-24,2024-08-24,0,0
P013475,1,0,31.0,1121.94,0,2024-11-16,2024-11-16,0,0
P013476,2,0,51.5,2020.6599999999999,0,2024-08-04,2024-08-18,1,0
P013477,1,0,26.0,237.02,0,2025-12-03,2025-12-03,0,0
P013478,1,0,109.0,673.29,0,2026-07-22,2026-07-22,0,0
P013479,2,2,60.0,17262.55,0,2025-09-23,2026-05-10,1,0
P013480,2,0,66.5,835.38,0,2024-09-20,2025-11-12,1,0
P013481,2,0,20.5,879.9,0,2024-11-23,2025-07-04,1,0
P013482,2,0,30.5,787.1800000000001,0,2024-11-23,2025-01-19,1,0
P013483,2,2,46.0,21482.64,0,2024-05-30,2024-06-22,1,0
P013484,2,0,49.5,1023.87,0,2024-09-28,2024-12-02,1,0
P013485,1,0,44.0,516.6,0,2026-08-16,2026-08-16,0,0
P013486,1,0,11.0,218.97,0,2026-08-01,2026-08-01,0,0
P013487,1,0,21.0,434.92,0,2025-01-10,2025-01-10,0,0
P013488,1,0,43.0,715.08,0,2025-04-24,2025-04-24,0,0
P013489,3,0,40.333333333333336,3385.3599999999997,0,2024-06-18,2026-06-30,1,0
P013490,1,0,82.0,849.91,0,2025-11-26,2025-11-26,0,0
P013491,1,0,24.0,102.15,0,2026-08-30,2026-08-30,0,0
P013492,1,1,90.0,6211.7,0,2024-09-15,2024-09-15,0,0
P013493,2,1,48.0,5391.94,0,2025-08-10,2025-10-10,1,0
P013494,2,0,84.0,2054.6,0,2024-09-30,2025-02-13,1,0
P013495,2,1,90.0,10835.48,0,2025-11-06,2026-06-22,1,0
P013496,1,0,13.0,914.45,0,2025-06-24,2025-06-24,0,0
P013497,1,0,20.0,462.84,0,2025-09-12,2025-09-12,0,0
P013498,3,2,60.0,3376.32,0,2025-07-22,2026-09-01,1,0
P013499,1,0,9.0,565.56,0,2024-07-17,2024-07-17,0,0
P013500,2,2,55.0,17586.420000000002,0,2025-09-11,2026-09-14,1,0
P013501,4,1,18.0,7651.86,1,2026-06-21,2026-09-29,1,1
P013502,1,1,50.0,40236.1,0,2024-03-29,2024-03-29,0,0
P013503,3,1,91.66666666666667,15569.080000000002,0,2025-08-13,2026-04-20,1,0
P013504,1,1,39.0,1546.28,0,2024-12-28,2024-12-28,0,0
P013505,1,1,54.0,7005.01,0,2025-07-11,2025-07-11,0,0
P013506,1,1,33.0,2733.42,0,2024-08-13,2024-08-13,0,0
P013507,3,0,24.666666666666668,1933.37,0,2024-02-28,2025-11-10,1,0
P013508,2,0,29.5,823.3900000000001,0,2024-06-24,2024-10-24,1,0
P013509,4,1,61.0,8760.27,0,2024-10-05,2025-06-09,1,1
P013510,1,0,19.0,431.55,0,2025-11-23,2025-11-23,0,0
P013511,1,1,108.0,11863.31,0,2026-05-13,2026-05-13,0,0
P013512,3,1,64.0,12492.53,0,2026-08-19,2026-09-22,1,0
P013513,1,0,15.0,771.86,0,2025-09-02,2025-09-02,0,0
P013514,1,1,100.0,9183.32,0,2025-05-09,2025-05-09,0,0
P013515,5,5,65.4,52712.99,0,2024-07-15,2026-09-24,1,1
P013516,6,2,40.5,16017.13,0,2024-01-12,2024-12-20,1,1
P013517,1,0,44.0,1548.53,0,2025-02-19,2025-02-19,0,0
P013518,4,2,111.75,21417.25,0,2025-05-05,2026-05-12,1,1
P013519,1,1,54.0,2363.34,0,2026-07-11,2026-07-11,0,0
P013520,2,0,42.5,535.87,0,2024-01-14,2024-04-13,1,0
P013521,1,0,73.0,615.14,0,2025-09-20,2025-09-20,0,0
P013522,1,1,45.0,4465.01,0,2025-08-12,2025-08-12,0,0
P013523,4,3,40.5,40658.100000000006,1,2025-12-09,2026-09-25,1,1
P013524,5,1,42.6,17886.02,0,2024-12-21,2026-09-30,1,1
P013525,1,1,89.0,4212.84,0,2024-08-27,2024-08-27,0,0
P013526,1,1,56.0,4851.54,0,2026-02-15,2026-02-15,0,0
P013527,1,0,42.0,1408.09,0,2026-04-24,2026-04-24,0,0
P013528,1,0,46.0,716.88,0,2024-05-19,2024-05-19,0,0
P013529,1,0,90.0,1288.07,0,2025-06-30,2025-06-30,0,0
P013530,4,2,41.25,16193.53,0,2024-07-31,2024-12-11,1,1
P013531,1,0,36.0,562.4,0,2025-08-21,2025-08-21,0,0
P013532,2,0,44.0,1245.11,0,2024-10-27,2025-09-19,1,0
P013533,2,0,75.5,2165.62,0,2026-07-12,2026-09-27,1,0
P013534,2,0,19.5,831.04,0,2024-09-26,2024-10-28,1,0
P013535,1,1,19.0,16976.37,0,2024-11-01,2024-11-01,0,0
P013536,3,2,82.66666666666667,21230.98,0,2025-10-05,2026-09-27,1,0
P013537,1,1,43.0,37990.34,0,2025-04-04,2025-04-04,0,0
P013538,2,2,46.5,17992.760000000002,0,2025-02-04,2025-02-23,1,0
P013539,1,0,28.0,142.08,0,2025-12-11,2025-12-11,0,0
P013540,1,0,29.0,4776.4,0,2026-07-01,2026-07-01,0,0
P013541,1,0,13.0,852.57,0,2024-07-06,2024-07-06,0,0
P013542,1,0,273.0,376.12,0,2025-10-19,2025-10-19,0,0
P013543,3,0,90.66666666666667,2647.01,0,2025-10-30,2026-06-09,1,0
P013544,2,0,120.0,1010.6700000000001,0,2026-02-04,2026-04-17,1,0
P013545,5,2,71.2,16620.1,0,2025-06-19,2026-09-21,1,1
P013546,1,0,17.0,249.06,0,2025-09-24,2025-09-24,0,0
P013547,1,0,21.0,1907.92,0,2025-08-29,2025-08-29,0,0
P013548,2,0,12.5,1170.05,0,2024-06-22,2025-08-03,1,0
P013549,1,0,92.0,1484.38,0,2024-07-25,2024-07-25,0,0
P013550,1,1,60.0,16882.71,0,2026-09-30,2026-09-30,0,0
P013551,3,0,28.0,1510.74,0,2024-01-15,2025-05-19,1,0
P013552,4,0,40.25,2511.1,0,2026-01-09,2026-09-23,1,1
P013553,1,0,28.0,477.57,0,2024-07-22,2024-07-22,0,0
P013554,1,1,44.0,12391.24,0,2025-11-06,2025-11-06,0,0
P013555,2,1,35.5,14504.27,0,2025-01-01,2025-07-04,1,0
P013556,2,1,60.0,13973.7,0,2026-04-14,2026-05-23,1,0
P013557,2,0,28.5,1317.3,0,2024-08-03,2024-08-23,1,0
P013558,1,0,85.0,1363.12,0,2025-07-12,2025-07-12,0,0
P013559,2,1,60.5,6217.33,0,2024-08-17,2025-04-07,1,0
P013560,1,0,33.0,520.38,0,2026-05-08,2026-05-08,0,0
P013561,3,0,19.666666666666668,1555.49,0,2026-03-16,2026-09-20,1,0
P013562,1,0,22.0,456.35,0,2026-01-29,2026-01-29,0,0
P013563,1,0,31.0,270.12,0,2026-04-11,2026-04-11,0,0
P013564,1,0,101.0,3553.84,0,2024-03-09,2024-03-09,0,0
P013565,4,1,60.25,15838.68,0,2026-03-14,2026-09-20,1,1
P013566,2,0,82.5,1359.6100000000001,0,2026-08-26,2026-09-10,1,0
P013567,1,0,7.0,539.24,0,2025-01-25,2025-01-25,0,0
P013568,1,1,75.0,12223.32,0,2024-03-12,2024-03-12,0,0
P013569,1,0,10.0,180.47,0,2025-10-10,2025-10-10,0,0
P013570,1,1,31.0,1269.49,0,2024-07-02,2024-07-02,0,0
P013571,2,0,19.0,971.78,0,2025-06-01,2025-06-16,1,0
P013572,1,1,92.0,20308.29,0,2025-08-21,2025-08-21,0,0
P013573,2,0,20.5,1088.99,0,2026-06-30,2026-09-26,1,0
P013574,1,0,24.0,769.64,0,2025-11-23,2025-11-23,0,0
P013575,2,0,17.0,569.54,0,2025-01-14,2025-02-27,1,0
P013576,1,1,137.0,5595.1,0,2026-03-03,2026-03-03,0,0
P013577,2,0,41.0,1535.62,0,2025-02-05,2025-02-27,1,0
P013578,1,0,81.0,2066.21,0,2025-12-30,2025-12-30,0,0
P013579,2,1,78.5,6376.88,0,2025-05-20,2026-05-26,1,0
P013580,1,0,23.0,1219.06,0,2025-02-16,2025-02-16,0,0
P013581,4,0,48.0,3750.34,0,2026-09-10,2026-09-24,1,1
P013582,4,2,46.75,9304.57,0,2025-12-23,2026-09-21,1,1
P013583,1,0,49.0,577.86,0,2026-07-29,2026-07-29,0,0
P013584,1,1,59.0,4159.2,0,2024-11-13,2024-11-13,0,0
P013585,1,0,14.0,300.35,0,2025-08-07,2025-08-07,0,0
P013586,1,0,26.0,695.27,0,2025-09-05,2025-09-05,0,0
P013587,1,1,35.0,5327.54,0,2026-07-25,2026-07-25,0,0
P013588,1,0,43.0,284.5,0,2024-11-20,2024-11-20,0,0
P013589,2,1,34.0,4447.12,0,2025-10-02,2026-08-11,1,0
P013590,1,1,27.0,1159.32,0,2025-11-13,2025-11-13,0,0
P013591,1,0,47.0,876.3,0,2025-12-01,2025-12-01,0,0
P013592,1,0,13.0,520.41,0,2025-01-04,2025-01-04,0,0
P013593,1,0,109.0,341.04,0,2025-12-08,2025-12-08,0,0
P013594,1,0,85.0,1388.16,0,2026-01-04,2026-01-04,0,0
P013595,1,1,28.0,1548.87,0,2025-07-29,2025-07-29,0,0
P013596,1,1,56.0,10455.63,0,2026-04-21,2026-04-21,0,0
P013597,2,1,69.0,3441.87,0,2026-09-10,2026-09-26,1,0
P013598,1,1,39.0,13313.98,0,2025-12-23,2025-12-23,0,0
P013599,1,1,72.0,1359.97,0,2025-07-16,2025-07-16,0,0
P013600,2,2,54.0,20446.1,0,2026-03-21,2026-09-22,1,0
P013601,1,1,65.0,3426.89,0,2025-07-31,2025-07-31,0,0
P013602,1,0,16.0,563.49,0,2026-03-10,2026-03-10,0,0
P013603,1,1,191.0,9021.49,0,2026-02-22,2026-02-22,0,0
P013604,2,1,31.5,15873.97,0,2025-07-03,2026-02-25,1,0
P013605,3,3,72.0,15863.060000000001,1,2026-09-12,2026-09-24,1,0
P013606,1,0,23.0,171.95,0,2024-09-08,2024-09-08,0,0
P013607,1,0,20.0,504.35,0,2024-10-24,2024-10-24,0,0
P013608,1,0,10.0,275.94,0,2025-10-24,2025-10-24,0,0
P013609,1,0,9.0,439.79,0,2025-12-09,2025-12-09,0,0
P013610,1,0,36.0,833.18,0,2025-06-01,2025-06-01,0,0
P013611,1,0,14.0,211.24,0,2026-03-29,2026-03-29,0,0
P013612,3,0,40.333333333333336,1358.02,0,2026-09-10,2026-09-24,1,0
P013613,6,2,57.666666666666664,17602.879999999997,0,2024-07-10,2026-09-30,1,1
P013614,1,1,85.0,6213.5,0,2024-03-19,2024-03-19,0,0
P013615,1,0,14.0,300.38,0,2024-07-20,2024-07-20,0,0
P013616,1,0,30.0,483.72,0,2026-04-25,2026-04-25,0,0
P013617,2,0,34.5,1038.53,0,2024-01-20,2024-04-10,1,0
P013618,1,0,26.0,646.36,0,2026-08-20,2026-08-20,0,0
P013619,1,0,55.0,944.53,0,2024-04-12,2024-04-12,0,0
P013620,1,0,28.0,191.84,0,2026-09-20,2026-09-20,0,0
P013621,2,0,49.5,2029.42,0,2024-10-17,2025-03-01,1,0
P013622,2,0,29.0,3404.53,0,2025-11-07,2026-07-06,1,0
P013623,1,0,33.0,1605.94,0,2024-08-11,2024-08-11,0,0
P013624,2,0,93.0,1822.42,0,2025-05-04,2025-12-22,1,0
P013625,1,1,28.0,2493.15,0,2025-03-29,2025-03-29,0,0
P013626,1,0,12.0,531.07,0,2025-09-20,2025-09-20,0,0
P013627,1,1,29.0,2197.61,0,2025-11-21,2025-11-21,0,0
P013628,1,0,16.0,606.51,0,2025-12-01,2025-12-01,0,0
P013629,2,0,20.0,1305.21,0,2025-01-14,2025-05-18,1,0
P013630,6,1,50.166666666666664,10255.43,0,2026-03-09,2026-09-28,1,1
P013631,2,1,71.0,21625.149999999998,0,2025-02-28,2025-08-10,1,0
P013632,2,1,56.0,4896.77,0,2026-08-01,2026-09-30,1,0
P013633,1,0,118.0,786.14,0,2025-01-22,2025-01-22,0,0
P013634,1,1,39.0,20535.5,0,2025-04-04,2025-04-04,0,0
P013635,1,0,74.0,2311.25,0,2024-08-27,2024-08-27,0,0
P013636,5,2,43.8,24321.699999999997,0,2025-04-29,2026-09-29,1,1
P013637,2,0,80.5,2191.79,0,2025-05-01,2025-05-14,1,0
P013638,3,0,26.333333333333332,1586.2800000000002,0,2026-08-07,2026-09-28,1,0
P013639,1,0,18.0,1225.84,0,2024-10-27,2024-10-27,0,0
P013640,1,0,38.0,1103.98,0,2025-01-04,2025-01-04,0,0
P013641,1,0,22.0,268.48,0,2025-12-14,2025-12-14,0,0
P013642,1,1,56.0,872.31,0,2024-01-06,2024-01-06,0,0
P013643,1,0,113.0,1112.14,0,2025-10-01,2025-10-01,0,0
P013644,2,2,92.5,11109.6,0,2024-09-21,2024-11-20,1,0
P013645,5,4,81.8,28947.050000000003,0,2025-02-16,2026-04-13,1,1
P013646,1,0,28.0,937.78,0,2024-11-08,2024-11-08,0,0
P013647,1,0,64.0,967.53,0,2024-09-30,2024-09-30,0,0
P013648,3,1,36.0,18447.49,0,2025-06-16,2026-05-01,1,0
P013649,4,3,94.5,34281.69,0,2024-04-20,2025-05-14,1,1
P013650,2,0,65.5,1976.21,0,2024-02-08,2024-02-21,1,0
P013651,6,2,53.166666666666664,21415.33,0,2026-07-26,2026-09-28,1,1
P013652,2,2,43.5,37847.18,0,2024-04-18,2024-07-13,1,0
P013653,1,1,73.0,9353.9,0,2025-05-11,2025-05-11,0,0
P013654,1,0,28.0,201.34,0,2026-06-10,2026-06-10,0,0
P013655,1,0,24.0,466.07,0,2024-02-28,2024-02-28,0,0
P013656,1,0,100.0,1363.8,0,2025-01-09,2025-01-09,0,0
P013657,1,1,106.0,6303.51,0,2025-12-14,2025-12-14,0,0
P013658,1,0,18.0,452.76,0,2026-09-29,2026-09-29,0,0
P013659,1,0,83.0,1203.82,0,2026-02-04,2026-02-04,0,0
P013660,1,0,51.0,873.22,0,2024-01-25,2024-01-25,0,0
P013661,2,1,53.5,5130.139999999999,0,2024-06-18,2025-05-20,1,0
P013662,1,0,47.0,1231.24,0,2026-04-30,2026-04-30,0,0
P013663,1,0,13.0,317.32,0,2024-08-28,2024-08-28,0,0
P013664,2,0,21.5,935.29,0,2026-02-18,2026-09-29,1,0
P013665,1,0,87.0,1655.04,0,2025-01-17,2025-01-17,0,0
P013666,1,0,14.0,609.0,0,2025-07-13,2025-07-13,0,0
P013667,1,0,30.0,691.08,0,2024-03-01,2024-03-01,0,0
P013668,1,0,39.0,1124.67,0,2024-04-21,2024-04-21,0,0
P013669,1,0,52.0,396.58,0,2026-02-24,2026-02-24,0,0
P013670,2,0,100.0,1840.9,0,2026-07-21,2026-09-13,1,0
P013671,1,0,19.0,696.34,0,2024-09-18,2024-09-18,0,0
P013672,2,0,64.5,2261.0699999999997,0,2026-03-25,2026-09-11,1,0
P013673,3,1,51.0,5054.59,0,2025-08-26,2026-06-15,1,0
P013674,1,0,27.0,289.48,0,2025-12-18,2025-12-18,0,0
P013675,1,0,120.0,1059.15,0,2025-06-17,2025-06-17,0,0
P013676,1,0,59.0,1092.86,0,2025-01-03,2025-01-03,0,0
P013677,2,1,62.5,14959.86,0,2026-05-11,2026-09-12,1,0
P013678,5,1,60.8,6673.900000000001,0,2025-04-03,2026-03-28,1,1
P013679,2,1,38.0,10736.27,0,2024-07-22,2024-09-24,1,0
P013680,1,0,11.0,438.9,0,2024-12-29,2024-12-29,0,0
P013681,1,1,114.0,12054.23,0,2024-08-16,2024-08-16,0,0
P013682,1,1,84.0,6392.07,0,2025-06-05,2025-06-05,0,0
P013683,1,0,54.0,1045.83,0,2026-03-04,2026-03-04,0,0
P013684,2,1,36.5,9270.240000000002,0,2024-02-06,2024-02-23,1,0
P013685,1,0,13.0,516.13,0,2025-04-23,2025-04-23,0,0
P013686,1,0,54.0,851.43,0,2025-09-12,2025-09-12,0,0
P013687,1,1,43.0,4898.21,0,2026-02-09,2026-02-09,0,0
P013688,1,1,49.0,1963.45,0,2025-01-08,2025-01-08,0,0
P013689,1,0,104.0,1450.32,0,2024-03-25,2024-03-25,0,0
P013690,2,0,50.0,1402.79,0,2025-07-23,2026-01-13,1,0
P013691,2,0,168.5,2763.3,0,2026-06-21,2026-08-05,1,0
P013692,3,1,135.66666666666666,10959.79,0,2024-04-15,2025-10-31,1,0
P013693,1,0,29.0,278.42,0,2024-11-02,2024-11-02,0,0
P013694,1,1,87.0,7558.05,0,2024-08-07,2024-08-07,0,0
P013695,3,0,24.666666666666668,3390.71,0,2024-09-19,2026-08-28,1,0
P013696,1,1,118.0,8549.81,0,2025-05-25,2025-05-25,0,0
P013697,1,0,17.0,776.19,0,2026-03-29,2026-03-29,0,0
P013698,1,0,16.0,815.08,0,2025-05-29,2025-05-29,0,0
P013699,4,2,62.0,21051.14,1,2024-06-23,2025-11-04,1,1
P013700,3,1,70.33333333333333,21119.06,0,2026-08-13,2026-09-30,1,0
P013701,1,0,15.0,303.02,0,2024-02-26,2024-02-26,0,0
P013702,2,0,23.5,1112.65,0,2025-01-02,2025-03-09,1,0
P013703,2,0,122.0,927.4599999999999,0,2026-07-02,2026-09-01,1,0
P013704,4,1,36.75,15884.79,0,2026-03-19,2026-09-19,1,1
P013705,2,1,24.5,4428.03,0,2026-09-01,2026-09-12,1,0
P013706,4,1,29.75,6925.16,0,2025-12-10,2026-09-02,1,1
P013707,1,0,44.0,1811.59,0,2025-09-02,2025-09-02,0,0
P013708,1,0,64.0,948.49,0,2025-11-01,2025-11-01,0,0
P013709,1,0,23.0,468.76,0,2025-08-22,2025-08-22,0,0
P013710,2,0,24.0,1160.15,0,2025-04-23,2026-01-21,1,0
P013711,1,0,15.0,300.3,0,2024-01-05,2024-01-05,0,0
P013712,3,2,66.0,9942.54,0,2026-03-22,2026-04-29,1,0
P013713,3,2,45.333333333333336,9298.42,0,2024-03-08,2024-12-04,1,0
P013714,3,2,66.0,22315.31,1,2025-07-28,2026-03-16,1,0
P013715,4,2,40.0,37371.55,0,2026-02-14,2026-09-27,1,1
P013716,1,1,34.0,1613.31,0,2024-08-28,2024-08-28,0,0
P013717,2,2,71.5,18159.280000000002,1,2025-04-25,2025-05-20,1,0
P013718,1,0,28.0,330.03,0,2025-02-25,2025-02-25,0,0
P013719,1,0,38.0,722.61,0,2025-10-04,2025-10-04,0,0
P013720,2,1,110.5,14953.75,0,2024-07-05,2025-05-29,1,0
P013721,1,0,23.0,275.21,0,2026-05-22,2026-05-22,0,0
P013722,1,0,16.0,253.37,0,2026-03-16,2026-03-16,0,0
P013723,2,0,37.5,2009.8000000000002,0,2026-08-31,2026-09-07,1,0
P013724,2,1,126.5,5223.88,0,2026-04-27,2026-06-02,1,0
P013725,1,0,40.0,645.52,0,2024-01-12,2024-01-12,0,0
P013726,2,2,25.0,6485.870000000001,0,2024-03-09,2024-08-05,1,0
P013727,1,1,103.0,11089.06,0,2025-03-08,2025-03-08,0,0
P013728,2,1,34.5,5533.179999999999,0,2024-08-06,2024-11-03,1,0
P013729,1,0,30.0,846.85,0,2024-03-04,2024-03-04,0,0
P013730,4,0,48.5,3076.71,0,2024-08-30,2025-12-20,1,1
P013731,2,2,126.0,15793.650000000001,0,2024-02-27,2024-04-22,1,0
P013732,2,2,55.0,32966.79,0,2026-03-30,2026-09-17,1,0
P013733,2,1,52.0,17437.36,1,2025-01-25,2025-02-06,1,0
P013734,1,0,92.0,1035.04,0,2024-12-27,2024-12-27,0,0
P013735,2,0,27.0,887.44,0,2025-12-15,2026-09-13,1,0
P013736,1,0,21.0,403.27,0,2024-04-08,2024-04-08,0,0
P013737,4,1,66.0,13783.38,0,2025-02-04,2026-09-27,1,1
P013738,1,0,35.0,469.77,0,2026-05-27,2026-05-27,0,0
P013739,1,0,18.0,606.94,0,2024-10-31,2024-10-31,0,0
P013740,1,0,17.0,482.52,0,2025-12-03,2025-12-03,0,0
P013741,1,0,47.0,789.6,0,2025-09-15,2025-09-15,0,0
P013742,2,0,41.5,2007.15,0,2025-11-20,2026-07-14,1,0
P013743,3,1,45.0,9148.5,0,2026-01-14,2026-09-19,1,0
P013744,1,1,40.0,5911.78,0,2025-11-04,2025-11-04,0,0
P013745,1,1,180.0,3610.14,0,2024-08-27,2024-08-27,0,0
P013746,1,0,44.0,312.06,0,2024-11-29,2024-11-29,0,0
P013747,1,0,98.0,457.84,0,2026-08-15,2026-08-15,0,0
P013748,1,1,30.0,2611.1,0,2024-12-09,2024-12-09,0,0
P013749,3,1,55.666666666666664,10545.5,0,2024-04-06,2025-03-10,1,0
P013750,2,0,26.5,1027.72,0,2026-03-28,2026-05-01,1,0
P013751,4,2,48.5,38063.39,0,2024-05-01,2026-03-30,1,1
P013752,4,2,38.0,34741.01,0,2024-06-16,2026-09-27,1,1
P013753,1,1,75.0,2242.16,0,2024-02-22,2024-02-22,0,0
P013754,1,0,65.0,450.2,0,2026-04-16,2026-04-16,0,0
P013755,1,1,44.0,6478.24,0,2025-11-20,2025-11-20,0,0
P013756,1,1,78.0,6943.89,0,2026-05-30,2026-05-30,0,0
P013757,2,0,33.5,3531.58,0,2025-10-02,2026-06-18,1,0
P013758,1,1,26.0,894.01,0,2025-11-08,2025-11-08,0,0
P013759,2,0,32.5,845.26,0,2024-01-23,2024-07-28,1,0
P013760,1,0,21.0,192.83,0,2025-04-19,2025-04-19,0,0
P013761,1,0,73.0,1155.56,0,2024-03-22,2024-03-22,0,0
P013762,2,0,28.0,1228.82,0,2025-02-23,2025-12-29,1,0
P013763,1,1,38.0,10416.3,0,2024-12-19,2024-12-19,0,0
P013764,1,0,25.0,399.67,0,2026-06-17,2026-06-17,0,0
P013765,1,0,30.0,340.28,0,2025-04-22,2025-04-22,0,0
P013766,5,2,45.2,17462.77,0,2025-02-17,2026-09-20,1,1
P013767,1,0,87.0,721.05,0,2025-02-21,2025-02-21,0,0
P013768,4,1,38.75,8450.0,0,2024-09-10,2026-09-30,1,1
P013769,1,0,22.0,332.67,0,2024-04-11,2024-04-11,0,0
P013770,1,1,123.0,15506.83,0,2026-03-23,2026-03-23,0,0
P013771,2,1,50.5,2059.59,0,2025-04-09,2025-07-04,1,0
P013772,1,0,19.0,86.14,0,2024-08-22,2024-08-22,0,0
P013773,2,1,30.5,2690.29,0,2025-05-03,2026-05-06,1,0
P013774,1,0,22.0,475.32,0,2026-08-15,2026-08-15,0,0
P013775,1,0,41.0,346.18,0,2024-01-04,2024-01-04,0,0
P013776,2,0,18.5,1050.99,0,2025-04-23,2025-12-22,1,0
P013777,4,2,41.75,52250.57,0,2024-11-15,2025-09-27,1,1
P013778,1,0,9.0,491.38,0,2025-04-05,2025-04-05,0,0
P013779,1,0,25.0,348.16,0,2026-03-10,2026-03-10,0,0
P013780,1,0,12.0,314.74,0,2025-08-29,2025-08-29,0,0
P013781,1,1,56.0,33933.43,0,2026-06-16,2026-06-16,0,0
P013782,2,1,40.0,19552.030000000002,0,2026-04-30,2026-09-13,1,0
P013783,2,0,46.0,1295.19,0,2025-08-16,2025-08-24,1,0
P013784,1,0,16.0,476.49,0,2025-04-11,2025-04-11,0,0
P013785,1,0,8.0,572.91,0,2025-03-27,2025-03-27,0,0
P013786,1,0,26.0,406.53,0,2025-03-20,2025-03-20,0,0
P013787,2,1,51.5,3840.33,0,2024-01-15,2024-05-24,1,0
P013788,1,1,54.0,3607.33,0,2025-12-10,2025-12-10,0,0
P013789,1,1,55.0,11234.93,0,2024-01-09,2024-01-09,0,0
P013790,3,1,110.33333333333333,13191.42,1,2026-02-19,2026-09-30,1,0
P013791,1,1,25.0,25638.31,0,2026-02-02,2026-02-02,0,0
P013792,1,0,43.0,574.95,0,2025-07-30,2025-07-30,0,0
P013793,2,2,57.5,26003.56,0,2025-02-03,2025-09-12,1,0
P013794,1,0,65.0,1058.96,0,2025-10-11,2025-10-11,0,0
P013795,2,0,26.5,1560.79,0,2026-05-13,2026-09-27,1,0
P013796,1,0,21.0,463.23,0,2026-07-08,2026-07-08,0,0
P013797,1,0,18.0,538.32,0,2024-04-18,2024-04-18,0,0
P013798,3,0,46.333333333333336,2701.75,0,2024-11-21,2026-06-07,1,0
P013799,3,3,82.0,39465.96,0,2024-12-24,2025-12-07,1,0
P013800,1,1,85.0,11289.35,0,2024-11-03,2024-11-03,0,0
P013801,2,1,96.0,1478.81,0,2025-02-04,2025-09-06,1,0
P013802,1,0,56.0,736.59,0,2025-04-30,2025-04-30,0,0
P013803,3,2,29.666666666666668,4773.15,1,2026-08-17,2026-09-27,1,0
P013804,5,1,61.4,6621.87,0,2026-02-09,2026-09-25,1,1
P013805,1,1,175.0,1616.04,0,2025-05-08,2025-05-08,0,0
P013806,1,0,84.0,344.42,0,2024-01-13,2024-01-13,0,0
P013807,1,0,29.0,508.47,0,2024-10-27,2024-10-27,0,0
P013808,6,2,29.666666666666668,9538.75,0,2026-01-08,2026-09-28,1,1
P013809,1,0,92.0,679.39,0,2025-01-25,2025-01-25,0,0
P013810,3,2,56.0,13569.52,0,2024-06-23,2026-01-07,1,0
P013811,1,1,55.0,2036.41,0,2024-02-19,2024-02-19,0,0
P013812,3,1,77.33333333333333,13141.23,0,2026-03-11,2026-06-02,1,0
P013813,1,1,51.0,12003.63,0,2024-06-24,2024-06-24,0,0
P013814,4,0,79.0,2698.61,0,2024-03-25,2025-06-04,1,1
P013815,1,1,115.0,2586.41,0,2025-01-18,2025-01-18,0,0
P013816,1,0,23.0,357.4,0,2026-01-08,2026-01-08,0,0
P013817,1,0,39.0,488.97,0,2026-03-25,2026-03-25,0,0
P013818,1,0,25.0,236.01,0,2025-09-10,2025-09-10,0,0
P013819,1,0,47.0,247.91,0,2026-09-01,2026-09-01,0,0
P013820,2,1,49.5,3046.7,0,2024-11-22,2025-09-21,1,0
P013821,1,1,71.0,11964.92,0,2024-09-11,2024-09-11,0,0
P013822,1,0,14.0,287.46,0,2024-12-24,2024-12-24,0,0
P013823,2,0,73.0,925.81,0,2026-04-20,2026-07-07,1,0
P013824,1,1,53.0,17394.23,0,2025-10-07,2025-10-07,0,0
P013825,1,1,70.0,6882.93,0,2026-03-20,2026-03-20,0,0
P013826,1,0,34.0,601.91,0,2025-08-13,2025-08-13,0,0
P013827,2,1,48.0,26281.41,0,2026-01-06,2026-04-27,1,0
P013828,2,0,84.5,2975.4300000000003,0,2024-02-25,2024-07-31,1,0
P013829,3,1,57.333333333333336,8950.98,0,2026-01-24,2026-06-19,1,0
P013830,2,2,69.0,11635.43,0,2025-02-05,2025-03-31,1,0
P013831,1,0,14.0,942.33,0,2026-06-09,2026-06-09,0,0
P013832,4,1,42.25,9926.310000000001,0,2026-02-25,2026-06-24,1,1
P013833,2,1,24.5,22885.760000000002,0,2025-02-04,2025-03-06,1,0
P013834,1,0,12.0,359.38,0,2024-05-23,2024-05-23,0,0
P013835,1,0,64.0,578.77,0,2025-01-17,2025-01-17,0,0
P013836,4,3,60.5,20964.78,0,2024-01-27,2024-07-18,1,1
P013837,2,2,51.0,13259.08,0,2024-06-24,2025-06-23,1,0
P013838,2,2,53.0,25768.059999999998,0,2025-01-31,2025-04-19,1,0
P013839,1,1,53.0,1455.75,0,2025-01-23,2025-01-23,0,0
P013840,1,0,13.0,426.08,0,2024-10-05,2024-10-05,0,0
P013841,1,0,108.0,1019.03,0,2025-10-13,2025-10-13,0,0
P013842,1,1,79.0,3766.34,0,2026-08-16,2026-08-16,0,0
P013843,2,1,29.5,11876.15,0,2025-01-16,2025-12-12,1,0
P013844,4,0,42.5,2933.91,0,2025-08-25,2026-09-23,1,1
P013845,2,0,29.5,497.76,0,2026-06-17,2026-08-01,1,0
P013846,1,0,24.0,802.73,0,2025-01-08,2025-01-08,0,0
P013847,1,0,43.0,1391.4,0,2024-11-26,2024-11-26,0,0
P013848,1,0,26.0,695.91,0,2025-11-15,2025-11-15,0,0
P013849,1,0,12.0,283.8,0,2025-05-18,2025-05-18,0,0
P013850,1,0,29.0,801.43,0,2024-06-01,2024-06-01,0,0
P013851,1,0,13.0,656.53,0,2025-01-10,2025-01-10,0,0
P013852,2,1,148.5,3397.84,0,2024-02-04,2024-02-25,1,0
P013853,2,1,27.0,2842.55,0,2025-10-19,2026-01-18,1,0
P013854,1,0,13.0,698.41,0,2024-02-20,2024-02-20,0,0
P013855,4,3,72.5,20728.78,0,2026-07-27,2026-09-27,1,1
P013856,2,1,52.0,15187.41,0,2026-04-25,2026-09-21,1,0
P013857,1,0,28.0,349.77,0,2025-11-06,2025-11-06,0,0
P013858,3,2,48.333333333333336,26914.170000000002,0,2024-08-26,2026-01-10,1,0
P013859,2,0,37.5,1587.0700000000002,0,2024-06-13,2025-04-05,1,0
P013860,2,0,34.0,1836.57,0,2026-07-20,2026-09-19,1,0
P013861,2,0,78.0,1291.41,0,2025-01-11,2026-02-09,1,0
P013862,4,0,51.0,3709.75,0,2024-05-05,2026-02-02,1,1
P013863,1,0,187.0,389.72,0,2026-02-17,2026-02-17,0,0
P013864,2,1,41.5,22000.42,0,2025-01-31,2025-10-12,1,0
P013865,1,0,18.0,317.5,0,2024-07-06,2024-07-06,0,0
P013866,1,0,17.0,294.65,0,2026-03-20,2026-03-20,0,0
P013867,1,1,108.0,6898.56,0,2024-12-20,2024-12-20,0,0
P013868,2,1,72.5,9041.109999999999,0,2025-02-12,2025-10-12,1,0
P013869,4,2,54.75,8615.189999999999,0,2025-01-08,2025-12-28,1,1
P013870,1,0,7.0,208.56,0,2025-06-07,2025-06-07,0,0
P013871,2,0,38.0,640.89,0,2025-01-05,2025-05-15,1,0
P013872,1,1,122.0,3257.04,0,2026-08-17,2026-08-17,0,0
P013873,1,0,28.0,191.28,0,2024-11-09,2024-11-09,0,0
P013874,1,0,35.0,350.76,0,2026-01-14,2026-01-14,0,0
P013875,1,0,66.0,904.14,0,2026-07-09,2026-07-09,0,0
P013876,2,0,62.5,943.5,0,2024-08-29,2025-02-02,1,0
P013877,1,0,35.0,299.93,0,2025-07-28,2025-07-28,0,0
P013878,2,1,66.0,29314.22,0,2025-06-06,2026-07-28,1,0
P013879,5,2,33.0,21102.67,0,2025-12-30,2026-09-19,1,1
P013880,3,2,48.666666666666664,7586.08,0,2024-03-24,2025-04-06,1,0
P013881,3,1,51.666666666666664,17827.3,0,2024-04-22,2025-01-21,1,0
P013882,2,1,40.5,11770.11,0,2025-08-04,2025-10-18,1,0
P013883,1,1,90.0,1543.27,0,2024-01-16,2024-01-16,0,0
P013884,1,1,106.0,8044.32,0,2024-03-11,2024-03-11,0,0
P013885,1,0,53.0,878.06,0,2026-08-17,2026-08-17,0,0
P013886,1,0,59.0,795.92,0,2026-05-31,2026-05-31,0,0
P013887,2,0,62.0,1235.18,0,2025-09-22,2025-10-15,1,0
P013888,4,0,40.5,1717.4199999999998,0,2025-06-20,2026-09-27,1,1
P013889,1,1,83.0,3552.66,0,2024-10-12,2024-10-12,0,0
P013890,3,0,59.333333333333336,1710.8000000000002,0,2025-08-23,2025-11-02,1,0
P013891,1,0,15.0,486.61,0,2024-09-06,2024-09-06,0,0
P013892,1,0,19.0,1062.55,0,2025-12-17,2025-12-17,0,0
P013893,3,2,25.333333333333332,23023.04,0,2026-05-08,2026-06-21,1,0
P013894,1,1,80.0,1162.28,0,2024-10-20,2024-10-20,0,0
P013895,1,0,22.0,405.33,0,2024-09-26,2024-09-26,0,0
P013896,1,0,88.0,487.17,0,2026-04-27,2026-04-27,0,0
P013897,2,1,87.5,4008.3599999999997,0,2024-10-11,2024-10-21,1,0
P013898,3,1,76.66666666666667,7763.139999999999,0,2026-03-17,2026-09-16,1,0
P013899,2,2,59.5,12077.17,0,2026-01-20,2026-04-12,1,0
P013900,1,1,89.0,6926.04,0,2024-06-07,2024-06-07,0,0
P013901,1,1,103.0,15890.96,0,2025-07-16,2025-07-16,0,0
P013902,2,0,30.0,1751.4,0,2026-09-02,2026-09-12,1,0
P013903,1,0,24.0,303.79,0,2026-01-18,2026-01-18,0,0
P013904,1,0,124.0,1228.61,0,2025-11-11,2025-11-11,0,0
P013905,2,1,54.5,10221.56,0,2024-02-12,2024-04-26,1,0
P013906,4,1,47.5,4600.78,0,2024-07-13,2025-10-07,1,1
P013907,1,0,77.0,923.91,0,2024-12-23,2024-12-23,0,0
P013908,1,1,36.0,4410.59,0,2024-02-16,2024-02-16,0,0
P013909,2,1,66.5,17352.81,0,2026-05-14,2026-09-12,1,0
P013910,2,0,23.5,860.34,0,2024-11-11,2025-02-27,1,0
P013911,1,1,46.0,7973.73,0,2024-05-03,2024-05-03,0,0
P013912,1,0,102.0,1089.33,0,2025-03-13,2025-03-13,0,0
P013913,2,1,68.0,6670.11,0,2025-06-16,2025-08-07,1,0
P013914,4,2,38.5,20711.010000000002,0,2026-09-01,2026-09-19,1,1
P013915,1,0,52.0,711.98,0,2026-01-20,2026-01-20,0,0
P013916,1,0,37.0,1231.61,0,2025-07-30,2025-07-30,0,0
P013917,2,0,22.5,830.49,0,2026-01-02,2026-01-27,1,0
P013918,4,2,90.25,18302.33,0,2024-11-21,2025-11-21,1,1
P013919,1,0,16.0,253.92,0,2024-04-18,2024-04-18,0,0
P013920,2,2,40.0,36362.19,0,2025-08-01,2025-08-10,1,0
P013921,2,1,11.0,5892.28,0,2025-09-14,2026-02-24,1,0
P013922,6,1,36.166666666666664,10140.35,0,2025-03-23,2026-09-30,1,1
P013923,1,0,39.0,321.7,0,2026-03-23,2026-03-23,0,0
P013924,2,1,48.5,4015.2299999999996,0,2024-03-29,2024-09-16,1,0
P013925,3,1,20.0,2085.77,0,2024-07-04,2025-08-02,1,0
P013926,2,1,38.0,15605.84,0,2026-07-24,2026-09-20,1,0
P013927,2,0,24.5,724.5799999999999,0,2026-08-01,2026-09-30,1,0
P013928,1,1,90.0,6329.09,0,2026-05-28,2026-05-28,0,0
P013929,1,0,36.0,418.23,0,2024-01-28,2024-01-28,0,0
P013930,1,0,38.0,770.91,0,2025-03-19,2025-03-19,0,0
P013931,1,0,26.0,366.44,0,2025-06-27,2025-06-27,0,0
P013932,1,0,14.0,582.35,0,2025-10-01,2025-10-01,0,0
P013933,1,1,42.0,4592.98,0,2024-07-05,2024-07-05,0,0
P013934,1,0,12.0,682.06,0,2025-10-14,2025-10-14,0,0
P013935,1,1,26.0,32090.64,0,2025-10-20,2025-10-20,0,0
P013936,2,1,39.5,11055.94,0,2025-05-14,2025-06-01,1,0
P013937,1,0,127.0,614.99,0,2024-04-05,2024-04-05,0,0
P013938,3,2,70.66666666666667,19523.46,0,2025-12-14,2026-09-12,1,0
P013939,2,0,19.0,781.58,0,2024-06-20,2025-02-02,1,0
P013940,1,0,35.0,206.56,0,2025-10-08,2025-10-08,0,0
P013941,1,1,111.0,7080.94,0,2024-01-27,2024-01-27,0,0
P013942,1,0,19.0,231.97,0,2024-03-27,2024-03-27,0,0
P013943,2,2,59.0,7225.89,0,2024-09-06,2024-11-01,1,0
P013944,2,1,42.5,1773.05,0,2024-11-19,2025-09-01,1,0
P013945,1,1,48.0,904.45,0,2024-02-26,2024-02-26,0,0
P013946,3,2,34.0,7398.670000000001,0,2025-04-30,2026-04-04,1,0
P013947,2,0,64.0,1638.79,0,2024-05-14,2025-06-12,1,0
P013948,1,0,94.0,1446.6,0,2026-07-18,2026-07-18,0,0
P013949,2,0,21.0,754.02,0,2024-04-26,2024-06-03,1,0
P013950,1,0,32.0,398.24,0,2025-11-03,2025-11-03,0,0
P013951,2,0,18.5,991.5799999999999,0,2024-02-14,2024-03-17,1,0
P013952,2,0,60.0,2695.98,0,2025-07-10,2026-06-15,1,0
P013953,1,1,59.0,1380.71,0,2024-09-02,2024-09-02,0,0
P013954,3,0,19.666666666666668,1626.3400000000001,0,2025-01-27,2025-03-04,1,0
P013955,1,1,46.0,3157.06,0,2024-01-05,2024-01-05,0,0
P013956,1,0,24.0,605.06,0,2024-08-11,2024-08-11,0,0
P013957,1,0,21.0,492.83,0,2026-01-31,2026-01-31,0,0
P013958,1,0,23.0,287.52,0,2024-12-27,2024-12-27,0,0
P013959,1,0,6.0,163.8,0,2025-10-04,2025-10-04,0,0
P013960,2,0,71.0,5819.589999999999,0,2024-01-22,2024-12-27,1,0
P013961,1,0,31.0,399.0,0,2025-05-28,2025-05-28,0,0
P013962,1,0,31.0,826.61,0,2024-10-27,2024-10-27,0,0
P013963,1,0,17.0,625.61,0,2025-09-04,2025-09-04,0,0
P013964,3,1,53.333333333333336,5127.12,0,2026-07-30,2026-09-23,1,0
P013965,2,1,25.0,13887.199999999999,0,2026-03-26,2026-07-01,1,0
P013966,1,1,42.0,11225.44,0,2024-09-18,2024-09-18,0,0
P013967,2,0,24.5,1782.94,0,2024-08-27,2024-09-14,1,0
P013968,1,1,66.0,8536.56,0,2025-09-10,2025-09-10,0,0
P013969,2,0,50.0,863.62,0,2024-04-22,2024-06-17,1,0
P013970,1,0,18.0,357.88,0,2025-07-22,2025-07-22,0,0
P013971,2,1,25.0,3241.17,0,2026-05-30,2026-09-27,1,0
P013972,1,1,44.0,3075.46,0,2026-07-14,2026-07-14,0,0
P013973,1,1,63.0,1389.98,0,2024-10-29,2024-10-29,0,0
P013974,1,0,27.0,1407.33,0,2024-06-14,2024-06-14,0,0
P013975,1,0,14.0,313.59,0,2025-03-18,2025-03-18,0,0
P013976,2,2,57.0,14940.48,0,2025-10-05,2026-05-15,1,0
P013977,1,0,16.0,177.73,0,2026-05-14,2026-05-14,0,0
P013978,3,1,81.66666666666667,7711.740000000001,0,2024-03-17,2025-01-13,1,0
P013979,5,1,37.2,5097.87,0,2025-04-02,2026-07-17,1,1
P013980,4,0,45.75,1697.73,0,2024-01-27,2026-06-05,1,1
P013981,3,0,51.666666666666664,1148.3,0,2026-08-21,2026-09-27,1,0
P013982,1,0,106.0,914.37,0,2024-07-06,2024-07-06,0,0
P013983,1,0,28.0,241.6,0,2024-07-15,2024-07-15,0,0
P013984,1,0,34.0,611.3,0,2025-08-30,2025-08-30,0,0
P013985,1,0,23.0,953.04,0,2025-07-14,2025-07-14,0,0
P013986,1,1,46.0,9240.14,0,2026-06-15,2026-06-15,0,0
P013987,3,1,48.666666666666664,4252.37,0,2024-12-03,2025-05-26,1,0
P013988,2,1,67.5,10155.62,0,2026-04-13,2026-06-15,1,0
P013989,2,0,28.5,1374.73,0,2024-06-06,2025-05-16,1,0
P013990,1,1,69.0,5162.14,0,2025-11-09,2025-11-09,0,0
P013991,2,0,30.5,1620.53,0,2024-07-17,2024-10-15,1,0
P013992,1,0,7.0,467.61,0,2024-10-16,2024-10-16,0,0
P013993,1,1,50.0,7480.92,0,2026-05-01,2026-05-01,0,0
P013994,1,1,48.0,5446.16,0,2024-07-07,2024-07-07,0,0
P013995,1,0,18.0,347.43,0,2024-08-03,2024-08-03,0,0
P013996,1,0,75.0,391.42,0,2026-08-24,2026-08-24,0,0
P013997,1,0,43.0,809.89,0,2024-09-17,2024-09-17,0,0
P013998,1,0,90.0,686.87,0,2024-12-01,2024-12-01,0,0
P013999,1,1,118.0,12440.49,0,2025-08-16,2025-08-16,0,0
P014000,4,0,27.5,2491.0,0,2024-06-16,2024-12-11,1,1
P014001,1,0,54.0,526.32,0,2026-09-04,2026-09-04,0,0
P014002,1,1,59.0,13383.48,0,2024-12-18,2024-12-18,0,0
P014003,6,1,33.833333333333336,15267.300000000001,0,2024-08-23,2026-09-19,1,1
P014004,2,0,50.0,1711.98,0,2025-03-01,2026-01-30,1,0
P014005,2,1,73.0,5483.860000000001,0,2024-04-17,2024-06-19,1,0
P014006,1,1,43.0,14419.16,0,2024-05-01,2024-05-01,0,0
P014007,2,1,45.0,21553.0,0,2024-04-30,2024-12-04,1,0
P014008,1,0,61.0,377.47,0,2025-09-16,2025-09-16,0,0
P014009,1,0,26.0,876.68,0,2024-04-02,2024-04-02,0,0
P014010,1,0,23.0,314.39,0,2026-06-03,2026-06-03,0,0
P014011,1,1,50.0,3415.99,0,2025-01-04,2025-01-04,0,0
P014012,1,0,23.0,349.56,0,2024-04-17,2024-04-17,0,0
P014013,2,1,26.5,10961.13,0,2026-01-19,2026-01-27,1,0
P014014,1,1,71.0,12384.95,0,2025-08-24,2025-08-24,0,0
P014015,1,0,14.0,610.89,0,2025-07-06,2025-07-06,0,0
P014016,1,0,30.0,541.38,0,2024-06-16,2024-06-16,0,0
P014017,1,1,42.0,8333.92,0,2024-03-13,2024-03-13,0,0
P014018,1,1,160.0,5575.44,0,2024-12-02,2024-12-02,0,0
P014019,1,0,11.0,714.93,0,2024-05-14,2024-05-14,0,0
P014020,2,1,108.5,4252.53,0,2026-01-28,2026-03-07,1,0
P014021,2,0,17.0,2201.57,0,2025-10-03,2026-01-07,1,0
P014022,1,0,28.0,1500.04,0,2025-06-28,2025-06-28,0,0
P014023,1,0,16.0,541.36,0,2024-05-31,2024-05-31,0,0
P014024,1,1,43.0,24716.17,0,2026-01-30,2026-01-30,0,0
P014025,2,0,31.0,1086.94,0,2024-11-13,2024-11-27,1,0
P014026,2,0,69.5,612.34,0,2024-10-05,2025-07-04,1,0
P014027,1,0,55.0,1004.49,0,2024-06-14,2024-06-14,0,0
P014028,1,0,31.0,574.08,0,2024-06-13,2024-06-13,0,0
P014029,1,0,49.0,469.42,0,2024-12-28,2024-12-28,0,0
P014030,2,0,80.0,1838.39,0,2026-06-28,2026-09-19,1,0
P014031,1,1,46.0,10264.57,0,2025-01-14,2025-01-14,0,0
P014032,2,1,43.0,2224.77,0,2024-07-15,2024-09-29,1,0
P014033,2,0,128.0,2113.5499999999997,0,2025-01-24,2025-04-07,1,0
P014034,2,0,14.0,1673.62,0,2024-11-11,2025-12-10,1,0
P014035,1,0,19.0,554.93,0,2026-05-20,2026-05-20,0,0
P014036,2,1,48.0,15042.69,0,2025-11-22,2026-09-10,1,0
P014037,1,0,25.0,395.84,0,2025-04-15,2025-04-15,0,0
P014038,1,1,54.0,8351.43,0,2025-08-05,2025-08-05,0,0
P014039,2,1,39.0,10720.15,0,2024-02-04,2024-09-02,1,0
P014040,1,1,39.0,6520.3,0,2024-12-08,2024-12-08,0,0
P014041,3,2,145.0,25874.23,0,2024-02-01,2025-05-23,1,0
P014042,3,1,38.333333333333336,7863.66,0,2026-01-13,2026-09-27,1,0
P014043,1,0,8.0,479.3,0,2025-12-13,2025-12-13,0,0
P014044,1,1,79.0,5141.05,0,2025-06-09,2025-06-09,0,0
P014045,3,0,36.333333333333336,2109.1000000000004,0,2026-07-30,2026-09-27,1,0
P014046,1,0,37.0,153.56,0,2026-02-18,2026-02-18,0,0
P014047,1,0,25.0,306.31,0,2024-12-18,2024-12-18,0,0
P014048,3,2,37.0,16416.86,0,2024-11-18,2025-08-24,1,0
P014049,1,0,12.0,642.77,0,2026-04-25,2026-04-25,0,0
P014050,3,1,47.333333333333336,11137.640000000001,0,2024-12-08,2025-07-10,1,0
P014051,1,1,43.0,10124.28,0,2024-07-26,2024-07-26,0,0
P014052,2,1,40.0,10745.320000000002,0,2026-01-03,2026-01-18,1,0
P014053,1,1,139.0,18534.61,0,2025-07-02,2025-07-02,0,0
P014054,2,0,31.5,476.82,0,2025-02-12,2026-03-27,1,0
P014055,1,1,102.0,4728.07,0,2026-01-09,2026-01-09,0,0
P014056,3,0,29.666666666666668,1064.74,0,2025-08-24,2026-01-26,1,0
P014057,1,1,49.0,1389.28,0,2025-08-23,2025-08-23,0,0
P014058,2,0,19.5,1752.77,0,2024-11-03,2025-09-13,1,0
P014059,1,1,42.0,6446.13,0,2026-03-04,2026-03-04,0,0
P014060,2,1,19.0,7092.95,0,2026-07-20,2026-08-16,1,0
P014061,1,0,65.0,1057.9,0,2025-05-12,2025-05-12,0,0
P014062,1,0,19.0,875.38,0,2024-04-24,2024-04-24,0,0
P014063,2,1,100.0,3135.13,1,2026-05-27,2026-06-16,1,0
P014064,1,1,99.0,6010.56,0,2026-08-30,2026-08-30,0,0
P014065,2,0,34.0,2398.06,0,2024-12-21,2025-01-28,1,0
P014066,2,2,91.5,6593.71,0,2026-07-07,2026-09-13,1,0
P014067,2,1,39.0,3997.29,0,2025-06-20,2026-06-10,1,0
P014068,3,3,41.0,21291.2,0,2025-03-16,2026-04-07,1,0
P014069,1,1,122.0,24781.74,0,2024-02-25,2024-02-25,0,0
P014070,3,1,51.0,4765.22,0,2025-02-04,2026-09-13,1,0
P014071,3,2,94.33333333333333,10620.43,0,2026-06-23,2026-09-29,1,0
P014072,2,1,47.5,2469.88,0,2025-04-09,2025-04-18,1,0
P014073,1,0,38.0,381.87,0,2026-07-23,2026-07-23,0,0
P014074,2,1,57.5,8407.51,0,2025-07-22,2026-04-06,1,0
P014075,1,0,94.0,445.26,0,2025-07-15,2025-07-15,0,0
P014076,1,0,15.0,956.86,0,2025-11-20,2025-11-20,0,0
P014077,1,0,26.0,471.31,0,2025-05-27,2025-05-27,0,0
P014078,1,0,56.0,967.12,0,2025-08-05,2025-08-05,0,0
P014079,1,0,25.0,456.04,0,2025-09-22,2025-09-22,0,0
P014080,3,0,80.0,1872.93,0,2025-04-07,2026-04-16,1,0
P014081,1,0,60.0,511.21,0,2024-07-28,2024-07-28,0,0
P014082,3,1,31.0,19160.28,0,2026-02-28,2026-09-24,1,0
P014083,2,1,60.0,9598.130000000001,0,2025-06-10,2025-07-31,1,0
P014084,2,0,60.0,2032.27,0,2025-07-17,2026-06-11,1,0
P014085,2,1,32.5,9768.179999999998,0,2025-11-27,2026-09-14,1,0
P014086,1,1,88.0,7673.03,0,2024-07-25,2024-07-25,0,0
P014087,3,2,50.0,12141.74,1,2024-08-07,2024-11-05,1,0
P014088,2,1,113.0,10236.87,0,2025-03-24,2025-06-06,1,0
P014089,1,1,36.0,16915.18,0,2025-03-20,2025-03-20,0,0
P014090,1,1,79.0,9485.11,0,2026-06-19,2026-06-19,0,0
P014091,4,1,54.75,4087.92,0,2024-03-20,2025-09-10,1,1
P014092,1,0,23.0,940.2,0,2025-06-07,2025-06-07,0,0
P014093,3,1,56.0,11754.159999999998,0,2024-05-25,2025-04-25,1,0
P014094,2,0,22.5,879.6800000000001,0,2025-02-19,2025-04-25,1,0
P014095,1,0,42.0,641.52,0,2025-01-05,2025-01-05,0,0
P014096,1,1,88.0,7417.32,0,2025-07-20,2025-07-20,0,0
P014097,5,3,49.6,59315.46000000001,1,2026-04-10,2026-09-28,1,1
P014098,1,0,55.0,376.69,0,2024-11-24,2024-11-24,0,0
P014099,1,0,34.0,423.78,0,2026-01-25,2026-01-25,0,0
P014100,2,1,21.0,11317.37,0,2025-12-09,2026-07-03,1,0
P014101,2,0,28.0,1454.65,0,2024-02-02,2024-05-19,1,0
P014102,2,1,77.0,11554.42,0,2024-09-30,2025-05-21,1,0
P014103,1,0,137.0,874.14,0,2025-04-23,2025-04-23,0,0
P014104,1,0,23.0,821.25,0,2024-05-19,2024-05-19,0,0
P014105,2,2,56.5,14588.720000000001,0,2025-05-02,2025-07-02,1,0
P014106,2,1,50.5,2656.13,0,2024-06-10,2024-08-15,1,0
P014107,3,1,47.333333333333336,5209.01,0,2024-11-15,2026-04-18,1,0
P014108,2,0,20.5,844.56,0,2025-05-05,2026-05-13,1,0
P014109,3,2,79.0,19705.98,0,2025-05-16,2025-09-07,1,0
P014110,1,0,77.0,900.16,0,2025-05-29,2025-05-29,0,0
P014111,1,0,135.0,959.46,0,2025-08-18,2025-08-18,0,0
P014112,1,0,28.0,177.82,0,2025-11-14,2025-11-14,0,0
P014113,2,0,73.5,2373.6,0,2024-11-26,2025-08-16,1,0
P014114,1,0,16.0,396.91,0,2024-02-01,2024-02-01,0,0
P014115,1,1,38.0,9150.6,0,2026-06-09,2026-06-09,0,0
P014116,1,0,18.0,260.84,0,2025-01-01,2025-01-01,0,0
P014117,1,0,26.0,698.65,0,2024-08-21,2024-08-21,0,0
P014118,1,1,51.0,8506.58,0,2025-01-03,2025-01-03,0,0
P014119,4,2,56.25,27341.809999999998,0,2026-04-16,2026-09-27,1,1
P014120,3,2,37.333333333333336,7887.58,0,2025-12-24,2026-09-14,1,0
P014121,1,0,12.0,705.18,0,2026-04-21,2026-04-21,0,0
P014122,1,0,28.0,745.25,0,2026-01-22,2026-01-22,0,0
P014123,2,0,18.0,680.95,0,2024-02-19,2024-03-26,1,0
P014124,3,2,56.666666666666664,18483.79,1,2026-07-05,2026-09-26,1,0
P014125,3,0,27.666666666666668,1400.0700000000002,0,2025-04-03,2026-07-03,1,0
P014126,3,1,43.0,5018.62,0,2026-04-09,2026-09-30,1,0
P014127,2,1,51.0,10702.12,0,2024-01-28,2024-05-05,1,0
P014128,2,0,43.5,728.9399999999999,0,2026-01-30,2026-04-17,1,0
P014129,1,0,26.0,605.33,0,2025-09-23,2025-09-23,0,0
P014130,1,0,22.0,415.27,0,2026-05-14,2026-05-14,0,0
P014131,1,0,15.0,480.02,0,2026-05-11,2026-05-11,0,0
P014132,1,1,141.0,11137.89,0,2025-05-13,2025-05-13,0,0
P014133,3,1,49.666666666666664,6713.7699999999995,0,2024-11-07,2025-01-31,1,0
P014134,2,1,59.5,6418.58,1,2026-08-30,2026-09-20,1,0
P014135,1,1,96.0,8534.97,0,2025-03-24,2025-03-24,0,0
P014136,1,1,37.0,4847.64,0,2024-09-29,2024-09-29,0,0
P014137,3,1,49.333333333333336,8387.5,0,2025-03-29,2026-09-08,1,0
P014138,1,0,113.0,504.92,0,2026-02-17,2026-02-17,0,0
P014139,1,0,23.0,440.83,0,2024-06-05,2024-06-05,0,0
P014140,2,0,91.5,2058.67,0,2026-01-10,2026-03-01,1,0
P014141,5,0,23.6,5276.51,0,2026-09-02,2026-09-30,1,1
P014142,1,0,19.0,263.15,0,2026-04-15,2026-04-15,0,0
P014143,1,0,87.0,772.46,0,2025-07-25,2025-07-25,0,0
P014144,1,1,47.0,14640.92,0,2024-10-01,2024-10-01,0,0
P014145,2,0,33.5,2079.2,0,2024-11-01,2025-11-06,1,0
P014146,1,0,15.0,200.85,0,2024-07-31,2024-07-31,0,0
P014147,1,0,51.0,779.14,0,2024-02-23,2024-02-23,0,0
P014148,1,0,8.0,422.19,0,2026-09-07,2026-09-07,0,0
P014149,1,0,96.0,1107.14,0,2026-02-21,2026-02-21,0,0
P014150,1,0,23.0,266.65,0,2024-01-20,2024-01-20,0,0
P014151,1,1,127.0,1053.77,0,2025-03-03,2025-03-03,0,0
P014152,1,1,146.0,3575.39,0,2026-06-10,2026-06-10,0,0
P014153,1,0,37.0,446.79,0,2025-08-23,2025-08-23,0,0
P014154,1,0,29.0,1176.06,0,2026-09-08,2026-09-08,0,0
P014155,1,1,63.0,4348.96,0,2025-05-15,2025-05-15,0,0
P014156,2,0,19.0,461.95,0,2026-08-14,2026-09-14,1,0
P014157,1,0,14.0,468.03,0,2024-10-05,2024-10-05,0,0
P014158,1,0,38.0,863.49,0,2025-01-09,2025-01-09,0,0
P014159,1,1,47.0,9955.27,0,2025-02-11,2025-02-11,0,0
P014160,1,0,24.0,653.64,0,2025-01-29,2025-01-29,0,0
P014161,5,2,58.0,17782.95,0,2025-09-04,2026-09-21,1,1
P014162,2,0,17.0,1001.29,0,2025-11-25,2026-01-06,1,0
P014163,1,1,72.0,11115.03,0,2025-01-22,2025-01-22,0,0
P014164,2,0,60.5,2196.42,0,2025-07-09,2026-01-17,1,0
P014165,1,0,67.0,1261.77,0,2026-02-02,2026-02-02,0,0
P014166,6,1,39.5,13271.869999999999,1,2026-09-01,2026-09-26,1,1
P014167,1,0,30.0,1200.91,0,2026-04-25,2026-04-25,0,0
P014168,1,1,56.0,3929.06,0,2024-01-28,2024-01-28,0,0
P014169,2,0,28.0,1289.24,0,2025-04-30,2025-09-20,1,0
P014170,1,0,93.0,1450.69,0,2024-06-29,2024-06-29,0,0
P014171,1,1,85.0,9412.67,0,2026-08-06,2026-08-06,0,0
P014172,2,0,47.5,1926.5800000000002,0,2025-01-20,2025-03-03,1,0
P014173,1,1,39.0,4648.18,0,2026-06-14,2026-06-14,0,0
P014174,1,0,93.0,361.6,0,2024-09-06,2024-09-06,0,0
P014175,2,0,27.5,487.29999999999995,0,2026-06-17,2026-09-24,1,0
P014176,3,1,43.666666666666664,2855.52,1,2024-07-08,2024-11-22,1,0
P014177,1,1,23.0,18614.3,0,2025-12-22,2025-12-22,0,0
P014178,1,1,112.0,10544.72,0,2026-09-26,2026-09-26,0,0
P014179,1,0,26.0,1398.18,0,2024-07-06,2024-07-06,0,0
P014180,2,0,25.0,635.25,0,2025-01-12,2025-06-21,1,0
P014181,1,1,105.0,9059.26,0,2024-10-27,2024-10-27,0,0
P014182,2,0,13.5,1015.5799999999999,0,2026-08-03,2026-08-11,1,0
P014183,1,0,150.0,1337.88,0,2025-11-16,2025-11-16,0,0
P014184,1,0,33.0,452.36,0,2025-08-12,2025-08-12,0,0
P014185,3,2,69.66666666666667,9576.44,1,2024-03-30,2024-04-27,1,0
P014186,1,0,18.0,673.88,0,2025-03-02,2025-03-02,0,0
P014187,3,1,53.0,6285.88,0,2024-04-02,2025-06-10,1,0
P014188,4,2,33.75,18172.65,0,2025-06-18,2026-08-11,1,1
P014189,1,0,13.0,207.01,0,2026-08-12,2026-08-12,0,0
P014190,1,1,31.0,13769.77,0,2025-03-02,2025-03-02,0,0
P014191,2,1,56.0,9668.51,0,2025-03-12,2025-12-10,1,0
P014192,1,0,11.0,650.02,0,2024-12-11,2024-12-11,0,0
P014193,1,0,73.0,859.91,0,2025-09-11,2025-09-11,0,0
P014194,5,1,42.0,13652.710000000001,0,2024-03-08,2026-05-16,1,1
P014195,2,1,44.0,12561.26,0,2024-09-01,2024-10-17,1,0
P014196,1,0,21.0,300.52,0,2024-10-05,2024-10-05,0,0
P014197,1,0,22.0,721.01,0,2024-10-22,2024-10-22,0,0
P014198,5,1,48.2,14155.140000000001,0,2024-11-11,2026-09-29,1,1
P014199,1,0,11.0,702.59,0,2025-04-12,2025-04-12,0,0
P014200,2,1,50.0,1671.86,0,2026-04-26,2026-09-12,1,0
P014201,4,1,44.5,4384.09,0,2024-12-08,2026-06-15,1,1
P014202,1,0,156.0,545.16,0,2024-10-31,2024-10-31,0,0
P014203,1,0,137.0,1230.48,0,2024-01-20,2024-01-20,0,0
P014204,2,0,46.0,1659.0,0,2024-04-12,2025-04-20,1,0
P014205,2,0,21.0,1664.7,0,2025-09-19,2025-09-28,1,0
P014206,4,1,54.25,20222.36,0,2026-07-10,2026-09-27,1,1
P014207,1,0,108.0,1674.68,0,2025-06-23,2025-06-23,0,0
P014208,1,0,107.0,1153.45,0,2025-11-06,2025-11-06,0,0
P014209,3,2,67.33333333333333,18033.08,0,2025-07-07,2026-09-14,1,0
P014210,2,0,43.5,1560.71,0,2026-08-08,2026-09-30,1,0
P014211,2,1,37.5,3720.75,0,2024-12-26,2025-01-03,1,0
P014212,1,0,39.0,459.11,0,2026-02-26,2026-02-26,0,0
P014213,1,0,33.0,243.38,0,2025-09-08,2025-09-08,0,0
P014214,2,2,63.0,16820.29,0,2024-02-29,2024-05-12,1,0
P014215,1,0,36.0,273.1,0,2025-03-16,2025-03-16,0,0
P014216,1,0,28.0,806.42,0,2025-08-13,2025-08-13,0,0
P014217,1,1,61.0,5683.22,0,2024-10-12,2024-10-12,0,0
P014218,1,0,31.0,1015.49,0,2024-08-20,2024-08-20,0,0
P014219,5,2,61.2,12140.49,0,2026-01-09,2026-09-16,1,1
P014220,2,1,92.0,8736.15,0,2026-09-18,2026-09-27,1,0
P014221,1,0,34.0,646.09,0,2026-06-11,2026-06-11,0,0
P014222,1,0,44.0,1318.02,0,2024-02-26,2024-02-26,0,0
P014223,1,0,65.0,692.86,0,2026-08-30,2026-08-30,0,0
P014224,2,1,42.0,10257.41,0,2025-11-18,2026-02-13,1,0
P014225,1,1,40.0,16806.13,0,2024-10-12,2024-10-12,0,0
P014226,1,0,29.0,532.8,0,2024-01-11,2024-01-11,0,0
P014227,2,0,25.0,1449.15,0,2024-11-19,2024-12-01,1,0
P014228,1,0,29.0,1019.6,0,2026-06-17,2026-06-17,0,0
P014229,2,0,28.0,1683.3000000000002,0,2024-07-09,2025-07-28,1,0
P014230,1,0,136.0,1497.44,0,2025-10-06,2025-10-06,0,0
P014231,1,0,70.0,684.38,0,2025-09-03,2025-09-03,0,0
P014232,1,1,45.0,11103.64,0,2024-12-02,2024-12-02,0,0
P014233,1,0,25.0,1226.41,0,2025-03-17,2025-03-17,0,0
P014234,2,1,115.5,3167.81,0,2026-02-25,2026-09-11,1,0
P014235,1,0,21.0,353.57,0,2024-04-24,2024-04-24,0,0
P014236,1,1,34.0,13514.34,0,2025-11-13,2025-11-13,0,0
P014237,1,0,44.0,227.55,0,2025-03-20,2025-03-20,0,0
P014238,5,2,61.8,12365.27,0,2025-01-03,2026-09-27,1,1
P014239,4,2,107.5,14140.46,0,2025-10-18,2026-04-26,1,1
P014240,3,0,141.33333333333334,2041.21,0,2024-12-07,2026-09-12,1,0
P014241,1,1,45.0,2814.92,0,2024-06-18,2024-06-18,0,0
P014242,1,0,32.0,500.78,0,2025-12-07,2025-12-07,0,0
P014243,1,0,14.0,340.4,0,2025-04-16,2025-04-16,0,0
P014244,1,0,193.0,1256.34,0,2026-09-18,2026-09-18,0,0
P014245,1,0,110.0,917.73,0,2025-02-15,2025-02-15,0,0
P014246,2,1,87.5,2759.6400000000003,0,2026-05-21,2026-09-10,1,0
P014247,1,0,22.0,646.98,0,2026-07-11,2026-07-11,0,0
P014248,3,0,33.666666666666664,895.56,0,2025-11-29,2026-09-14,1,0
P014249,2,0,15.5,842.27,0,2025-12-16,2026-09-27,1,0
P014250,2,1,33.5,10708.5,0,2026-01-03,2026-04-20,1,0
P014251,1,0,91.0,772.83,0,2025-10-03,2025-10-03,0,0
P014252,1,0,30.0,520.35,0,2026-07-21,2026-07-21,0,0
P014253,1,0,39.0,241.81,0,2025-02-19,2025-02-19,0,0
P014254,1,1,68.0,7892.62,0,2025-03-22,2025-03-22,0,0
P014255,3,2,38.333333333333336,5261.58,0,2024-03-24,2025-02-24,1,0
P014256,1,1,62.0,11358.99,0,2025-04-26,2025-04-26,0,0
P014257,1,1,50.0,2488.68,0,2024-09-24,2024-09-24,0,0
P014258,2,1,29.0,18705.0,0,2024-09-15,2024-12-05,1,0
P014259,2,0,42.0,1038.18,0,2025-06-29,2026-05-23,1,0
P014260,1,0,18.0,238.68,0,2024-04-29,2024-04-29,0,0
P014261,1,0,22.0,793.41,0,2026-09-01,2026-09-01,0,0
P014262,1,0,101.0,1350.25,0,2024-04-07,2024-04-07,0,0
P014263,1,0,58.0,1890.45,0,2025-04-08,2025-04-08,0,0
P014264,1,1,53.0,4870.76,0,2025-01-27,2025-01-27,0,0
P014265,1,0,14.0,550.37,0,2026-05-19,2026-05-19,0,0
P014266,1,0,97.0,766.03,0,2025-09-29,2025-09-29,0,0
P014267,2,1,59.5,3802.57,0,2025-04-01,2025-05-31,1,0
P014268,1,1,48.0,14045.6,0,2025-06-22,2025-06-22,0,0
P014269,1,1,50.0,9401.39,0,2026-01-08,2026-01-08,0,0
P014270,1,1,76.0,4140.51,0,2026-03-29,2026-03-29,0,0
P014271,4,2,85.5,13012.349999999999,0,2024-03-14,2025-05-03,1,1
P014272,5,2,46.2,13659.81,0,2024-05-19,2026-09-13,1,1
P014273,1,0,35.0,417.81,0,2025-08-31,2025-08-31,0,0
P014274,4,1,62.75,11699.31,0,2025-04-27,2026-09-16,1,1
P014275,1,0,24.0,430.17,0,2025-08-17,2025-08-17,0,0
P014276,1,0,28.0,664.9,0,2026-07-05,2026-07-05,0,0
P014277,1,1,33.0,11029.88,0,2025-06-21,2025-06-21,0,0
P014278,1,0,24.0,156.9,0,2024-06-22,2024-06-22,0,0
P014279,5,1,38.4,3722.57,0,2026-08-16,2026-09-23,1,1
P014280,1,0,96.0,1111.11,0,2024-09-10,2024-09-10,0,0
P014281,1,1,36.0,8419.82,0,2024-02-18,2024-02-18,0,0
P014282,1,1,59.0,6370.6,0,2024-06-24,2024-06-24,0,0
P014283,1,1,82.0,11072.1,0,2024-10-31,2024-10-31,0,0
P014284,4,2,41.0,15677.46,0,2024-09-30,2026-09-25,1,1
P014285,1,0,29.0,320.34,0,2024-08-03,2024-08-03,0,0
P014286,1,0,53.0,662.51,0,2024-04-20,2024-04-20,0,0
P014287,2,0,25.0,1396.3899999999999,0,2024-04-19,2025-02-26,1,0
P014288,3,0,27.666666666666668,1399.31,0,2025-05-18,2026-08-06,1,0
P014289,2,0,18.0,857.89,0,2024-03-06,2024-03-13,1,0
P014290,3,1,34.666666666666664,5108.01,0,2025-05-11,2026-03-10,1,0
P014291,3,2,61.333333333333336,19041.55,0,2025-03-23,2026-09-10,1,0
P014292,1,0,31.0,731.45,0,2026-07-14,2026-07-14,0,0
P014293,1,0,50.0,541.49,0,2024-01-10,2024-01-10,0,0
P014294,3,2,49.0,24503.239999999998,0,2026-02-14,2026-09-28,1,0
P014295,3,2,77.33333333333333,8433.029999999999,0,2025-03-21,2026-06-15,1,0
P014296,2,1,43.0,22469.07,0,2026-05-28,2026-09-27,1,0
P014297,1,0,78.0,785.98,0,2026-07-23,2026-07-23,0,0
P014298,1,0,31.0,469.82,0,2024-12-16,2024-12-16,0,0
P014299,1,0,46.0,333.36,0,2024-06-18,2024-06-18,0,0
P014300,2,0,65.0,930.1800000000001,0,2026-04-02,2026-09-17,1,0
P014301,2,1,42.0,9016.01,0,2026-09-16,2026-09-20,1,0
P014302,1,1,53.0,2816.67,0,2025-09-15,2025-09-15,0,0
P014303,2,1,82.0,5518.54,0,2026-04-15,2026-09-11,1,0
P014304,1,1,25.0,13883.11,0,2024-08-15,2024-08-15,0,0
P014305,1,1,88.0,14089.57,0,2024-05-27,2024-05-27,0,0
P014306,2,0,23.0,647.8199999999999,0,2025-02-06,2025-06-20,1,0
P014307,1,1,54.0,3492.4,0,2024-12-02,2024-12-02,0,0
P014308,2,1,53.5,25859.559999999998,0,2024-03-02,2024-06-05,1,0
P014309,3,0,40.0,1364.68,0,2025-09-07,2026-09-23,1,0
P014310,2,0,86.5,1521.78,0,2024-01-22,2024-11-14,1,0
P014311,4,3,53.5,18805.86,2,2025-03-11,2026-04-26,1,1
P014312,1,0,24.0,350.46,0,2024-03-01,2024-03-01,0,0
P014313,1,1,33.0,3474.58,0,2026-07-01,2026-07-01,0,0
P014314,3,1,66.66666666666667,20145.43,0,2024-12-24,2025-01-13,1,0
P014315,2,1,51.0,4270.03,0,2024-03-16,2024-07-20,1,0
P014316,2,1,46.5,7646.91,0,2025-06-05,2025-08-24,1,0
P014317,1,0,29.0,373.44,0,2026-07-27,2026-07-27,0,0
P014318,4,0,50.0,3909.95,0,2024-06-05,2025-09-07,1,1
P014319,1,0,88.0,948.47,0,2025-05-21,2025-05-21,0,0
P014320,3,2,84.0,30078.12,0,2024-03-20,2025-04-27,1,0
P014321,2,2,40.0,7216.42,0,2025-12-16,2026-01-17,1,0
P014322,1,0,30.0,886.04,0,2024-03-17,2024-03-17,0,0
P014323,4,0,61.75,2335.94,0,2025-12-30,2026-09-22,1,1
P014324,1,1,54.0,2762.77,0,2025-08-22,2025-08-22,0,0
P014325,3,0,43.0,2571.38,0,2026-07-24,2026-09-21,1,0
P014326,1,1,72.0,1202.03,0,2025-02-09,2025-02-09,0,0
P014327,1,1,30.0,2074.3,0,2024-12-28,2024-12-28,0,0
P014328,1,1,52.0,11390.47,0,2025-01-15,2025-01-15,0,0
P014329,1,1,15.0,7134.07,0,2026-02-12,2026-02-12,0,0
P014330,2,1,71.0,5828.099999999999,0,2025-04-07,2025-06-17,1,0
P014331,4,0,49.5,3822.42,0,2024-04-16,2025-12-09,1,1
P014332,1,0,22.0,491.42,0,2025-05-07,2025-05-07,0,0
P014333,1,1,76.0,1354.79,0,2024-07-28,2024-07-28,0,0
P014334,1,0,27.0,471.33,0,2024-05-29,2024-05-29,0,0
P014335,1,0,55.0,438.85,0,2026-06-06,2026-06-06,0,0
P014336,1,1,27.0,9918.7,0,2025-09-13,2025-09-13,0,0
P014337,1,0,45.0,445.57,0,2024-10-06,2024-10-06,0,0
P014338,1,0,48.0,759.03,0,2025-04-23,2025-04-23,0,0
P014339,1,0,24.0,283.36,0,2026-09-10,2026-09-10,0,0
P014340,3,1,32.333333333333336,17739.79,0,2025-07-26,2026-05-14,1,0
P014341,3,1,55.0,24287.68,0,2026-01-14,2026-05-22,1,0
P014342,1,0,101.0,1570.39,0,2024-02-06,2024-02-06,0,0
P014343,3,2,70.0,24394.64,0,2026-03-26,2026-09-20,1,0
P014344,1,0,85.0,573.95,0,2025-09-28,2025-09-28,0,0
P014345,1,0,23.0,420.24,0,2026-01-28,2026-01-28,0,0
P014346,1,0,50.0,414.0,0,2025-12-11,2025-12-11,0,0
P014347,1,0,105.0,1854.85,0,2025-11-17,2025-11-17,0,0
P014348,1,1,21.0,7077.87,0,2025-02-27,2025-02-27,0,0
P014349,3,1,81.0,2966.16,0,2024-02-05,2025-02-02,1,0
P014350,2,0,72.5,1836.87,0,2024-01-22,2025-03-09,1,0
P014351,1,1,20.0,2044.65,0,2024-03-09,2024-03-09,0,0
P014352,2,1,78.0,7614.98,0,2024-02-16,2025-03-08,1,0
P014353,1,1,75.0,9709.8,0,2025-05-12,2025-05-12,0,0
P014354,3,1,62.0,15278.63,0,2025-06-21,2026-01-13,1,0
P014355,2,0,34.5,858.5799999999999,0,2025-05-15,2025-10-28,1,0
P014356,1,0,19.0,251.23,0,2024-09-17,2024-09-17,0,0
P014357,2,1,22.0,6021.85,0,2026-04-01,2026-09-26,1,0
P014358,1,0,55.0,833.52,0,2025-06-14,2025-06-14,0,0
P014359,1,0,57.0,354.49,0,2025-12-30,2025-12-30,0,0
P014360,1,1,36.0,2865.55,0,2024-12-12,2024-12-12,0,0
P014361,1,0,100.0,967.18,0,2026-03-20,2026-03-20,0,0
P014362,4,1,38.25,12674.49,0,2024-04-22,2026-02-14,1,1
P014363,2,2,50.0,20090.64,0,2025-12-18,2026-03-01,1,0
P014364,1,1,49.0,9222.05,0,2024-04-17,2024-04-17,0,0
P014365,3,0,64.33333333333333,2248.2799999999997,0,2024-12-29,2026-02-02,1,0
P014366,1,0,24.0,287.34,0,2026-05-22,2026-05-22,0,0
P014367,1,0,76.0,1050.2,0,2025-01-15,2025-01-15,0,0
P014368,1,0,17.0,555.66,0,2025-03-03,2025-03-03,0,0
P014369,1,0,9.0,679.19,0,2025-04-22,2025-04-22,0,0
P014370,2,1,74.5,18654.25,0,2024-08-21,2025-08-06,1,0
P014371,3,2,48.666666666666664,14316.55,0,2025-08-27,2026-06-08,1,0
P014372,2,1,42.5,5297.22,0,2024-09-21,2024-11-19,1,0
P014373,2,0,26.5,1484.8899999999999,0,2026-07-10,2026-07-19,1,0
P014374,1,0,27.0,411.82,0,2025-11-04,2025-11-04,0,0
P014375,2,0,51.0,1595.97,0,2026-01-30,2026-09-14,1,0
P014376,1,0,14.0,610.18,0,2026-09-28,2026-09-28,0,0
P014377,1,0,35.0,448.86,0,2026-02-04,2026-02-04,0,0
P014378,1,0,14.0,522.53,0,2026-02-04,2026-02-04,0,0
P014379,2,2,56.5,31458.420000000002,0,2026-02-09,2026-09-22,1,0
P014380,1,0,11.0,349.87,0,2025-02-26,2025-02-26,0,0
P014381,3,0,52.333333333333336,2195.22,0,2024-02-17,2025-03-16,1,0
P014382,2,0,10.5,623.46,0,2025-07-04,2025-07-23,1,0
P014383,3,0,35.666666666666664,1360.51,0,2026-01-24,2026-09-30,1,0
P014384,1,0,64.0,820.46,0,2026-03-30,2026-03-30,0,0
P014385,1,0,53.0,690.27,0,2024-11-14,2024-11-14,0,0
P014386,1,0,121.0,1445.07,0,2026-05-07,2026-05-07,0,0
P014387,1,0,30.0,525.75,0,2024-12-02,2024-12-02,0,0
P014388,3,1,78.0,2711.74,0,2025-09-10,2026-09-17,1,0
P014389,3,1,38.666666666666664,11789.38,0,2024-08-24,2025-01-22,1,0
P014390,2,0,122.0,2385.01,0,2024-07-06,2025-02-03,1,0
P014391,2,0,36.0,829.6099999999999,0,2024-10-10,2025-10-19,1,0
P014392,1,0,61.0,433.69,0,2024-07-26,2024-07-26,0,0
P014393,1,0,41.0,1290.11,0,2024-12-21,2024-12-21,0,0
P014394,1,0,35.0,447.13,0,2025-12-30,2025-12-30,0,0
P014395,3,1,47.666666666666664,13030.029999999999,0,2025-09-28,2026-06-11,1,0
P014396,3,1,48.0,16683.06,0,2026-06-19,2026-08-30,1,0
P014397,2,0,55.5,5027.79,0,2025-02-18,2025-04-25,1,0
P014398,4,1,55.75,4126.05,0,2024-05-29,2026-07-20,1,1
P014399,5,3,64.0,32800.32,0,2024-02-17,2026-08-29,1,1
P014400,2,0,78.0,1090.87,0,2026-09-28,2026-09-29,1,0
P014401,1,0,30.0,755.79,0,2026-03-30,2026-03-30,0,0
P014402,2,1,37.0,6520.63,0,2025-03-14,2026-04-22,1,0
P014403,1,1,59.0,2743.03,0,2025-08-03,2025-08-03,0,0
P014404,1,0,94.0,1395.28,0,2026-02-25,2026-02-25,0,0
P014405,1,1,33.0,5743.03,0,2024-11-29,2024-11-29,0,0
P014406,1,0,45.0,434.12,0,2025-01-29,2025-01-29,0,0
P014407,3,1,39.333333333333336,4505.71,0,2024-05-19,2025-11-17,1,0
P014408,1,0,100.0,921.37,0,2025-05-23,2025-05-23,0,0
P014409,1,0,40.0,346.09,0,2025-05-18,2025-05-18,0,0
P014410,6,2,44.833333333333336,19896.71,2,2025-07-23,2026-09-29,1,1
P014411,4,0,32.0,2317.63,0,2024-02-18,2025-01-13,1,1
P014412,2,0,34.5,2717.83,0,2024-09-29,2024-12-12,1,0
P014413,1,0,63.0,1140.64,0,2026-04-29,2026-04-29,0,0
P014414,6,1,37.333333333333336,15521.92,0,2026-02-06,2026-09-30,1,1
P014415,2,2,67.0,22518.67,0,2024-10-16,2024-11-17,1,0
P014416,4,3,37.0,35420.9,0,2025-10-30,2026-08-20,1,1
P014417,4,1,62.5,10648.25,0,2024-10-04,2025-03-28,1,1
P014418,1,0,57.0,677.78,0,2026-01-05,2026-01-05,0,0
P014419,5,3,37.4,28772.129999999997,0,2024-10-06,2026-09-13,1,1
P014420,2,1,55.5,4873.7,0,2025-04-27,2025-06-05,1,0
P014421,2,1,32.5,20798.219999999998,0,2025-11-05,2026-04-19,1,0
P014422,1,1,95.0,1629.96,0,2024-06-01,2024-06-01,0,0
P014423,1,0,12.0,332.66,0,2025-04-18,2025-04-18,0,0
P014424,1,0,23.0,242.47,0,2024-11-25,2024-11-25,0,0
P014425,4,0,37.25,2598.09,0,2024-11-26,2025-02-23,1,1
P014426,1,0,43.0,831.9,0,2025-09-15,2025-09-15,0,0
P014427,1,1,76.0,6776.08,0,2026-06-04,2026-06-04,0,0
P014428,1,0,21.0,167.63,0,2026-08-15,2026-08-15,0,0
P014429,1,1,75.0,22333.04,0,2024-05-15,2024-05-15,0,0
P014430,1,0,54.0,802.58,0,2025-10-15,2025-10-15,0,0
P014431,1,1,134.0,21197.05,0,2024-11-29,2024-11-29,0,0
P014432,1,0,21.0,306.81,0,2025-07-21,2025-07-21,0,0
P014433,2,0,19.0,728.34,0,2024-04-27,2025-06-04,1,0
P014434,5,2,78.4,28317.25,0,2024-04-22,2026-09-26,1,1
P014435,1,0,30.0,734.26,0,2024-01-28,2024-01-28,0,0
P014436,2,1,78.0,9509.74,0,2024-03-22,2024-06-16,1,0
P014437,1,0,118.0,731.19,0,2026-05-14,2026-05-14,0,0
P014438,3,0,57.333333333333336,2952.29,0,2024-04-05,2025-04-06,1,0
P014439,2,1,71.0,2462.8799999999997,0,2024-12-03,2025-10-21,1,0
P014440,2,0,21.5,454.55,0,2026-07-18,2026-07-26,1,0
P014441,1,1,101.0,3357.88,0,2024-09-20,2024-09-20,0,0
P014442,2,1,39.0,4549.49,0,2024-08-26,2025-06-21,1,0
P014443,3,1,28.0,7448.03,0,2024-07-14,2026-08-15,1,0
P014444,1,0,88.0,785.75,0,2024-01-29,2024-01-29,0,0
P014445,2,1,30.5,10617.66,0,2024-01-14,2024-06-17,1,0
P014446,1,0,77.0,978.3,0,2025-02-08,2025-02-08,0,0
P014447,1,0,17.0,894.5,0,2026-03-12,2026-03-12,0,0
P014448,1,0,34.0,538.87,0,2025-06-17,2025-06-17,0,0
P014449,1,0,37.0,621.1,0,2026-07-24,2026-07-24,0,0
P014450,1,0,40.0,253.85,0,2025-11-08,2025-11-08,0,0
P014451,1,0,13.0,464.71,0,2025-03-13,2025-03-13,0,0
P014452,1,0,36.0,343.87,0,2026-07-11,2026-07-11,0,0
P014453,1,0,90.0,1824.84,0,2026-04-22,2026-04-22,0,0
P014454,1,0,201.0,980.5,0,2024-10-25,2024-10-25,0,0
P014455,3,1,59.0,3346.19,0,2026-03-21,2026-09-30,1,0
P014456,1,0,41.0,781.11,0,2026-01-25,2026-01-25,0,0
P014457,1,0,44.0,314.27,0,2026-04-14,2026-04-14,0,0
P014458,2,2,43.5,12017.63,0,2025-09-03,2025-11-03,1,0
P014459,1,0,16.0,647.2,0,2024-10-15,2024-10-15,0,0
P014460,1,1,127.0,10715.24,0,2025-10-09,2025-10-09,0,0
P014461,2,1,101.5,18592.03,0,2025-08-04,2025-11-20,1,0
P014462,2,2,65.0,17131.59,0,2025-02-10,2025-07-28,1,0
P014463,1,1,142.0,6613.29,0,2025-08-29,2025-08-29,0,0
P014464,4,1,43.25,5819.780000000001,0,2024-06-22,2026-09-24,1,1
P014465,3,1,60.0,3154.92,0,2024-07-08,2024-10-19,1,0
P014466,2,2,56.5,17761.2,0,2024-01-11,2024-02-11,1,0
P014467,2,0,17.5,840.29,0,2025-01-10,2025-04-15,1,0
P014468,1,1,42.0,10667.92,0,2025-03-23,2025-03-23,0,0
P014469,2,2,95.5,15860.55,0,2024-05-15,2024-07-16,1,0
P014470,1,0,23.0,373.81,0,2024-02-23,2024-02-23,0,0
P014471,2,0,41.0,1060.65,0,2024-03-28,2024-04-05,1,0
P014472,4,1,55.0,4890.67,0,2025-12-09,2026-09-18,1,1
P014473,1,0,72.0,1348.08,0,2026-04-02,2026-04-02,0,0
P014474,1,0,53.0,2502.84,0,2026-08-09,2026-08-09,0,0
P014475,1,0,77.0,1220.0,0,2024-12-25,2024-12-25,0,0
P014476,1,1,29.0,9226.58,0,2024-09-14,2024-09-14,0,0
P014477,1,0,108.0,1211.05,0,2024-04-26,2024-04-26,0,0
P014478,3,0,46.333333333333336,1706.96,0,2024-10-27,2025-11-22,1,0
P014479,1,1,23.0,6717.23,0,2026-07-28,2026-07-28,0,0
P014480,2,0,29.0,1676.63,0,2025-08-15,2026-02-20,1,0
P014481,2,1,48.5,5871.29,0,2024-05-10,2024-05-25,1,0
P014482,1,0,27.0,604.41,0,2024-06-17,2024-06-17,0,0
P014483,2,2,93.5,24429.79,0,2026-04-28,2026-06-26,1,0
P014484,3,1,41.333333333333336,5416.51,0,2025-04-11,2026-05-17,1,0
P014485,1,0,14.0,434.92,0,2026-03-29,2026-03-29,0,0
P014486,3,1,61.333333333333336,9220.15,0,2025-02-22,2026-09-18,1,0
P014487,1,0,93.0,1098.01,0,2024-11-04,2024-11-04,0,0
P014488,3,2,44.0,11788.29,1,2025-06-22,2025-11-12,1,0
P014489,1,1,77.0,9303.41,0,2024-02-21,2024-02-21,0,0
P014490,3,1,63.666666666666664,9215.779999999999,0,2024-07-25,2026-06-03,1,0
P014491,2,0,43.0,2005.8,0,2024-07-22,2024-09-03,1,0
P014492,1,0,59.0,2074.44,0,2026-07-27,2026-07-27,0,0
P014493,3,0,17.0,1752.28,0,2025-02-06,2026-09-30,1,0
P014494,1,0,39.0,578.49,0,2025-01-20,2025-01-20,0,0
P014495,1,1,65.0,8562.07,0,2026-07-18,2026-07-18,0,0
P014496,1,1,41.0,2795.68,0,2026-04-11,2026-04-11,0,0
P014497,4,1,50.25,10709.109999999999,0,2024-12-04,2025-10-15,1,1
P014498,1,0,20.0,446.58,0,2025-09-07,2025-09-07,0,0
P014499,3,0,33.0,1530.34,0,2025-01-18,2025-04-05,1,0
P014500,1,1,76.0,9555.04,0,2025-11-02,2025-11-02,0,0
P014501,1,1,43.0,1243.32,0,2025-10-08,2025-10-08,0,0
P014502,1,0,29.0,670.51,0,2024-01-06,2024-01-06,0,0
P014503,2,1,47.0,33396.01,0,2026-01-12,2026-02-14,1,0
P014504,1,0,58.0,666.34,0,2025-10-15,2025-10-15,0,0
P014505,1,0,15.0,573.05,0,2026-05-23,2026-05-23,0,0
P014506,1,1,25.0,2622.19,0,2025-09-01,2025-09-01,0,0
P014507,1,1,104.0,10809.63,0,2025-10-18,2025-10-18,0,0
P014508,3,2,77.33333333333333,14951.04,0,2025-07-25,2026-06-10,1,0
P014509,1,1,47.0,1495.03,0,2026-09-20,2026-09-20,0,0
P014510,1,0,13.0,1652.36,0,2024-11-23,2024-11-23,0,0
P014511,4,1,58.75,6595.33,0,2024-03-20,2026-01-02,1,1
P014512,1,1,113.0,1399.82,0,2024-06-04,2024-06-04,0,0
P014513,1,0,43.0,121.91,0,2024-11-08,2024-11-08,0,0
P014514,2,1,42.5,13480.109999999999,0,2026-03-28,2026-09-14,1,0
P014515,1,0,48.0,461.69,0,2024-12-14,2024-12-14,0,0
P014516,3,2,67.66666666666667,8187.73,0,2026-02-19,2026-09-17,1,0
P014517,1,0,57.0,481.54,0,2026-07-29,2026-07-29,0,0
P014518,1,0,28.0,1344.06,0,2026-04-20,2026-04-20,0,0
P014519,1,1,23.0,6680.42,0,2025-04-16,2025-04-16,0,0
P014520,3,1,58.666666666666664,3688.88,0,2025-07-12,2026-06-06,1,0
P014521,1,0,30.0,171.9,0,2025-12-14,2025-12-14,0,0
P014522,1,0,101.0,495.01,0,2024-02-13,2024-02-13,0,0
P014523,1,0,32.0,1931.58,0,2026-06-14,2026-06-14,0,0
P014524,1,0,24.0,353.8,0,2026-08-24,2026-08-24,0,0
P014525,1,0,15.0,332.21,0,2026-09-29,2026-09-29,0,0
P014526,1,0,130.0,531.43,0,2026-03-01,2026-03-01,0,0
P014527,2,1,54.5,7698.530000000001,0,2025-09-15,2025-12-07,1,0
P014528,2,0,16.0,720.75,0,2024-07-16,2025-03-24,1,0
P014529,1,0,10.0,277.57,0,2024-01-21,2024-01-21,0,0
P014530,1,0,38.0,866.53,0,2024-05-25,2024-05-25,0,0
P014531,1,0,29.0,354.62,0,2025-03-19,2025-03-19,0,0
P014532,1,0,32.0,280.78,0,2025-11-28,2025-11-28,0,0
P014533,2,0,54.5,1056.84,0,2025-08-02,2026-07-13,1,0
P014534,6,3,59.5,34506.5,0,2024-12-11,2026-09-29,1,1
P014535,1,1,64.0,4752.29,0,2025-12-06,2025-12-06,0,0
P014536,2,1,71.5,10025.31,0,2026-05-30,2026-09-10,1,0
P014537,2,0,26.0,487.31000000000006,0,2025-08-08,2025-09-17,1,0
P014538,1,0,18.0,236.07,0,2024-03-09,2024-03-09,0,0
P014539,6,0,54.166666666666664,6228.87,0,2024-08-30,2026-03-13,1,1
P014540,1,0,26.0,244.22,0,2025-12-29,2025-12-29,0,0
P014541,1,0,164.0,512.7,0,2026-07-28,2026-07-28,0,0
P014542,1,0,10.0,512.92,0,2025-01-23,2025-01-23,0,0
P014543,1,1,44.0,1093.68,0,2024-02-21,2024-02-21,0,0
P014544,1,0,27.0,521.22,0,2025-10-24,2025-10-24,0,0
P014545,2,2,36.0,3714.13,0,2024-11-15,2024-11-28,1,0
P014546,3,0,25.666666666666668,1017.1700000000001,0,2026-04-15,2026-09-28,1,0
P014547,1,0,17.0,846.2,0,2024-04-11,2024-04-11,0,0
P014548,1,0,13.0,192.5,0,2025-09-24,2025-09-24,0,0
P014549,1,0,13.0,370.05,0,2025-07-18,2025-07-18,0,0
P014550,1,0,185.0,1128.43,0,2024-01-06,2024-01-06,0,0
P014551,1,1,21.0,20861.73,0,2024-06-09,2024-06-09,0,0
P014552,4,1,27.0,8535.300000000001,0,2025-06-13,2026-09-30,1,1
P014553,1,1,126.0,8333.62,0,2024-11-21,2024-11-21,0,0
P014554,1,0,27.0,700.83,0,2024-11-04,2024-11-04,0,0
P014555,1,0,19.0,1267.05,0,2026-02-24,2026-02-24,0,0
P014556,2,2,71.5,29469.239999999998,0,2025-07-02,2026-08-16,1,0
P014557,1,0,320.0,793.89,0,2025-01-06,2025-01-06,0,0
P014558,1,0,67.0,1241.91,0,2025-04-09,2025-04-09,0,0
P014559,1,0,14.0,541.76,0,2026-09-14,2026-09-14,0,0
P014560,1,0,53.0,1738.97,0,2026-06-26,2026-06-26,0,0
P014561,3,1,51.0,6212.4,0,2024-11-07,2025-12-28,1,0
P014562,3,2,58.333333333333336,16766.62,0,2024-12-26,2026-06-09,1,0
P014563,3,1,51.333333333333336,6911.01,0,2024-02-07,2024-10-21,1,0
P014564,2,1,27.5,14716.26,0,2025-10-17,2025-11-22,1,0
P014565,1,0,21.0,461.92,0,2026-01-17,2026-01-17,0,0
P014566,1,1,91.0,5999.02,0,2026-05-26,2026-05-26,0,0
P014567,1,0,17.0,641.07,0,2025-01-17,2025-01-17,0,0
P014568,2,0,86.5,1633.06,0,2025-02-23,2025-09-16,1,0
P014569,1,0,31.0,222.45,0,2026-02-07,2026-02-07,0,0
P014570,1,0,25.0,322.78,0,2026-08-13,2026-08-13,0,0
P014571,1,1,86.0,14744.43,0,2025-08-17,2025-08-17,0,0
P014572,1,0,36.0,607.72,0,2025-10-04,2025-10-04,0,0
P014573,1,0,80.0,711.37,0,2026-04-28,2026-04-28,0,0
P014574,2,1,42.0,12867.43,0,2026-01-01,2026-06-27,1,0
P014575,1,0,33.0,352.0,0,2025-08-11,2025-08-11,0,0
P014576,1,0,138.0,612.75,0,2026-02-18,2026-02-18,0,0
P014577,1,0,86.0,1145.86,0,2025-04-26,2025-04-26,0,0
P014578,2,0,42.5,1685.91,0,2026-01-12,2026-09-14,1,0
P014579,1,0,27.0,200.95,0,2025-11-26,2025-11-26,0,0
P014580,4,1,63.0,11641.869999999999,0,2025-03-10,2026-02-07,1,1
P014581,3,1,28.333333333333332,3469.13,0,2024-10-14,2025-07-29,1,0
P014582,3,0,46.333333333333336,3313.48,0,2025-11-03,2026-09-27,1,0
P014583,2,0,72.5,1427.27,0,2024-07-29,2024-09-13,1,0
P014584,1,0,5.0,712.73,0,2024-07-20,2024-07-20,0,0
P014585,1,1,139.0,3824.91,0,2024-10-26,2024-10-26,0,0
P014586,1,0,36.0,1905.16,0,2025-01-20,2025-01-20,0,0
P014587,1,0,17.0,633.07,0,2026-01-05,2026-01-05,0,0
P014588,3,0,23.666666666666668,1188.97,0,2024-11-04,2026-06-12,1,0
P014589,2,0,34.0,1482.9,0,2024-05-06,2025-06-03,1,0
P014590,2,0,132.5,2154.37,0,2025-08-14,2025-09-29,1,0
P014591,1,1,88.0,4023.09,0,2024-03-29,2024-03-29,0,0
P014592,1,0,103.0,632.96,0,2025-08-04,2025-08-04,0,0
P014593,1,1,47.0,4015.19,0,2024-02-21,2024-02-21,0,0
P014594,3,0,44.0,4181.6,0,2024-09-27,2024-11-01,1,0
P014595,6,0,71.5,4113.74,0,2025-09-04,2026-09-26,1,1
P014596,3,2,85.0,16688.489999999998,0,2025-10-31,2026-09-15,1,0
P014597,1,0,30.0,444.56,0,2026-02-25,2026-02-25,0,0
P014598,1,1,190.0,11016.84,0,2026-08-13,2026-08-13,0,0
P014599,1,1,66.0,15419.81,0,2024-04-17,2024-04-17,0,0
P014600,2,0,81.0,1984.67,0,2024-09-17,2024-12-24,1,0
P014601,1,0,84.0,885.91,0,2025-06-18,2025-06-18,0,0
P014602,3,3,35.333333333333336,17673.879999999997,0,2024-08-12,2026-02-15,1,0
P014603,1,0,13.0,226.38,0,2025-02-14,2025-02-14,0,0
P014604,1,0,75.0,1193.69,0,2026-03-22,2026-03-22,0,0
P014605,1,0,69.0,824.56,0,2024-06-18,2024-06-18,0,0
P014606,2,1,64.0,1753.79,0,2024-02-22,2024-09-09,1,0
P014607,1,0,64.0,642.78,0,2025-10-25,2025-10-25,0,0
P014608,1,0,47.0,1240.81,0,2025-01-14,2025-01-14,0,0
P014609,3,1,56.666666666666664,3098.2400000000002,1,2026-07-17,2026-09-24,1,0
P014610,1,0,41.0,464.92,0,2026-07-30,2026-07-30,0,0
P014611,2,1,50.5,19764.5,0,2026-06-01,2026-06-27,1,0
P014612,1,0,93.0,1619.28,0,2025-04-05,2025-04-05,0,0
P014613,2,1,50.5,3022.59,0,2026-09-05,2026-09-25,1,0
P014614,1,0,10.0,473.02,0,2024-04-24,2024-04-24,0,0
P014615,4,0,26.5,1971.3,0,2026-06-07,2026-09-29,1,1
P014616,5,2,45.0,13844.57,0,2025-08-27,2026-09-11,1,1
P014617,1,1,24.0,9218.23,0,2025-10-12,2025-10-12,0,0
P014618,1,0,19.0,265.6,0,2024-06-12,2024-06-12,0,0
P014619,1,0,18.0,297.25,0,2025-06-20,2025-06-20,0,0
P014620,2,0,28.5,1085.32,0,2026-03-21,2026-09-12,1,0
P014621,1,1,71.0,10847.2,0,2024-11-14,2024-11-14,0,0
P014622,4,1,52.25,12609.939999999999,1,2026-09-09,2026-09-22,1,1
P014623,1,1,93.0,14173.79,0,2024-03-24,2024-03-24,0,0
P014624,1,1,51.0,2499.1,0,2025-05-10,2025-05-10,0,0
P014625,5,2,39.2,17291.23,0,2025-04-14,2026-09-22,1,1
P014626,4,1,37.0,5986.099999999999,0,2026-06-21,2026-09-29,1,1
P014627,1,0,11.0,878.23,0,2025-02-09,2025-02-09,0,0
P014628,1,0,60.0,1487.54,0,2025-11-25,2025-11-25,0,0
P014629,3,1,41.333333333333336,19299.22,0,2024-01-26,2025-06-15,1,0
P014630,1,1,36.0,19300.77,0,2026-03-26,2026-03-26,0,0
P014631,1,1,35.0,9691.37,0,2026-07-06,2026-07-06,0,0
P014632,2,0,93.5,1223.16,0,2026-05-24,2026-06-08,1,0
P014633,1,0,51.0,903.47,0,2024-04-10,2024-04-10,0,0
P014634,2,1,51.0,5670.379999999999,0,2026-06-19,2026-09-19,1,0
P014635,1,0,49.0,774.23,0,2024-02-13,2024-02-13,0,0
P014636,1,0,16.0,388.17,0,2025-10-30,2025-10-30,0,0
P014637,1,1,54.0,6252.82,0,2025-10-21,2025-10-21,0,0
P014638,2,0,49.0,1307.25,0,2026-07-08,2026-09-08,1,0
P014639,2,1,23.0,3894.45,0,2025-01-12,2025-04-10,1,0
P014640,1,1,51.0,9036.13,0,2025-08-15,2025-08-15,0,0
P014641,3,0,27.333333333333332,1633.21,0,2025-06-02,2026-03-18,1,0
P014642,1,0,41.0,153.3,0,2026-01-05,2026-01-05,0,0
P014643,1,0,22.0,362.36,0,2026-03-19,2026-03-19,0,0
P014644,1,0,19.0,288.43,0,2026-05-15,2026-05-15,0,0
P014645,2,0,38.5,1698.23,0,2025-08-04,2025-09-23,1,0
P014646,1,0,107.0,1153.62,0,2024-10-17,2024-10-17,0,0
P014647,1,0,106.0,1387.9,0,2024-03-25,2024-03-25,0,0
P014648,1,0,93.0,1093.38,0,2025-05-26,2025-05-26,0,0
P014649,3,1,35.666666666666664,7711.960000000001,0,2025-01-16,2025-11-25,1,0
P014650,2,0,32.5,1015.8,0,2025-12-23,2026-01-14,1,0
P014651,1,0,12.0,335.51,0,2026-03-22,2026-03-22,0,0
P014652,3,2,31.0,24642.36,0,2025-10-23,2026-09-30,1,0
P014653,2,1,74.0,10368.57,0,2026-01-21,2026-06-15,1,0
P014654,1,0,19.0,412.92,0,2025-01-12,2025-01-12,0,0
P014655,1,0,58.0,681.05,0,2025-10-13,2025-10-13,0,0
P014656,1,0,20.0,477.25,0,2026-01-24,2026-01-24,0,0
P014657,3,2,56.333333333333336,4726.49,0,2026-07-27,2026-09-17,1,0
P014658,1,1,83.0,10473.23,0,2025-10-18,2025-10-18,0,0
P014659,2,1,28.0,1635.6399999999999,0,2026-02-12,2026-08-19,1,0
P014660,3,2,50.666666666666664,29460.57,1,2026-02-25,2026-09-24,1,0
P014661,1,0,24.0,320.92,0,2025-09-21,2025-09-21,0,0
P014662,1,1,66.0,2266.34,0,2026-03-15,2026-03-15,0,0
P014663,1,0,169.0,676.88,0,2026-04-28,2026-04-28,0,0
P014664,1,0,20.0,1292.65,0,2024-06-01,2024-06-01,0,0
P014665,2,1,51.5,8575.22,0,2024-11-26,2024-12-23,1,0
P014666,1,0,103.0,859.37,0,2026-08-05,2026-08-05,0,0
P014667,1,0,33.0,236.82,0,2024-01-15,2024-01-15,0,0
P014668,1,0,13.0,376.15,0,2024-05-03,2024-05-03,0,0
P014669,2,0,21.0,1193.21,0,2026-03-31,2026-04-08,1,0
P014670,1,0,26.0,576.32,0,2024-12-31,2024-12-31,0,0
P014671,1,0,9.0,1083.56,0,2026-05-17,2026-05-17,0,0
P014672,1,1,51.0,15484.04,0,2025-12-11,2025-12-11,0,0
P014673,1,0,23.0,254.61,0,2025-06-26,2025-06-26,0,0
P014674,1,0,132.0,624.93,0,2026-01-19,2026-01-19,0,0
P014675,1,0,39.0,1006.97,0,2025-04-12,2025-04-12,0,0
P014676,2,2,57.5,13895.7,0,2024-10-25,2025-03-23,1,0
P014677,3,0,68.33333333333333,2139.6800000000003,0,2024-11-28,2026-09-13,1,0
P014678,1,0,174.0,1506.2,0,2026-08-17,2026-08-17,0,0
P014679,3,1,33.0,21369.530000000002,0,2025-10-26,2026-04-11,1,0
P014680,1,1,124.0,7047.84,0,2026-01-07,2026-01-07,0,0
P014681,1,1,63.0,5402.35,0,2025-11-24,2025-11-24,0,0
P014682,1,0,36.0,818.52,0,2024-01-31,2024-01-31,0,0
P014683,2,1,56.0,3526.52,0,2026-05-25,2026-09-06,1,0
P014684,1,1,64.0,8059.73,0,2024-08-07,2024-08-07,0,0
P014685,2,0,56.0,572.76,0,2026-09-15,2026-09-30,1,0
P014686,1,0,28.0,769.54,0,2024-05-12,2024-05-12,0,0
P014687,1,0,70.0,516.97,0,2025-11-08,2025-11-08,0,0
P014688,1,0,28.0,1201.26,0,2025-11-08,2025-11-08,0,0
P014689,2,0,62.0,2456.45,0,2026-04-22,2026-08-27,1,0
P014690,2,1,43.0,12460.320000000002,0,2025-10-15,2025-11-12,1,0
P014691,4,2,74.5,30368.6,0,2024-10-16,2025-12-31,1,1
P014692,1,0,19.0,169.82,0,2024-06-10,2024-06-10,0,0
P014693,2,1,118.0,30040.27,0,2026-05-23,2026-08-13,1,0
P014694,3,0,80.0,4425.91,0,2025-11-11,2026-07-25,1,0
P014695,4,2,74.25,17049.58,0,2026-08-28,2026-09-26,1,1
P014696,3,2,29.333333333333332,3292.94,0,2024-03-28,2024-12-11,1,0
P014697,4,1,72.75,7168.79,0,2025-04-23,2026-09-13,1,1
P014698,1,0,91.0,907.95,0,2026-06-27,2026-06-27,0,0
P014699,1,0,83.0,1900.36,0,2024-05-07,2024-05-07,0,0
P014700,3,1,61.0,28595.33,0,2025-04-08,2025-09-23,1,0
P014701,1,0,40.0,653.23,0,2025-09-20,2025-09-20,0,0
P014702,1,0,91.0,749.53,0,2024-03-08,2024-03-08,0,0
P014703,1,0,26.0,715.44,0,2025-08-05,2025-08-05,0,0
P014704,1,1,39.0,6025.53,0,2024-05-24,2024-05-24,0,0
P014705,1,1,44.0,4833.07,0,2024-10-24,2024-10-24,0,0
P014706,1,0,92.0,703.58,0,2025-08-17,2025-08-17,0,0
P014707,1,1,108.0,15241.66,0,2026-01-18,2026-01-18,0,0
P014708,1,1,98.0,8680.82,0,2024-01-14,2024-01-14,0,0
P014709,1,0,105.0,869.03,0,2026-07-18,2026-07-18,0,0
P014710,1,0,38.0,672.46,0,2024-11-18,2024-11-18,0,0
P014711,1,0,8.0,217.96,0,2024-11-05,2024-11-05,0,0
P014712,2,1,19.0,17363.449999999997,0,2024-09-13,2025-10-09,1,0
P014713,1,0,31.0,255.77,0,2024-07-18,2024-07-18,0,0
P014714,1,1,118.0,16292.36,0,2025-08-31,2025-08-31,0,0
P014715,6,1,75.5,11521.52,1,2025-02-15,2026-09-29,1,1
P014716,1,0,26.0,256.07,0,2026-01-10,2026-01-10,0,0
P014717,2,2,42.0,9023.18,0,2024-03-28,2024-10-27,1,0
P014718,1,1,43.0,16366.12,0,2025-03-14,2025-03-14,0,0
P014719,2,0,40.0,2509.89,0,2025-01-24,2025-04-05,1,0
P014720,1,0,10.0,159.27,0,2026-05-30,2026-05-30,0,0
P014721,1,0,46.0,964.84,0,2026-05-22,2026-05-22,0,0
P014722,1,0,30.0,233.72,0,2026-01-04,2026-01-04,0,0
P014723,1,0,23.0,770.07,0,2025-04-13,2025-04-13,0,0
P014724,1,1,19.0,8879.42,0,2024-02-18,2024-02-18,0,0
P014725,2,0,52.5,2372.63,0,2025-05-09,2025-09-22,1,0
P014726,2,1,46.5,4845.530000000001,0,2025-01-15,2025-09-23,1,0
P014727,1,0,11.0,887.22,0,2024-12-28,2024-12-28,0,0
P014728,2,1,67.0,31408.489999999998,0,2026-06-08,2026-06-23,1,0
P014729,2,1,23.0,3536.72,0,2025-10-01,2025-10-27,1,0
P014730,1,0,17.0,865.81,0,2024-08-03,2024-08-03,0,0
P014731,1,0,20.0,321.24,0,2024-10-28,2024-10-28,0,0
P014732,1,0,9.0,572.4,0,2025-02-23,2025-02-23,0,0
P014733,1,1,46.0,4230.76,0,2026-04-02,2026-04-02,0,0
P014734,1,1,46.0,13156.84,0,2025-04-14,2025-04-14,0,0
P014735,1,1,63.0,1021.27,0,2026-09-30,2026-09-30,0,0
P014736,2,1,48.0,1483.71,0,2025-10-21,2026-01-28,1,0
P014737,1,0,20.0,401.45,0,2024-05-17,2024-05-17,0,0
P014738,1,0,16.0,277.14,0,2025-10-31,2025-10-31,0,0
P014739,4,1,65.75,5039.83,0,2026-07-03,2026-09-12,1,1
P014740,2,2,62.5,19685.86,0,2024-10-15,2025-06-23,1,0
P014741,5,0,59.8,3025.4,0,2024-07-04,2025-10-13,1,1
P014742,1,0,30.0,1085.76,0,2024-07-26,2024-07-26,0,0
P014743,1,1,42.0,1421.34,0,2025-03-28,2025-03-28,0,0
P014744,2,1,39.0,17379.28,0,2025-08-19,2025-10-10,1,0
P014745,2,2,71.0,4645.66,0,2025-05-05,2026-01-15,1,0
P014746,1,0,15.0,208.78,0,2026-01-06,2026-01-06,0,0
P014747,1,1,40.0,3935.81,0,2024-06-11,2024-06-11,0,0
P014748,2,1,77.5,3736.48,0,2024-01-29,2024-12-13,1,0
P014749,1,1,44.0,23931.36,0,2025-01-23,2025-01-23,0,0
P014750,2,1,42.5,5915.57,0,2026-01-09,2026-02-19,1,0
P014751,1,1,42.0,1929.41,0,2024-02-23,2024-02-23,0,0
P014752,1,0,16.0,375.27,0,2024-10-23,2024-10-23,0,0
P014753,2,2,80.5,13556.47,0,2024-10-05,2025-03-21,1,0
P014754,1,1,18.0,10649.82,0,2024-02-18,2024-02-18,0,0
P014755,1,0,22.0,357.26,0,2025-07-22,2025-07-22,0,0
P014756,3,1,70.33333333333333,3718.38,0,2026-02-12,2026-09-25,1,0
P014757,3,0,34.0,2356.93,0,2025-12-20,2026-09-25,1,0
P014758,2,1,32.0,7371.13,0,2025-02-24,2025-03-08,1,0
P014759,1,0,90.0,949.65,0,2026-04-02,2026-04-02,0,0
P014760,1,1,37.0,4478.93,0,2026-04-17,2026-04-17,0,0
P014761,1,0,25.0,359.31,0,2025-10-03,2025-10-03,0,0
P014762,1,0,19.0,241.96,0,2024-02-08,2024-02-08,0,0
P014763,1,1,90.0,9777.52,0,2024-10-07,2024-10-07,0,0
P014764,1,0,30.0,818.66,0,2024-08-04,2024-08-04,0,0
P014765,1,0,57.0,571.56,0,2024-08-05,2024-08-05,0,0
P014766,3,1,51.0,24164.3,0,2025-11-25,2026-04-25,1,0
P014767,4,0,21.25,2054.27,0,2024-03-10,2026-06-26,1,1
P014768,1,0,18.0,521.69,0,2025-12-30,2025-12-30,0,0
P014769,1,0,76.0,2200.8,0,2024-11-19,2024-11-19,0,0
P014770,3,1,46.0,4609.15,0,2024-06-16,2024-09-01,1,0
P014771,2,1,67.5,9938.94,0,2024-08-20,2024-09-17,1,0
P014772,2,1,23.5,10587.3,0,2025-04-29,2026-03-28,1,0
P014773,1,0,149.0,834.12,0,2025-02-20,2025-02-20,0,0
P014774,2,2,70.5,9706.7,0,2026-01-20,2026-09-27,1,0
P014775,1,0,107.0,2071.56,0,2026-02-03,2026-02-03,0,0
P014776,1,1,65.0,9163.5,0,2025-11-11,2025-11-11,0,0
P014777,1,0,16.0,868.5,0,2026-07-30,2026-07-30,0,0
P014778,1,0,70.0,989.13,0,2024-08-15,2024-08-15,0,0
P014779,2,0,51.0,1178.42,0,2024-01-03,2024-09-07,1,0
P014780,1,0,61.0,467.0,0,2025-10-12,2025-10-12,0,0
P014781,2,1,44.5,2317.0,0,2025-03-14,2025-03-29,1,0
P014782,2,0,55.5,1702.0900000000001,0,2024-02-12,2024-07-02,1,0
P014783,1,0,13.0,404.58,0,2024-05-17,2024-05-17,0,0
P014784,3,1,52.666666666666664,12240.300000000001,0,2025-05-08,2026-09-24,1,0
P014785,1,0,24.0,974.7,0,2026-09-22,2026-09-22,0,0
P014786,1,0,169.0,646.36,0,2025-08-24,2025-08-24,0,0
P014787,1,1,16.0,4953.64,0,2024-07-26,2024-07-26,0,0
P014788,2,0,23.5,1051.8600000000001,0,2025-07-12,2025-08-23,1,0
P014789,5,4,39.6,30912.82,1,2024-04-14,2026-09-17,1,1
P014790,1,0,53.0,388.04,0,2026-07-29,2026-07-29,0,0
P014791,1,0,36.0,251.65,0,2024-04-06,2024-04-06,0,0
P014792,1,0,81.0,500.65,0,2025-05-03,2025-05-03,0,0
P014793,5,2,54.8,6760.68,0,2024-10-22,2026-09-20,1,1
P014794,2,0,16.5,1927.61,0,2024-03-30,2024-06-14,1,0
P014795,1,1,100.0,1125.3,0,2024-03-16,2024-03-16,0,0
P014796,2,2,63.0,9786.93,0,2026-02-06,2026-08-03,1,0
P014797,1,0,19.0,788.05,0,2025-04-27,2025-04-27,0,0
P014798,3,2,75.33333333333333,7445.969999999999,0,2024-07-22,2026-06-08,1,0
P014799,5,2,58.6,10470.810000000001,0,2025-01-02,2026-09-29,1,1
P014800,1,0,62.0,587.61,0,2025-03-29,2025-03-29,0,0
P014801,1,0,33.0,524.92,0,2024-04-03,2024-04-03,0,0
P014802,1,0,24.0,1527.45,0,2024-04-04,2024-04-04,0,0
P014803,6,1,40.5,16323.51,0,2024-01-27,2026-08-11,1,1
P014804,1,0,57.0,266.28,0,2024-06-25,2024-06-25,0,0
P014805,1,0,31.0,165.96,0,2024-04-07,2024-04-07,0,0
P014806,2,1,87.0,7281.29,0,2025-12-30,2026-06-10,1,0
P014807,1,1,74.0,2621.62,0,2025-12-05,2025-12-05,0,0
P014808,1,1,80.0,27294.04,0,2025-07-03,2025-07-03,0,0
P014809,1,0,19.0,341.81,0,2026-09-20,2026-09-20,0,0
P014810,2,1,46.5,13619.14,0,2025-10-13,2025-11-05,1,0
P014811,1,0,46.0,1768.92,0,2025-08-15,2025-08-15,0,0
P014812,1,1,37.0,3413.95,0,2025-10-04,2025-10-04,0,0
P014813,1,0,45.0,291.92,0,2026-01-02,2026-01-02,0,0
P014814,2,1,62.5,10617.349999999999,0,2025-04-04,2026-01-23,1,0
P014815,2,1,46.0,8266.15,0,2025-03-06,2025-04-29,1,0
P014816,1,1,55.0,4655.64,0,2025-03-20,2025-03-20,0,0
P014817,1,0,22.0,339.6,0,2024-11-04,2024-11-04,0,0
P014818,1,0,28.0,1005.72,0,2026-08-10,2026-08-10,0,0
P014819,1,0,17.0,1027.46,0,2026-06-20,2026-06-20,0,0
P014820,5,2,42.6,17890.25,0,2024-08-04,2025-09-29,1,1
P014821,1,0,16.0,205.8,0,2025-09-08,2025-09-08,0,0
P014822,4,1,39.75,11749.26,0,2026-02-07,2026-09-20,1,1
P014823,1,0,25.0,767.75,0,2024-02-19,2024-02-19,0,0
P014824,2,2,46.0,17240.28,0,2024-07-06,2024-10-08,1,0
P014825,1,0,54.0,617.84,0,2025-04-04,2025-04-04,0,0
P014826,2,1,117.5,11303.400000000001,0,2026-02-14,2026-05-03,1,0
P014827,3,0,71.33333333333333,1694.75,0,2024-06-07,2024-08-23,1,0
P014828,2,1,58.0,2237.02,0,2026-09-11,2026-09-20,1,0
P014829,1,1,23.0,11667.6,0,2024-08-30,2024-08-30,0,0
P014830,3,0,70.66666666666667,2790.17,0,2024-08-02,2025-01-28,1,0
P014831,1,0,16.0,1920.02,0,2025-08-11,2025-08-11,0,0
P014832,1,0,45.0,726.36,0,2026-03-27,2026-03-27,0,0
P014833,2,2,69.5,32504.87,0,2024-10-29,2025-09-23,1,0
P014834,1,1,68.0,4420.74,0,2025-09-16,2025-09-16,0,0
P014835,1,0,53.0,996.59,0,2026-03-30,2026-03-30,0,0
P014836,1,0,28.0,269.2,0,2026-02-15,2026-02-15,0,0
P014837,2,1,26.0,40874.75,0,2025-07-07,2026-03-30,1,0
P014838,1,0,27.0,188.01,0,2025-01-27,2025-01-27,0,0
P014839,1,1,79.0,3043.42,0,2026-03-16,2026-03-16,0,0
P014840,1,0,35.0,607.43,0,2024-11-14,2024-11-14,0,0
P014841,1,1,48.0,4654.81,0,2026-06-09,2026-06-09,0,0
P014842,6,2,35.666666666666664,8100.610000000001,0,2025-03-06,2026-09-30,1,1
P014843,2,0,101.5,3130.57,0,2024-01-25,2024-04-09,1,0
P014844,3,1,34.333333333333336,9536.400000000001,0,2025-03-31,2026-09-18,1,0
P014845,1,0,48.0,571.9,0,2025-07-15,2025-07-15,0,0
P014846,1,0,78.0,549.84,0,2025-10-10,2025-10-10,0,0
P014847,1,0,9.0,175.04,0,2025-11-22,2025-11-22,0,0
P014848,2,0,44.5,1100.47,0,2026-07-09,2026-09-13,1,0
P014849,5,2,66.2,16596.71,0,2026-03-26,2026-09-25,1,1
P014850,1,1,52.0,2799.55,0,2024-05-12,2024-05-12,0,0
P014851,1,1,51.0,5673.58,0,2025-09-12,2025-09-12,0,0
P014852,2,1,29.5,12965.78,0,2025-09-15,2026-07-03,1,0
P014853,1,0,31.0,1241.81,0,2026-09-15,2026-09-15,0,0
P014854,1,0,19.0,342.85,0,2024-01-23,2024-01-23,0,0
P014855,3,1,72.0,22135.100000000002,0,2026-07-27,2026-09-26,1,0
P014856,2,1,99.5,2673.38,0,2025-03-18,2025-07-21,1,0
P014857,3,1,57.666666666666664,7317.59,0,2026-05-11,2026-09-24,1,0
P014858,1,0,59.0,719.83,0,2026-08-31,2026-08-31,0,0
P014859,4,1,25.25,3287.4,0,2024-11-21,2025-05-05,1,1
P014860,1,0,15.0,528.21,0,2025-08-26,2025-08-26,0,0
P014861,1,1,32.0,16487.67,0,2025-04-15,2025-04-15,0,0
P014862,1,0,17.0,1647.98,0,2024-09-28,2024-09-28,0,0
P014863,1,1,86.0,9255.6,0,2024-03-26,2024-03-26,0,0
P014864,4,1,22.0,11628.6,0,2025-07-10,2026-02-25,1,1
P014865,1,0,31.0,548.1,0,2026-03-24,2026-03-24,0,0
P014866,3,2,49.333333333333336,26960.29,1,2024-10-01,2025-04-15,1,0
P014867,1,0,21.0,436.6,0,2026-01-23,2026-01-23,0,0
P014868,1,0,20.0,308.73,0,2025-04-30,2025-04-30,0,0
P014869,1,0,16.0,439.71,0,2024-11-21,2024-11-21,0,0
P014870,1,1,151.0,13561.16,0,2024-02-02,2024-02-02,0,0
P014871,4,1,47.75,2820.9300000000003,0,2025-12-07,2026-09-28,1,1
P014872,1,0,122.0,1157.68,0,2026-09-11,2026-09-11,0,0
P014873,1,0,29.0,1070.74,0,2025-07-15,2025-07-15,0,0
P014874,1,1,79.0,8393.12,0,2024-06-07,2024-06-07,0,0
P014875,1,0,42.0,774.67,0,2026-05-30,2026-05-30,0,0
P014876,1,1,57.0,10247.72,0,2026-06-06,2026-06-06,0,0
P014877,1,0,16.0,397.92,0,2025-02-13,2025-02-13,0,0
P014878,1,1,38.0,8780.57,0,2024-04-28,2024-04-28,0,0
P014879,1,1,23.0,16772.23,0,2024-06-01,2024-06-01,0,0
P014880,1,1,68.0,9069.34,0,2025-10-13,2025-10-13,0,0
P014881,1,0,23.0,649.56,0,2025-05-18,2025-05-18,0,0
P014882,4,2,37.75,21274.04,0,2025-03-17,2026-09-23,1,1
P014883,1,0,136.0,1794.91,0,2026-04-05,2026-04-05,0,0
P014884,2,1,43.0,7440.969999999999,0,2024-03-17,2024-11-03,1,0
P014885,1,1,49.0,2558.73,0,2026-03-16,2026-03-16,0,0
P014886,2,0,17.0,477.61,0,2024-08-01,2025-06-10,1,0
P014887,1,1,31.0,9962.33,0,2024-08-11,2024-08-11,0,0
P014888,1,0,23.0,495.07,0,2025-12-13,2025-12-13,0,0
P014889,3,2,67.0,8341.14,0,2024-08-24,2025-09-06,1,0
P014890,2,0,44.0,1392.37,0,2026-05-20,2026-09-30,1,0
P014891,1,0,61.0,328.02,0,2026-05-25,2026-05-25,0,0
P014892,3,1,105.66666666666667,13291.72,0,2024-06-30,2025-06-21,1,0
P014893,1,0,88.0,876.34,0,2024-04-18,2024-04-18,0,0
P014894,1,0,104.0,416.88,0,2025-11-12,2025-11-12,0,0
P014895,1,0,13.0,363.63,0,2026-06-24,2026-06-24,0,0
P014896,2,2,31.0,20734.36,0,2025-10-08,2025-10-30,1,0
P014897,1,0,221.0,1209.41,0,2026-01-09,2026-01-09,0,0
P014898,2,0,85.5,2378.13,0,2025-09-14,2026-07-03,1,0
P014899,1,0,61.0,1926.17,0,2025-10-04,2025-10-04,0,0
P014900,1,0,73.0,1529.72,0,2024-05-13,2024-05-13,0,0
P014901,1,1,44.0,14133.78,0,2024-04-27,2024-04-27,0,0
P014902,2,2,88.5,37518.12,0,2024-01-23,2024-04-11,1,0
P014903,2,0,18.5,664.04,0,2025-03-28,2025-06-10,1,0
P014904,2,1,49.0,6338.74,0,2025-04-28,2025-12-08,1,0
P014905,1,0,9.0,576.12,0,2026-08-24,2026-08-24,0,0
P014906,4,1,31.5,10164.17,0,2024-06-18,2026-07-07,1,1
P014907,1,0,53.0,833.4,0,2024-05-23,2024-05-23,0,0
P014908,1,0,126.0,617.0,0,2026-07-19,2026-07-19,0,0
P014909,2,1,17.0,13678.390000000001,0,2024-07-17,2025-05-17,1,0
P014910,1,1,47.0,8352.28,0,2024-06-03,2024-06-03,0,0
P014911,1,0,19.0,1331.01,0,2026-02-19,2026-02-19,0,0
P014912,1,1,55.0,9054.82,0,2026-04-06,2026-04-06,0,0
P014913,3,2,24.333333333333332,21076.83,0,2026-06-21,2026-09-27,1,0
P014914,1,0,66.0,762.81,0,2025-04-27,2025-04-27,0,0
P014915,1,0,36.0,318.76,0,2024-06-13,2024-06-13,0,0
P014916,1,0,47.0,408.97,0,2024-06-22,2024-06-22,0,0
P014917,1,0,11.0,467.87,0,2024-08-14,2024-08-14,0,0
P014918,1,1,82.0,2214.25,0,2024-02-14,2024-02-14,0,0
P014919,1,0,21.0,549.46,0,2024-04-13,2024-04-13,0,0
P014920,2,1,84.0,6068.42,0,2026-02-10,2026-05-03,1,0
P014921,1,0,224.0,948.03,0,2025-10-12,2025-10-12,0,0
P014922,1,0,45.0,992.23,0,2025-03-30,2025-03-30,0,0
P014923,2,1,68.5,4458.219999999999,0,2024-06-01,2024-06-12,1,0
P014924,2,1,50.0,4994.42,1,2024-03-24,2024-04-15,1,0
P014925,1,1,79.0,1895.6,0,2025-02-05,2025-02-05,0,0
P014926,1,0,24.0,376.89,0,2025-01-29,2025-01-29,0,0
P014927,3,0,70.0,3222.7799999999997,0,2024-12-07,2026-02-07,1,0
P014928,1,1,44.0,17093.27,0,2024-02-13,2024-02-13,0,0
P014929,2,0,19.0,936.39,0,2024-02-26,2024-03-25,1,0
P014930,2,1,35.5,8512.31,0,2026-06-02,2026-09-22,1,0
P014931,1,1,27.0,27199.35,0,2025-06-03,2025-06-03,0,0
P014932,4,1,35.75,2017.0200000000002,0,2024-11-05,2026-01-10,1,1
P014933,2,2,46.5,19857.04,0,2025-10-04,2025-10-27,1,0
P014934,2,1,42.5,16738.75,1,2025-08-29,2025-09-19,1,0
P014935,1,0,93.0,1086.79,0,2024-10-02,2024-10-02,0,0
P014936,4,2,58.5,17407.43,0,2026-08-05,2026-09-29,1,1
P014937,3,0,73.66666666666667,1882.29,0,2024-09-10,2025-12-13,1,0
P014938,1,0,35.0,490.68,0,2025-11-12,2025-11-12,0,0
P014939,2,1,36.0,6426.44,0,2024-05-05,2025-05-17,1,0
P014940,1,0,11.0,272.18,0,2026-02-21,2026-02-21,0,0
P014941,4,2,63.75,31678.479999999996,0,2024-12-12,2025-08-17,1,1
P014942,1,0,85.0,2089.36,0,2026-08-11,2026-08-11,0,0
P014943,2,1,31.5,7502.13,1,2026-07-18,2026-07-31,1,0
P014944,1,0,18.0,1626.44,0,2025-02-22,2025-02-22,0,0
P014945,1,0,13.0,445.86,0,2024-09-11,2024-09-11,0,0
P014946,1,0,26.0,443.92,0,2026-06-24,2026-06-24,0,0
P014947,3,1,54.333333333333336,7854.82,0,2026-01-06,2026-09-13,1,0
P014948,3,1,51.333333333333336,10002.63,0,2026-03-18,2026-09-24,1,0
P014949,4,1,32.5,10038.38,0,2024-02-13,2026-08-25,1,1
P014950,1,0,27.0,759.15,0,2026-08-06,2026-08-06,0,0
P014951,1,0,20.0,399.37,0,2024-07-12,2024-07-12,0,0
P014952,1,1,40.0,3856.28,0,2025-12-14,2025-12-14,0,0
P014953,2,0,53.5,1870.6,0,2025-05-04,2025-07-02,1,0
P014954,1,0,17.0,418.11,0,2026-04-03,2026-04-03,0,0
P014955,2,2,47.5,15537.880000000001,0,2025-06-19,2026-01-30,1,0
P014956,3,1,60.666666666666664,26946.850000000002,0,2024-11-06,2026-02-12,1,0
P014957,1,0,54.0,5238.56,0,2026-04-20,2026-04-20,0,0
P014958,1,1,75.0,7947.57,0,2026-04-17,2026-04-17,0,0
P014959,2,1,72.5,14483.14,0,2026-02-01,2026-09-22,1,0
P014960,2,0,65.5,2761.26,0,2024-04-06,2024-11-18,1,0
P014961,1,0,23.0,901.33,0,2025-06-02,2025-06-02,0,0
P014962,1,1,98.0,7265.18,0,2024-12-31,2024-12-31,0,0
P014963,3,2,37.666666666666664,19802.92,0,2024-04-09,2025-08-22,1,0
P014964,1,0,87.0,1021.1,0,2025-06-24,2025-06-24,0,0
P014965,1,0,38.0,843.42,0,2026-08-11,2026-08-11,0,0
P014966,1,0,31.0,598.92,0,2025-01-11,2025-01-11,0,0
P014967,1,1,47.0,14822.35,0,2025-03-01,2025-03-01,0,0
P014968,1,0,21.0,454.57,0,2025-02-27,2025-02-27,0,0
P014969,1,0,18.0,687.7,0,2025-04-17,2025-04-17,0,0
P014970,1,1,117.0,43906.2,0,2025-07-07,2025-07-07,0,0
P014971,1,1,127.0,16336.97,0,2024-06-05,2024-06-05,0,0
P014972,3,2,52.666666666666664,14386.29,1,2026-07-08,2026-09-30,1,0
P014973,1,0,16.0,456.69,0,2024-08-29,2024-08-29,0,0
P014974,1,0,45.0,790.21,0,2025-12-11,2025-12-11,0,0
P014975,1,0,49.0,530.24,0,2025-09-14,2025-09-14,0,0
P014976,3,0,55.0,2108.6200000000003,0,2025-03-15,2026-04-13,1,0
P014977,1,1,35.0,1059.71,0,2025-05-27,2025-05-27,0,0
P014978,2,1,37.0,3178.54,0,2025-07-19,2025-10-15,1,0
P014979,1,0,81.0,737.38,0,2024-01-16,2024-01-16,0,0
P014980,1,0,66.0,1254.22,0,2026-01-08,2026-01-08,0,0
P014981,3,0,67.0,4185.45,0,2025-02-09,2026-03-07,1,0
P014982,3,1,114.0,4281.05,0,2025-01-25,2025-06-12,1,0
P014983,1,0,13.0,521.93,0,2025-03-20,2025-03-20,0,0
P014984,1,0,46.0,603.39,0,2026-09-09,2026-09-09,0,0
P014985,3,0,22.0,914.75,0,2026-03-26,2026-08-28,1,0
P014986,1,0,20.0,497.82,0,2025-07-13,2025-07-13,0,0
P014987,1,1,95.0,18445.73,0,2024-11-09,2024-11-09,0,0
P014988,5,1,52.8,12805.46,0,2024-11-29,2026-09-27,1,1
P014989,1,0,29.0,1240.56,0,2024-05-19,2024-05-19,0,0
P014990,2,2,86.5,14968.759999999998,0,2024-04-11,2024-07-28,1,0
P014991,1,1,59.0,2624.39,0,2025-12-04,2025-12-04,0,0
P014992,3,1,69.33333333333333,17032.68,0,2026-08-17,2026-09-13,1,0
P014993,1,0,80.0,1328.68,0,2024-12-12,2024-12-12,0,0
P014994,1,1,97.0,965.52,0,2024-05-06,2024-05-06,0,0
P014995,1,1,26.0,2318.91,0,2025-08-16,2025-08-16,0,0
P014996,3,1,41.0,3124.5,0,2024-08-20,2026-05-16,1,0
P014997,1,0,88.0,573.42,0,2025-12-11,2025-12-11,0,0
P014998,1,0,21.0,387.35,0,2025-03-28,2025-03-28,0,0
P014999,2,1,47.0,12390.45,0,2024-12-02,2025-02-15,1,0
P015000,1,0,57.0,1186.48,0,2024-10-29,2024-10-29,0,0
